customer_id,total_orders,average_order_value,total_spending,ordering_frequency,average_rating_given,weekend_orders,late_night_orders,customer_cluster,customer_segment,dbscan_cluster
CUST_00001,7.0,705.6614285714286,4939.63,1.4,4.0,1.0,2.0,0,Occasional Moderate-Value Customers,0
CUST_00002,10.0,959.3209999999999,9593.21,2.0,3.8,4.0,1.0,1,Frequent High-Value Customers,0
CUST_00003,5.0,649.778,3248.8900000000003,1.0,4.333333333333333,1.0,0.0,0,Occasional Moderate-Value Customers,0
CUST_00004,5.0,671.152,3355.76,1.0,3.75,2.0,1.0,0,Occasional Moderate-Value Customers,0
CUST_00005,7.0,693.5585714285714,4854.91,1.4,3.3333333333333335,1.0,1.0,0,Occasional Moderate-Value Customers,0
CUST_00006,6.0,709.7133333333333,4258.28,1.5,4.0,0.0,1.0,0,Occasional Moderate-Value Customers,0
CUST_00007,4.0,1919.3475,7677.39,1.0,4.0,1.0,0.0,0,Occasional Moderate-Value Customers,-1
CUST_00008,4.0,946.7425,3786.97,2.0,3.6666666666666665,0.0,0.0,0,Occasional Moderate-Value Customers,0
CUST_00009,7.0,1261.2857142857142,8829.0,1.75,4.0,2.0,0.0,1,Frequent High-Value Customers,0
CUST_00010,6.0,381.0183333333334,2286.11,1.5,4.0,1.0,0.0,0,Occasional Moderate-Value Customers,0
CUST_00011,3.0,308.77,926.31,1.0,3.6666666666666665,0.0,0.0,0,Occasional Moderate-Value Customers,0
CUST_00012,8.0,916.3725,7330.98,1.6,3.875,1.0,1.0,1,Frequent High-Value Customers,0
CUST_00013,7.0,1421.7014285714286,9951.91,1.75,4.25,2.0,3.0,1,Frequent High-Value Customers,-1
CUST_00014,3.0,561.1166666666667,1683.3500000000001,1.0,4.0,0.0,0.0,0,Occasional Moderate-Value Customers,0
CUST_00015,5.0,1522.6860000000001,7613.43,1.0,3.6666666666666665,0.0,0.0,0,Occasional Moderate-Value Customers,-1
CUST_00016,5.0,452.154,2260.77,1.6666666666666667,4.666666666666667,1.0,0.0,0,Occasional Moderate-Value Customers,0
CUST_00017,2.0,477.995,955.99,1.0,4.0,2.0,0.0,0,Occasional Moderate-Value Customers,0
CUST_00018,7.0,697.9,4885.3,1.4,3.5,2.0,0.0,0,Occasional Moderate-Value Customers,0
CUST_00019,4.0,1041.38,4165.52,1.3333333333333333,4.0,2.0,1.0,0,Occasional Moderate-Value Customers,0
CUST_00020,6.0,518.1666666666666,3109.0,1.5,4.666666666666667,1.0,0.0,0,Occasional Moderate-Value Customers,0
CUST_00021,5.0,523.37,2616.85,1.25,4.0,1.0,1.0,0,Occasional Moderate-Value Customers,0
CUST_00022,8.0,775.5762500000001,6204.610000000001,1.6,4.142857142857143,2.0,3.0,1,Frequent High-Value Customers,0
CUST_00023,5.0,1126.152,5630.76,1.25,4.25,1.0,0.0,0,Occasional Moderate-Value Customers,0
CUST_00024,2.0,301.5,603.0,1.0,4.0,1.0,0.0,0,Occasional Moderate-Value Customers,0
CUST_00025,11.0,880.1709090909092,9681.880000000001,1.8333333333333333,4.0,6.0,1.0,1,Frequent High-Value Customers,-1
CUST_00026,3.0,634.0766666666667,1902.23,1.5,5.0,0.0,2.0,0,Occasional Moderate-Value Customers,-1
CUST_00027,5.0,873.634,4368.17,1.6666666666666667,4.2,1.0,1.0,0,Occasional Moderate-Value Customers,0
CUST_00028,8.0,293.54375,2348.35,1.6,3.6,3.0,3.0,1,Frequent High-Value Customers,0
CUST_00029,10.0,848.809,8488.09,2.0,4.0,2.0,0.0,1,Frequent High-Value Customers,0
CUST_00030,4.0,365.2575,1461.03,1.3333333333333333,4.0,0.0,0.0,0,Occasional Moderate-Value Customers,0
CUST_00031,7.0,1352.3728571428571,9466.61,1.75,4.285714285714286,2.0,1.0,1,Frequent High-Value Customers,0
CUST_00032,5.0,686.1859999999999,3430.93,1.25,4.0,1.0,0.0,0,Occasional Moderate-Value Customers,0
CUST_00033,5.0,857.634,4288.17,1.0,3.75,1.0,1.0,0,Occasional Moderate-Value Customers,0
CUST_00034,4.0,228.8,915.2,1.0,4.5,2.0,1.0,0,Occasional Moderate-Value Customers,0
CUST_00035,11.0,624.8163636363637,6872.9800000000005,2.2,4.0,1.0,1.0,1,Frequent High-Value Customers,0
CUST_00036,4.0,292.1825,1168.73,1.3333333333333333,3.5,2.0,2.0,0,Occasional Moderate-Value Customers,-1
CUST_00037,10.0,534.0989999999999,5340.99,2.0,3.875,4.0,1.0,1,Frequent High-Value Customers,0
CUST_00038,3.0,1715.8066666666666,5147.42,1.0,3.6666666666666665,3.0,1.0,0,Occasional Moderate-Value Customers,-1
CUST_00039,4.0,579.395,2317.58,1.3333333333333333,3.5,0.0,0.0,0,Occasional Moderate-Value Customers,0
CUST_00040,5.0,582.89,2914.45,1.6666666666666667,4.333333333333333,1.0,1.0,0,Occasional Moderate-Value Customers,0
CUST_00041,4.0,324.47999999999996,1297.9199999999998,1.3333333333333333,4.0,1.0,1.0,0,Occasional Moderate-Value Customers,0
CUST_00042,6.0,549.7816666666666,3298.6899999999996,2.0,3.6666666666666665,2.0,0.0,0,Occasional Moderate-Value Customers,0
CUST_00043,5.0,675.8199999999999,3379.1,1.6666666666666667,3.6,1.0,0.0,0,Occasional Moderate-Value Customers,0
CUST_00044,10.0,349.31,3493.1,2.0,4.0,3.0,0.0,1,Frequent High-Value Customers,0
CUST_00045,6.0,1051.0066666666667,6306.04,2.0,4.0,1.0,0.0,0,Occasional Moderate-Value Customers,0
CUST_00046,10.0,1074.0700000000002,10740.7,2.0,3.7777777777777777,1.0,1.0,1,Frequent High-Value Customers,0
CUST_00047,6.0,448.6383333333333,2691.83,3.0,4.0,1.0,1.0,0,Occasional Moderate-Value Customers,-1
CUST_00048,7.0,595.9685714285714,4171.78,2.3333333333333335,3.6,2.0,1.0,1,Frequent High-Value Customers,0
CUST_00049,8.0,668.7275,5349.82,1.6,4.0,5.0,1.0,1,Frequent High-Value Customers,0
CUST_00050,8.0,772.85875,6182.87,2.6666666666666665,4.6,3.0,1.0,1,Frequent High-Value Customers,0
CUST_00051,10.0,1461.032,14610.32,2.5,3.8333333333333335,6.0,1.0,1,Frequent High-Value Customers,-1
CUST_00052,6.0,580.8933333333333,3485.36,1.5,4.2,1.0,1.0,0,Occasional Moderate-Value Customers,0
CUST_00053,13.0,742.7769230769231,9656.1,2.1666666666666665,3.9,3.0,1.0,1,Frequent High-Value Customers,0
CUST_00054,8.0,671.99,5375.92,2.0,4.5,3.0,2.0,1,Frequent High-Value Customers,0
CUST_00055,8.0,615.7525,4926.02,2.0,4.0,2.0,1.0,1,Frequent High-Value Customers,0
CUST_00056,8.0,991.09875,7928.79,1.6,4.428571428571429,3.0,1.0,1,Frequent High-Value Customers,0
CUST_00057,5.0,828.8280000000001,4144.14,1.6666666666666667,4.0,2.0,2.0,0,Occasional Moderate-Value Customers,0
CUST_00058,5.0,543.538,2717.69,1.25,4.2,0.0,1.0,0,Occasional Moderate-Value Customers,0
CUST_00059,12.0,1079.4983333333332,12953.98,2.4,3.888888888888889,4.0,2.0,1,Frequent High-Value Customers,-1
CUST_00060,7.0,655.1828571428572,4586.280000000001,1.4,3.5,1.0,0.0,0,Occasional Moderate-Value Customers,0
CUST_00061,8.0,395.255,3162.04,1.3333333333333333,4.2,1.0,1.0,0,Occasional Moderate-Value Customers,0
CUST_00062,6.0,522.7666666666667,3136.6,1.5,4.0,1.0,2.0,0,Occasional Moderate-Value Customers,0
CUST_00063,8.0,304.18375000000003,2433.4700000000003,1.6,4.25,2.0,0.0,0,Occasional Moderate-Value Customers,0
CUST_00064,5.0,445.23199999999997,2226.16,1.0,4.0,2.0,0.0,0,Occasional Moderate-Value Customers,0
CUST_00065,5.0,669.1940000000001,3345.9700000000003,1.25,4.0,2.0,0.0,0,Occasional Moderate-Value Customers,0
CUST_00066,9.0,623.5755555555556,5612.18,1.8,4.0,2.0,1.0,1,Frequent High-Value Customers,0
CUST_00067,3.0,762.4433333333333,2287.33,1.0,4.0,0.0,0.0,0,Occasional Moderate-Value Customers,0
CUST_00068,9.0,1055.6699999999998,9501.029999999999,1.5,3.6666666666666665,1.0,1.0,1,Frequent High-Value Customers,0
CUST_00069,8.0,923.435,7387.48,1.6,4.166666666666667,2.0,2.0,1,Frequent High-Value Customers,0
CUST_00070,10.0,587.672,5876.72,1.6666666666666667,3.8333333333333335,5.0,1.0,1,Frequent High-Value Customers,0
CUST_00071,5.0,494.582,2472.91,1.6666666666666667,3.75,1.0,0.0,0,Occasional Moderate-Value Customers,0
CUST_00072,3.0,466.97333333333336,1400.92,1.0,3.5,1.0,1.0,0,Occasional Moderate-Value Customers,0
CUST_00073,5.0,949.784,4748.92,5.0,4.0,1.0,1.0,1,Frequent High-Value Customers,-1
CUST_00074,9.0,527.4211111111111,4746.79,2.25,4.6,2.0,0.0,1,Frequent High-Value Customers,0
CUST_00075,9.0,403.62111111111113,3632.59,1.8,4.0,3.0,0.0,0,Occasional Moderate-Value Customers,0
CUST_00076,10.0,1652.9029999999998,16529.03,2.0,4.166666666666667,1.0,0.0,1,Frequent High-Value Customers,-1
CUST_00077,7.0,592.49,4147.43,1.4,4.25,4.0,1.0,0,Occasional Moderate-Value Customers,0
CUST_00078,1.0,534.94,534.94,1.0,4.051247275223099,0.0,0.0,0,Occasional Moderate-Value Customers,0
CUST_00079,5.0,517.72,2588.6000000000004,1.25,4.0,0.0,0.0,0,Occasional Moderate-Value Customers,0
CUST_00080,8.0,897.51125,7180.09,1.6,3.857142857142857,3.0,0.0,1,Frequent High-Value Customers,0
CUST_00081,8.0,713.1475,5705.18,2.6666666666666665,4.0,3.0,3.0,1,Frequent High-Value Customers,-1
CUST_00082,8.0,360.87125,2886.97,1.6,3.6666666666666665,1.0,0.0,0,Occasional Moderate-Value Customers,0
CUST_00083,2.0,258.6,517.2,1.0,4.0,1.0,1.0,0,Occasional Moderate-Value Customers,0
CUST_00084,4.0,1005.7425,4022.97,1.3333333333333333,3.6666666666666665,1.0,0.0,0,Occasional Moderate-Value Customers,0
CUST_00085,6.0,887.8650000000001,5327.1900000000005,1.2,4.5,3.0,1.0,0,Occasional Moderate-Value Customers,0
CUST_00086,6.0,361.875,2171.25,2.0,4.0,1.0,0.0,0,Occasional Moderate-Value Customers,0
CUST_00087,6.0,1581.3466666666666,9488.08,2.0,3.25,2.0,1.0,1,Frequent High-Value Customers,-1
CUST_00088,4.0,536.1824999999999,2144.7299999999996,2.0,3.6666666666666665,1.0,0.0,0,Occasional Moderate-Value Customers,0
CUST_00089,7.0,734.2942857142858,5140.06,1.75,4.166666666666667,3.0,2.0,1,Frequent High-Value Customers,0
CUST_00090,6.0,499.1466666666667,2994.88,2.0,4.6,1.0,0.0,0,Occasional Moderate-Value Customers,0
CUST_00091,4.0,1133.0425,4532.17,1.3333333333333333,4.25,1.0,2.0,0,Occasional Moderate-Value Customers,-1
CUST_00092,9.0,542.6744444444444,4884.07,3.0,4.25,1.0,2.0,1,Frequent High-Value Customers,0
CUST_00093,6.0,959.735,5758.41,2.0,3.6666666666666665,1.0,0.0,0,Occasional Moderate-Value Customers,0
CUST_00094,11.0,624.7281818181818,6872.01,2.2,4.125,3.0,2.0,1,Frequent High-Value Customers,0
CUST_00095,4.0,1896.38,7585.52,2.0,4.0,1.0,0.0,0,Occasional Moderate-Value Customers,-1
CUST_00096,5.0,777.9060000000001,3889.53,1.6666666666666667,3.8,1.0,2.0,0,Occasional Moderate-Value Customers,0
CUST_00097,2.0,931.01,1862.02,1.0,3.5,0.0,0.0,0,Occasional Moderate-Value Customers,0
CUST_00098,6.0,582.2233333333334,3493.34,1.2,4.0,1.0,2.0,0,Occasional Moderate-Value Customers,0
CUST_00099,4.0,268.205,1072.82,1.3333333333333333,3.6666666666666665,0.0,0.0,0,Occasional Moderate-Value Customers,0
CUST_00100,8.0,593.92875,4751.43,2.0,4.0,2.0,0.0,0,Occasional Moderate-Value Customers,0
CUST_00101,7.0,1145.0114285714285,8015.08,2.3333333333333335,3.5,2.0,1.0,1,Frequent High-Value Customers,-1
CUST_00102,10.0,1510.266,15102.66,2.5,4.0,1.0,1.0,1,Frequent High-Value Customers,-1
CUST_00103,6.0,426.8766666666667,2561.26,1.5,4.25,2.0,1.0,0,Occasional Moderate-Value Customers,0
CUST_00104,5.0,616.064,3080.3199999999997,1.25,4.0,1.0,0.0,0,Occasional Moderate-Value Customers,0
CUST_00105,9.0,662.3399999999999,5961.0599999999995,1.8,3.75,3.0,2.0,1,Frequent High-Value Customers,0
CUST_00106,4.0,470.315,1881.26,1.3333333333333333,4.0,0.0,1.0,0,Occasional Moderate-Value Customers,0
CUST_00107,10.0,663.469,6634.6900000000005,2.0,4.333333333333333,3.0,0.0,1,Frequent High-Value Customers,0
CUST_00108,8.0,610.26,4882.08,1.6,4.375,4.0,0.0,1,Frequent High-Value Customers,0
CUST_00109,5.0,853.234,4266.17,1.25,4.0,1.0,0.0,0,Occasional Moderate-Value Customers,0
CUST_00110,8.0,445.37375000000003,3562.9900000000002,2.0,4.428571428571429,2.0,2.0,1,Frequent High-Value Customers,0
CUST_00111,4.0,792.87,3171.48,1.0,3.6666666666666665,2.0,0.0,0,Occasional Moderate-Value Customers,0
CUST_00112,4.0,779.24,3116.96,1.3333333333333333,3.6666666666666665,1.0,0.0,0,Occasional Moderate-Value Customers,0
CUST_00113,11.0,795.2363636363636,8747.6,1.8333333333333333,3.875,5.0,2.0,1,Frequent High-Value Customers,0
CUST_00114,7.0,1548.9157142857143,10842.41,2.3333333333333335,4.0,3.0,0.0,1,Frequent High-Value Customers,-1
CUST_00115,5.0,884.774,4423.87,1.25,4.0,0.0,1.0,0,Occasional Moderate-Value Customers,0
CUST_00116,7.0,805.1971428571429,5636.38,1.75,3.5714285714285716,4.0,2.0,1,Frequent High-Value Customers,0
CUST_00117,6.0,1168.125,7008.75,1.5,4.4,2.0,1.0,1,Frequent High-Value Customers,0
CUST_00118,5.0,938.47,4692.35,1.6666666666666667,3.75,2.0,1.0,0,Occasional Moderate-Value Customers,0
CUST_00119,11.0,836.4763636363637,9201.24,2.75,4.333333333333333,3.0,2.0,1,Frequent High-Value Customers,-1
CUST_00120,5.0,611.86,3059.3,1.6666666666666667,4.25,0.0,0.0,0,Occasional Moderate-Value Customers,0
CUST_00121,6.0,451.66,2709.96,1.5,4.333333333333333,2.0,0.0,0,Occasional Moderate-Value Customers,0
CUST_00122,10.0,828.406,8284.06,2.0,4.111111111111111,3.0,1.0,1,Frequent High-Value Customers,0
CUST_00123,7.0,1089.1814285714286,7624.27,1.75,4.6,3.0,1.0,1,Frequent High-Value Customers,0
CUST_00124,7.0,566.7714285714286,3967.4,2.3333333333333335,4.333333333333333,2.0,0.0,0,Occasional Moderate-Value Customers,0
CUST_00125,3.0,349.18,1047.54,1.5,3.3333333333333335,0.0,0.0,0,Occasional Moderate-Value Customers,0
CUST_00126,3.0,1502.89,4508.67,1.0,4.5,0.0,0.0,0,Occasional Moderate-Value Customers,0
CUST_00127,6.0,1518.8066666666666,9112.84,2.0,4.0,1.0,1.0,1,Frequent High-Value Customers,0
CUST_00128,6.0,724.9283333333333,4349.57,1.5,4.0,2.0,1.0,0,Occasional Moderate-Value Customers,0
CUST_00129,11.0,526.47,5791.17,2.75,4.222222222222222,3.0,1.0,1,Frequent High-Value Customers,0
CUST_00130,7.0,591.027142857143,4137.1900000000005,1.4,4.5,0.0,1.0,0,Occasional Moderate-Value Customers,0
CUST_00131,7.0,846.5071428571429,5925.55,1.4,3.75,2.0,2.0,1,Frequent High-Value Customers,0
CUST_00132,4.0,508.49,2033.96,1.3333333333333333,4.0,2.0,0.0,0,Occasional Moderate-Value Customers,0
CUST_00133,2.0,1008.855,2017.71,1.0,5.0,0.0,1.0,0,Occasional Moderate-Value Customers,-1
CUST_00134,7.0,673.7485714285714,4716.24,1.75,4.0,3.0,2.0,1,Frequent High-Value Customers,0
CUST_00135,5.0,807.346,4036.73,1.6666666666666667,4.0,3.0,2.0,0,Occasional Moderate-Value Customers,0
CUST_00136,6.0,314.3666666666667,1886.2,2.0,4.2,2.0,0.0,0,Occasional Moderate-Value Customers,0
CUST_00137,8.0,771.36375,6170.91,1.6,4.166666666666667,0.0,0.0,0,Occasional Moderate-Value Customers,0
CUST_00138,2.0,1363.37,2726.74,1.0,4.0,1.0,1.0,0,Occasional Moderate-Value Customers,0
CUST_00139,3.0,219.99,659.97,1.0,3.3333333333333335,0.0,0.0,0,Occasional Moderate-Value Customers,0
CUST_00140,8.0,1081.63875,8653.11,1.6,4.2,2.0,1.0,1,Frequent High-Value Customers,0
CUST_00141,8.0,634.07125,5072.57,1.6,4.428571428571429,3.0,2.0,1,Frequent High-Value Customers,0
CUST_00142,3.0,3398.8133333333335,10196.44,1.5,4.0,2.0,1.0,1,Frequent High-Value Customers,-1
CUST_00143,9.0,492.97999999999996,4436.82,1.8,3.8333333333333335,6.0,0.0,1,Frequent High-Value Customers,0
CUST_00144,3.0,550.32,1650.96,1.0,3.6666666666666665,2.0,1.0,0,Occasional Moderate-Value Customers,0
CUST_00145,7.0,1308.3014285714287,9158.11,1.75,4.166666666666667,3.0,1.0,1,Frequent High-Value Customers,0
CUST_00146,6.0,594.8216666666667,3568.9300000000003,2.0,4.25,2.0,0.0,0,Occasional Moderate-Value Customers,0
CUST_00147,4.0,499.9125,1999.65,2.0,3.6666666666666665,1.0,2.0,0,Occasional Moderate-Value Customers,0
CUST_00148,5.0,548.052,2740.26,1.25,3.5,1.0,0.0,0,Occasional Moderate-Value Customers,0
CUST_00149,3.0,1793.3400000000001,5380.02,1.0,4.0,0.0,1.0,0,Occasional Moderate-Value Customers,-1
CUST_00150,7.0,517.0885714285714,3619.62,1.75,4.166666666666667,5.0,0.0,1,Frequent High-Value Customers,0
CUST_00151,7.0,725.2957142857142,5077.07,1.75,4.333333333333333,1.0,2.0,0,Occasional Moderate-Value Customers,0
CUST_00152,8.0,646.735,5173.88,2.0,4.6,2.0,1.0,1,Frequent High-Value Customers,0
CUST_00153,5.0,973.46,4867.3,1.25,3.3333333333333335,3.0,2.0,0,Occasional Moderate-Value Customers,-1
CUST_00154,10.0,574.018,5740.18,1.6666666666666667,3.9,1.0,0.0,0,Occasional Moderate-Value Customers,0
CUST_00155,2.0,381.9,763.8,1.0,4.5,0.0,0.0,0,Occasional Moderate-Value Customers,0
CUST_00156,10.0,373.9,3739.0,2.0,4.0,4.0,2.0,1,Frequent High-Value Customers,0
CUST_00157,8.0,790.675,6325.4,2.0,4.0,1.0,1.0,1,Frequent High-Value Customers,0
CUST_00158,8.0,527.85625,4222.85,2.0,3.3333333333333335,4.0,0.0,1,Frequent High-Value Customers,-1
CUST_00159,8.0,628.16125,5025.29,2.0,4.0,4.0,0.0,1,Frequent High-Value Customers,0
CUST_00160,8.0,926.71625,7413.73,1.6,4.0,3.0,0.0,1,Frequent High-Value Customers,0
CUST_00161,6.0,530.6083333333333,3183.65,3.0,3.75,0.0,1.0,0,Occasional Moderate-Value Customers,-1
CUST_00162,4.0,649.1925,2596.77,1.0,3.5,2.0,1.0,0,Occasional Moderate-Value Customers,0
CUST_00163,8.0,781.86375,6254.91,2.0,4.142857142857143,2.0,2.0,1,Frequent High-Value Customers,0
CUST_00164,5.0,1118.6219999999998,5593.11,1.6666666666666667,3.75,0.0,2.0,0,Occasional Moderate-Value Customers,-1
CUST_00165,2.0,287.43,574.86,1.0,5.0,1.0,1.0,0,Occasional Moderate-Value Customers,-1
CUST_00166,6.0,1136.0283333333334,6816.17,1.5,4.0,0.0,2.0,0,Occasional Moderate-Value Customers,0
CUST_00167,5.0,530.2180000000001,2651.09,1.6666666666666667,4.2,1.0,0.0,0,Occasional Moderate-Value Customers,0
CUST_00168,4.0,380.675,1522.7,1.3333333333333333,4.5,2.0,2.0,0,Occasional Moderate-Value Customers,0
CUST_00169,7.0,861.2271428571429,6028.59,1.75,3.5,1.0,0.0,0,Occasional Moderate-Value Customers,0
CUST_00170,5.0,913.04,4565.2,1.6666666666666667,4.75,0.0,0.0,0,Occasional Moderate-Value Customers,0
CUST_00171,11.0,1050.1963636363637,11552.16,2.2,4.1,2.0,2.0,1,Frequent High-Value Customers,0
CUST_00172,2.0,1388.605,2777.21,2.0,5.0,1.0,1.0,0,Occasional Moderate-Value Customers,-1
CUST_00173,9.0,714.0,6426.0,1.8,4.666666666666667,3.0,3.0,1,Frequent High-Value Customers,-1
CUST_00174,3.0,1050.4266666666665,3151.2799999999997,1.0,4.0,1.0,2.0,0,Occasional Moderate-Value Customers,-1
CUST_00175,5.0,659.4979999999999,3297.49,2.5,4.5,1.0,1.0,0,Occasional Moderate-Value Customers,-1
CUST_00176,10.0,465.838,4658.38,2.0,3.857142857142857,4.0,0.0,1,Frequent High-Value Customers,0
CUST_00177,8.0,602.66875,4821.35,2.6666666666666665,4.6,1.0,0.0,1,Frequent High-Value Customers,0
CUST_00178,5.0,664.508,3322.54,1.6666666666666667,5.0,1.0,1.0,0,Occasional Moderate-Value Customers,-1
CUST_00179,14.0,652.78,9138.92,2.3333333333333335,4.083333333333333,8.0,2.0,1,Frequent High-Value Customers,-1
CUST_00180,7.0,523.7514285714286,3666.26,1.4,3.5,3.0,2.0,0,Occasional Moderate-Value Customers,0
CUST_00181,5.0,1197.626,5988.13,1.25,3.75,1.0,0.0,0,Occasional Moderate-Value Customers,0
CUST_00182,7.0,492.9485714285714,3450.64,1.75,3.8,2.0,1.0,0,Occasional Moderate-Value Customers,0
CUST_00183,9.0,488.7244444444445,4398.52,2.25,3.6,2.0,0.0,1,Frequent High-Value Customers,0
CUST_00184,11.0,1315.13,14466.43,2.2,4.555555555555555,2.0,3.0,1,Frequent High-Value Customers,-1
CUST_00185,5.0,420.904,2104.52,1.25,4.5,1.0,0.0,0,Occasional Moderate-Value Customers,0
CUST_00186,8.0,700.715,5605.72,2.6666666666666665,4.0,2.0,4.0,1,Frequent High-Value Customers,-1
CUST_00187,7.0,582.0571428571428,4074.4,1.75,4.666666666666667,2.0,0.0,0,Occasional Moderate-Value Customers,0
CUST_00188,10.0,442.412,4424.12,2.0,4.0,1.0,2.0,1,Frequent High-Value Customers,0
CUST_00189,2.0,646.5250000000001,1293.0500000000002,1.0,5.0,0.0,0.0,0,Occasional Moderate-Value Customers,1
CUST_00190,5.0,411.838,2059.19,1.6666666666666667,4.0,2.0,1.0,0,Occasional Moderate-Value Customers,0
CUST_00191,4.0,681.5525,2726.21,1.3333333333333333,4.0,1.0,0.0,0,Occasional Moderate-Value Customers,0
CUST_00192,9.0,771.0277777777778,6939.25,1.8,3.857142857142857,3.0,1.0,1,Frequent High-Value Customers,0
CUST_00193,12.0,656.9283333333334,7883.14,2.4,4.125,3.0,1.0,1,Frequent High-Value Customers,0
CUST_00194,7.0,845.3742857142857,5917.62,2.3333333333333335,4.2,3.0,0.0,1,Frequent High-Value Customers,0
CUST_00195,5.0,456.51399999999995,2282.5699999999997,1.6666666666666667,4.0,4.0,0.0,0,Occasional Moderate-Value Customers,0
CUST_00196,12.0,623.3625000000001,7480.35,2.0,4.142857142857143,2.0,3.0,1,Frequent High-Value Customers,-1
CUST_00197,4.0,786.5475,3146.19,1.3333333333333333,4.0,1.0,1.0,0,Occasional Moderate-Value Customers,0
CUST_00198,8.0,1030.8325,8246.66,1.3333333333333333,3.6666666666666665,2.0,1.0,1,Frequent High-Value Customers,0
CUST_00199,14.0,1698.2635714285714,23775.69,2.8,3.923076923076923,4.0,2.0,1,Frequent High-Value Customers,-1
CUST_00200,3.0,987.8966666666666,2963.69,1.0,4.0,2.0,0.0,0,Occasional Moderate-Value Customers,0
CUST_00201,9.0,748.3277777777778,6734.95,1.8,4.0,3.0,2.0,1,Frequent High-Value Customers,0
CUST_00202,5.0,824.7520000000001,4123.76,2.5,4.25,2.0,1.0,0,Occasional Moderate-Value Customers,0
CUST_00203,8.0,772.5475,6180.38,1.6,4.714285714285714,2.0,0.0,0,Occasional Moderate-Value Customers,0
CUST_00204,7.0,566.2428571428571,3963.7000000000003,2.3333333333333335,4.0,3.0,1.0,1,Frequent High-Value Customers,0
CUST_00205,8.0,1155.86375,9246.91,1.6,3.7142857142857144,2.0,3.0,1,Frequent High-Value Customers,-1
CUST_00206,8.0,639.8225,5118.58,1.6,4.0,2.0,1.0,0,Occasional Moderate-Value Customers,0
CUST_00207,7.0,262.0185714285714,1834.13,1.4,4.0,2.0,1.0,0,Occasional Moderate-Value Customers,0
CUST_00208,11.0,849.8109090909091,9347.92,2.2,4.111111111111111,2.0,1.0,1,Frequent High-Value Customers,0
CUST_00209,7.0,386.02,2702.14,1.4,4.0,1.0,2.0,0,Occasional Moderate-Value Customers,0
CUST_00210,6.0,836.32,5017.92,1.5,4.25,2.0,0.0,0,Occasional Moderate-Value Customers,0
CUST_00211,3.0,379.8,1139.4,1.0,3.6666666666666665,1.0,0.0,0,Occasional Moderate-Value Customers,0
CUST_00212,10.0,698.414,6984.139999999999,2.0,4.142857142857143,2.0,1.0,1,Frequent High-Value Customers,0
CUST_00213,6.0,578.305,3469.83,2.0,4.25,1.0,1.0,0,Occasional Moderate-Value Customers,0
CUST_00214,8.0,667.9712499999999,5343.7699999999995,1.6,4.2,2.0,1.0,0,Occasional Moderate-Value Customers,0
CUST_00215,8.0,1398.7649999999999,11190.119999999999,2.0,3.6,3.0,1.0,1,Frequent High-Value Customers,-1
CUST_00216,3.0,419.2,1257.6,1.5,4.051247275223099,2.0,1.0,0,Occasional Moderate-Value Customers,0
CUST_00217,9.0,981.9655555555556,8837.69,1.8,4.375,3.0,0.0,1,Frequent High-Value Customers,0
CUST_00218,5.0,2215.752,11078.76,1.6666666666666667,4.0,3.0,1.0,1,Frequent High-Value Customers,-1
CUST_00219,10.0,1194.063,11940.630000000001,2.0,4.142857142857143,0.0,1.0,1,Frequent High-Value Customers,-1
CUST_00220,4.0,491.7025,1966.81,2.0,4.0,0.0,0.0,0,Occasional Moderate-Value Customers,0
CUST_00221,11.0,1009.5463636363637,11105.01,1.8333333333333333,4.142857142857143,0.0,1.0,1,Frequent High-Value Customers,-1
CUST_00222,5.0,654.016,3270.08,1.6666666666666667,4.0,1.0,2.0,0,Occasional Moderate-Value Customers,0
CUST_00223,7.0,456.37857142857143,3194.65,1.4,4.0,1.0,1.0,0,Occasional Moderate-Value Customers,0
CUST_00224,5.0,389.752,1948.76,1.6666666666666667,4.5,1.0,0.0,0,Occasional Moderate-Value Customers,0
CUST_00225,2.0,640.985,1281.97,1.0,4.0,1.0,0.0,0,Occasional Moderate-Value Customers,0
CUST_00226,6.0,431.59499999999997,2589.5699999999997,1.5,4.5,1.0,3.0,0,Occasional Moderate-Value Customers,-1
CUST_00227,6.0,463.14333333333326,2778.8599999999997,2.0,4.666666666666667,1.0,1.0,0,Occasional Moderate-Value Customers,0
CUST_00228,6.0,994.6566666666666,5967.94,1.0,4.0,3.0,1.0,0,Occasional Moderate-Value Customers,0
CUST_00229,12.0,842.645,10111.74,4.0,4.0,3.0,2.0,1,Frequent High-Value Customers,-1
CUST_00230,9.0,634.6244444444444,5711.62,1.8,4.5,3.0,2.0,1,Frequent High-Value Customers,0
CUST_00231,7.0,890.8728571428572,6236.110000000001,1.4,4.571428571428571,1.0,2.0,0,Occasional Moderate-Value Customers,0
CUST_00232,8.0,653.7275,5229.82,1.6,4.0,1.0,3.0,1,Frequent High-Value Customers,0
CUST_00233,5.0,869.378,4346.89,1.6666666666666667,4.25,1.0,0.0,0,Occasional Moderate-Value Customers,0
CUST_00234,7.0,874.5242857142857,6121.67,1.4,3.2,1.0,0.0,0,Occasional Moderate-Value Customers,0
CUST_00235,6.0,726.0983333333334,4356.59,2.0,4.666666666666667,3.0,1.0,1,Frequent High-Value Customers,0
CUST_00236,8.0,586.4,4691.2,4.0,3.857142857142857,1.0,0.0,1,Frequent High-Value Customers,-1
CUST_00237,7.0,548.2271428571429,3837.59,1.4,4.166666666666667,4.0,0.0,0,Occasional Moderate-Value Customers,0
CUST_00238,6.0,637.7216666666667,3826.33,1.5,4.0,3.0,1.0,0,Occasional Moderate-Value Customers,0
CUST_00239,4.0,327.085,1308.34,1.3333333333333333,4.0,2.0,0.0,0,Occasional Moderate-Value Customers,0
CUST_00240,7.0,382.8228571428572,2679.76,3.5,4.166666666666667,3.0,1.0,1,Frequent High-Value Customers,-1
CUST_00241,8.0,521.08375,4168.67,2.0,4.333333333333333,3.0,0.0,0,Occasional Moderate-Value Customers,0
CUST_00242,7.0,946.5528571428571,6625.87,1.75,4.0,4.0,2.0,1,Frequent High-Value Customers,0
CUST_00243,12.0,1437.4666666666665,17249.6,2.4,4.0,4.0,0.0,1,Frequent High-Value Customers,-1
CUST_00244,5.0,511.35,2556.75,1.6666666666666667,3.5,2.0,0.0,0,Occasional Moderate-Value Customers,0
CUST_00245,10.0,753.914,7539.139999999999,2.0,4.0,5.0,0.0,1,Frequent High-Value Customers,0
CUST_00246,10.0,728.565,7285.650000000001,2.5,4.428571428571429,2.0,1.0,1,Frequent High-Value Customers,0
CUST_00247,9.0,921.6733333333333,8295.06,2.25,4.571428571428571,1.0,1.0,1,Frequent High-Value Customers,0
CUST_00248,13.0,816.0276923076924,10608.36,2.6,4.5,3.0,3.0,1,Frequent High-Value Customers,-1
CUST_00249,6.0,933.7800000000001,5602.68,1.5,4.4,0.0,1.0,0,Occasional Moderate-Value Customers,0
CUST_00250,6.0,1618.8883333333333,9713.33,1.5,4.0,2.0,0.0,1,Frequent High-Value Customers,0
CUST_00251,4.0,383.84749999999997,1535.3899999999999,1.3333333333333333,4.25,1.0,1.0,0,Occasional Moderate-Value Customers,0
CUST_00252,7.0,330.42857142857144,2313.0,1.4,3.8,0.0,0.0,0,Occasional Moderate-Value Customers,0
CUST_00253,7.0,465.07428571428574,3255.52,2.3333333333333335,4.333333333333333,4.0,2.0,1,Frequent High-Value Customers,0
CUST_00254,10.0,619.622,6196.219999999999,2.5,4.285714285714286,3.0,1.0,1,Frequent High-Value Customers,0
CUST_00255,6.0,487.87166666666667,2927.23,2.0,4.0,0.0,1.0,0,Occasional Moderate-Value Customers,0
CUST_00256,4.0,1318.4075,5273.63,1.0,4.333333333333333,1.0,0.0,0,Occasional Moderate-Value Customers,0
CUST_00257,11.0,773.7054545454546,8510.76,2.2,4.125,1.0,2.0,1,Frequent High-Value Customers,0
CUST_00258,5.0,846.408,4232.04,1.25,4.0,3.0,1.0,0,Occasional Moderate-Value Customers,0
CUST_00259,6.0,540.255,3241.5299999999997,1.5,4.2,1.0,0.0,0,Occasional Moderate-Value Customers,0
CUST_00260,5.0,442.168,2210.84,1.25,4.666666666666667,0.0,1.0,0,Occasional Moderate-Value Customers,0
CUST_00261,7.0,346.63142857142856,2426.42,1.4,3.8333333333333335,3.0,1.0,0,Occasional Moderate-Value Customers,0
CUST_00262,13.0,380.11846153846153,4941.54,4.333333333333333,4.0,3.0,3.0,1,Frequent High-Value Customers,-1
CUST_00263,7.0,458.8157142857143,3211.71,1.4,4.0,2.0,2.0,0,Occasional Moderate-Value Customers,0
CUST_00264,5.0,605.0559999999999,3025.2799999999997,1.6666666666666667,3.6666666666666665,1.0,0.0,0,Occasional Moderate-Value Customers,0
CUST_00265,6.0,478.31666666666666,2869.9,2.0,4.0,2.0,0.0,0,Occasional Moderate-Value Customers,0
CUST_00266,6.0,1075.2716666666668,6451.63,1.2,4.0,2.0,1.0,0,Occasional Moderate-Value Customers,0
CUST_00267,9.0,752.8666666666667,6775.8,2.25,4.166666666666667,2.0,0.0,1,Frequent High-Value Customers,0
CUST_00268,8.0,961.9525,7695.62,1.6,4.166666666666667,5.0,1.0,1,Frequent High-Value Customers,0
CUST_00269,4.0,387.675,1550.7,1.3333333333333333,4.0,1.0,0.0,0,Occasional Moderate-Value Customers,0
CUST_00270,8.0,901.05625,7208.45,1.6,3.5714285714285716,3.0,1.0,1,Frequent High-Value Customers,0
CUST_00271,8.0,658.08875,5264.71,1.6,4.142857142857143,3.0,1.0,1,Frequent High-Value Customers,0
CUST_00272,10.0,473.187,4731.87,2.5,4.25,2.0,2.0,1,Frequent High-Value Customers,0
CUST_00273,7.0,1869.752857142857,13088.269999999999,1.4,4.0,2.0,0.0,1,Frequent High-Value Customers,-1
CUST_00274,7.0,1368.2385714285715,9577.67,1.75,4.0,4.0,2.0,1,Frequent High-Value Customers,-1
CUST_00275,7.0,509.49285714285713,3566.45,1.75,4.0,1.0,3.0,0,Occasional Moderate-Value Customers,0
CUST_00276,7.0,670.2271428571429,4691.59,1.4,4.2,0.0,1.0,0,Occasional Moderate-Value Customers,0
CUST_00277,2.0,605.19,1210.38,1.0,4.0,0.0,0.0,0,Occasional Moderate-Value Customers,0
CUST_00278,4.0,447.6825,1790.73,1.0,4.25,2.0,0.0,0,Occasional Moderate-Value Customers,0
CUST_00279,5.0,625.798,3128.99,1.6666666666666667,4.0,0.0,0.0,0,Occasional Moderate-Value Customers,0
CUST_00280,10.0,1059.017,10590.17,1.6666666666666667,4.0,3.0,0.0,1,Frequent High-Value Customers,0
CUST_00281,8.0,1193.2075,9545.66,2.0,4.166666666666667,1.0,2.0,1,Frequent High-Value Customers,0
CUST_00282,8.0,1253.39375,10027.15,1.6,4.0,3.0,1.0,1,Frequent High-Value Customers,0
CUST_00283,4.0,304.5,1218.0,1.3333333333333333,4.0,0.0,1.0,0,Occasional Moderate-Value Customers,0
CUST_00284,5.0,240.13000000000002,1200.65,1.25,4.0,1.0,1.0,0,Occasional Moderate-Value Customers,0
CUST_00285,13.0,403.3715384615385,5243.83,2.6,4.454545454545454,2.0,3.0,1,Frequent High-Value Customers,-1
CUST_00286,10.0,675.543,6755.43,2.5,3.857142857142857,4.0,1.0,1,Frequent High-Value Customers,0
CUST_00287,5.0,415.976,2079.88,1.6666666666666667,3.25,0.0,0.0,0,Occasional Moderate-Value Customers,0
CUST_00288,7.0,594.6899999999999,4162.83,1.75,4.0,3.0,1.0,0,Occasional Moderate-Value Customers,0
CUST_00289,5.0,414.49399999999997,2072.47,1.6666666666666667,3.5,0.0,2.0,0,Occasional Moderate-Value Customers,0
CUST_00290,8.0,672.1975,5377.58,2.6666666666666665,4.0,3.0,1.0,1,Frequent High-Value Customers,0
CUST_00291,6.0,1168.8300000000002,7012.9800000000005,1.5,4.166666666666667,0.0,1.0,0,Occasional Moderate-Value Customers,0
CUST_00292,7.0,501.42571428571426,3509.98,2.3333333333333335,4.0,3.0,2.0,1,Frequent High-Value Customers,0
CUST_00293,6.0,969.5383333333333,5817.23,1.2,3.8,1.0,0.0,0,Occasional Moderate-Value Customers,0
CUST_00294,3.0,1921.9533333333336,5765.860000000001,1.5,4.0,0.0,0.0,0,Occasional Moderate-Value Customers,-1
CUST_00295,5.0,749.778,3748.89,1.25,3.6666666666666665,4.0,2.0,0,Occasional Moderate-Value Customers,-1
CUST_00296,10.0,349.19300000000004,3491.9300000000003,1.6666666666666667,3.75,2.0,0.0,0,Occasional Moderate-Value Customers,0
CUST_00297,6.0,399.635,2397.81,2.0,4.0,4.0,0.0,0,Occasional Moderate-Value Customers,0
CUST_00298,4.0,760.8975,3043.59,1.3333333333333333,4.25,3.0,2.0,0,Occasional Moderate-Value Customers,0
CUST_00299,5.0,515.654,2578.27,1.25,4.5,3.0,1.0,0,Occasional Moderate-Value Customers,0
CUST_00300,9.0,778.62,7007.58,1.8,4.125,3.0,1.0,1,Frequent High-Value Customers,0
CUST_00301,5.0,584.854,2924.27,2.5,4.0,2.0,0.0,0,Occasional Moderate-Value Customers,0
CUST_00302,7.0,229.79285714285714,1608.55,1.75,4.333333333333333,3.0,0.0,0,Occasional Moderate-Value Customers,0
CUST_00303,4.0,251.03,1004.12,1.3333333333333333,4.0,0.0,2.0,0,Occasional Moderate-Value Customers,0
CUST_00304,8.0,645.19,5161.52,1.6,4.0,3.0,2.0,1,Frequent High-Value Customers,0
CUST_00305,9.0,468.6088888888888,4217.48,1.5,4.166666666666667,3.0,1.0,1,Frequent High-Value Customers,0
CUST_00306,8.0,616.7950000000001,4934.360000000001,1.6,4.5,7.0,1.0,1,Frequent High-Value Customers,-1
CUST_00307,2.0,253.5,507.0,1.0,4.5,0.0,1.0,0,Occasional Moderate-Value Customers,0
CUST_00308,5.0,475.39399999999995,2376.97,1.25,3.6666666666666665,2.0,0.0,0,Occasional Moderate-Value Customers,0
CUST_00309,10.0,872.4879999999999,8724.88,2.5,3.875,6.0,1.0,1,Frequent High-Value Customers,-1
CUST_00310,4.0,719.585,2878.34,1.3333333333333333,4.0,1.0,1.0,0,Occasional Moderate-Value Customers,0
CUST_00311,9.0,436.96333333333337,3932.67,2.25,4.5,3.0,2.0,1,Frequent High-Value Customers,0
CUST_00312,8.0,942.51375,7540.11,2.6666666666666665,3.6,5.0,1.0,1,Frequent High-Value Customers,-1
CUST_00313,5.0,722.274,3611.37,1.6666666666666667,4.6,2.0,0.0,0,Occasional Moderate-Value Customers,0
CUST_00314,8.0,857.5062499999999,6860.049999999999,2.6666666666666665,4.571428571428571,2.0,0.0,1,Frequent High-Value Customers,-1
CUST_00315,8.0,530.45375,4243.63,1.3333333333333333,4.142857142857143,1.0,0.0,0,Occasional Moderate-Value Customers,0
CUST_00316,4.0,583.5525,2334.21,1.0,4.666666666666667,1.0,2.0,0,Occasional Moderate-Value Customers,-1
CUST_00317,9.0,1336.3011111111111,12026.710000000001,2.25,3.4,3.0,3.0,1,Frequent High-Value Customers,-1
CUST_00318,6.0,618.1850000000001,3709.11,1.5,3.6666666666666665,3.0,3.0,1,Frequent High-Value Customers,0
CUST_00319,7.0,873.4228571428572,6113.96,1.75,4.166666666666667,2.0,1.0,1,Frequent High-Value Customers,0
CUST_00320,4.0,742.43,2969.72,2.0,4.75,0.0,0.0,0,Occasional Moderate-Value Customers,0
CUST_00321,5.0,419.392,2096.96,1.25,4.5,1.0,0.0,0,Occasional Moderate-Value Customers,0
CUST_00322,9.0,993.0677777777778,8937.61,2.25,4.0,5.0,0.0,1,Frequent High-Value Customers,0
CUST_00323,9.0,600.6622222222222,5405.96,2.25,4.142857142857143,1.0,2.0,1,Frequent High-Value Customers,0
CUST_00324,7.0,1051.547142857143,7360.83,1.1666666666666667,4.5,2.0,2.0,1,Frequent High-Value Customers,-1
CUST_00325,7.0,677.29,4741.03,1.75,3.857142857142857,2.0,2.0,1,Frequent High-Value Customers,0
CUST_00326,7.0,545.6028571428571,3819.2200000000003,1.75,4.25,4.0,0.0,0,Occasional Moderate-Value Customers,0
CUST_00327,7.0,764.0585714285714,5348.41,1.75,4.75,3.0,0.0,0,Occasional Moderate-Value Customers,0
CUST_00328,4.0,574.99,2299.96,1.3333333333333333,4.0,0.0,1.0,0,Occasional Moderate-Value Customers,0
CUST_00329,5.0,482.322,2411.61,1.25,4.2,1.0,1.0,0,Occasional Moderate-Value Customers,0
CUST_00330,6.0,1270.4766666666667,7622.860000000001,2.0,4.0,0.0,0.0,0,Occasional Moderate-Value Customers,0
CUST_00331,4.0,312.86249999999995,1251.4499999999998,2.0,4.333333333333333,1.0,1.0,0,Occasional Moderate-Value Customers,0
CUST_00332,9.0,653.7355555555555,5883.62,1.8,3.857142857142857,1.0,0.0,0,Occasional Moderate-Value Customers,0
CUST_00333,5.0,654.164,3270.8199999999997,1.25,3.25,1.0,2.0,0,Occasional Moderate-Value Customers,-1
CUST_00334,10.0,386.087,3860.87,1.6666666666666667,4.0,5.0,1.0,1,Frequent High-Value Customers,0
CUST_00335,3.0,872.3733333333333,2617.12,1.5,3.6666666666666665,0.0,1.0,0,Occasional Moderate-Value Customers,0
CUST_00336,8.0,998.03125,7984.25,2.0,4.25,2.0,2.0,1,Frequent High-Value Customers,0
CUST_00337,12.0,953.245,11438.94,3.0,3.875,2.0,3.0,1,Frequent High-Value Customers,-1
CUST_00338,5.0,166.54,832.6999999999999,1.25,4.0,3.0,1.0,0,Occasional Moderate-Value Customers,0
CUST_00339,13.0,531.35,6907.55,2.1666666666666665,4.0,4.0,3.0,1,Frequent High-Value Customers,-1
CUST_00340,7.0,1425.8771428571429,9981.14,1.4,3.8,2.0,0.0,1,Frequent High-Value Customers,0
CUST_00341,6.0,578.245,3469.47,1.5,4.0,2.0,0.0,0,Occasional Moderate-Value Customers,0
CUST_00342,3.0,190.81000000000003,572.4300000000001,1.0,4.0,1.0,1.0,0,Occasional Moderate-Value Customers,0
CUST_00343,3.0,457.25666666666666,1371.77,1.0,4.5,1.0,1.0,0,Occasional Moderate-Value Customers,0
CUST_00344,5.0,304.406,1522.03,1.6666666666666667,4.666666666666667,3.0,0.0,0,Occasional Moderate-Value Customers,0
CUST_00345,7.0,423.69428571428574,2965.86,2.3333333333333335,4.25,1.0,0.0,0,Occasional Moderate-Value Customers,0
CUST_00346,3.0,818.4466666666667,2455.34,1.0,3.5,1.0,1.0,0,Occasional Moderate-Value Customers,0
CUST_00347,7.0,873.1057142857143,6111.74,1.4,4.0,2.0,0.0,0,Occasional Moderate-Value Customers,0
CUST_00348,6.0,1067.0966666666666,6402.58,1.5,3.6,0.0,0.0,0,Occasional Moderate-Value Customers,0
CUST_00349,4.0,686.885,2747.54,1.0,3.5,1.0,1.0,0,Occasional Moderate-Value Customers,0
CUST_00350,12.0,590.385,7084.62,2.4,4.142857142857143,1.0,3.0,1,Frequent High-Value Customers,-1
CUST_00351,3.0,215.94666666666663,647.8399999999999,1.5,3.0,2.0,0.0,0,Occasional Moderate-Value Customers,-1
CUST_00352,15.0,798.4566666666667,11976.85,2.5,3.6666666666666665,6.0,3.0,1,Frequent High-Value Customers,-1
CUST_00353,6.0,1429.3966666666668,8576.380000000001,1.5,4.2,3.0,2.0,1,Frequent High-Value Customers,-1
CUST_00354,2.0,350.255,700.51,1.0,4.5,0.0,0.0,0,Occasional Moderate-Value Customers,0
CUST_00355,6.0,661.305,3967.83,1.5,4.2,0.0,0.0,0,Occasional Moderate-Value Customers,0
CUST_00356,8.0,1035.575,8284.6,1.6,4.666666666666667,4.0,3.0,1,Frequent High-Value Customers,-1
CUST_00357,5.0,928.1779999999999,4640.889999999999,1.6666666666666667,3.75,2.0,1.0,0,Occasional Moderate-Value Customers,0
CUST_00358,4.0,400.155,1600.62,2.0,4.0,2.0,1.0,0,Occasional Moderate-Value Customers,0
CUST_00359,9.0,1027.697777777778,9249.28,2.25,3.75,3.0,0.0,1,Frequent High-Value Customers,0
CUST_00360,6.0,965.1866666666666,5791.12,1.5,3.6,1.0,1.0,0,Occasional Moderate-Value Customers,0
CUST_00361,4.0,1506.0075,6024.03,1.3333333333333333,5.0,3.0,1.0,0,Occasional Moderate-Value Customers,-1
CUST_00362,5.0,392.11,1960.55,1.6666666666666667,3.3333333333333335,3.0,3.0,0,Occasional Moderate-Value Customers,-1
CUST_00363,3.0,401.61666666666673,1204.8500000000001,1.5,4.0,2.0,0.0,0,Occasional Moderate-Value Customers,0
CUST_00364,4.0,289.095,1156.38,2.0,4.666666666666667,2.0,1.0,0,Occasional Moderate-Value Customers,0
CUST_00365,10.0,1150.105,11501.05,2.5,4.25,3.0,0.0,1,Frequent High-Value Customers,0
CUST_00366,6.0,1119.2283333333332,6715.37,2.0,3.6,0.0,0.0,0,Occasional Moderate-Value Customers,0
CUST_00367,12.0,873.9266666666666,10487.119999999999,3.0,3.7142857142857144,3.0,1.0,1,Frequent High-Value Customers,-1
CUST_00368,7.0,884.3000000000001,6190.1,1.4,3.8,2.0,2.0,1,Frequent High-Value Customers,0
CUST_00369,11.0,454.35909090909087,4997.95,1.8333333333333333,3.7777777777777777,5.0,3.0,1,Frequent High-Value Customers,-1
CUST_00370,7.0,557.0142857142857,3899.1,1.4,3.75,4.0,0.0,0,Occasional Moderate-Value Customers,0
CUST_00371,6.0,394.85999999999996,2369.16,1.5,3.6666666666666665,1.0,0.0,0,Occasional Moderate-Value Customers,0
CUST_00372,10.0,688.321,6883.21,2.5,3.8,2.0,2.0,1,Frequent High-Value Customers,0
CUST_00373,6.0,456.15333333333336,2736.92,1.5,4.0,2.0,1.0,0,Occasional Moderate-Value Customers,0
CUST_00374,10.0,812.3399999999999,8123.4,2.5,4.714285714285714,2.0,1.0,1,Frequent High-Value Customers,0
CUST_00375,1.0,221.72,221.72,1.0,4.0,0.0,0.0,0,Occasional Moderate-Value Customers,0
CUST_00376,6.0,267.06666666666666,1602.4,1.2,4.25,1.0,1.0,0,Occasional Moderate-Value Customers,0
CUST_00377,5.0,1063.02,5315.1,1.25,4.0,1.0,1.0,0,Occasional Moderate-Value Customers,0
CUST_00378,4.0,200.71749999999997,802.8699999999999,1.3333333333333333,4.5,0.0,0.0,0,Occasional Moderate-Value Customers,0
CUST_00379,10.0,555.789,5557.89,1.6666666666666667,3.888888888888889,3.0,1.0,1,Frequent High-Value Customers,0
CUST_00380,3.0,732.6366666666667,2197.91,1.5,4.0,2.0,1.0,0,Occasional Moderate-Value Customers,0
CUST_00381,4.0,2355.2925,9421.17,2.0,4.666666666666667,0.0,2.0,1,Frequent High-Value Customers,-1
CUST_00382,12.0,1097.6475,13171.77,2.0,4.0,3.0,3.0,1,Frequent High-Value Customers,-1
CUST_00383,12.0,884.8075,10617.69,2.4,4.25,1.0,1.0,1,Frequent High-Value Customers,0
CUST_00384,11.0,1047.0036363636364,11517.04,2.75,3.857142857142857,3.0,3.0,1,Frequent High-Value Customers,-1
CUST_00385,6.0,680.0066666666667,4080.04,2.0,3.5,1.0,2.0,0,Occasional Moderate-Value Customers,0
CUST_00386,10.0,564.328,5643.28,2.0,3.857142857142857,1.0,1.0,1,Frequent High-Value Customers,0
CUST_00387,13.0,414.18769230769226,5384.44,2.1666666666666665,4.2727272727272725,4.0,2.0,1,Frequent High-Value Customers,-1
CUST_00388,11.0,1003.8472727272728,11042.32,1.8333333333333333,3.5714285714285716,3.0,0.0,1,Frequent High-Value Customers,0
CUST_00389,5.0,1305.284,6526.42,1.25,4.4,1.0,1.0,0,Occasional Moderate-Value Customers,0
CUST_00390,4.0,565.5525,2262.21,1.3333333333333333,4.333333333333333,1.0,0.0,0,Occasional Moderate-Value Customers,0
CUST_00391,7.0,492.68857142857144,3448.82,1.75,3.8,3.0,3.0,1,Frequent High-Value Customers,0
CUST_00392,6.0,383.47,2300.82,2.0,4.5,0.0,0.0,0,Occasional Moderate-Value Customers,0
CUST_00393,2.0,379.83500000000004,759.6700000000001,2.0,4.0,1.0,0.0,0,Occasional Moderate-Value Customers,0
CUST_00394,7.0,457.03000000000003,3199.21,1.75,4.0,2.0,1.0,0,Occasional Moderate-Value Customers,0
CUST_00395,5.0,516.26,2581.3,1.25,4.333333333333333,0.0,1.0,0,Occasional Moderate-Value Customers,0
CUST_00396,11.0,481.4263636363637,5295.6900000000005,1.8333333333333333,3.888888888888889,2.0,5.0,1,Frequent High-Value Customers,-1
CUST_00397,10.0,805.074,8050.74,2.5,4.142857142857143,1.0,1.0,1,Frequent High-Value Customers,0
CUST_00398,8.0,658.43375,5267.47,2.0,4.2,3.0,2.0,1,Frequent High-Value Customers,0
CUST_00399,10.0,607.174,6071.74,2.0,3.7777777777777777,1.0,0.0,1,Frequent High-Value Customers,0
CUST_00400,10.0,768.836,7688.36,2.0,4.333333333333333,2.0,1.0,1,Frequent High-Value Customers,0
CUST_00401,4.0,906.205,3624.82,1.0,4.5,1.0,0.0,0,Occasional Moderate-Value Customers,0
CUST_00402,5.0,976.4639999999999,4882.32,1.0,4.0,3.0,1.0,0,Occasional Moderate-Value Customers,0
CUST_00403,6.0,557.2766666666666,3343.66,1.5,4.5,3.0,1.0,0,Occasional Moderate-Value Customers,0
CUST_00404,9.0,759.2122222222222,6832.91,2.25,4.0,0.0,0.0,1,Frequent High-Value Customers,0
CUST_00405,8.0,1193.365,9546.92,1.6,3.8333333333333335,3.0,1.0,1,Frequent High-Value Customers,0
CUST_00406,8.0,530.0762500000001,4240.610000000001,1.6,4.0,2.0,0.0,0,Occasional Moderate-Value Customers,0
CUST_00407,5.0,382.51800000000003,1912.5900000000001,1.25,4.2,3.0,2.0,0,Occasional Moderate-Value Customers,0
CUST_00408,4.0,285.72999999999996,1142.9199999999998,1.0,4.0,2.0,1.0,0,Occasional Moderate-Value Customers,0
CUST_00409,12.0,723.5783333333334,8682.94,2.0,3.5,3.0,0.0,1,Frequent High-Value Customers,-1
CUST_00410,7.0,254.10857142857142,1778.76,1.75,3.5,2.0,0.0,0,Occasional Moderate-Value Customers,0
CUST_00411,9.0,872.0822222222223,7848.740000000001,2.25,4.0,4.0,1.0,1,Frequent High-Value Customers,0
CUST_00412,8.0,988.2625,7906.1,1.6,4.25,2.0,0.0,1,Frequent High-Value Customers,0
CUST_00413,8.0,610.7775,4886.22,1.6,4.0,4.0,2.0,1,Frequent High-Value Customers,0
CUST_00414,6.0,494.37999999999994,2966.2799999999997,1.2,4.0,1.0,0.0,0,Occasional Moderate-Value Customers,0
CUST_00415,7.0,1248.5285714285712,8739.699999999999,1.75,3.8333333333333335,1.0,0.0,1,Frequent High-Value Customers,0
CUST_00416,4.0,413.81,1655.24,1.3333333333333333,3.6666666666666665,1.0,0.0,0,Occasional Moderate-Value Customers,0
CUST_00417,9.0,671.9977777777777,6047.98,1.8,4.285714285714286,4.0,1.0,1,Frequent High-Value Customers,0
CUST_00418,8.0,505.5625,4044.5,2.0,3.8,3.0,1.0,1,Frequent High-Value Customers,0
CUST_00419,6.0,695.7883333333333,4174.73,1.5,4.0,0.0,1.0,0,Occasional Moderate-Value Customers,0
CUST_00420,8.0,553.86,4430.88,1.6,4.333333333333333,2.0,0.0,0,Occasional Moderate-Value Customers,0
CUST_00421,2.0,768.005,1536.01,1.0,4.0,1.0,1.0,0,Occasional Moderate-Value Customers,0
CUST_00422,3.0,631.4233333333333,1894.27,1.0,4.0,1.0,0.0,0,Occasional Moderate-Value Customers,0
CUST_00423,9.0,449.12333333333333,4042.11,3.0,4.166666666666667,4.0,0.0,1,Frequent High-Value Customers,-1
CUST_00424,9.0,866.0788888888889,7794.71,1.8,4.0,3.0,2.0,1,Frequent High-Value Customers,0
CUST_00425,7.0,731.1628571428572,5118.14,1.4,3.857142857142857,3.0,0.0,0,Occasional Moderate-Value Customers,0
CUST_00426,3.0,281.81,845.4300000000001,1.0,4.5,1.0,2.0,0,Occasional Moderate-Value Customers,-1
CUST_00427,6.0,493.6666666666667,2962.0,1.5,4.25,2.0,2.0,0,Occasional Moderate-Value Customers,0
CUST_00428,6.0,917.8383333333333,5507.03,1.2,4.0,0.0,0.0,0,Occasional Moderate-Value Customers,0
CUST_00429,4.0,1623.03,6492.12,2.0,4.0,1.0,1.0,0,Occasional Moderate-Value Customers,0
CUST_00430,7.0,904.2585714285714,6329.8099999999995,1.75,4.2,2.0,1.0,1,Frequent High-Value Customers,0
CUST_00431,10.0,501.01599999999996,5010.16,2.0,4.2,3.0,1.0,1,Frequent High-Value Customers,0
CUST_00432,3.0,497.86999999999995,1493.61,1.5,4.333333333333333,0.0,1.0,0,Occasional Moderate-Value Customers,0
CUST_00433,7.0,1178.6599999999999,8250.619999999999,1.1666666666666667,3.8333333333333335,3.0,1.0,1,Frequent High-Value Customers,0
CUST_00434,5.0,1026.758,5133.79,1.25,4.25,3.0,1.0,0,Occasional Moderate-Value Customers,0
CUST_00435,2.0,573.7750000000001,1147.5500000000002,1.0,3.5,1.0,0.0,0,Occasional Moderate-Value Customers,0
CUST_00436,10.0,535.752,5357.5199999999995,2.5,4.142857142857143,2.0,0.0,1,Frequent High-Value Customers,0
CUST_00437,4.0,447.70000000000005,1790.8000000000002,1.3333333333333333,3.75,1.0,1.0,0,Occasional Moderate-Value Customers,0
CUST_00438,8.0,879.48125,7035.85,2.0,3.75,1.0,0.0,1,Frequent High-Value Customers,0
CUST_00439,11.0,824.5781818181819,9070.36,2.75,4.0,1.0,0.0,1,Frequent High-Value Customers,-1
CUST_00440,6.0,559.775,3358.65,1.5,4.166666666666667,2.0,1.0,0,Occasional Moderate-Value Customers,0
CUST_00441,3.0,281.33,843.99,1.5,3.5,0.0,0.0,0,Occasional Moderate-Value Customers,0
CUST_00442,9.0,900.2688888888889,8102.42,2.25,3.8333333333333335,1.0,0.0,1,Frequent High-Value Customers,0
CUST_00443,5.0,836.878,4184.39,2.5,4.0,4.0,0.0,1,Frequent High-Value Customers,-1
CUST_00444,1.0,1432.28,1432.28,1.0,2.0,1.0,0.0,0,Occasional Moderate-Value Customers,-1
CUST_00445,9.0,535.01,4815.09,2.25,4.0,3.0,2.0,1,Frequent High-Value Customers,0
CUST_00446,12.0,871.8133333333334,10461.76,2.0,3.8,3.0,1.0,1,Frequent High-Value Customers,0
CUST_00447,10.0,1453.79,14537.9,2.5,4.125,2.0,0.0,1,Frequent High-Value Customers,-1
CUST_00448,3.0,899.5966666666667,2698.79,1.0,3.6666666666666665,3.0,0.0,0,Occasional Moderate-Value Customers,0
CUST_00449,6.0,1234.8966666666668,7409.38,1.5,4.5,2.0,0.0,0,Occasional Moderate-Value Customers,0
CUST_00450,4.0,515.765,2063.06,1.3333333333333333,4.0,1.0,0.0,0,Occasional Moderate-Value Customers,0
CUST_00451,8.0,389.5025,3116.02,2.0,4.166666666666667,1.0,2.0,0,Occasional Moderate-Value Customers,0
CUST_00452,12.0,832.8216666666667,9993.86,3.0,3.727272727272727,4.0,1.0,1,Frequent High-Value Customers,-1
CUST_00453,6.0,627.0283333333333,3762.17,2.0,3.5,2.0,0.0,0,Occasional Moderate-Value Customers,0
CUST_00454,4.0,564.9449999999999,2259.7799999999997,1.3333333333333333,4.5,0.0,0.0,0,Occasional Moderate-Value Customers,0
CUST_00455,10.0,506.965,5069.65,2.5,3.4285714285714284,5.0,4.0,1,Frequent High-Value Customers,-1
CUST_00456,5.0,394.4440000000001,1972.2200000000003,1.6666666666666667,4.5,1.0,0.0,0,Occasional Moderate-Value Customers,0
CUST_00457,5.0,769.066,3845.33,1.25,4.666666666666667,2.0,0.0,0,Occasional Moderate-Value Customers,0
CUST_00458,4.0,648.915,2595.66,1.3333333333333333,4.333333333333333,0.0,1.0,0,Occasional Moderate-Value Customers,0
CUST_00459,6.0,1092.1883333333333,6553.13,2.0,3.6666666666666665,0.0,1.0,0,Occasional Moderate-Value Customers,0
CUST_00460,7.0,333.66857142857145,2335.6800000000003,1.75,4.333333333333333,1.0,0.0,0,Occasional Moderate-Value Customers,0
CUST_00461,7.0,324.3457142857143,2270.42,1.4,4.25,1.0,0.0,0,Occasional Moderate-Value Customers,0
CUST_00462,11.0,551.5463636363636,6067.009999999999,1.8333333333333333,4.375,3.0,2.0,1,Frequent High-Value Customers,0
CUST_00463,5.0,178.222,891.11,2.5,4.0,1.0,0.0,0,Occasional Moderate-Value Customers,0
CUST_00464,4.0,738.9300000000001,2955.7200000000003,1.3333333333333333,4.0,1.0,0.0,0,Occasional Moderate-Value Customers,0
CUST_00465,4.0,1181.6375,4726.55,1.0,3.3333333333333335,0.0,1.0,0,Occasional Moderate-Value Customers,0
CUST_00466,7.0,646.0942857142857,4522.66,2.3333333333333335,3.8,1.0,2.0,1,Frequent High-Value Customers,0
CUST_00467,7.0,350.3442857142857,2452.41,1.75,4.4,1.0,1.0,0,Occasional Moderate-Value Customers,0
CUST_00468,14.0,713.2842857142857,9985.98,2.8,4.083333333333333,1.0,1.0,1,Frequent High-Value Customers,-1
CUST_00469,9.0,788.4566666666666,7096.11,2.25,4.125,2.0,2.0,1,Frequent High-Value Customers,0
CUST_00470,10.0,1160.24,11602.4,2.0,3.6666666666666665,3.0,0.0,1,Frequent High-Value Customers,0
CUST_00471,5.0,611.17,3055.85,1.25,5.0,2.0,2.0,0,Occasional Moderate-Value Customers,-1
CUST_00472,7.0,522.8528571428571,3659.9700000000003,1.4,3.8333333333333335,3.0,0.0,0,Occasional Moderate-Value Customers,0
CUST_00473,6.0,728.1316666666667,4368.79,1.5,4.0,2.0,0.0,0,Occasional Moderate-Value Customers,0
CUST_00474,6.0,491.1016666666667,2946.61,1.5,4.25,3.0,0.0,0,Occasional Moderate-Value Customers,0
CUST_00475,4.0,452.265,1809.06,1.3333333333333333,3.75,0.0,1.0,0,Occasional Moderate-Value Customers,0
CUST_00476,13.0,865.3961538461538,11250.15,2.1666666666666665,3.888888888888889,7.0,0.0,1,Frequent High-Value Customers,-1
CUST_00477,6.0,347.195,2083.17,2.0,3.3333333333333335,2.0,1.0,0,Occasional Moderate-Value Customers,0
CUST_00478,10.0,631.418,6314.18,2.5,3.875,3.0,1.0,1,Frequent High-Value Customers,0
CUST_00479,13.0,1007.8684615384616,13102.29,3.25,3.6666666666666665,4.0,2.0,1,Frequent High-Value Customers,-1
CUST_00480,2.0,519.86,1039.72,1.0,3.5,2.0,0.0,0,Occasional Moderate-Value Customers,0
CUST_00481,7.0,610.5242857142857,4273.67,1.1666666666666667,3.75,3.0,0.0,0,Occasional Moderate-Value Customers,0
CUST_00482,12.0,656.6333333333333,7879.6,2.4,4.4,4.0,2.0,1,Frequent High-Value Customers,-1
CUST_00483,5.0,427.296,2136.48,1.25,3.6666666666666665,0.0,0.0,0,Occasional Moderate-Value Customers,0
CUST_00484,5.0,689.664,3448.3199999999997,1.6666666666666667,4.2,1.0,0.0,0,Occasional Moderate-Value Customers,0
CUST_00485,9.0,906.2222222222222,8156.0,1.8,4.142857142857143,0.0,2.0,1,Frequent High-Value Customers,0
CUST_00486,13.0,684.4853846153845,8898.31,2.1666666666666665,4.25,3.0,0.0,1,Frequent High-Value Customers,-1
CUST_00487,8.0,891.2475,7129.98,1.6,4.166666666666667,1.0,1.0,1,Frequent High-Value Customers,0
CUST_00488,5.0,269.62,1348.1,1.6666666666666667,4.4,3.0,2.0,0,Occasional Moderate-Value Customers,0
CUST_00489,11.0,544.2463636363636,5986.71,2.2,4.4,3.0,2.0,1,Frequent High-Value Customers,0
CUST_00490,10.0,624.236,6242.36,1.6666666666666667,4.375,0.0,0.0,0,Occasional Moderate-Value Customers,0
CUST_00491,4.0,381.83500000000004,1527.3400000000001,1.3333333333333333,4.0,2.0,0.0,0,Occasional Moderate-Value Customers,0
CUST_00492,3.0,767.5066666666667,2302.52,1.5,3.0,2.0,0.0,0,Occasional Moderate-Value Customers,-1
CUST_00493,2.0,682.89,1365.78,1.0,5.0,1.0,0.0,0,Occasional Moderate-Value Customers,1
CUST_00494,9.0,396.26222222222225,3566.36,1.8,3.875,2.0,3.0,1,Frequent High-Value Customers,0
CUST_00495,3.0,597.26,1791.78,1.5,4.0,0.0,0.0,0,Occasional Moderate-Value Customers,0
CUST_00496,7.0,377.5842857142857,2643.09,1.75,3.857142857142857,2.0,1.0,0,Occasional Moderate-Value Customers,0
CUST_00497,10.0,336.606,3366.06,2.5,3.875,2.0,0.0,1,Frequent High-Value Customers,0
CUST_00498,4.0,580.2675,2321.07,1.3333333333333333,3.6666666666666665,1.0,0.0,0,Occasional Moderate-Value Customers,0
CUST_00499,10.0,1210.257,12102.57,3.3333333333333335,4.166666666666667,4.0,0.0,1,Frequent High-Value Customers,-1
CUST_00500,14.0,871.5542857142857,12201.76,2.3333333333333335,3.909090909090909,3.0,1.0,1,Frequent High-Value Customers,0
CUST_00501,3.0,698.16,2094.48,1.5,3.3333333333333335,0.0,0.0,0,Occasional Moderate-Value Customers,0
CUST_00502,7.0,1788.7299999999998,12521.109999999999,1.75,4.2,2.0,0.0,1,Frequent High-Value Customers,-1
CUST_00503,10.0,443.76599999999996,4437.66,2.5,4.375,3.0,2.0,1,Frequent High-Value Customers,0
CUST_00504,11.0,509.54636363636365,5605.01,1.8333333333333333,4.333333333333333,5.0,1.0,1,Frequent High-Value Customers,0
CUST_00505,10.0,759.98,7599.8,3.3333333333333335,4.5,1.0,2.0,1,Frequent High-Value Customers,-1
CUST_00506,5.0,348.09000000000003,1740.45,1.0,3.5,2.0,1.0,0,Occasional Moderate-Value Customers,0
CUST_00507,8.0,897.68875,7181.51,1.6,3.8,3.0,1.0,1,Frequent High-Value Customers,0
CUST_00508,11.0,554.0990909090909,6095.09,2.2,3.9,3.0,2.0,1,Frequent High-Value Customers,0
CUST_00509,6.0,715.485,4292.91,2.0,4.4,2.0,1.0,0,Occasional Moderate-Value Customers,0
CUST_00510,6.0,1071.1216666666667,6426.73,2.0,3.8333333333333335,1.0,0.0,0,Occasional Moderate-Value Customers,0
CUST_00511,4.0,268.5125,1074.05,1.3333333333333333,3.5,1.0,0.0,0,Occasional Moderate-Value Customers,0
CUST_00512,8.0,872.72375,6981.79,2.0,3.6,0.0,0.0,0,Occasional Moderate-Value Customers,0
CUST_00513,8.0,442.04125,3536.33,1.6,4.333333333333333,1.0,0.0,0,Occasional Moderate-Value Customers,0
CUST_00514,13.0,906.1215384615384,11779.58,2.6,4.222222222222222,1.0,3.0,1,Frequent High-Value Customers,-1
CUST_00515,4.0,1504.28,6017.12,1.3333333333333333,4.333333333333333,1.0,0.0,0,Occasional Moderate-Value Customers,0
CUST_00516,4.0,661.7925,2647.17,1.3333333333333333,3.75,0.0,0.0,0,Occasional Moderate-Value Customers,0
CUST_00517,4.0,287.885,1151.54,2.0,4.0,2.0,0.0,0,Occasional Moderate-Value Customers,0
CUST_00518,1.0,349.88,349.88,1.0,4.051247275223099,0.0,0.0,0,Occasional Moderate-Value Customers,0
CUST_00519,9.0,1234.908888888889,11114.18,2.25,3.8333333333333335,4.0,2.0,1,Frequent High-Value Customers,-1
CUST_00520,13.0,542.0853846153846,7047.11,3.25,4.0,3.0,1.0,1,Frequent High-Value Customers,-1
CUST_00521,7.0,394.9057142857143,2764.34,1.75,4.0,1.0,0.0,0,Occasional Moderate-Value Customers,0
CUST_00522,8.0,1216.50625,9732.05,1.6,4.0,3.0,1.0,1,Frequent High-Value Customers,0
CUST_00523,10.0,838.483,8384.83,2.0,4.166666666666667,4.0,1.0,1,Frequent High-Value Customers,0
CUST_00524,9.0,1068.0033333333333,9612.03,2.25,4.285714285714286,3.0,0.0,1,Frequent High-Value Customers,0
CUST_00525,5.0,427.9219999999999,2139.6099999999997,1.25,3.4,1.0,1.0,0,Occasional Moderate-Value Customers,0
CUST_00526,5.0,948.3520000000001,4741.76,1.6666666666666667,4.0,1.0,0.0,0,Occasional Moderate-Value Customers,0
CUST_00527,5.0,685.432,3427.16,1.0,4.25,1.0,0.0,0,Occasional Moderate-Value Customers,0
CUST_00528,9.0,444.7366666666667,4002.63,2.25,4.0,1.0,4.0,1,Frequent High-Value Customers,-1
CUST_00529,7.0,366.69,2566.83,1.4,4.5,3.0,0.0,0,Occasional Moderate-Value Customers,0
CUST_00530,6.0,939.455,5636.7300000000005,3.0,4.0,2.0,1.0,1,Frequent High-Value Customers,0
CUST_00531,6.0,1843.235,11059.41,1.2,4.166666666666667,2.0,0.0,1,Frequent High-Value Customers,0
CUST_00532,10.0,971.1510000000001,9711.51,2.0,4.75,4.0,0.0,1,Frequent High-Value Customers,-1
CUST_00533,15.0,890.9173333333333,13363.76,3.75,4.0,2.0,4.0,1,Frequent High-Value Customers,-1
CUST_00534,4.0,617.15,2468.6,2.0,3.75,1.0,0.0,0,Occasional Moderate-Value Customers,0
CUST_00535,3.0,390.1766666666667,1170.53,1.0,4.0,1.0,0.0,0,Occasional Moderate-Value Customers,0
CUST_00536,7.0,1251.1757142857143,8758.23,1.1666666666666667,4.5,2.0,0.0,0,Occasional Moderate-Value Customers,0
CUST_00537,5.0,844.1660000000002,4220.830000000001,1.6666666666666667,3.8,1.0,0.0,0,Occasional Moderate-Value Customers,0
CUST_00538,5.0,552.358,2761.79,1.25,4.0,2.0,1.0,0,Occasional Moderate-Value Customers,0
CUST_00539,7.0,613.2285714285715,4292.6,1.4,4.0,3.0,0.0,0,Occasional Moderate-Value Customers,0
CUST_00540,9.0,586.1622222222222,5275.46,1.8,4.166666666666667,3.0,1.0,1,Frequent High-Value Customers,0
CUST_00541,9.0,352.33222222222224,3170.9900000000002,2.25,4.285714285714286,2.0,0.0,0,Occasional Moderate-Value Customers,0
CUST_00542,10.0,503.28900000000004,5032.89,2.0,4.125,1.0,1.0,1,Frequent High-Value Customers,0
CUST_00543,7.0,1208.472857142857,8459.31,1.75,4.0,0.0,1.0,1,Frequent High-Value Customers,0
CUST_00544,12.0,1359.2216666666666,16310.66,2.4,3.8181818181818183,2.0,2.0,1,Frequent High-Value Customers,-1
CUST_00545,6.0,464.2166666666667,2785.3,1.5,4.4,2.0,1.0,0,Occasional Moderate-Value Customers,0
CUST_00546,6.0,448.395,2690.37,1.5,4.2,1.0,1.0,0,Occasional Moderate-Value Customers,0
CUST_00547,4.0,641.04,2564.16,1.3333333333333333,4.0,1.0,0.0,0,Occasional Moderate-Value Customers,0
CUST_00548,9.0,410.88222222222225,3697.94,1.8,4.428571428571429,3.0,1.0,1,Frequent High-Value Customers,0
CUST_00549,3.0,206.49666666666667,619.49,1.0,3.0,0.0,2.0,0,Occasional Moderate-Value Customers,-1
CUST_00550,12.0,774.1258333333334,9289.51,2.4,4.090909090909091,4.0,0.0,1,Frequent High-Value Customers,-1
CUST_00551,4.0,1117.8225,4471.29,2.0,4.0,2.0,1.0,0,Occasional Moderate-Value Customers,0
CUST_00552,11.0,932.8900000000001,10261.79,2.2,4.125,5.0,1.0,1,Frequent High-Value Customers,0
CUST_00553,3.0,1400.8766666666668,4202.63,1.5,4.0,1.0,1.0,0,Occasional Moderate-Value Customers,0
CUST_00554,6.0,946.4949999999999,5678.969999999999,1.5,3.5,2.0,0.0,0,Occasional Moderate-Value Customers,0
CUST_00555,12.0,635.3425,7624.11,3.0,4.181818181818182,2.0,0.0,1,Frequent High-Value Customers,-1
CUST_00556,3.0,664.2233333333334,1992.67,1.0,3.5,1.0,1.0,0,Occasional Moderate-Value Customers,0
CUST_00557,7.0,632.1171428571428,4424.82,1.75,4.333333333333333,0.0,2.0,0,Occasional Moderate-Value Customers,0
CUST_00558,5.0,416.904,2084.52,1.6666666666666667,4.0,2.0,0.0,0,Occasional Moderate-Value Customers,0
CUST_00559,10.0,726.567,7265.67,2.0,4.0,5.0,4.0,1,Frequent High-Value Customers,-1
CUST_00560,7.0,762.9157142857142,5340.41,1.1666666666666667,4.166666666666667,5.0,1.0,1,Frequent High-Value Customers,0
CUST_00561,7.0,820.9528571428572,5746.67,1.75,3.7142857142857144,2.0,1.0,1,Frequent High-Value Customers,0
CUST_00562,4.0,1501.02,6004.08,2.0,4.0,3.0,1.0,1,Frequent High-Value Customers,-1
CUST_00563,6.0,815.5716666666667,4893.43,2.0,4.0,2.0,0.0,0,Occasional Moderate-Value Customers,0
CUST_00564,6.0,702.915,4217.49,1.5,4.0,2.0,0.0,0,Occasional Moderate-Value Customers,0
CUST_00565,6.0,556.6416666666667,3339.85,1.5,4.333333333333333,0.0,0.0,0,Occasional Moderate-Value Customers,0
CUST_00566,7.0,1578.2899999999997,11048.029999999999,1.75,3.8333333333333335,1.0,2.0,1,Frequent High-Value Customers,-1
CUST_00567,5.0,463.09799999999996,2315.49,1.6666666666666667,4.0,0.0,3.0,0,Occasional Moderate-Value Customers,-1
CUST_00568,6.0,215.51166666666666,1293.07,1.5,4.0,1.0,0.0,0,Occasional Moderate-Value Customers,0
CUST_00569,12.0,561.5458333333333,6738.55,2.4,3.625,2.0,1.0,1,Frequent High-Value Customers,-1
CUST_00570,10.0,632.539,6325.389999999999,2.0,4.0,4.0,1.0,1,Frequent High-Value Customers,0
CUST_00571,8.0,784.1949999999999,6273.5599999999995,2.6666666666666665,4.0,2.0,1.0,1,Frequent High-Value Customers,0
CUST_00572,7.0,954.74,6683.18,1.4,4.5,2.0,0.0,0,Occasional Moderate-Value Customers,0
CUST_00573,5.0,900.092,4500.46,1.6666666666666667,3.0,2.0,0.0,0,Occasional Moderate-Value Customers,-1
CUST_00574,8.0,571.54,4572.32,1.6,4.428571428571429,4.0,0.0,1,Frequent High-Value Customers,0
CUST_00575,5.0,350.918,1754.5900000000001,1.25,4.25,1.0,1.0,0,Occasional Moderate-Value Customers,0
CUST_00576,8.0,1080.415,8643.32,1.6,4.166666666666667,4.0,0.0,1,Frequent High-Value Customers,0
CUST_00577,7.0,314.13428571428574,2198.94,1.75,4.0,5.0,2.0,1,Frequent High-Value Customers,-1
CUST_00578,17.0,1190.034705882353,20230.59,2.8333333333333335,4.2,3.0,3.0,1,Frequent High-Value Customers,-1
CUST_00579,11.0,671.2472727272727,7383.72,1.8333333333333333,4.0,4.0,2.0,1,Frequent High-Value Customers,0
CUST_00580,2.0,518.875,1037.75,1.0,4.0,0.0,0.0,0,Occasional Moderate-Value Customers,0
CUST_00581,7.0,257.58714285714285,1803.1100000000001,1.4,4.0,0.0,0.0,0,Occasional Moderate-Value Customers,0
CUST_00582,5.0,1469.032,7345.16,1.6666666666666667,4.25,2.0,0.0,0,Occasional Moderate-Value Customers,0
CUST_00583,5.0,1065.702,5328.51,1.6666666666666667,4.0,3.0,1.0,0,Occasional Moderate-Value Customers,0
CUST_00584,2.0,1036.385,2072.77,2.0,3.5,1.0,0.0,0,Occasional Moderate-Value Customers,-1
CUST_00585,8.0,1108.255,8866.04,2.0,4.142857142857143,3.0,1.0,1,Frequent High-Value Customers,0
CUST_00586,8.0,569.1975,4553.58,1.6,4.5,0.0,2.0,0,Occasional Moderate-Value Customers,0
CUST_00587,6.0,162.34833333333333,974.0899999999999,1.5,4.5,0.0,1.0,0,Occasional Moderate-Value Customers,0
CUST_00588,6.0,869.1066666666667,5214.64,3.0,4.0,2.0,0.0,1,Frequent High-Value Customers,0
CUST_00589,7.0,555.76,3890.32,1.75,4.666666666666667,1.0,2.0,0,Occasional Moderate-Value Customers,0
CUST_00590,10.0,1128.647,11286.47,1.6666666666666667,4.5,1.0,1.0,1,Frequent High-Value Customers,-1
CUST_00591,6.0,1224.035,7344.21,3.0,3.8,1.0,1.0,1,Frequent High-Value Customers,-1
CUST_00592,7.0,815.8257142857143,5710.78,1.75,3.6,2.0,0.0,0,Occasional Moderate-Value Customers,0
CUST_00593,5.0,1431.1979999999999,7155.99,1.6666666666666667,4.666666666666667,3.0,0.0,1,Frequent High-Value Customers,-1
CUST_00594,4.0,938.3125,3753.25,1.3333333333333333,4.25,1.0,0.0,0,Occasional Moderate-Value Customers,0
CUST_00595,6.0,522.39,3134.34,2.0,4.0,2.0,0.0,0,Occasional Moderate-Value Customers,0
CUST_00596,10.0,655.202,6552.02,2.0,4.111111111111111,1.0,1.0,1,Frequent High-Value Customers,0
CUST_00597,6.0,566.39,3398.3399999999997,1.2,4.25,1.0,0.0,0,Occasional Moderate-Value Customers,0
CUST_00598,5.0,336.74399999999997,1683.7199999999998,1.25,3.75,1.0,1.0,0,Occasional Moderate-Value Customers,0
CUST_00599,12.0,539.6625,6475.95,2.0,4.222222222222222,3.0,1.0,1,Frequent High-Value Customers,0
CUST_00600,6.0,534.0333333333333,3204.2,1.5,4.0,4.0,2.0,0,Occasional Moderate-Value Customers,0
CUST_00601,10.0,1414.3139999999999,14143.14,2.5,4.285714285714286,2.0,3.0,1,Frequent High-Value Customers,-1
CUST_00602,5.0,650.374,3251.87,1.6666666666666667,4.25,0.0,0.0,0,Occasional Moderate-Value Customers,0
CUST_00603,5.0,230.30599999999998,1151.53,1.25,4.0,2.0,1.0,0,Occasional Moderate-Value Customers,0
CUST_00604,6.0,276.11333333333334,1656.68,1.5,4.25,2.0,1.0,0,Occasional Moderate-Value Customers,0
CUST_00605,8.0,668.30875,5346.47,1.6,3.5,2.0,3.0,1,Frequent High-Value Customers,-1
CUST_00606,8.0,568.98875,4551.91,1.6,4.0,2.0,1.0,0,Occasional Moderate-Value Customers,0
CUST_00607,11.0,492.8654545454546,5421.52,2.2,3.7142857142857144,6.0,2.0,1,Frequent High-Value Customers,0
CUST_00608,3.0,568.24,1704.72,1.0,4.0,2.0,0.0,0,Occasional Moderate-Value Customers,0
CUST_00609,4.0,479.9225,1919.69,1.3333333333333333,3.6666666666666665,3.0,1.0,0,Occasional Moderate-Value Customers,0
CUST_00610,12.0,562.5533333333334,6750.64,2.0,3.8333333333333335,4.0,1.0,1,Frequent High-Value Customers,0
CUST_00611,8.0,428.555,3428.44,1.6,3.4285714285714284,3.0,1.0,0,Occasional Moderate-Value Customers,0
CUST_00612,7.0,468.9871428571429,3282.9100000000003,1.75,4.5,4.0,1.0,1,Frequent High-Value Customers,0
CUST_00613,4.0,2795.2725,11181.09,1.3333333333333333,4.0,1.0,0.0,1,Frequent High-Value Customers,-1
CUST_00614,4.0,883.83,3535.32,1.3333333333333333,4.0,3.0,0.0,0,Occasional Moderate-Value Customers,0
CUST_00615,14.0,928.9857142857143,13005.8,2.3333333333333335,4.222222222222222,3.0,2.0,1,Frequent High-Value Customers,-1
CUST_00616,9.0,619.6855555555555,5577.17,2.25,3.888888888888889,2.0,1.0,1,Frequent High-Value Customers,0
CUST_00617,1.0,603.36,603.36,1.0,5.0,0.0,0.0,0,Occasional Moderate-Value Customers,1
CUST_00618,4.0,704.885,2819.54,1.3333333333333333,3.5,1.0,0.0,0,Occasional Moderate-Value Customers,0
CUST_00619,4.0,838.5849999999999,3354.3399999999997,1.3333333333333333,4.0,1.0,1.0,0,Occasional Moderate-Value Customers,0
CUST_00620,10.0,747.627,7476.2699999999995,2.5,4.111111111111111,4.0,1.0,1,Frequent High-Value Customers,0
CUST_00621,4.0,693.52,2774.08,1.3333333333333333,4.333333333333333,3.0,3.0,0,Occasional Moderate-Value Customers,-1
CUST_00622,4.0,719.065,2876.26,1.3333333333333333,3.75,2.0,0.0,0,Occasional Moderate-Value Customers,0
CUST_00623,5.0,570.03,2850.15,2.5,3.5,1.0,0.0,0,Occasional Moderate-Value Customers,0
CUST_00624,4.0,524.005,2096.02,2.0,5.0,1.0,1.0,0,Occasional Moderate-Value Customers,-1
CUST_00625,7.0,357.55285714285714,2502.87,1.75,4.333333333333333,2.0,0.0,0,Occasional Moderate-Value Customers,0
CUST_00626,6.0,1299.07,7794.42,1.5,4.333333333333333,1.0,1.0,0,Occasional Moderate-Value Customers,0
CUST_00627,6.0,460.17333333333335,2761.04,1.5,4.0,3.0,0.0,0,Occasional Moderate-Value Customers,0
CUST_00628,5.0,1428.8780000000002,7144.39,1.25,4.0,2.0,0.0,0,Occasional Moderate-Value Customers,0
CUST_00629,6.0,453.4066666666667,2720.44,1.2,4.0,2.0,0.0,0,Occasional Moderate-Value Customers,0
CUST_00630,3.0,961.2166666666667,2883.65,1.0,4.5,3.0,1.0,0,Occasional Moderate-Value Customers,-1
CUST_00631,2.0,2376.055,4752.11,2.0,5.0,0.0,1.0,0,Occasional Moderate-Value Customers,-1
CUST_00632,6.0,572.9616666666667,3437.7700000000004,1.5,3.8333333333333335,1.0,2.0,0,Occasional Moderate-Value Customers,0
CUST_00633,8.0,694.8625,5558.9,2.0,4.333333333333333,1.0,1.0,1,Frequent High-Value Customers,0
CUST_00634,4.0,624.97,2499.88,2.0,4.0,2.0,0.0,0,Occasional Moderate-Value Customers,0
CUST_00635,7.0,366.8614285714285,2568.0299999999997,1.75,4.25,1.0,0.0,0,Occasional Moderate-Value Customers,0
CUST_00636,3.0,157.66666666666666,473.0,1.0,4.666666666666667,1.0,0.0,0,Occasional Moderate-Value Customers,0
CUST_00637,8.0,836.21875,6689.75,1.6,4.142857142857143,0.0,0.0,0,Occasional Moderate-Value Customers,0
CUST_00638,5.0,528.246,2641.23,1.25,4.0,1.0,1.0,0,Occasional Moderate-Value Customers,0
CUST_00639,8.0,530.12625,4241.01,2.6666666666666665,4.2,4.0,3.0,1,Frequent High-Value Customers,-1
CUST_00640,7.0,596.8442857142857,4177.91,2.3333333333333335,4.0,1.0,1.0,0,Occasional Moderate-Value Customers,0
CUST_00641,5.0,672.638,3363.19,1.25,3.3333333333333335,2.0,0.0,0,Occasional Moderate-Value Customers,0
CUST_00642,6.0,342.60999999999996,2055.66,1.2,4.25,2.0,1.0,0,Occasional Moderate-Value Customers,0
CUST_00643,3.0,730.98,2192.94,1.5,4.333333333333333,0.0,0.0,0,Occasional Moderate-Value Customers,0
CUST_00644,1.0,1446.62,1446.62,1.0,5.0,0.0,0.0,0,Occasional Moderate-Value Customers,-1
CUST_00645,6.0,531.9166666666666,3191.5,3.0,4.333333333333333,3.0,0.0,1,Frequent High-Value Customers,-1
CUST_00646,9.0,821.8466666666667,7396.62,2.25,4.0,4.0,1.0,1,Frequent High-Value Customers,0
CUST_00647,11.0,703.7163636363637,7740.88,2.75,4.3,2.0,2.0,1,Frequent High-Value Customers,0
CUST_00648,11.0,844.9627272727273,9294.59,2.2,4.285714285714286,2.0,2.0,1,Frequent High-Value Customers,0
CUST_00649,9.0,520.1411111111111,4681.2699999999995,2.25,4.0,3.0,1.0,1,Frequent High-Value Customers,0
CUST_00650,10.0,465.105,4651.05,2.5,4.166666666666667,3.0,0.0,1,Frequent High-Value Customers,0
CUST_00651,6.0,750.5083333333333,4503.05,2.0,4.5,2.0,0.0,0,Occasional Moderate-Value Customers,0
CUST_00652,8.0,613.3675000000001,4906.9400000000005,1.6,3.8333333333333335,3.0,2.0,1,Frequent High-Value Customers,0
CUST_00653,8.0,1069.75,8558.0,2.0,4.285714285714286,4.0,2.0,1,Frequent High-Value Customers,0
CUST_00654,5.0,857.3220000000001,4286.610000000001,1.25,4.5,1.0,0.0,0,Occasional Moderate-Value Customers,0
CUST_00655,6.0,496.04833333333335,2976.29,1.5,4.333333333333333,1.0,3.0,0,Occasional Moderate-Value Customers,0
CUST_00656,9.0,669.8566666666667,6028.71,1.8,4.285714285714286,5.0,1.0,1,Frequent High-Value Customers,0
CUST_00657,4.0,1008.2825,4033.13,1.3333333333333333,3.75,0.0,0.0,0,Occasional Moderate-Value Customers,0
CUST_00658,9.0,767.3411111111111,6906.07,2.25,4.0,1.0,1.0,1,Frequent High-Value Customers,0
CUST_00659,5.0,616.58,3082.9,2.5,3.8,1.0,1.0,0,Occasional Moderate-Value Customers,0
CUST_00660,6.0,1085.1899999999998,6511.139999999999,2.0,4.0,3.0,0.0,1,Frequent High-Value Customers,0
CUST_00661,4.0,881.2275,3524.91,2.0,3.6666666666666665,2.0,1.0,0,Occasional Moderate-Value Customers,0
CUST_00662,9.0,1148.7522222222224,10338.77,1.8,3.8,4.0,0.0,1,Frequent High-Value Customers,0
CUST_00663,5.0,912.384,4561.92,1.6666666666666667,5.0,3.0,1.0,0,Occasional Moderate-Value Customers,-1
CUST_00664,3.0,388.49333333333334,1165.48,1.0,4.333333333333333,0.0,1.0,0,Occasional Moderate-Value Customers,0
CUST_00665,5.0,1355.506,6777.530000000001,2.5,4.0,0.0,0.0,0,Occasional Moderate-Value Customers,0
CUST_00666,3.0,634.57,1903.71,1.0,4.0,1.0,0.0,0,Occasional Moderate-Value Customers,0
CUST_00667,4.0,540.7,2162.8,1.3333333333333333,3.5,0.0,1.0,0,Occasional Moderate-Value Customers,0
CUST_00668,11.0,486.25636363636363,5348.82,2.75,4.0,7.0,2.0,1,Frequent High-Value Customers,-1
CUST_00669,6.0,657.9533333333334,3947.7200000000003,1.5,4.5,1.0,1.0,0,Occasional Moderate-Value Customers,0
CUST_00670,4.0,722.955,2891.82,1.3333333333333333,3.5,0.0,0.0,0,Occasional Moderate-Value Customers,0
CUST_00671,6.0,537.7433333333333,3226.46,1.5,3.6666666666666665,4.0,0.0,0,Occasional Moderate-Value Customers,0
CUST_00672,9.0,593.2555555555556,5339.3,1.5,3.7142857142857144,1.0,2.0,1,Frequent High-Value Customers,0
CUST_00673,8.0,622.7275,4981.82,1.6,4.142857142857143,3.0,1.0,1,Frequent High-Value Customers,0
CUST_00674,5.0,708.008,3540.04,1.25,3.6,1.0,1.0,0,Occasional Moderate-Value Customers,0
CUST_00675,2.0,286.555,573.11,2.0,4.0,0.0,0.0,0,Occasional Moderate-Value Customers,0
CUST_00676,11.0,463.61999999999995,5099.82,2.75,4.222222222222222,4.0,1.0,1,Frequent High-Value Customers,0
CUST_00677,5.0,1450.23,7251.15,1.6666666666666667,4.333333333333333,2.0,0.0,0,Occasional Moderate-Value Customers,0
CUST_00678,8.0,597.32875,4778.63,2.0,4.5,1.0,0.0,0,Occasional Moderate-Value Customers,0
CUST_00679,13.0,737.4515384615383,9586.869999999999,2.1666666666666665,4.222222222222222,3.0,4.0,1,Frequent High-Value Customers,-1
CUST_00680,7.0,561.3014285714286,3929.11,1.4,4.0,3.0,1.0,0,Occasional Moderate-Value Customers,0
CUST_00681,5.0,469.40600000000006,2347.03,1.25,4.25,2.0,1.0,0,Occasional Moderate-Value Customers,0
CUST_00682,3.0,246.58666666666667,739.76,1.5,4.0,1.0,0.0,0,Occasional Moderate-Value Customers,0
CUST_00683,4.0,590.475,2361.9,2.0,4.333333333333333,1.0,0.0,0,Occasional Moderate-Value Customers,0
CUST_00684,6.0,590.0300000000001,3540.1800000000003,1.2,3.8,2.0,1.0,0,Occasional Moderate-Value Customers,0
CUST_00685,10.0,1000.79,10007.9,1.6666666666666667,4.25,6.0,3.0,1,Frequent High-Value Customers,-1
CUST_00686,8.0,798.74375,6389.95,2.6666666666666665,3.75,6.0,1.0,1,Frequent High-Value Customers,-1
CUST_00687,4.0,231.6825,926.73,1.3333333333333333,4.5,0.0,0.0,0,Occasional Moderate-Value Customers,0
CUST_00688,4.0,429.4325,1717.73,2.0,3.6666666666666665,2.0,1.0,0,Occasional Moderate-Value Customers,0
CUST_00689,8.0,1258.64875,10069.19,2.6666666666666665,3.5,2.0,1.0,1,Frequent High-Value Customers,-1
CUST_00690,6.0,652.2733333333333,3913.64,1.2,4.2,3.0,1.0,0,Occasional Moderate-Value Customers,0
CUST_00691,6.0,711.6199999999999,4269.719999999999,1.2,4.0,1.0,1.0,0,Occasional Moderate-Value Customers,0
CUST_00692,5.0,346.15600000000006,1730.7800000000002,1.6666666666666667,4.5,1.0,0.0,0,Occasional Moderate-Value Customers,0
CUST_00693,6.0,549.6833333333334,3298.1000000000004,1.5,4.0,4.0,3.0,1,Frequent High-Value Customers,0
CUST_00694,9.0,463.56888888888886,4172.12,3.0,3.7142857142857144,3.0,2.0,1,Frequent High-Value Customers,-1
CUST_00695,6.0,331.4866666666666,1988.9199999999998,1.5,4.6,3.0,2.0,0,Occasional Moderate-Value Customers,0
CUST_00696,8.0,403.99125,3231.93,1.3333333333333333,3.8333333333333335,1.0,1.0,0,Occasional Moderate-Value Customers,0
CUST_00697,2.0,134.91,269.82,2.0,3.0,1.0,0.0,0,Occasional Moderate-Value Customers,-1
CUST_00698,5.0,648.912,3244.56,1.25,4.5,0.0,1.0,0,Occasional Moderate-Value Customers,0
CUST_00699,9.0,399.3611111111111,3594.25,2.25,3.5,1.0,0.0,0,Occasional Moderate-Value Customers,0
CUST_00700,5.0,268.566,1342.83,1.0,4.5,2.0,1.0,0,Occasional Moderate-Value Customers,0
CUST_00701,4.0,438.02,1752.08,2.0,3.6666666666666665,1.0,1.0,0,Occasional Moderate-Value Customers,0
CUST_00702,9.0,674.0811111111111,6066.73,1.5,4.142857142857143,2.0,2.0,1,Frequent High-Value Customers,0
CUST_00703,9.0,1345.5366666666666,12109.83,1.8,3.2857142857142856,1.0,1.0,1,Frequent High-Value Customers,-1
CUST_00704,3.0,463.46999999999997,1390.4099999999999,1.5,5.0,1.0,0.0,0,Occasional Moderate-Value Customers,-1
CUST_00705,2.0,461.83,923.66,1.0,4.0,0.0,0.0,0,Occasional Moderate-Value Customers,0
CUST_00706,15.0,743.8933333333333,11158.4,3.0,3.923076923076923,5.0,1.0,1,Frequent High-Value Customers,-1
CUST_00707,3.0,260.4866666666667,781.46,1.5,3.3333333333333335,1.0,0.0,0,Occasional Moderate-Value Customers,0
CUST_00708,7.0,322.58,2258.06,1.75,3.3333333333333335,2.0,2.0,0,Occasional Moderate-Value Customers,-1
CUST_00709,8.0,719.3199999999999,5754.5599999999995,2.0,3.25,4.0,1.0,1,Frequent High-Value Customers,0
CUST_00710,6.0,488.3666666666666,2930.2,1.5,4.25,3.0,1.0,0,Occasional Moderate-Value Customers,0
CUST_00711,2.0,380.015,760.03,1.0,4.5,1.0,0.0,0,Occasional Moderate-Value Customers,0
CUST_00712,7.0,945.79,6620.53,1.75,4.0,3.0,1.0,1,Frequent High-Value Customers,0
CUST_00713,4.0,643.995,2575.98,1.3333333333333333,4.0,2.0,0.0,0,Occasional Moderate-Value Customers,0
CUST_00714,7.0,1514.7442857142858,10603.210000000001,1.75,4.2,3.0,0.0,1,Frequent High-Value Customers,0
CUST_00715,2.0,662.745,1325.49,1.0,3.5,0.0,0.0,0,Occasional Moderate-Value Customers,0
CUST_00716,8.0,701.5862500000001,5612.6900000000005,2.6666666666666665,4.0,3.0,1.0,1,Frequent High-Value Customers,0
CUST_00717,2.0,783.5999999999999,1567.1999999999998,1.0,3.5,1.0,0.0,0,Occasional Moderate-Value Customers,0
CUST_00718,8.0,1190.5925,9524.74,2.0,4.333333333333333,2.0,0.0,1,Frequent High-Value Customers,0
CUST_00719,4.0,718.8025,2875.21,1.0,4.5,0.0,1.0,0,Occasional Moderate-Value Customers,0
CUST_00720,3.0,423.58,1270.74,1.0,4.0,2.0,1.0,0,Occasional Moderate-Value Customers,0
CUST_00721,4.0,951.3375,3805.35,2.0,5.0,1.0,1.0,0,Occasional Moderate-Value Customers,-1
CUST_00722,9.0,614.7533333333333,5532.78,1.8,4.0,2.0,3.0,1,Frequent High-Value Customers,0
CUST_00723,3.0,304.9433333333333,914.8299999999999,1.0,4.666666666666667,0.0,1.0,0,Occasional Moderate-Value Customers,0
CUST_00724,7.0,673.5,4714.5,2.3333333333333335,4.333333333333333,1.0,0.0,0,Occasional Moderate-Value Customers,0
CUST_00725,6.0,706.9066666666666,4241.44,1.5,4.25,2.0,1.0,0,Occasional Moderate-Value Customers,0
CUST_00726,12.0,991.2466666666666,11894.96,4.0,3.9166666666666665,5.0,3.0,1,Frequent High-Value Customers,-1
CUST_00727,3.0,205.06000000000003,615.1800000000001,1.5,5.0,1.0,2.0,0,Occasional Moderate-Value Customers,-1
CUST_00728,3.0,547.98,1643.94,1.0,3.5,3.0,0.0,0,Occasional Moderate-Value Customers,0
CUST_00729,6.0,550.8033333333334,3304.82,1.0,4.0,1.0,0.0,0,Occasional Moderate-Value Customers,0
CUST_00730,5.0,322.902,1614.51,1.6666666666666667,3.5,1.0,0.0,0,Occasional Moderate-Value Customers,0
CUST_00731,3.0,289.9633333333333,869.89,1.5,3.6666666666666665,1.0,0.0,0,Occasional Moderate-Value Customers,0
CUST_00732,7.0,613.4,4293.8,1.1666666666666667,4.2,1.0,0.0,0,Occasional Moderate-Value Customers,0
CUST_00733,8.0,1092.29375,8738.35,2.0,3.2,1.0,0.0,1,Frequent High-Value Customers,-1
CUST_00734,4.0,483.5725,1934.29,1.3333333333333333,4.0,1.0,0.0,0,Occasional Moderate-Value Customers,0
CUST_00735,4.0,1056.425,4225.7,2.0,4.0,1.0,1.0,0,Occasional Moderate-Value Customers,0
CUST_00736,10.0,403.544,4035.44,2.0,4.142857142857143,6.0,1.0,1,Frequent High-Value Customers,-1
CUST_00737,7.0,919.0,6433.0,1.75,3.8,2.0,1.0,1,Frequent High-Value Customers,0
CUST_00738,5.0,1032.196,5160.98,1.25,3.75,1.0,1.0,0,Occasional Moderate-Value Customers,0
CUST_00739,4.0,414.2375,1656.95,2.0,3.5,2.0,0.0,0,Occasional Moderate-Value Customers,0
CUST_00740,5.0,437.564,2187.82,1.25,4.4,2.0,2.0,0,Occasional Moderate-Value Customers,0
CUST_00741,6.0,474.7483333333334,2848.4900000000002,1.2,4.2,2.0,0.0,0,Occasional Moderate-Value Customers,0
CUST_00742,9.0,441.77222222222224,3975.9500000000003,1.8,3.8,3.0,1.0,1,Frequent High-Value Customers,0
CUST_00743,8.0,623.6775,4989.42,1.6,4.0,2.0,1.0,0,Occasional Moderate-Value Customers,0
CUST_00744,6.0,1360.2016666666666,8161.21,1.5,3.8,1.0,2.0,1,Frequent High-Value Customers,-1
CUST_00745,12.0,755.8941666666666,9070.73,2.0,4.166666666666667,5.0,0.0,1,Frequent High-Value Customers,0
CUST_00746,12.0,1455.9958333333334,17471.95,2.4,4.454545454545454,4.0,0.0,1,Frequent High-Value Customers,-1
CUST_00747,6.0,1058.0466666666666,6348.28,3.0,4.166666666666667,0.0,0.0,1,Frequent High-Value Customers,-1
CUST_00748,5.0,430.71000000000004,2153.55,1.6666666666666667,3.6666666666666665,4.0,1.0,0,Occasional Moderate-Value Customers,0
CUST_00749,5.0,825.674,4128.37,1.6666666666666667,4.4,1.0,2.0,0,Occasional Moderate-Value Customers,0
CUST_00750,6.0,445.175,2671.05,1.5,4.25,2.0,0.0,0,Occasional Moderate-Value Customers,0
CUST_00751,8.0,1611.805,12894.44,2.6666666666666665,3.6666666666666665,1.0,0.0,1,Frequent High-Value Customers,-1
CUST_00752,10.0,918.7149999999999,9187.15,2.0,3.7142857142857144,2.0,0.0,1,Frequent High-Value Customers,0
CUST_00753,8.0,715.0225,5720.18,2.0,4.0,2.0,2.0,1,Frequent High-Value Customers,0
CUST_00754,1.0,206.66,206.66,1.0,4.0,0.0,0.0,0,Occasional Moderate-Value Customers,0
CUST_00755,4.0,789.075,3156.3,1.3333333333333333,4.0,2.0,0.0,0,Occasional Moderate-Value Customers,0
CUST_00756,7.0,560.7614285714286,3925.33,1.4,3.8333333333333335,2.0,0.0,0,Occasional Moderate-Value Customers,0
CUST_00757,6.0,521.735,3130.4100000000003,1.5,4.4,0.0,1.0,0,Occasional Moderate-Value Customers,0
CUST_00758,9.0,828.8588888888889,7459.7300000000005,1.5,3.857142857142857,1.0,0.0,0,Occasional Moderate-Value Customers,0
CUST_00759,7.0,1445.3528571428574,10117.470000000001,1.4,3.8333333333333335,3.0,0.0,1,Frequent High-Value Customers,0
CUST_00760,6.0,601.9133333333334,3611.4800000000005,1.5,4.2,2.0,1.0,0,Occasional Moderate-Value Customers,0
CUST_00761,3.0,898.8100000000001,2696.4300000000003,1.5,4.5,2.0,0.0,0,Occasional Moderate-Value Customers,0
CUST_00762,9.0,1053.9677777777779,9485.710000000001,1.8,4.285714285714286,2.0,0.0,1,Frequent High-Value Customers,0
CUST_00763,8.0,1131.4550000000002,9051.640000000001,1.6,4.333333333333333,4.0,2.0,1,Frequent High-Value Customers,0
CUST_00764,11.0,1001.9227272727272,11021.15,1.8333333333333333,4.25,2.0,1.0,1,Frequent High-Value Customers,0
CUST_00765,3.0,1474.4399999999998,4423.32,3.0,4.0,1.0,0.0,0,Occasional Moderate-Value Customers,-1
CUST_00766,4.0,675.2249999999999,2700.8999999999996,1.0,3.6666666666666665,1.0,0.0,0,Occasional Moderate-Value Customers,0
CUST_00767,4.0,671.3774999999999,2685.5099999999998,1.0,3.5,0.0,0.0,0,Occasional Moderate-Value Customers,0
CUST_00768,12.0,878.2416666666667,10538.9,3.0,3.6666666666666665,7.0,2.0,1,Frequent High-Value Customers,-1
CUST_00769,8.0,868.24625,6945.97,2.0,4.166666666666667,3.0,0.0,1,Frequent High-Value Customers,0
CUST_00770,7.0,1060.3257142857142,7422.28,1.75,4.0,0.0,0.0,0,Occasional Moderate-Value Customers,0
CUST_00771,4.0,423.0725,1692.29,1.3333333333333333,4.0,3.0,1.0,0,Occasional Moderate-Value Customers,0
CUST_00772,9.0,792.3555555555555,7131.2,1.8,3.875,1.0,1.0,1,Frequent High-Value Customers,0
CUST_00773,4.0,1406.12,5624.48,1.3333333333333333,4.5,1.0,1.0,0,Occasional Moderate-Value Customers,0
CUST_00774,6.0,717.1083333333335,4302.650000000001,2.0,4.333333333333333,1.0,1.0,0,Occasional Moderate-Value Customers,0
CUST_00775,6.0,505.205,3031.23,2.0,4.0,0.0,2.0,0,Occasional Moderate-Value Customers,0
CUST_00776,5.0,1392.674,6963.37,1.25,4.0,3.0,2.0,1,Frequent High-Value Customers,-1
CUST_00777,4.0,507.4625,2029.85,2.0,4.25,0.0,0.0,0,Occasional Moderate-Value Customers,0
CUST_00778,5.0,280.922,1404.6100000000001,1.6666666666666667,4.051247275223099,0.0,1.0,0,Occasional Moderate-Value Customers,0
CUST_00779,6.0,597.92,3587.52,1.5,4.333333333333333,1.0,1.0,0,Occasional Moderate-Value Customers,0
CUST_00780,10.0,519.918,5199.18,2.0,4.444444444444445,3.0,3.0,1,Frequent High-Value Customers,-1
CUST_00781,8.0,762.84875,6102.79,1.6,3.857142857142857,3.0,2.0,1,Frequent High-Value Customers,0
CUST_00782,1.0,772.27,772.27,1.0,5.0,0.0,0.0,0,Occasional Moderate-Value Customers,1
CUST_00783,6.0,642.34,3854.04,1.5,4.0,4.0,0.0,0,Occasional Moderate-Value Customers,0
CUST_00784,1.0,2466.51,2466.51,1.0,4.0,0.0,0.0,0,Occasional Moderate-Value Customers,-1
CUST_00785,6.0,383.5166666666667,2301.1000000000004,1.5,4.2,3.0,0.0,0,Occasional Moderate-Value Customers,0
CUST_00786,10.0,907.2450000000001,9072.45,2.0,3.888888888888889,4.0,1.0,1,Frequent High-Value Customers,0
CUST_00787,8.0,851.705,6813.64,2.0,4.666666666666667,2.0,1.0,1,Frequent High-Value Customers,0
CUST_00788,6.0,1116.2716666666668,6697.63,2.0,4.0,1.0,2.0,1,Frequent High-Value Customers,0
CUST_00789,7.0,818.3028571428571,5728.12,1.75,4.5,3.0,0.0,0,Occasional Moderate-Value Customers,0
CUST_00790,10.0,824.631,8246.31,1.6666666666666667,3.857142857142857,4.0,1.0,1,Frequent High-Value Customers,0
CUST_00791,7.0,1120.27,7841.889999999999,1.4,3.8333333333333335,2.0,4.0,1,Frequent High-Value Customers,-1
CUST_00792,11.0,808.37,8892.07,2.75,4.25,2.0,1.0,1,Frequent High-Value Customers,0
CUST_00793,4.0,320.9575,1283.83,1.3333333333333333,3.75,3.0,0.0,0,Occasional Moderate-Value Customers,0
CUST_00794,12.0,777.2516666666667,9327.02,3.0,4.285714285714286,4.0,1.0,1,Frequent High-Value Customers,-1
CUST_00795,4.0,1370.8425,5483.37,1.0,4.0,2.0,1.0,0,Occasional Moderate-Value Customers,0
CUST_00796,11.0,767.3127272727273,8440.44,2.2,4.111111111111111,1.0,3.0,1,Frequent High-Value Customers,0
CUST_00797,7.0,379.7,2657.9,1.75,4.0,1.0,2.0,0,Occasional Moderate-Value Customers,0
CUST_00798,12.0,739.5724999999999,8874.869999999999,2.4,4.0,4.0,3.0,1,Frequent High-Value Customers,-1
CUST_00799,5.0,722.494,3612.4700000000003,1.6666666666666667,3.75,1.0,1.0,0,Occasional Moderate-Value Customers,0
CUST_00800,11.0,902.0018181818182,9922.02,2.2,4.285714285714286,2.0,2.0,1,Frequent High-Value Customers,0
CUST_00801,5.0,852.3880000000001,4261.9400000000005,1.6666666666666667,4.25,1.0,0.0,0,Occasional Moderate-Value Customers,0
CUST_00802,4.0,625.81,2503.24,1.0,3.6666666666666665,0.0,1.0,0,Occasional Moderate-Value Customers,0
CUST_00803,8.0,720.42,5763.36,1.6,4.333333333333333,2.0,2.0,1,Frequent High-Value Customers,0
CUST_00804,4.0,1118.285,4473.14,1.3333333333333333,4.0,1.0,0.0,0,Occasional Moderate-Value Customers,0
CUST_00805,1.0,162.44,162.44,1.0,4.0,1.0,0.0,0,Occasional Moderate-Value Customers,0
CUST_00806,7.0,803.78,5626.46,2.3333333333333335,4.75,1.0,0.0,0,Occasional Moderate-Value Customers,-1
CUST_00807,6.0,458.5083333333334,2751.05,1.5,4.5,3.0,1.0,0,Occasional Moderate-Value Customers,0
CUST_00808,12.0,1860.4716666666666,22325.66,2.4,4.3,3.0,2.0,1,Frequent High-Value Customers,-1
CUST_00809,10.0,911.6709999999999,9116.71,2.5,4.428571428571429,1.0,1.0,1,Frequent High-Value Customers,0
CUST_00810,4.0,727.325,2909.3,1.3333333333333333,3.5,1.0,1.0,0,Occasional Moderate-Value Customers,0
CUST_00811,10.0,480.802,4808.02,1.6666666666666667,4.0,1.0,0.0,0,Occasional Moderate-Value Customers,0
CUST_00812,7.0,965.1414285714285,6755.99,1.75,3.8,2.0,2.0,1,Frequent High-Value Customers,0
CUST_00813,8.0,407.00874999999996,3256.0699999999997,2.0,4.428571428571429,2.0,2.0,1,Frequent High-Value Customers,0
CUST_00814,4.0,666.3075,2665.23,1.3333333333333333,4.5,0.0,0.0,0,Occasional Moderate-Value Customers,0
CUST_00815,7.0,947.7700000000001,6634.39,1.1666666666666667,4.166666666666667,1.0,2.0,0,Occasional Moderate-Value Customers,0
CUST_00816,12.0,667.3908333333334,8008.6900000000005,2.4,3.7777777777777777,1.0,1.0,1,Frequent High-Value Customers,0
CUST_00817,7.0,1685.2714285714285,11796.9,1.75,4.0,2.0,2.0,1,Frequent High-Value Customers,-1
CUST_00818,2.0,1427.355,2854.71,1.0,5.0,1.0,0.0,0,Occasional Moderate-Value Customers,-1
CUST_00819,5.0,489.89399999999995,2449.47,1.25,3.75,2.0,0.0,0,Occasional Moderate-Value Customers,0
CUST_00820,6.0,744.0883333333335,4464.530000000001,3.0,4.25,1.0,3.0,1,Frequent High-Value Customers,-1
CUST_00821,8.0,460.38625,3683.09,2.0,4.25,1.0,3.0,1,Frequent High-Value Customers,0
CUST_00822,9.0,626.6477777777777,5639.83,1.8,4.2,1.0,1.0,1,Frequent High-Value Customers,0
CUST_00823,4.0,1077.42,4309.68,1.3333333333333333,5.0,2.0,0.0,0,Occasional Moderate-Value Customers,0
CUST_00824,3.0,1363.2633333333333,4089.79,1.5,4.5,0.0,0.0,0,Occasional Moderate-Value Customers,0
CUST_00825,4.0,634.325,2537.3,1.3333333333333333,4.0,1.0,0.0,0,Occasional Moderate-Value Customers,0
CUST_00826,7.0,1032.9914285714285,7230.94,1.75,3.7142857142857144,1.0,0.0,0,Occasional Moderate-Value Customers,0
CUST_00827,5.0,406.732,2033.66,1.25,3.75,1.0,0.0,0,Occasional Moderate-Value Customers,0
CUST_00828,2.0,550.73,1101.46,1.0,4.0,1.0,0.0,0,Occasional Moderate-Value Customers,0
CUST_00829,8.0,922.5925,7380.74,1.6,4.142857142857143,4.0,1.0,1,Frequent High-Value Customers,0
CUST_00830,8.0,476.20625,3809.65,1.6,4.5,3.0,2.0,1,Frequent High-Value Customers,0
CUST_00831,5.0,761.222,3806.11,1.6666666666666667,4.0,4.0,0.0,0,Occasional Moderate-Value Customers,0
CUST_00832,8.0,410.15625,3281.25,1.6,3.8,3.0,1.0,0,Occasional Moderate-Value Customers,0
CUST_00833,10.0,394.87399999999997,3948.74,2.0,3.875,4.0,1.0,1,Frequent High-Value Customers,0
CUST_00834,4.0,258.915,1035.66,4.0,4.0,3.0,0.0,1,Frequent High-Value Customers,-1
CUST_00835,5.0,1186.01,5930.05,1.6666666666666667,4.4,1.0,0.0,0,Occasional Moderate-Value Customers,0
CUST_00836,5.0,569.754,2848.77,1.25,4.4,3.0,1.0,0,Occasional Moderate-Value Customers,0
CUST_00837,8.0,354.125,2833.0,1.6,3.8333333333333335,4.0,1.0,0,Occasional Moderate-Value Customers,0
CUST_00838,9.0,610.2666666666667,5492.4,3.0,4.285714285714286,1.0,1.0,1,Frequent High-Value Customers,-1
CUST_00839,4.0,1306.8075000000001,5227.2300000000005,2.0,4.0,1.0,1.0,0,Occasional Moderate-Value Customers,0
CUST_00840,9.0,720.3433333333334,6483.09,2.25,3.875,1.0,1.0,1,Frequent High-Value Customers,0
CUST_00841,2.0,424.46500000000003,848.9300000000001,1.0,3.5,1.0,1.0,0,Occasional Moderate-Value Customers,0
CUST_00842,7.0,762.0985714285715,5334.6900000000005,2.3333333333333335,4.285714285714286,2.0,1.0,1,Frequent High-Value Customers,0
CUST_00843,6.0,559.3833333333333,3356.3,3.0,4.2,4.0,1.0,1,Frequent High-Value Customers,-1
CUST_00844,12.0,1274.0775,15288.93,3.0,4.0,0.0,0.0,1,Frequent High-Value Customers,-1
CUST_00845,9.0,525.8544444444444,4732.69,3.0,4.6,5.0,1.0,1,Frequent High-Value Customers,-1
CUST_00846,8.0,1499.96,11999.68,2.6666666666666665,3.5,2.0,1.0,1,Frequent High-Value Customers,-1
CUST_00847,3.0,344.53,1033.59,1.5,4.0,1.0,0.0,0,Occasional Moderate-Value Customers,0
CUST_00848,9.0,1153.9888888888888,10385.9,1.5,3.857142857142857,2.0,0.0,1,Frequent High-Value Customers,0
CUST_00849,5.0,856.016,4280.08,1.25,4.2,2.0,0.0,0,Occasional Moderate-Value Customers,0
CUST_00850,9.0,486.5222222222222,4378.7,2.25,4.333333333333333,3.0,0.0,1,Frequent High-Value Customers,0
CUST_00851,9.0,481.06888888888886,4329.62,1.8,4.285714285714286,3.0,2.0,1,Frequent High-Value Customers,0
CUST_00852,8.0,783.3475000000001,6266.780000000001,2.0,4.6,3.0,0.0,1,Frequent High-Value Customers,0
CUST_00853,7.0,898.6357142857144,6290.450000000001,1.75,4.0,3.0,2.0,1,Frequent High-Value Customers,0
CUST_00854,11.0,654.2781818181818,7197.0599999999995,1.8333333333333333,4.25,2.0,3.0,1,Frequent High-Value Customers,-1
CUST_00855,4.0,380.49,1521.96,1.3333333333333333,3.6666666666666665,3.0,1.0,0,Occasional Moderate-Value Customers,0
CUST_00856,2.0,731.345,1462.69,1.0,4.051247275223099,1.0,1.0,0,Occasional Moderate-Value Customers,0
CUST_00857,8.0,565.55625,4524.45,2.0,3.857142857142857,2.0,2.0,1,Frequent High-Value Customers,0
CUST_00858,12.0,364.3625,4372.35,2.0,4.2,5.0,1.0,1,Frequent High-Value Customers,-1
CUST_00859,9.0,689.0533333333333,6201.48,2.25,4.5,2.0,3.0,1,Frequent High-Value Customers,-1
CUST_00860,9.0,614.1966666666667,5527.77,2.25,4.142857142857143,1.0,1.0,1,Frequent High-Value Customers,0
CUST_00861,8.0,805.2925,6442.34,4.0,3.7142857142857144,0.0,0.0,1,Frequent High-Value Customers,-1
CUST_00862,11.0,603.1527272727272,6634.68,1.8333333333333333,4.2,7.0,2.0,1,Frequent High-Value Customers,-1
CUST_00863,10.0,366.30699999999996,3663.0699999999997,2.5,3.75,4.0,1.0,1,Frequent High-Value Customers,0
CUST_00864,5.0,1150.6799999999998,5753.4,1.6666666666666667,4.0,2.0,1.0,0,Occasional Moderate-Value Customers,0
CUST_00865,4.0,831.2675,3325.07,2.0,4.0,2.0,0.0,0,Occasional Moderate-Value Customers,0
CUST_00866,11.0,723.2818181818183,7956.1,1.8333333333333333,4.0,4.0,1.0,1,Frequent High-Value Customers,0
CUST_00867,6.0,582.4483333333334,3494.69,1.5,3.6,0.0,2.0,0,Occasional Moderate-Value Customers,0
CUST_00868,4.0,601.3925,2405.57,1.3333333333333333,4.333333333333333,1.0,1.0,0,Occasional Moderate-Value Customers,0
CUST_00869,6.0,1708.0183333333334,10248.11,1.5,3.5,2.0,0.0,1,Frequent High-Value Customers,-1
CUST_00870,12.0,519.5416666666666,6234.5,2.0,4.0,6.0,0.0,1,Frequent High-Value Customers,-1
CUST_00871,6.0,509.8433333333333,3059.06,1.5,4.0,2.0,3.0,0,Occasional Moderate-Value Customers,0
CUST_00872,7.0,309.6857142857143,2167.8,1.4,4.2,1.0,1.0,0,Occasional Moderate-Value Customers,0
CUST_00873,6.0,271.2,1627.2,1.5,3.8,0.0,1.0,0,Occasional Moderate-Value Customers,0
CUST_00874,6.0,631.9533333333334,3791.7200000000003,6.0,3.8333333333333335,3.0,3.0,1,Frequent High-Value Customers,-1
CUST_00875,2.0,260.84499999999997,521.6899999999999,1.0,3.0,0.0,2.0,0,Occasional Moderate-Value Customers,-1
CUST_00876,3.0,393.2166666666667,1179.65,1.5,4.0,1.0,1.0,0,Occasional Moderate-Value Customers,0
CUST_00877,12.0,607.1308333333334,7285.570000000001,2.0,4.333333333333333,2.0,1.0,1,Frequent High-Value Customers,0
CUST_00878,10.0,612.077,6120.7699999999995,2.5,3.5714285714285716,4.0,1.0,1,Frequent High-Value Customers,0
CUST_00879,2.0,2492.825,4985.65,1.0,3.5,0.0,1.0,0,Occasional Moderate-Value Customers,-1
CUST_00880,7.0,858.1285714285715,6006.900000000001,1.75,4.0,1.0,1.0,0,Occasional Moderate-Value Customers,0
CUST_00881,9.0,378.65777777777777,3407.92,1.5,3.875,0.0,0.0,0,Occasional Moderate-Value Customers,0
CUST_00882,3.0,1896.6866666666665,5690.0599999999995,1.0,4.333333333333333,0.0,0.0,0,Occasional Moderate-Value Customers,-1
CUST_00883,5.0,793.5200000000001,3967.6000000000004,1.25,4.0,1.0,1.0,0,Occasional Moderate-Value Customers,0
CUST_00884,6.0,431.1016666666667,2586.61,1.5,3.8333333333333335,0.0,0.0,0,Occasional Moderate-Value Customers,0
CUST_00885,10.0,468.21400000000006,4682.14,2.5,4.125,5.0,0.0,1,Frequent High-Value Customers,0
CUST_00886,2.0,688.665,1377.33,1.0,3.5,1.0,0.0,0,Occasional Moderate-Value Customers,0
CUST_00887,9.0,633.4011111111112,5700.610000000001,2.25,4.333333333333333,2.0,1.0,1,Frequent High-Value Customers,0
CUST_00888,7.0,1291.5285714285715,9040.7,1.4,4.166666666666667,2.0,0.0,1,Frequent High-Value Customers,0
CUST_00889,5.0,339.278,1696.39,1.6666666666666667,3.8,0.0,1.0,0,Occasional Moderate-Value Customers,0
CUST_00890,6.0,923.6216666666668,5541.7300000000005,1.2,3.8,0.0,2.0,0,Occasional Moderate-Value Customers,0
CUST_00891,8.0,1265.4325000000001,10123.460000000001,1.6,3.857142857142857,1.0,3.0,1,Frequent High-Value Customers,-1
CUST_00892,5.0,706.258,3531.29,1.6666666666666667,4.6,0.0,0.0,0,Occasional Moderate-Value Customers,0
CUST_00893,7.0,1716.2114285714285,12013.48,2.3333333333333335,4.666666666666667,2.0,0.0,1,Frequent High-Value Customers,-1
CUST_00894,5.0,352.68,1763.4,1.0,3.5,1.0,1.0,0,Occasional Moderate-Value Customers,0
CUST_00895,11.0,889.6881818181818,9786.57,2.2,4.1,4.0,2.0,1,Frequent High-Value Customers,0
CUST_00896,8.0,1050.7075,8405.66,2.0,4.0,5.0,1.0,1,Frequent High-Value Customers,0
CUST_00897,8.0,798.375,6387.0,2.0,4.142857142857143,5.0,1.0,1,Frequent High-Value Customers,0
CUST_00898,9.0,530.5555555555555,4775.0,1.8,3.6666666666666665,2.0,1.0,1,Frequent High-Value Customers,0
CUST_00899,6.0,563.0466666666666,3378.2799999999997,1.5,4.0,2.0,2.0,0,Occasional Moderate-Value Customers,0
CUST_00900,6.0,436.40166666666664,2618.41,2.0,4.333333333333333,1.0,0.0,0,Occasional Moderate-Value Customers,0
CUST_00901,3.0,833.2066666666666,2499.62,1.0,3.6666666666666665,0.0,1.0,0,Occasional Moderate-Value Customers,0
CUST_00902,8.0,757.6962500000001,6061.570000000001,2.0,3.5,2.0,1.0,1,Frequent High-Value Customers,0
CUST_00903,6.0,443.97166666666664,2663.83,1.5,4.0,0.0,1.0,0,Occasional Moderate-Value Customers,0
CUST_00904,6.0,1402.7483333333332,8416.49,1.5,3.6666666666666665,2.0,2.0,1,Frequent High-Value Customers,-1
CUST_00905,5.0,1762.654,8813.27,1.25,4.0,2.0,1.0,1,Frequent High-Value Customers,2
CUST_00906,9.0,1170.2744444444445,10532.470000000001,4.5,4.125,1.0,0.0,1,Frequent High-Value Customers,-1
CUST_00907,7.0,329.7285714285714,2308.1,1.75,4.0,2.0,1.0,0,Occasional Moderate-Value Customers,0
CUST_00908,8.0,372.99125000000004,2983.9300000000003,2.0,3.3333333333333335,1.0,0.0,0,Occasional Moderate-Value Customers,-1
CUST_00909,3.0,627.4699999999999,1882.4099999999999,1.5,4.5,0.0,0.0,0,Occasional Moderate-Value Customers,0
CUST_00910,7.0,616.9828571428571,4318.88,1.75,4.0,1.0,1.0,0,Occasional Moderate-Value Customers,0
CUST_00911,3.0,535.02,1605.06,1.0,4.051247275223099,1.0,2.0,0,Occasional Moderate-Value Customers,-1
CUST_00912,4.0,577.5,2310.0,1.3333333333333333,3.5,1.0,0.0,0,Occasional Moderate-Value Customers,0
CUST_00913,6.0,484.325,2905.95,2.0,4.0,4.0,1.0,0,Occasional Moderate-Value Customers,0
CUST_00914,6.0,376.5683333333333,2259.41,1.5,4.0,0.0,0.0,0,Occasional Moderate-Value Customers,0
CUST_00915,4.0,930.8325,3723.33,1.3333333333333333,4.666666666666667,2.0,0.0,0,Occasional Moderate-Value Customers,0
CUST_00916,3.0,517.0566666666667,1551.17,1.5,4.0,2.0,1.0,0,Occasional Moderate-Value Customers,0
CUST_00917,8.0,559.26625,4474.13,1.6,3.7142857142857144,3.0,0.0,0,Occasional Moderate-Value Customers,0
CUST_00918,8.0,895.8125,7166.5,2.0,4.25,2.0,1.0,1,Frequent High-Value Customers,0
CUST_00919,3.0,1901.0,5703.0,1.5,5.0,1.0,0.0,0,Occasional Moderate-Value Customers,-1
CUST_00920,7.0,850.8971428571429,5956.28,2.3333333333333335,3.75,2.0,1.0,1,Frequent High-Value Customers,0
CUST_00921,8.0,623.31625,4986.53,1.6,3.75,4.0,1.0,1,Frequent High-Value Customers,0
CUST_00922,4.0,430.825,1723.3,1.3333333333333333,4.333333333333333,1.0,1.0,0,Occasional Moderate-Value Customers,0
CUST_00923,6.0,819.4833333333332,4916.9,1.5,4.2,1.0,0.0,0,Occasional Moderate-Value Customers,0
CUST_00924,6.0,847.0383333333333,5082.23,2.0,4.0,1.0,1.0,0,Occasional Moderate-Value Customers,0
CUST_00925,3.0,1132.5133333333333,3397.54,1.0,4.0,1.0,0.0,0,Occasional Moderate-Value Customers,0
CUST_00926,4.0,206.135,824.54,2.0,4.333333333333333,0.0,0.0,0,Occasional Moderate-Value Customers,0
CUST_00927,7.0,519.8028571428571,3638.62,1.4,4.142857142857143,3.0,1.0,0,Occasional Moderate-Value Customers,0
CUST_00928,9.0,546.4511111111111,4918.06,4.5,4.0,4.0,0.0,1,Frequent High-Value Customers,-1
CUST_00929,8.0,987.34375,7898.75,2.0,4.0,5.0,3.0,1,Frequent High-Value Customers,-1
CUST_00930,10.0,613.0699999999999,6130.7,2.5,4.285714285714286,3.0,2.0,1,Frequent High-Value Customers,0
CUST_00931,3.0,885.1966666666667,2655.59,1.0,3.6666666666666665,0.0,0.0,0,Occasional Moderate-Value Customers,0
CUST_00932,9.0,467.81111111111113,4210.3,2.25,3.6666666666666665,2.0,4.0,1,Frequent High-Value Customers,-1
CUST_00933,6.0,541.045,3246.27,1.5,3.8,2.0,2.0,0,Occasional Moderate-Value Customers,0
CUST_00934,10.0,460.849,4608.49,2.0,4.125,4.0,0.0,1,Frequent High-Value Customers,0
CUST_00935,5.0,625.264,3126.32,1.6666666666666667,3.75,1.0,2.0,0,Occasional Moderate-Value Customers,0
CUST_00936,4.0,905.4325,3621.73,2.0,3.6666666666666665,1.0,2.0,0,Occasional Moderate-Value Customers,0
CUST_00937,8.0,952.96125,7623.69,2.0,4.125,3.0,0.0,1,Frequent High-Value Customers,0
CUST_00938,9.0,651.2855555555556,5861.57,1.8,4.5,1.0,0.0,0,Occasional Moderate-Value Customers,0
CUST_00939,6.0,874.2466666666666,5245.48,1.2,4.0,2.0,1.0,0,Occasional Moderate-Value Customers,0
CUST_00940,4.0,332.87,1331.48,1.0,3.25,2.0,1.0,0,Occasional Moderate-Value Customers,0
CUST_00941,0.0,0.0,0.0,0.0,4.051247275223098,0.0,0.0,0,Occasional Moderate-Value Customers,-1
CUST_00942,4.0,365.8225,1463.29,1.3333333333333333,3.6666666666666665,4.0,0.0,0,Occasional Moderate-Value Customers,0
CUST_00943,12.0,691.3533333333334,8296.24,3.0,4.181818181818182,2.0,0.0,1,Frequent High-Value Customers,-1
CUST_00944,11.0,759.6227272727273,8355.85,1.8333333333333333,4.0,4.0,4.0,1,Frequent High-Value Customers,-1
CUST_00945,8.0,625.62,5004.96,1.6,4.666666666666667,0.0,1.0,0,Occasional Moderate-Value Customers,0
CUST_00946,4.0,519.9649999999999,2079.8599999999997,1.0,3.6666666666666665,0.0,1.0,0,Occasional Moderate-Value Customers,0
CUST_00947,3.0,411.0333333333333,1233.1,1.0,4.5,1.0,0.0,0,Occasional Moderate-Value Customers,0
CUST_00948,11.0,1202.2336363636364,13224.57,1.8333333333333333,4.111111111111111,2.0,1.0,1,Frequent High-Value Customers,-1
CUST_00949,7.0,459.1771428571428,3214.24,1.4,4.5,2.0,0.0,0,Occasional Moderate-Value Customers,0
CUST_00950,5.0,1907.6979999999999,9538.49,1.25,3.8,1.0,0.0,0,Occasional Moderate-Value Customers,-1
CUST_00951,6.0,818.505,4911.03,1.5,4.333333333333333,0.0,0.0,0,Occasional Moderate-Value Customers,0
CUST_00952,8.0,517.81375,4142.51,1.6,3.8333333333333335,2.0,0.0,0,Occasional Moderate-Value Customers,0
CUST_00953,6.0,645.4183333333334,3872.51,1.5,3.8333333333333335,1.0,0.0,0,Occasional Moderate-Value Customers,0
CUST_00954,11.0,643.0227272727273,7073.25,2.2,4.2,5.0,2.0,1,Frequent High-Value Customers,-1
CUST_00955,7.0,1185.2957142857142,8297.07,2.3333333333333335,4.2,2.0,1.0,1,Frequent High-Value Customers,0
CUST_00956,8.0,380.99375,3047.95,2.0,4.285714285714286,1.0,1.0,0,Occasional Moderate-Value Customers,0
CUST_00957,8.0,593.46625,4747.73,1.6,4.0,1.0,4.0,1,Frequent High-Value Customers,0
CUST_00958,2.0,503.88,1007.76,1.0,4.5,0.0,0.0,0,Occasional Moderate-Value Customers,0
CUST_00959,6.0,692.8683333333333,4157.21,1.2,4.5,1.0,1.0,0,Occasional Moderate-Value Customers,0
CUST_00960,5.0,713.98,3569.9,1.25,4.5,1.0,0.0,0,Occasional Moderate-Value Customers,0
CUST_00961,2.0,506.44,1012.88,2.0,3.5,1.0,0.0,0,Occasional Moderate-Value Customers,0
CUST_00962,6.0,1242.2949999999998,7453.7699999999995,1.5,5.0,1.0,1.0,0,Occasional Moderate-Value Customers,-1
CUST_00963,8.0,361.91125,2895.29,1.6,4.333333333333333,3.0,2.0,1,Frequent High-Value Customers,0
CUST_00964,6.0,418.01500000000004,2508.09,1.5,3.5,2.0,0.0,0,Occasional Moderate-Value Customers,0
CUST_00965,9.0,808.5722222222222,7277.15,2.25,4.5,3.0,0.0,1,Frequent High-Value Customers,0
CUST_00966,4.0,275.5225,1102.09,1.0,4.5,2.0,0.0,0,Occasional Moderate-Value Customers,0
CUST_00967,7.0,1138.48,7969.360000000001,1.75,4.333333333333333,3.0,0.0,1,Frequent High-Value Customers,0
CUST_00968,5.0,1869.8380000000002,9349.19,1.6666666666666667,4.4,0.0,0.0,0,Occasional Moderate-Value Customers,-1
CUST_00969,5.0,916.9620000000001,4584.81,1.25,4.333333333333333,2.0,1.0,0,Occasional Moderate-Value Customers,0
CUST_00970,5.0,881.7699999999999,4408.849999999999,1.25,4.0,2.0,0.0,0,Occasional Moderate-Value Customers,0
CUST_00971,6.0,1644.3116666666665,9865.869999999999,1.5,3.8,3.0,0.0,1,Frequent High-Value Customers,0
CUST_00972,5.0,1017.0799999999999,5085.4,1.6666666666666667,4.0,2.0,2.0,0,Occasional Moderate-Value Customers,0
CUST_00973,10.0,1094.741,10947.41,3.3333333333333335,3.75,1.0,0.0,1,Frequent High-Value Customers,-1
CUST_00974,8.0,691.38,5531.04,1.6,4.333333333333333,2.0,1.0,1,Frequent High-Value Customers,0
CUST_00975,5.0,316.556,1582.78,1.25,4.6,0.0,1.0,0,Occasional Moderate-Value Customers,0
CUST_00976,3.0,699.73,2099.19,1.5,4.0,0.0,0.0,0,Occasional Moderate-Value Customers,0
CUST_00977,11.0,997.8263636363637,10976.09,2.2,3.875,2.0,3.0,1,Frequent High-Value Customers,-1
CUST_00978,6.0,801.395,4808.37,1.5,4.6,0.0,0.0,0,Occasional Moderate-Value Customers,0
CUST_00979,5.0,602.712,3013.56,1.25,3.75,2.0,0.0,0,Occasional Moderate-Value Customers,0
CUST_00980,5.0,984.4440000000001,4922.22,1.25,4.666666666666667,2.0,1.0,0,Occasional Moderate-Value Customers,0
CUST_00981,5.0,437.64,2188.2,1.25,4.25,1.0,1.0,0,Occasional Moderate-Value Customers,0
CUST_00982,10.0,633.874,6338.74,2.0,4.142857142857143,1.0,1.0,1,Frequent High-Value Customers,0
CUST_00983,5.0,641.48,3207.4,1.25,4.0,1.0,0.0,0,Occasional Moderate-Value Customers,0
CUST_00984,11.0,384.11,4225.21,1.8333333333333333,3.7142857142857144,3.0,3.0,1,Frequent High-Value Customers,-1
CUST_00985,6.0,614.225,3685.35,2.0,4.5,1.0,2.0,0,Occasional Moderate-Value Customers,0
CUST_00986,8.0,671.71375,5373.71,2.0,4.4,3.0,1.0,1,Frequent High-Value Customers,0
CUST_00987,9.0,1116.818888888889,10051.37,1.8,4.0,2.0,1.0,1,Frequent High-Value Customers,0
CUST_00988,5.0,379.63199999999995,1898.1599999999999,1.25,4.4,2.0,0.0,0,Occasional Moderate-Value Customers,0
CUST_00989,5.0,896.164,4480.82,1.25,4.25,3.0,0.0,0,Occasional Moderate-Value Customers,0
CUST_00990,7.0,487.8342857142857,3414.84,1.75,4.0,2.0,1.0,0,Occasional Moderate-Value Customers,0
CUST_00991,6.0,503.855,3023.13,3.0,4.0,0.0,1.0,0,Occasional Moderate-Value Customers,-1
CUST_00992,12.0,725.6016666666666,8707.22,2.0,4.363636363636363,6.0,2.0,1,Frequent High-Value Customers,-1
CUST_00993,5.0,249.83800000000002,1249.19,1.6666666666666667,4.0,2.0,0.0,0,Occasional Moderate-Value Customers,0
CUST_00994,5.0,1079.804,5399.02,1.25,4.25,2.0,0.0,0,Occasional Moderate-Value Customers,0
CUST_00995,7.0,599.0142857142857,4193.1,1.75,4.0,4.0,1.0,1,Frequent High-Value Customers,0
CUST_00996,5.0,403.324,2016.6200000000001,1.6666666666666667,4.6,2.0,1.0,0,Occasional Moderate-Value Customers,0
CUST_00997,10.0,1001.4119999999999,10014.119999999999,2.0,4.125,6.0,2.0,1,Frequent High-Value Customers,-1
CUST_00998,9.0,656.1933333333333,5905.74,2.25,4.0,4.0,2.0,1,Frequent High-Value Customers,0
CUST_00999,8.0,1008.82375,8070.59,2.0,4.0,3.0,1.0,1,Frequent High-Value Customers,0
CUST_01000,4.0,838.4300000000001,3353.7200000000003,1.3333333333333333,4.0,2.0,1.0,0,Occasional Moderate-Value Customers,0
CUST_01001,5.0,425.79800000000006,2128.9900000000002,1.6666666666666667,4.333333333333333,1.0,1.0,0,Occasional Moderate-Value Customers,0
CUST_01002,3.0,1212.2166666666665,3636.6499999999996,1.0,4.333333333333333,0.0,0.0,0,Occasional Moderate-Value Customers,0
CUST_01003,7.0,1432.337142857143,10026.36,1.75,4.2,3.0,0.0,1,Frequent High-Value Customers,0
CUST_01004,2.0,512.85,1025.7,1.0,3.5,1.0,0.0,0,Occasional Moderate-Value Customers,0
CUST_01005,12.0,957.7808333333332,11493.369999999999,3.0,4.3,3.0,3.0,1,Frequent High-Value Customers,-1
CUST_01006,8.0,1528.09375,12224.75,2.0,4.2,2.0,1.0,1,Frequent High-Value Customers,-1
CUST_01007,8.0,922.455,7379.64,1.6,4.2,2.0,1.0,1,Frequent High-Value Customers,0
CUST_01008,9.0,772.3266666666667,6950.9400000000005,1.8,4.0,3.0,4.0,1,Frequent High-Value Customers,-1
CUST_01009,6.0,557.8983333333333,3347.39,2.0,3.8,3.0,1.0,0,Occasional Moderate-Value Customers,0
CUST_01010,4.0,219.095,876.38,1.3333333333333333,4.666666666666667,0.0,1.0,0,Occasional Moderate-Value Customers,0
CUST_01011,10.0,536.9730000000001,5369.7300000000005,2.0,4.142857142857143,5.0,0.0,1,Frequent High-Value Customers,0
CUST_01012,7.0,620.2514285714286,4341.76,3.5,3.857142857142857,2.0,0.0,1,Frequent High-Value Customers,-1
CUST_01013,12.0,744.3425000000001,8932.11,2.4,4.285714285714286,3.0,1.0,1,Frequent High-Value Customers,0
CUST_01014,3.0,875.84,2627.52,1.0,4.051247275223099,0.0,0.0,0,Occasional Moderate-Value Customers,0
CUST_01015,8.0,721.47875,5771.83,1.6,4.0,4.0,0.0,1,Frequent High-Value Customers,0
CUST_01016,15.0,723.0266666666666,10845.4,3.0,4.0,4.0,2.0,1,Frequent High-Value Customers,-1
CUST_01017,5.0,886.25,4431.25,1.6666666666666667,4.333333333333333,3.0,0.0,0,Occasional Moderate-Value Customers,0
CUST_01018,6.0,355.50333333333333,2133.02,1.5,4.0,0.0,0.0,0,Occasional Moderate-Value Customers,0
CUST_01019,9.0,590.0366666666666,5310.33,2.25,3.857142857142857,3.0,1.0,1,Frequent High-Value Customers,0
CUST_01020,7.0,1212.8742857142856,8490.119999999999,1.75,4.333333333333333,2.0,1.0,1,Frequent High-Value Customers,0
CUST_01021,6.0,529.6233333333333,3177.74,1.2,4.0,1.0,0.0,0,Occasional Moderate-Value Customers,0
CUST_01022,6.0,559.1483333333333,3354.89,1.5,4.25,1.0,1.0,0,Occasional Moderate-Value Customers,0
CUST_01023,9.0,630.7611111111111,5676.849999999999,2.25,4.375,3.0,1.0,1,Frequent High-Value Customers,0
CUST_01024,7.0,690.5357142857143,4833.75,1.75,4.166666666666667,2.0,0.0,0,Occasional Moderate-Value Customers,0
CUST_01025,13.0,956.7776923076924,12438.11,2.6,3.875,2.0,5.0,1,Frequent High-Value Customers,-1
CUST_01026,2.0,330.06500000000005,660.1300000000001,1.0,4.0,1.0,0.0,0,Occasional Moderate-Value Customers,0
CUST_01027,8.0,645.6424999999999,5165.139999999999,1.6,4.166666666666667,2.0,1.0,0,Occasional Moderate-Value Customers,0
CUST_01028,7.0,1778.6057142857142,12450.24,1.75,4.333333333333333,1.0,1.0,1,Frequent High-Value Customers,-1
CUST_01029,11.0,641.1309090909091,7052.44,2.2,4.111111111111111,4.0,1.0,1,Frequent High-Value Customers,0
CUST_01030,7.0,936.5385714285715,6555.77,1.75,3.8333333333333335,2.0,1.0,1,Frequent High-Value Customers,0
CUST_01031,5.0,1781.666,8908.33,1.6666666666666667,4.0,0.0,1.0,1,Frequent High-Value Customers,2
CUST_01032,7.0,436.83714285714285,3057.86,1.75,4.0,3.0,1.0,0,Occasional Moderate-Value Customers,0
CUST_01033,7.0,732.8871428571429,5130.21,1.75,3.75,1.0,1.0,0,Occasional Moderate-Value Customers,0
CUST_01034,5.0,684.184,3420.92,1.25,4.666666666666667,0.0,0.0,0,Occasional Moderate-Value Customers,0
CUST_01035,4.0,409.43500000000006,1637.7400000000002,1.3333333333333333,4.5,2.0,0.0,0,Occasional Moderate-Value Customers,0
CUST_01036,6.0,1243.1183333333333,7458.71,2.0,4.5,2.0,0.0,1,Frequent High-Value Customers,0
CUST_01037,6.0,568.1999999999999,3409.2,1.5,4.166666666666667,1.0,0.0,0,Occasional Moderate-Value Customers,0
CUST_01038,9.0,554.1522222222222,4987.37,1.8,3.4,3.0,1.0,1,Frequent High-Value Customers,0
CUST_01039,3.0,666.0966666666667,1998.29,1.0,2.0,1.0,0.0,0,Occasional Moderate-Value Customers,-1
CUST_01040,6.0,851.715,5110.29,2.0,4.166666666666667,1.0,1.0,0,Occasional Moderate-Value Customers,0
CUST_01041,6.0,465.71,2794.2599999999998,1.2,4.5,1.0,1.0,0,Occasional Moderate-Value Customers,0
CUST_01042,7.0,436.9557142857143,3058.69,1.75,4.166666666666667,2.0,3.0,1,Frequent High-Value Customers,0
CUST_01043,5.0,204.872,1024.3600000000001,1.6666666666666667,4.0,1.0,1.0,0,Occasional Moderate-Value Customers,0
CUST_01044,7.0,976.8928571428571,6838.25,1.75,4.0,1.0,2.0,1,Frequent High-Value Customers,0
CUST_01045,11.0,1218.611818181818,13404.73,2.2,4.375,6.0,2.0,1,Frequent High-Value Customers,-1
CUST_01046,12.0,587.4841666666667,7049.81,2.4,4.166666666666667,2.0,0.0,1,Frequent High-Value Customers,0
CUST_01047,4.0,528.3725,2113.49,1.0,4.0,0.0,0.0,0,Occasional Moderate-Value Customers,0
CUST_01048,7.0,448.2571428571428,3137.7999999999997,1.75,4.0,2.0,3.0,1,Frequent High-Value Customers,0
CUST_01049,14.0,628.875,8804.25,2.3333333333333335,4.181818181818182,3.0,7.0,1,Frequent High-Value Customers,-1
CUST_01050,5.0,750.214,3751.07,1.25,3.6666666666666665,2.0,0.0,0,Occasional Moderate-Value Customers,0
CUST_01051,7.0,446.1742857142857,3123.22,2.3333333333333335,4.0,2.0,2.0,1,Frequent High-Value Customers,0
CUST_01052,9.0,932.328888888889,8390.960000000001,2.25,4.166666666666667,3.0,1.0,1,Frequent High-Value Customers,0
CUST_01053,10.0,1063.0549999999998,10630.55,2.0,3.875,2.0,2.0,1,Frequent High-Value Customers,0
CUST_01054,7.0,828.0114285714286,5796.08,1.75,4.0,2.0,1.0,1,Frequent High-Value Customers,0
CUST_01055,11.0,421.9818181818182,4641.8,2.2,4.428571428571429,4.0,1.0,1,Frequent High-Value Customers,-1
CUST_01056,5.0,992.376,4961.88,2.5,4.6,0.0,1.0,0,Occasional Moderate-Value Customers,-1
CUST_01057,10.0,1301.471,13014.710000000001,3.3333333333333335,4.0,5.0,0.0,1,Frequent High-Value Customers,-1
CUST_01058,7.0,822.0600000000001,5754.42,2.3333333333333335,4.0,3.0,0.0,1,Frequent High-Value Customers,0
CUST_01059,6.0,872.4549999999999,5234.73,3.0,4.25,1.0,1.0,1,Frequent High-Value Customers,0
CUST_01060,8.0,705.1975,5641.58,1.6,3.8,4.0,2.0,1,Frequent High-Value Customers,0
CUST_01061,14.0,769.745,10776.43,2.8,4.166666666666667,2.0,0.0,1,Frequent High-Value Customers,-1
CUST_01062,10.0,550.9590000000001,5509.59,2.0,3.4285714285714284,2.0,1.0,1,Frequent High-Value Customers,0
CUST_01063,8.0,1088.4,8707.2,1.6,4.125,3.0,2.0,1,Frequent High-Value Customers,0
CUST_01064,8.0,586.66375,4693.31,2.6666666666666665,3.75,0.0,1.0,1,Frequent High-Value Customers,-1
CUST_01065,6.0,533.0416666666666,3198.25,2.0,4.5,0.0,0.0,0,Occasional Moderate-Value Customers,0
CUST_01066,3.0,958.2066666666666,2874.62,3.0,4.0,1.0,0.0,0,Occasional Moderate-Value Customers,-1
CUST_01067,6.0,514.0616666666666,3084.37,1.5,4.166666666666667,2.0,2.0,0,Occasional Moderate-Value Customers,0
CUST_01068,3.0,1206.52,3619.56,1.0,4.0,2.0,1.0,0,Occasional Moderate-Value Customers,0
CUST_01069,7.0,454.6928571428571,3182.85,1.75,3.6666666666666665,3.0,3.0,1,Frequent High-Value Customers,0
CUST_01070,5.0,724.1800000000001,3620.9,1.0,4.0,2.0,0.0,0,Occasional Moderate-Value Customers,0
CUST_01071,4.0,436.13750000000005,1744.5500000000002,1.3333333333333333,4.5,1.0,0.0,0,Occasional Moderate-Value Customers,0
CUST_01072,6.0,711.1833333333334,4267.1,1.2,4.6,3.0,1.0,0,Occasional Moderate-Value Customers,0
CUST_01073,6.0,226.885,1361.31,1.5,4.25,0.0,1.0,0,Occasional Moderate-Value Customers,0
CUST_01074,3.0,230.7966666666667,692.3900000000001,1.0,3.6666666666666665,2.0,0.0,0,Occasional Moderate-Value Customers,0
CUST_01075,4.0,773.9175,3095.67,1.3333333333333333,4.0,1.0,1.0,0,Occasional Moderate-Value Customers,0
CUST_01076,6.0,620.7966666666667,3724.78,1.5,4.0,2.0,0.0,0,Occasional Moderate-Value Customers,0
CUST_01077,8.0,752.515,6020.12,2.6666666666666665,4.0,3.0,1.0,1,Frequent High-Value Customers,0
CUST_01078,8.0,1103.15875,8825.27,2.6666666666666665,4.571428571428571,3.0,2.0,1,Frequent High-Value Customers,-1
CUST_01079,9.0,444.87333333333333,4003.86,1.8,3.857142857142857,2.0,0.0,0,Occasional Moderate-Value Customers,0
CUST_01080,9.0,979.9355555555555,8819.42,1.5,3.75,6.0,0.0,1,Frequent High-Value Customers,-1
CUST_01081,7.0,965.1471428571429,6756.03,1.4,4.5,3.0,0.0,0,Occasional Moderate-Value Customers,0
CUST_01082,6.0,342.3883333333333,2054.33,1.5,4.2,0.0,0.0,0,Occasional Moderate-Value Customers,0
CUST_01083,6.0,375.22499999999997,2251.35,2.0,3.5,3.0,1.0,0,Occasional Moderate-Value Customers,0
CUST_01084,7.0,703.9171428571428,4927.42,2.3333333333333335,4.4,3.0,1.0,1,Frequent High-Value Customers,0
CUST_01085,7.0,343.6357142857143,2405.4500000000003,1.1666666666666667,3.6666666666666665,0.0,0.0,0,Occasional Moderate-Value Customers,0
CUST_01086,6.0,476.39000000000004,2858.34,2.0,3.8,0.0,1.0,0,Occasional Moderate-Value Customers,0
CUST_01087,3.0,999.9200000000001,2999.76,1.5,4.0,2.0,0.0,0,Occasional Moderate-Value Customers,0
CUST_01088,6.0,741.695,4450.17,2.0,3.8,1.0,0.0,0,Occasional Moderate-Value Customers,0
CUST_01089,4.0,702.31,2809.24,4.0,4.0,1.0,1.0,1,Frequent High-Value Customers,-1
CUST_01090,12.0,923.7966666666666,11085.56,2.0,4.0,3.0,2.0,1,Frequent High-Value Customers,0
CUST_01091,13.0,998.3100000000001,12978.03,4.333333333333333,4.2727272727272725,2.0,0.0,1,Frequent High-Value Customers,-1
CUST_01092,11.0,765.1509090909091,8416.66,2.2,4.0,3.0,2.0,1,Frequent High-Value Customers,0
CUST_01093,9.0,791.9677777777778,7127.71,1.5,4.0,3.0,2.0,1,Frequent High-Value Customers,0
CUST_01094,5.0,507.23,2536.15,1.6666666666666667,4.25,1.0,1.0,0,Occasional Moderate-Value Customers,0
CUST_01095,5.0,495.08599999999996,2475.43,1.25,4.25,0.0,1.0,0,Occasional Moderate-Value Customers,0
CUST_01096,2.0,457.87,915.74,1.0,4.051247275223099,1.0,0.0,0,Occasional Moderate-Value Customers,0
CUST_01097,7.0,666.0314285714286,4662.22,1.75,4.714285714285714,2.0,0.0,0,Occasional Moderate-Value Customers,0
CUST_01098,5.0,638.298,3191.49,1.25,3.6666666666666665,1.0,1.0,0,Occasional Moderate-Value Customers,0
CUST_01099,7.0,605.0471428571428,4235.33,1.75,4.0,4.0,2.0,1,Frequent High-Value Customers,0
CUST_01100,9.0,1023.4988888888888,9211.49,1.8,4.222222222222222,1.0,1.0,1,Frequent High-Value Customers,0
CUST_01101,7.0,704.1742857142856,4929.219999999999,1.75,3.6,1.0,2.0,0,Occasional Moderate-Value Customers,0
CUST_01102,9.0,436.44444444444446,3928.0,1.8,4.111111111111111,4.0,0.0,1,Frequent High-Value Customers,0
CUST_01103,14.0,932.7942857142858,13059.12,2.3333333333333335,4.083333333333333,5.0,3.0,1,Frequent High-Value Customers,-1
CUST_01104,8.0,1117.50375,8940.03,2.0,3.0,4.0,1.0,1,Frequent High-Value Customers,-1
CUST_01105,9.0,673.3499999999999,6060.15,2.25,4.0,2.0,2.0,1,Frequent High-Value Customers,0
CUST_01106,2.0,1828.87,3657.74,1.0,4.0,0.0,0.0,0,Occasional Moderate-Value Customers,0
CUST_01107,5.0,335.62,1678.1,1.6666666666666667,4.25,1.0,1.0,0,Occasional Moderate-Value Customers,0
CUST_01108,5.0,715.848,3579.24,1.6666666666666667,4.0,0.0,1.0,0,Occasional Moderate-Value Customers,0
CUST_01109,10.0,609.3720000000001,6093.72,2.0,4.222222222222222,1.0,1.0,1,Frequent High-Value Customers,0
CUST_01110,10.0,765.0530000000001,7650.530000000001,2.0,4.142857142857143,1.0,1.0,1,Frequent High-Value Customers,0
CUST_01111,7.0,627.9585714285714,4395.71,1.75,3.8333333333333335,3.0,2.0,1,Frequent High-Value Customers,0
CUST_01112,6.0,775.8883333333333,4655.33,1.2,4.0,0.0,0.0,0,Occasional Moderate-Value Customers,0
CUST_01113,6.0,888.305,5329.83,2.0,3.75,0.0,0.0,0,Occasional Moderate-Value Customers,0
CUST_01114,6.0,579.1066666666667,3474.64,2.0,4.2,2.0,0.0,0,Occasional Moderate-Value Customers,0
CUST_01115,4.0,928.21,3712.84,2.0,4.0,0.0,0.0,0,Occasional Moderate-Value Customers,0
CUST_01116,5.0,1027.196,5135.98,1.25,4.666666666666667,3.0,0.0,0,Occasional Moderate-Value Customers,0
CUST_01117,7.0,593.65,4155.55,1.75,5.0,1.0,1.0,0,Occasional Moderate-Value Customers,0
CUST_01118,14.0,778.2157142857143,10895.02,2.3333333333333335,3.8461538461538463,3.0,2.0,1,Frequent High-Value Customers,0
CUST_01119,4.0,287.985,1151.94,1.3333333333333333,4.0,2.0,0.0,0,Occasional Moderate-Value Customers,0
CUST_01120,9.0,637.3333333333334,5736.0,1.5,3.857142857142857,0.0,1.0,0,Occasional Moderate-Value Customers,0
CUST_01121,8.0,817.1012499999999,6536.8099999999995,1.3333333333333333,3.8,2.0,0.0,0,Occasional Moderate-Value Customers,0
CUST_01122,5.0,573.6279999999999,2868.14,1.25,4.0,1.0,1.0,0,Occasional Moderate-Value Customers,0
CUST_01123,5.0,336.258,1681.29,1.25,4.333333333333333,1.0,1.0,0,Occasional Moderate-Value Customers,0
CUST_01124,5.0,1479.198,7395.990000000001,1.25,4.0,1.0,1.0,0,Occasional Moderate-Value Customers,0
CUST_01125,7.0,1244.1271428571429,8708.89,1.4,4.0,2.0,0.0,1,Frequent High-Value Customers,0
CUST_01126,8.0,572.725,4581.8,2.0,4.25,5.0,1.0,1,Frequent High-Value Customers,0
CUST_01127,11.0,1154.1645454545455,12695.810000000001,2.2,4.125,5.0,2.0,1,Frequent High-Value Customers,-1
CUST_01128,5.0,376.48999999999995,1882.4499999999998,1.6666666666666667,4.333333333333333,0.0,0.0,0,Occasional Moderate-Value Customers,0
CUST_01129,7.0,635.7714285714285,4450.4,1.75,4.4,1.0,1.0,0,Occasional Moderate-Value Customers,0
CUST_01130,9.0,486.59777777777776,4379.38,2.25,3.875,4.0,4.0,1,Frequent High-Value Customers,-1
CUST_01131,8.0,721.39125,5771.13,2.0,4.0,3.0,0.0,1,Frequent High-Value Customers,0
CUST_01132,8.0,712.61375,5700.91,2.0,4.166666666666667,3.0,0.0,1,Frequent High-Value Customers,0
CUST_01133,4.0,812.4100000000001,3249.6400000000003,2.0,4.75,1.0,0.0,0,Occasional Moderate-Value Customers,0
CUST_01134,1.0,381.64,381.64,1.0,5.0,0.0,0.0,0,Occasional Moderate-Value Customers,1
CUST_01135,6.0,770.1966666666667,4621.18,1.5,4.5,3.0,1.0,0,Occasional Moderate-Value Customers,0
CUST_01136,5.0,607.896,3039.48,1.25,4.0,1.0,0.0,0,Occasional Moderate-Value Customers,0
CUST_01137,8.0,749.65625,5997.25,1.6,4.0,2.0,1.0,1,Frequent High-Value Customers,0
CUST_01138,8.0,466.0525,3728.42,1.3333333333333333,4.285714285714286,1.0,1.0,0,Occasional Moderate-Value Customers,0
CUST_01139,4.0,607.1700000000001,2428.6800000000003,1.3333333333333333,3.3333333333333335,1.0,1.0,0,Occasional Moderate-Value Customers,0
CUST_01140,4.0,603.86,2415.44,1.3333333333333333,4.333333333333333,1.0,1.0,0,Occasional Moderate-Value Customers,0
CUST_01141,11.0,788.1509090909091,8669.66,2.2,4.3,2.0,1.0,1,Frequent High-Value Customers,0
CUST_01142,3.0,1087.2700000000002,3261.8100000000004,1.0,3.6666666666666665,1.0,1.0,0,Occasional Moderate-Value Customers,0
CUST_01143,3.0,1048.41,3145.23,1.0,4.0,0.0,0.0,0,Occasional Moderate-Value Customers,0
CUST_01144,4.0,350.6325,1402.53,1.3333333333333333,4.333333333333333,1.0,0.0,0,Occasional Moderate-Value Customers,0
CUST_01145,8.0,607.28625,4858.29,1.6,3.75,3.0,0.0,0,Occasional Moderate-Value Customers,0
CUST_01146,10.0,1006.3399999999999,10063.4,2.5,4.0,4.0,2.0,1,Frequent High-Value Customers,-1
CUST_01147,7.0,1440.327142857143,10082.29,1.75,4.25,1.0,1.0,1,Frequent High-Value Customers,0
CUST_01148,7.0,765.2299999999999,5356.61,1.75,3.8,1.0,1.0,0,Occasional Moderate-Value Customers,0
CUST_01149,6.0,756.8383333333333,4541.03,2.0,3.75,2.0,4.0,1,Frequent High-Value Customers,-1
CUST_01150,8.0,811.6925,6493.54,2.0,4.166666666666667,0.0,1.0,0,Occasional Moderate-Value Customers,0
CUST_01151,7.0,609.8757142857141,4269.129999999999,1.75,3.6666666666666665,3.0,4.0,1,Frequent High-Value Customers,-1
CUST_01152,6.0,404.0683333333333,2424.41,1.2,3.75,3.0,0.0,0,Occasional Moderate-Value Customers,0
CUST_01153,6.0,346.0083333333334,2076.05,1.5,4.333333333333333,0.0,0.0,0,Occasional Moderate-Value Customers,0
CUST_01154,9.0,880.8377777777778,7927.54,1.8,3.8,3.0,3.0,1,Frequent High-Value Customers,-1
CUST_01155,7.0,607.8128571428572,4254.6900000000005,1.75,4.0,2.0,0.0,0,Occasional Moderate-Value Customers,0
CUST_01156,7.0,1391.5142857142857,9740.6,1.75,4.2,1.0,2.0,1,Frequent High-Value Customers,0
CUST_01157,5.0,285.556,1427.78,1.25,3.5,1.0,0.0,0,Occasional Moderate-Value Customers,0
CUST_01158,6.0,537.2383333333333,3223.43,1.5,4.666666666666667,2.0,0.0,0,Occasional Moderate-Value Customers,0
CUST_01159,6.0,1310.4750000000001,7862.85,1.2,3.25,2.0,3.0,1,Frequent High-Value Customers,-1
CUST_01160,8.0,154.84375,1238.75,2.0,4.0,3.0,0.0,0,Occasional Moderate-Value Customers,-1
CUST_01161,8.0,1200.67625,9605.41,1.6,4.0,2.0,2.0,1,Frequent High-Value Customers,0
CUST_01162,6.0,695.0500000000001,4170.3,2.0,3.6,1.0,1.0,0,Occasional Moderate-Value Customers,0
CUST_01163,6.0,705.225,4231.35,1.5,4.2,3.0,0.0,0,Occasional Moderate-Value Customers,0
CUST_01164,5.0,793.104,3965.52,2.5,4.0,3.0,0.0,0,Occasional Moderate-Value Customers,0
CUST_01165,1.0,3119.19,3119.19,1.0,4.0,1.0,0.0,0,Occasional Moderate-Value Customers,-1
CUST_01166,6.0,509.25333333333333,3055.52,1.5,4.2,2.0,1.0,0,Occasional Moderate-Value Customers,0
CUST_01167,4.0,414.185,1656.74,1.3333333333333333,4.25,1.0,1.0,0,Occasional Moderate-Value Customers,0
CUST_01168,3.0,397.8633333333333,1193.59,1.0,4.333333333333333,0.0,0.0,0,Occasional Moderate-Value Customers,0
CUST_01169,4.0,167.17000000000002,668.6800000000001,2.0,4.0,0.0,0.0,0,Occasional Moderate-Value Customers,0
CUST_01170,2.0,2080.725,4161.45,1.0,3.0,0.0,0.0,0,Occasional Moderate-Value Customers,-1
CUST_01171,5.0,492.576,2462.88,1.25,4.0,1.0,0.0,0,Occasional Moderate-Value Customers,0
CUST_01172,7.0,523.3142857142857,3663.2,1.75,4.2,3.0,0.0,0,Occasional Moderate-Value Customers,0
CUST_01173,6.0,1380.0683333333334,8280.41,1.2,4.333333333333333,2.0,1.0,1,Frequent High-Value Customers,0
CUST_01174,6.0,477.9583333333333,2867.75,2.0,4.6,0.0,0.0,0,Occasional Moderate-Value Customers,0
CUST_01175,5.0,912.704,4563.5199999999995,1.6666666666666667,4.0,0.0,1.0,0,Occasional Moderate-Value Customers,0
CUST_01176,7.0,424.69,2972.83,2.3333333333333335,4.142857142857143,3.0,1.0,1,Frequent High-Value Customers,0
CUST_01177,5.0,937.0840000000001,4685.42,1.6666666666666667,4.0,3.0,0.0,0,Occasional Moderate-Value Customers,0
CUST_01178,7.0,958.0042857142859,6706.030000000001,1.75,4.2,0.0,0.0,0,Occasional Moderate-Value Customers,0
CUST_01179,9.0,426.0488888888889,3834.44,1.8,3.857142857142857,4.0,4.0,1,Frequent High-Value Customers,-1
CUST_01180,5.0,255.65600000000003,1278.2800000000002,2.5,3.4,2.0,0.0,0,Occasional Moderate-Value Customers,0
CUST_01181,5.0,855.992,4279.96,1.25,4.25,3.0,1.0,0,Occasional Moderate-Value Customers,0
CUST_01182,2.0,437.59,875.18,1.0,5.0,0.0,1.0,0,Occasional Moderate-Value Customers,0
CUST_01183,4.0,348.97,1395.88,2.0,4.0,1.0,0.0,0,Occasional Moderate-Value Customers,0
CUST_01184,8.0,155.1325,1241.06,1.6,3.8333333333333335,3.0,0.0,0,Occasional Moderate-Value Customers,0
CUST_01185,5.0,1024.7400000000002,5123.700000000001,1.6666666666666667,4.0,3.0,0.0,0,Occasional Moderate-Value Customers,0
CUST_01186,12.0,700.6683333333334,8408.02,2.4,3.75,1.0,3.0,1,Frequent High-Value Customers,-1
CUST_01187,11.0,1013.73,11151.03,2.2,4.0,2.0,2.0,1,Frequent High-Value Customers,0
CUST_01188,4.0,595.15,2380.6,2.0,3.5,2.0,1.0,0,Occasional Moderate-Value Customers,0
CUST_01189,5.0,416.16,2080.8,1.6666666666666667,4.25,3.0,1.0,0,Occasional Moderate-Value Customers,0
CUST_01190,10.0,314.10299999999995,3141.0299999999997,2.0,4.5,3.0,3.0,1,Frequent High-Value Customers,-1
CUST_01191,5.0,1113.618,5568.09,1.6666666666666667,4.0,1.0,1.0,0,Occasional Moderate-Value Customers,0
CUST_01192,8.0,588.59875,4708.79,1.6,4.125,5.0,0.0,1,Frequent High-Value Customers,0
CUST_01193,4.0,433.45,1733.8,1.0,4.0,0.0,0.0,0,Occasional Moderate-Value Customers,0
CUST_01194,8.0,1233.8075,9870.46,1.6,4.25,1.0,1.0,1,Frequent High-Value Customers,0
CUST_01195,3.0,1158.9666666666667,3476.9,1.0,3.0,2.0,0.0,0,Occasional Moderate-Value Customers,-1
CUST_01196,12.0,423.60083333333336,5083.21,2.4,3.75,2.0,0.0,1,Frequent High-Value Customers,-1
CUST_01197,7.0,212.10285714285715,1484.72,1.4,4.0,3.0,1.0,0,Occasional Moderate-Value Customers,0
CUST_01198,8.0,575.19125,4601.53,2.6666666666666665,4.142857142857143,2.0,2.0,1,Frequent High-Value Customers,0
CUST_01199,7.0,286.17571428571426,2003.23,1.4,4.6,0.0,0.0,0,Occasional Moderate-Value Customers,0
CUST_01200,3.0,478.0233333333333,1434.07,1.0,3.5,2.0,0.0,0,Occasional Moderate-Value Customers,0
CUST_01201,10.0,279.998,2799.98,2.5,4.0,4.0,0.0,1,Frequent High-Value Customers,-1
CUST_01202,5.0,571.132,2855.66,1.6666666666666667,4.0,2.0,2.0,0,Occasional Moderate-Value Customers,0
CUST_01203,4.0,1330.3125,5321.25,2.0,3.3333333333333335,3.0,0.0,0,Occasional Moderate-Value Customers,-1
CUST_01204,6.0,727.8916666666668,4367.35,2.0,4.0,1.0,0.0,0,Occasional Moderate-Value Customers,0
CUST_01205,5.0,906.618,4533.09,1.6666666666666667,4.25,2.0,1.0,0,Occasional Moderate-Value Customers,0
CUST_01206,7.0,641.03,4487.21,1.75,4.0,3.0,1.0,1,Frequent High-Value Customers,0
CUST_01207,5.0,1308.58,6542.9,1.25,3.6666666666666665,4.0,0.0,0,Occasional Moderate-Value Customers,-1
CUST_01208,8.0,1431.5,11452.0,2.0,4.166666666666667,2.0,1.0,1,Frequent High-Value Customers,0
CUST_01209,3.0,1956.0833333333333,5868.25,1.5,3.5,0.0,1.0,0,Occasional Moderate-Value Customers,-1
CUST_01210,9.0,1086.0711111111111,9774.64,1.8,3.8333333333333335,2.0,0.0,1,Frequent High-Value Customers,0
CUST_01211,7.0,728.7299999999999,5101.11,1.75,3.8333333333333335,2.0,0.0,0,Occasional Moderate-Value Customers,0
CUST_01212,7.0,389.5728571428572,2727.01,2.3333333333333335,4.0,0.0,2.0,0,Occasional Moderate-Value Customers,0
CUST_01213,4.0,261.31,1045.24,1.3333333333333333,4.666666666666667,2.0,0.0,0,Occasional Moderate-Value Customers,0
CUST_01214,9.0,1072.6755555555555,9654.08,1.8,4.166666666666667,4.0,1.0,1,Frequent High-Value Customers,0
CUST_01215,8.0,526.215,4209.72,4.0,3.5714285714285716,0.0,0.0,1,Frequent High-Value Customers,-1
CUST_01216,4.0,781.3,3125.2,1.0,4.0,2.0,1.0,0,Occasional Moderate-Value Customers,0
CUST_01217,5.0,942.566,4712.83,1.25,3.5,1.0,1.0,0,Occasional Moderate-Value Customers,0
CUST_01218,7.0,921.0185714285715,6447.13,1.4,4.4,4.0,1.0,1,Frequent High-Value Customers,0
CUST_01219,7.0,1678.0185714285715,11746.130000000001,2.3333333333333335,4.5,3.0,0.0,1,Frequent High-Value Customers,-1
CUST_01220,2.0,676.99,1353.98,1.0,3.0,0.0,0.0,0,Occasional Moderate-Value Customers,-1
CUST_01221,10.0,564.749,5647.49,2.0,4.333333333333333,5.0,3.0,1,Frequent High-Value Customers,-1
CUST_01222,2.0,310.45,620.9,2.0,4.0,1.0,0.0,0,Occasional Moderate-Value Customers,0
CUST_01223,4.0,567.28,2269.12,1.0,3.5,1.0,0.0,0,Occasional Moderate-Value Customers,0
CUST_01224,12.0,408.5416666666667,4902.5,2.4,3.888888888888889,6.0,2.0,1,Frequent High-Value Customers,-1
CUST_01225,6.0,853.7166666666667,5122.3,2.0,3.25,1.0,0.0,0,Occasional Moderate-Value Customers,0
CUST_01226,6.0,382.8616666666667,2297.17,2.0,4.333333333333333,1.0,0.0,0,Occasional Moderate-Value Customers,0
CUST_01227,5.0,798.77,3993.85,1.25,4.25,1.0,0.0,0,Occasional Moderate-Value Customers,0
CUST_01228,5.0,611.21,3056.05,2.5,3.4,0.0,0.0,0,Occasional Moderate-Value Customers,-1
CUST_01229,7.0,674.1800000000001,4719.26,2.3333333333333335,3.6,2.0,0.0,0,Occasional Moderate-Value Customers,0
CUST_01230,5.0,822.2,4111.0,1.6666666666666667,4.0,1.0,2.0,0,Occasional Moderate-Value Customers,0
CUST_01231,10.0,748.019,7480.1900000000005,2.0,4.0,2.0,2.0,1,Frequent High-Value Customers,0
CUST_01232,11.0,822.5409090909092,9047.95,1.8333333333333333,3.888888888888889,0.0,1.0,1,Frequent High-Value Customers,-1
CUST_01233,4.0,923.4549999999999,3693.8199999999997,1.3333333333333333,4.0,2.0,1.0,0,Occasional Moderate-Value Customers,0
CUST_01234,5.0,672.886,3364.43,2.5,4.2,1.0,0.0,0,Occasional Moderate-Value Customers,0
CUST_01235,8.0,1014.7012500000001,8117.610000000001,2.0,3.6,2.0,2.0,1,Frequent High-Value Customers,0
CUST_01236,7.0,642.3685714285714,4496.58,2.3333333333333335,4.2,4.0,2.0,1,Frequent High-Value Customers,0
CUST_01237,11.0,953.6054545454546,10489.66,2.75,4.4,3.0,1.0,1,Frequent High-Value Customers,0
CUST_01238,3.0,1167.8366666666668,3503.51,1.0,4.0,0.0,0.0,0,Occasional Moderate-Value Customers,0
CUST_01239,7.0,1004.1614285714286,7029.13,1.75,3.6666666666666665,1.0,0.0,0,Occasional Moderate-Value Customers,0
CUST_01240,8.0,521.99375,4175.95,1.6,4.285714285714286,0.0,1.0,0,Occasional Moderate-Value Customers,0
CUST_01241,4.0,356.40250000000003,1425.6100000000001,1.3333333333333333,4.0,2.0,0.0,0,Occasional Moderate-Value Customers,0
CUST_01242,3.0,1584.04,4752.12,3.0,4.0,0.0,0.0,0,Occasional Moderate-Value Customers,-1
CUST_01243,3.0,892.1733333333333,2676.52,1.0,4.0,0.0,1.0,0,Occasional Moderate-Value Customers,0
CUST_01244,11.0,465.7290909090909,5123.02,3.6666666666666665,3.5,2.0,2.0,1,Frequent High-Value Customers,-1
CUST_01245,9.0,679.2633333333333,6113.37,1.8,4.125,2.0,0.0,1,Frequent High-Value Customers,0
CUST_01246,7.0,536.1285714285715,3752.9,2.3333333333333335,4.25,1.0,0.0,0,Occasional Moderate-Value Customers,0
CUST_01247,2.0,977.7049999999999,1955.4099999999999,1.0,3.5,1.0,0.0,0,Occasional Moderate-Value Customers,0
CUST_01248,8.0,626.625,5013.0,1.6,3.8333333333333335,4.0,1.0,1,Frequent High-Value Customers,0
CUST_01249,10.0,1023.18,10231.8,2.5,4.125,3.0,1.0,1,Frequent High-Value Customers,0
CUST_01250,6.0,465.87166666666667,2795.23,1.5,3.3333333333333335,1.0,0.0,0,Occasional Moderate-Value Customers,0
CUST_01251,6.0,978.7283333333334,5872.37,3.0,3.8333333333333335,1.0,1.0,1,Frequent High-Value Customers,0
CUST_01252,9.0,839.6133333333332,7556.5199999999995,3.0,4.666666666666667,5.0,2.0,1,Frequent High-Value Customers,-1
CUST_01253,11.0,973.2509090909091,10705.76,2.75,4.333333333333333,0.0,1.0,1,Frequent High-Value Customers,0
CUST_01254,6.0,1100.5366666666666,6603.22,1.5,3.3333333333333335,2.0,0.0,0,Occasional Moderate-Value Customers,0
CUST_01255,6.0,585.275,3511.6499999999996,1.5,3.75,2.0,2.0,0,Occasional Moderate-Value Customers,0
CUST_01256,10.0,422.13199999999995,4221.32,1.6666666666666667,4.1,3.0,0.0,1,Frequent High-Value Customers,0
CUST_01257,6.0,1038.5633333333333,6231.38,1.5,3.8,4.0,1.0,1,Frequent High-Value Customers,0
CUST_01258,5.0,379.248,1896.24,1.25,4.666666666666667,1.0,0.0,0,Occasional Moderate-Value Customers,0
CUST_01259,4.0,180.555,722.22,1.3333333333333333,4.0,1.0,0.0,0,Occasional Moderate-Value Customers,0
CUST_01260,4.0,1135.64,4542.56,1.0,3.6666666666666665,0.0,1.0,0,Occasional Moderate-Value Customers,0
CUST_01261,2.0,266.115,532.23,1.0,4.0,1.0,1.0,0,Occasional Moderate-Value Customers,0
CUST_01262,4.0,1054.1125000000002,4216.450000000001,2.0,4.25,0.0,0.0,0,Occasional Moderate-Value Customers,0
CUST_01263,5.0,1220.408,6102.04,1.25,3.6,0.0,1.0,0,Occasional Moderate-Value Customers,0
CUST_01264,8.0,425.62375,3404.99,1.6,3.8333333333333335,3.0,0.0,0,Occasional Moderate-Value Customers,0
CUST_01265,6.0,595.285,3571.71,2.0,4.0,3.0,1.0,0,Occasional Moderate-Value Customers,0
CUST_01266,4.0,384.8975,1539.59,2.0,5.0,0.0,0.0,0,Occasional Moderate-Value Customers,-1
CUST_01267,4.0,432.21,1728.84,2.0,4.333333333333333,0.0,0.0,0,Occasional Moderate-Value Customers,0
CUST_01268,2.0,947.6750000000001,1895.3500000000001,1.0,4.0,0.0,0.0,0,Occasional Moderate-Value Customers,0
CUST_01269,8.0,309.5025,2476.02,1.3333333333333333,4.333333333333333,3.0,0.0,0,Occasional Moderate-Value Customers,0
CUST_01270,10.0,712.886,7128.86,2.0,4.25,4.0,0.0,1,Frequent High-Value Customers,0
CUST_01271,9.0,646.3655555555556,5817.29,1.8,4.166666666666667,2.0,2.0,1,Frequent High-Value Customers,0
CUST_01272,7.0,516.0457142857143,3612.32,1.75,3.8333333333333335,3.0,1.0,0,Occasional Moderate-Value Customers,0
CUST_01273,6.0,748.41,4490.46,2.0,4.166666666666667,1.0,0.0,0,Occasional Moderate-Value Customers,0
CUST_01274,6.0,412.8866666666667,2477.32,1.5,4.0,3.0,2.0,0,Occasional Moderate-Value Customers,0
CUST_01275,5.0,275.214,1376.07,1.6666666666666667,4.0,1.0,3.0,0,Occasional Moderate-Value Customers,-1
CUST_01276,9.0,445.2322222222222,4007.09,1.5,4.0,4.0,0.0,1,Frequent High-Value Customers,0
CUST_01277,7.0,430.90285714285716,3016.32,2.3333333333333335,4.166666666666667,2.0,0.0,0,Occasional Moderate-Value Customers,0
CUST_01278,4.0,1102.9225000000001,4411.6900000000005,1.3333333333333333,4.25,0.0,1.0,0,Occasional Moderate-Value Customers,0
CUST_01279,5.0,497.76399999999995,2488.8199999999997,1.25,4.4,2.0,0.0,0,Occasional Moderate-Value Customers,0
CUST_01280,6.0,782.7883333333333,4696.73,1.5,3.6666666666666665,2.0,2.0,0,Occasional Moderate-Value Customers,0
CUST_01281,10.0,638.447,6384.47,1.6666666666666667,3.8,2.0,0.0,1,Frequent High-Value Customers,0
CUST_01282,5.0,783.82,3919.1000000000004,1.6666666666666667,3.75,2.0,2.0,0,Occasional Moderate-Value Customers,0
CUST_01283,8.0,868.1387500000001,6945.110000000001,2.6666666666666665,4.333333333333333,3.0,1.0,1,Frequent High-Value Customers,0
CUST_01284,5.0,429.834,2149.17,1.6666666666666667,4.2,3.0,0.0,0,Occasional Moderate-Value Customers,0
CUST_01285,5.0,519.042,2595.21,1.6666666666666667,4.0,2.0,0.0,0,Occasional Moderate-Value Customers,0
CUST_01286,8.0,858.32375,6866.59,1.6,3.857142857142857,2.0,1.0,1,Frequent High-Value Customers,0
CUST_01287,7.0,335.96857142857147,2351.78,1.4,3.5,4.0,1.0,0,Occasional Moderate-Value Customers,0
CUST_01288,6.0,1070.7016666666666,6424.21,1.2,4.666666666666667,4.0,1.0,1,Frequent High-Value Customers,0
CUST_01289,9.0,615.6622222222222,5540.96,1.8,3.857142857142857,5.0,0.0,1,Frequent High-Value Customers,0
CUST_01290,4.0,510.5825,2042.33,2.0,4.0,2.0,0.0,0,Occasional Moderate-Value Customers,0
CUST_01291,5.0,1660.0720000000001,8300.36,1.6666666666666667,4.0,1.0,1.0,1,Frequent High-Value Customers,2
CUST_01292,5.0,1024.932,5124.66,1.6666666666666667,4.2,0.0,0.0,0,Occasional Moderate-Value Customers,0
CUST_01293,11.0,615.9781818181818,6775.76,2.75,4.111111111111111,5.0,3.0,1,Frequent High-Value Customers,-1
CUST_01294,4.0,902.8050000000001,3611.2200000000003,1.0,3.5,0.0,0.0,0,Occasional Moderate-Value Customers,0
CUST_01295,10.0,833.365,8333.65,1.6666666666666667,4.125,3.0,2.0,1,Frequent High-Value Customers,0
CUST_01296,9.0,558.6177777777779,5027.56,2.25,4.0,2.0,0.0,1,Frequent High-Value Customers,0
CUST_01297,5.0,344.668,1723.34,1.25,3.6666666666666665,3.0,0.0,0,Occasional Moderate-Value Customers,0
CUST_01298,5.0,455.262,2276.31,2.5,4.4,2.0,0.0,0,Occasional Moderate-Value Customers,0
CUST_01299,9.0,850.5622222222223,7655.06,1.8,3.857142857142857,4.0,3.0,1,Frequent High-Value Customers,-1
CUST_01300,9.0,475.6422222222222,4280.78,1.5,4.0,0.0,0.0,0,Occasional Moderate-Value Customers,0
CUST_01301,2.0,1113.4299999999998,2226.8599999999997,2.0,5.0,1.0,0.0,0,Occasional Moderate-Value Customers,-1
CUST_01302,6.0,1104.6183333333333,6627.71,1.5,3.8,3.0,1.0,1,Frequent High-Value Customers,0
CUST_01303,5.0,572.272,2861.36,1.6666666666666667,4.5,3.0,0.0,0,Occasional Moderate-Value Customers,0
CUST_01304,6.0,481.96000000000004,2891.76,1.2,4.0,4.0,0.0,0,Occasional Moderate-Value Customers,0
CUST_01305,7.0,824.7128571428572,5772.99,1.75,4.0,1.0,0.0,0,Occasional Moderate-Value Customers,0
CUST_01306,4.0,1012.2275000000001,4048.9100000000003,1.3333333333333333,4.666666666666667,1.0,0.0,0,Occasional Moderate-Value Customers,0
CUST_01307,2.0,987.8149999999999,1975.6299999999999,2.0,4.5,0.0,0.0,0,Occasional Moderate-Value Customers,-1
CUST_01308,8.0,1146.045,9168.36,2.0,3.857142857142857,2.0,0.0,1,Frequent High-Value Customers,0
CUST_01309,4.0,1030.1925,4120.77,1.3333333333333333,4.666666666666667,2.0,0.0,0,Occasional Moderate-Value Customers,0
CUST_01310,9.0,694.3033333333334,6248.7300000000005,1.8,4.0,1.0,4.0,1,Frequent High-Value Customers,-1
CUST_01311,6.0,486.0533333333333,2916.3199999999997,2.0,4.666666666666667,2.0,1.0,0,Occasional Moderate-Value Customers,0
CUST_01312,10.0,1064.539,10645.39,2.5,3.75,3.0,0.0,1,Frequent High-Value Customers,0
CUST_01313,6.0,486.60999999999996,2919.66,1.5,4.6,2.0,0.0,0,Occasional Moderate-Value Customers,0
CUST_01314,4.0,323.85,1295.4,1.3333333333333333,3.6666666666666665,0.0,0.0,0,Occasional Moderate-Value Customers,0
CUST_01315,0.0,0.0,0.0,0.0,4.051247275223098,0.0,0.0,0,Occasional Moderate-Value Customers,-1
CUST_01316,5.0,653.254,3266.27,1.6666666666666667,4.0,1.0,1.0,0,Occasional Moderate-Value Customers,0
CUST_01317,4.0,918.7575,3675.03,1.3333333333333333,3.5,1.0,0.0,0,Occasional Moderate-Value Customers,0
CUST_01318,10.0,725.801,7258.01,2.0,3.888888888888889,4.0,3.0,1,Frequent High-Value Customers,-1
CUST_01319,5.0,1361.284,6806.42,1.0,4.2,1.0,1.0,0,Occasional Moderate-Value Customers,0
CUST_01320,9.0,881.7977777777778,7936.18,1.8,4.25,1.0,1.0,1,Frequent High-Value Customers,0
CUST_01321,6.0,830.2333333333332,4981.4,2.0,3.8333333333333335,0.0,0.0,0,Occasional Moderate-Value Customers,0
CUST_01322,3.0,972.8466666666667,2918.54,1.0,3.5,0.0,0.0,0,Occasional Moderate-Value Customers,0
CUST_01323,8.0,509.62125000000003,4076.9700000000003,1.3333333333333333,3.8333333333333335,2.0,1.0,0,Occasional Moderate-Value Customers,0
CUST_01324,4.0,369.095,1476.38,1.0,4.5,2.0,0.0,0,Occasional Moderate-Value Customers,0
CUST_01325,13.0,766.126923076923,9959.65,2.1666666666666665,4.5,2.0,3.0,1,Frequent High-Value Customers,-1
CUST_01326,7.0,615.8242857142858,4310.77,1.4,4.0,3.0,1.0,0,Occasional Moderate-Value Customers,0
CUST_01327,8.0,427.28375,3418.27,2.0,3.75,2.0,1.0,0,Occasional Moderate-Value Customers,0
CUST_01328,8.0,931.085,7448.68,2.0,3.8,2.0,1.0,1,Frequent High-Value Customers,0
CUST_01329,8.0,568.9475,4551.58,1.6,4.142857142857143,2.0,0.0,0,Occasional Moderate-Value Customers,0
CUST_01330,10.0,507.544,5075.44,2.5,3.875,5.0,1.0,1,Frequent High-Value Customers,0
CUST_01331,11.0,563.2727272727273,6196.0,1.8333333333333333,3.7142857142857144,1.0,0.0,1,Frequent High-Value Customers,0
CUST_01332,8.0,1081.38625,8651.09,2.0,4.166666666666667,2.0,2.0,1,Frequent High-Value Customers,0
CUST_01333,6.0,742.8950000000001,4457.370000000001,1.5,3.25,4.0,1.0,0,Occasional Moderate-Value Customers,-1
CUST_01334,8.0,606.475,4851.8,1.3333333333333333,4.0,1.0,2.0,0,Occasional Moderate-Value Customers,0
CUST_01335,10.0,1012.595,10125.95,2.0,3.857142857142857,2.0,1.0,1,Frequent High-Value Customers,0
CUST_01336,14.0,451.3314285714286,6318.64,2.3333333333333335,3.9,5.0,0.0,1,Frequent High-Value Customers,-1
CUST_01337,4.0,549.29,2197.16,1.0,4.75,3.0,1.0,0,Occasional Moderate-Value Customers,0
CUST_01338,10.0,1156.294,11562.94,2.0,4.5,3.0,2.0,1,Frequent High-Value Customers,-1
CUST_01339,9.0,440.1288888888889,3961.1600000000003,1.8,4.0,2.0,0.0,0,Occasional Moderate-Value Customers,0
CUST_01340,5.0,562.298,2811.49,1.25,3.75,0.0,1.0,0,Occasional Moderate-Value Customers,0
CUST_01341,10.0,983.3640000000001,9833.640000000001,2.5,4.0,3.0,1.0,1,Frequent High-Value Customers,0
CUST_01342,2.0,1726.1100000000001,3452.2200000000003,1.0,4.0,0.0,0.0,0,Occasional Moderate-Value Customers,0
CUST_01343,11.0,560.8236363636363,6169.0599999999995,2.75,4.222222222222222,3.0,2.0,1,Frequent High-Value Customers,0
CUST_01344,3.0,1015.1633333333334,3045.4900000000002,1.5,3.5,0.0,1.0,0,Occasional Moderate-Value Customers,0
CUST_01345,8.0,844.4575,6755.66,1.6,4.25,4.0,1.0,1,Frequent High-Value Customers,0
CUST_01346,5.0,579.85,2899.25,1.6666666666666667,4.5,1.0,0.0,0,Occasional Moderate-Value Customers,0
CUST_01347,8.0,1078.60625,8628.85,2.0,4.333333333333333,2.0,0.0,1,Frequent High-Value Customers,0
CUST_01348,8.0,427.655,3421.24,2.0,3.7142857142857144,0.0,1.0,0,Occasional Moderate-Value Customers,0
CUST_01349,9.0,1872.1866666666667,16849.68,2.25,4.285714285714286,2.0,1.0,1,Frequent High-Value Customers,-1
CUST_01350,5.0,424.39400000000006,2121.9700000000003,1.25,4.333333333333333,1.0,1.0,0,Occasional Moderate-Value Customers,0
CUST_01351,9.0,1113.3000000000002,10019.7,1.5,4.0,1.0,3.0,1,Frequent High-Value Customers,-1
CUST_01352,8.0,673.4475,5387.58,1.6,3.8333333333333335,3.0,2.0,1,Frequent High-Value Customers,0
CUST_01353,9.0,803.1933333333333,7228.74,1.8,4.125,3.0,1.0,1,Frequent High-Value Customers,0
CUST_01354,7.0,646.0985714285715,4522.6900000000005,1.4,4.5,3.0,0.0,0,Occasional Moderate-Value Customers,0
CUST_01355,5.0,326.368,1631.84,1.25,3.75,3.0,1.0,0,Occasional Moderate-Value Customers,0
CUST_01356,12.0,898.1475,10777.77,3.0,3.8,4.0,2.0,1,Frequent High-Value Customers,-1
CUST_01357,9.0,684.4744444444445,6160.27,1.8,4.4,3.0,2.0,1,Frequent High-Value Customers,0
CUST_01358,8.0,286.66375,2293.31,2.0,4.0,2.0,2.0,0,Occasional Moderate-Value Customers,0
CUST_01359,4.0,413.7675,1655.07,2.0,4.25,0.0,0.0,0,Occasional Moderate-Value Customers,0
CUST_01360,11.0,469.9709090909091,5169.68,2.2,3.857142857142857,4.0,2.0,1,Frequent High-Value Customers,0
CUST_01361,7.0,768.4442857142857,5379.11,1.4,4.0,1.0,1.0,0,Occasional Moderate-Value Customers,0
CUST_01362,4.0,828.51,3314.04,1.3333333333333333,4.0,0.0,0.0,0,Occasional Moderate-Value Customers,0
CUST_01363,6.0,1084.4483333333333,6506.69,1.5,4.333333333333333,0.0,1.0,0,Occasional Moderate-Value Customers,0
CUST_01364,9.0,841.2555555555555,7571.299999999999,2.25,4.444444444444445,3.0,0.0,1,Frequent High-Value Customers,0
CUST_01365,6.0,615.0783333333333,3690.47,2.0,4.25,1.0,0.0,0,Occasional Moderate-Value Customers,0
CUST_01366,3.0,1115.5166666666667,3346.5499999999997,1.5,4.0,0.0,1.0,0,Occasional Moderate-Value Customers,0
CUST_01367,2.0,487.005,974.01,1.0,5.0,0.0,0.0,0,Occasional Moderate-Value Customers,1
CUST_01368,17.0,749.8894117647059,12748.119999999999,2.8333333333333335,4.0,2.0,2.0,1,Frequent High-Value Customers,-1
CUST_01369,6.0,459.43666666666667,2756.62,2.0,4.333333333333333,2.0,1.0,0,Occasional Moderate-Value Customers,0
CUST_01370,7.0,1050.8257142857144,7355.780000000001,2.3333333333333335,4.2,4.0,0.0,1,Frequent High-Value Customers,0
CUST_01371,5.0,827.402,4137.01,1.25,3.6,2.0,1.0,0,Occasional Moderate-Value Customers,0
CUST_01372,0.0,0.0,0.0,0.0,4.051247275223098,0.0,0.0,0,Occasional Moderate-Value Customers,-1
CUST_01373,3.0,1933.1433333333334,5799.43,1.0,4.333333333333333,0.0,1.0,0,Occasional Moderate-Value Customers,-1
CUST_01374,9.0,650.6066666666667,5855.46,1.8,4.166666666666667,4.0,2.0,1,Frequent High-Value Customers,0
CUST_01375,5.0,1293.29,6466.45,2.5,4.4,2.0,1.0,1,Frequent High-Value Customers,-1
CUST_01376,10.0,483.64699999999993,4836.469999999999,2.0,3.7777777777777777,5.0,2.0,1,Frequent High-Value Customers,0
CUST_01377,3.0,643.8233333333333,1931.4699999999998,1.5,3.5,1.0,1.0,0,Occasional Moderate-Value Customers,0
CUST_01378,5.0,885.1299999999999,4425.65,1.25,3.2,1.0,1.0,0,Occasional Moderate-Value Customers,0
CUST_01379,4.0,580.495,2321.98,1.3333333333333333,4.0,1.0,0.0,0,Occasional Moderate-Value Customers,0
CUST_01380,9.0,564.1811111111111,5077.63,2.25,4.0,3.0,0.0,1,Frequent High-Value Customers,0
CUST_01381,11.0,548.13,6029.43,2.2,3.7777777777777777,4.0,2.0,1,Frequent High-Value Customers,0
CUST_01382,4.0,1353.6175,5414.47,1.0,4.0,0.0,0.0,0,Occasional Moderate-Value Customers,0
CUST_01383,10.0,560.5350000000001,5605.35,3.3333333333333335,3.75,5.0,2.0,1,Frequent High-Value Customers,-1
CUST_01384,3.0,1204.0466666666669,3612.1400000000003,1.5,4.0,1.0,0.0,0,Occasional Moderate-Value Customers,0
CUST_01385,9.0,566.9233333333334,5102.31,1.8,3.625,2.0,1.0,1,Frequent High-Value Customers,0
CUST_01386,4.0,549.64,2198.56,1.3333333333333333,4.5,1.0,1.0,0,Occasional Moderate-Value Customers,0
CUST_01387,9.0,376.6966666666666,3390.2699999999995,1.8,4.25,2.0,2.0,1,Frequent High-Value Customers,0
CUST_01388,7.0,1020.6185714285714,7144.33,1.75,3.8,1.0,1.0,1,Frequent High-Value Customers,0
CUST_01389,6.0,2239.705,13438.23,3.0,4.333333333333333,1.0,1.0,1,Frequent High-Value Customers,-1
CUST_01390,10.0,384.563,3845.6299999999997,2.0,3.7777777777777777,2.0,2.0,1,Frequent High-Value Customers,0
CUST_01391,8.0,577.0475,4616.38,2.0,4.8,1.0,1.0,0,Occasional Moderate-Value Customers,0
CUST_01392,6.0,602.16,3612.96,1.2,4.25,1.0,3.0,0,Occasional Moderate-Value Customers,-1
CUST_01393,2.0,855.145,1710.29,1.0,4.5,2.0,1.0,0,Occasional Moderate-Value Customers,-1
CUST_01394,2.0,2693.995,5387.99,1.0,3.0,0.0,1.0,0,Occasional Moderate-Value Customers,-1
CUST_01395,3.0,390.7266666666667,1172.18,1.5,4.5,0.0,0.0,0,Occasional Moderate-Value Customers,0
CUST_01396,4.0,899.7525,3599.01,2.0,4.666666666666667,2.0,1.0,0,Occasional Moderate-Value Customers,-1
CUST_01397,4.0,434.385,1737.54,1.0,4.333333333333333,0.0,0.0,0,Occasional Moderate-Value Customers,0
CUST_01398,5.0,340.446,1702.23,5.0,3.6666666666666665,2.0,1.0,1,Frequent High-Value Customers,-1
CUST_01399,12.0,468.82500000000005,5625.900000000001,2.4,4.571428571428571,4.0,3.0,1,Frequent High-Value Customers,-1
CUST_01400,6.0,371.5566666666667,2229.34,1.5,4.166666666666667,1.0,1.0,0,Occasional Moderate-Value Customers,0
CUST_01401,3.0,699.6733333333333,2099.02,1.5,4.333333333333333,1.0,0.0,0,Occasional Moderate-Value Customers,0
CUST_01402,4.0,1851.6900000000003,7406.760000000001,1.0,4.5,0.0,0.0,0,Occasional Moderate-Value Customers,-1
CUST_01403,4.0,1063.83,4255.32,2.0,3.5,0.0,0.0,0,Occasional Moderate-Value Customers,0
CUST_01404,8.0,343.72375,2749.79,2.0,4.333333333333333,3.0,2.0,1,Frequent High-Value Customers,0
CUST_01405,9.0,803.4955555555556,7231.46,3.0,3.875,6.0,1.0,1,Frequent High-Value Customers,-1
CUST_01406,5.0,636.694,3183.47,1.25,3.75,1.0,1.0,0,Occasional Moderate-Value Customers,0
CUST_01407,9.0,965.9988888888888,8693.99,2.25,3.5714285714285716,2.0,2.0,1,Frequent High-Value Customers,-1
CUST_01408,4.0,381.84499999999997,1527.3799999999999,2.0,4.0,2.0,0.0,0,Occasional Moderate-Value Customers,0
CUST_01409,14.0,430.82071428571425,6031.49,2.8,4.153846153846154,4.0,2.0,1,Frequent High-Value Customers,-1
CUST_01410,7.0,720.7614285714286,5045.33,1.4,3.5,2.0,1.0,0,Occasional Moderate-Value Customers,0
CUST_01411,2.0,2242.6150000000002,4485.2300000000005,2.0,4.0,1.0,1.0,0,Occasional Moderate-Value Customers,-1
CUST_01412,4.0,657.47,2629.88,1.0,4.25,1.0,1.0,0,Occasional Moderate-Value Customers,0
CUST_01413,4.0,382.37,1529.48,1.3333333333333333,3.3333333333333335,0.0,0.0,0,Occasional Moderate-Value Customers,0
CUST_01414,3.0,757.2733333333334,2271.82,1.5,4.0,1.0,1.0,0,Occasional Moderate-Value Customers,0
CUST_01415,6.0,485.05833333333334,2910.35,1.2,4.666666666666667,1.0,2.0,0,Occasional Moderate-Value Customers,-1
CUST_01416,10.0,845.6200000000001,8456.2,2.0,4.142857142857143,1.0,2.0,1,Frequent High-Value Customers,0
CUST_01417,2.0,215.66,431.32,1.0,4.0,2.0,0.0,0,Occasional Moderate-Value Customers,0
CUST_01418,3.0,333.85999999999996,1001.5799999999999,1.5,5.0,1.0,0.0,0,Occasional Moderate-Value Customers,-1
CUST_01419,8.0,897.33125,7178.65,2.0,4.0,3.0,1.0,1,Frequent High-Value Customers,0
CUST_01420,11.0,486.48909090909086,5351.379999999999,2.2,3.5,4.0,1.0,1,Frequent High-Value Customers,-1
CUST_01421,6.0,509.26833333333326,3055.6099999999997,2.0,4.0,2.0,0.0,0,Occasional Moderate-Value Customers,0
CUST_01422,6.0,726.7616666666667,4360.57,1.2,4.333333333333333,2.0,1.0,0,Occasional Moderate-Value Customers,0
CUST_01423,3.0,189.04333333333332,567.13,1.5,4.5,1.0,0.0,0,Occasional Moderate-Value Customers,0
CUST_01424,9.0,1556.6811111111112,14010.130000000001,1.8,3.7142857142857144,4.0,2.0,1,Frequent High-Value Customers,-1
CUST_01425,13.0,1236.8384615384616,16078.9,2.1666666666666665,4.2,4.0,1.0,1,Frequent High-Value Customers,-1
CUST_01426,13.0,695.8199999999999,9045.66,2.6,3.909090909090909,3.0,1.0,1,Frequent High-Value Customers,0
CUST_01427,10.0,1055.535,10555.35,2.5,4.0,1.0,2.0,1,Frequent High-Value Customers,0
CUST_01428,14.0,869.6142857142858,12174.6,2.3333333333333335,4.0,7.0,3.0,1,Frequent High-Value Customers,-1
CUST_01429,13.0,470.18461538461537,6112.4,2.6,4.0,5.0,1.0,1,Frequent High-Value Customers,-1
CUST_01430,8.0,1146.9825,9175.86,1.6,4.8,5.0,0.0,1,Frequent High-Value Customers,-1
CUST_01431,5.0,1165.886,5829.43,1.6666666666666667,4.2,1.0,1.0,0,Occasional Moderate-Value Customers,0
CUST_01432,7.0,761.0314285714286,5327.22,1.75,4.0,3.0,2.0,1,Frequent High-Value Customers,0
CUST_01433,7.0,882.0628571428571,6174.44,1.75,4.25,1.0,1.0,0,Occasional Moderate-Value Customers,0
CUST_01434,5.0,691.242,3456.21,1.6666666666666667,3.5,1.0,0.0,0,Occasional Moderate-Value Customers,0
CUST_01435,5.0,486.96400000000006,2434.82,1.25,4.2,1.0,0.0,0,Occasional Moderate-Value Customers,0
CUST_01436,5.0,516.632,2583.16,1.25,4.2,1.0,1.0,0,Occasional Moderate-Value Customers,0
CUST_01437,11.0,913.0581818181818,10043.64,1.8333333333333333,4.0,2.0,2.0,1,Frequent High-Value Customers,0
CUST_01438,6.0,1188.51,7131.0599999999995,1.5,4.0,3.0,3.0,1,Frequent High-Value Customers,-1
CUST_01439,4.0,365.8,1463.2,2.0,4.0,2.0,0.0,0,Occasional Moderate-Value Customers,0
CUST_01440,8.0,597.23375,4777.87,2.6666666666666665,3.8,2.0,0.0,1,Frequent High-Value Customers,0
CUST_01441,9.0,1638.6633333333332,14747.97,2.25,4.333333333333333,0.0,1.0,1,Frequent High-Value Customers,-1
CUST_01442,3.0,196.29,588.87,1.0,4.5,0.0,0.0,0,Occasional Moderate-Value Customers,0
CUST_01443,6.0,477.08,2862.48,1.5,3.6,1.0,0.0,0,Occasional Moderate-Value Customers,0
CUST_01444,4.0,825.29,3301.16,1.3333333333333333,3.6666666666666665,2.0,0.0,0,Occasional Moderate-Value Customers,0
CUST_01445,7.0,864.71,6052.97,2.3333333333333335,4.333333333333333,1.0,1.0,1,Frequent High-Value Customers,0
CUST_01446,8.0,368.7525,2950.02,1.6,4.4,2.0,0.0,0,Occasional Moderate-Value Customers,0
CUST_01447,5.0,750.836,3754.18,1.6666666666666667,4.0,0.0,0.0,0,Occasional Moderate-Value Customers,0
CUST_01448,9.0,499.5244444444445,4495.72,1.5,4.0,2.0,0.0,0,Occasional Moderate-Value Customers,0
CUST_01449,11.0,998.9654545454546,10988.62,2.75,4.125,5.0,1.0,1,Frequent High-Value Customers,-1
CUST_01450,8.0,472.19,3777.52,1.6,3.8,3.0,2.0,1,Frequent High-Value Customers,0
CUST_01451,6.0,420.18333333333334,2521.1,1.5,4.666666666666667,3.0,1.0,0,Occasional Moderate-Value Customers,0
CUST_01452,3.0,1489.5766666666668,4468.7300000000005,1.0,4.0,0.0,0.0,0,Occasional Moderate-Value Customers,0
CUST_01453,8.0,723.09,5784.72,1.6,5.0,3.0,1.0,1,Frequent High-Value Customers,-1
CUST_01454,7.0,1041.3471428571427,7289.429999999999,2.3333333333333335,4.0,2.0,0.0,1,Frequent High-Value Customers,0
CUST_01455,8.0,811.0125,6488.1,1.6,4.2,3.0,1.0,1,Frequent High-Value Customers,0
CUST_01456,9.0,325.56666666666666,2930.1,1.5,4.166666666666667,4.0,0.0,0,Occasional Moderate-Value Customers,0
CUST_01457,8.0,923.995,7391.96,1.3333333333333333,3.6666666666666665,6.0,0.0,1,Frequent High-Value Customers,-1
CUST_01458,3.0,637.8633333333333,1913.59,1.0,4.333333333333333,3.0,0.0,0,Occasional Moderate-Value Customers,0
CUST_01459,5.0,590.636,2953.18,1.6666666666666667,3.75,1.0,0.0,0,Occasional Moderate-Value Customers,0
CUST_01460,10.0,624.5469999999999,6245.469999999999,2.5,4.0,5.0,1.0,1,Frequent High-Value Customers,0
CUST_01461,8.0,277.95125,2223.61,2.0,3.6666666666666665,2.0,1.0,0,Occasional Moderate-Value Customers,0
CUST_01462,6.0,991.7783333333333,5950.67,1.2,4.0,2.0,0.0,0,Occasional Moderate-Value Customers,0
CUST_01463,3.0,386.16333333333324,1158.4899999999998,1.0,4.0,2.0,0.0,0,Occasional Moderate-Value Customers,0
CUST_01464,3.0,357.79,1073.3700000000001,1.0,4.5,1.0,0.0,0,Occasional Moderate-Value Customers,0
CUST_01465,7.0,1269.3071428571427,8885.15,1.75,3.6,1.0,2.0,1,Frequent High-Value Customers,-1
CUST_01466,5.0,528.346,2641.73,1.25,4.75,1.0,0.0,0,Occasional Moderate-Value Customers,0
CUST_01467,12.0,1173.1341666666667,14077.61,2.4,3.7,7.0,2.0,1,Frequent High-Value Customers,-1
CUST_01468,6.0,522.055,3132.33,1.5,4.666666666666667,2.0,1.0,0,Occasional Moderate-Value Customers,0
CUST_01469,12.0,1006.8608333333333,12082.33,4.0,3.7777777777777777,5.0,1.0,1,Frequent High-Value Customers,-1
CUST_01470,8.0,610.66625,4885.33,2.0,4.2,2.0,0.0,0,Occasional Moderate-Value Customers,0
CUST_01471,6.0,170.22666666666666,1021.36,1.5,4.25,2.0,0.0,0,Occasional Moderate-Value Customers,0
CUST_01472,9.0,1582.2333333333333,14240.1,2.25,3.8,5.0,0.0,1,Frequent High-Value Customers,-1
CUST_01473,8.0,905.3425,7242.74,2.0,4.5,3.0,2.0,1,Frequent High-Value Customers,0
CUST_01474,7.0,307.8228571428572,2154.76,2.3333333333333335,4.2,3.0,1.0,0,Occasional Moderate-Value Customers,0
CUST_01475,7.0,1447.8842857142856,10135.189999999999,1.4,4.142857142857143,3.0,0.0,1,Frequent High-Value Customers,0
CUST_01476,5.0,1342.022,6710.11,1.6666666666666667,4.75,1.0,0.0,0,Occasional Moderate-Value Customers,0
CUST_01477,7.0,716.5371428571428,5015.76,1.4,4.5,2.0,2.0,0,Occasional Moderate-Value Customers,0
CUST_01478,7.0,943.6557142857143,6605.59,1.75,4.0,2.0,0.0,0,Occasional Moderate-Value Customers,0
CUST_01479,9.0,453.7977777777778,4084.1800000000003,2.25,4.0,3.0,1.0,1,Frequent High-Value Customers,0
CUST_01480,7.0,1163.3585714285714,8143.51,2.3333333333333335,4.2,2.0,0.0,1,Frequent High-Value Customers,0
CUST_01481,8.0,657.175,5257.4,1.6,4.0,0.0,1.0,0,Occasional Moderate-Value Customers,0
CUST_01482,9.0,625.0566666666667,5625.51,1.5,4.0,3.0,1.0,1,Frequent High-Value Customers,0
CUST_01483,3.0,293.27000000000004,879.8100000000001,1.0,3.5,0.0,0.0,0,Occasional Moderate-Value Customers,0
CUST_01484,5.0,781.766,3908.83,1.0,4.0,1.0,0.0,0,Occasional Moderate-Value Customers,0
CUST_01485,9.0,1207.49,10867.41,1.8,4.0,3.0,2.0,1,Frequent High-Value Customers,0
CUST_01486,6.0,706.265,4237.59,1.2,4.0,0.0,2.0,0,Occasional Moderate-Value Customers,0
CUST_01487,4.0,656.9625,2627.85,1.0,4.5,2.0,0.0,0,Occasional Moderate-Value Customers,0
CUST_01488,6.0,422.1933333333333,2533.16,2.0,3.25,3.0,3.0,1,Frequent High-Value Customers,-1
CUST_01489,1.0,256.97,256.97,1.0,4.0,1.0,0.0,0,Occasional Moderate-Value Customers,0
CUST_01490,4.0,774.5550000000001,3098.2200000000003,1.3333333333333333,4.333333333333333,1.0,0.0,0,Occasional Moderate-Value Customers,0
CUST_01491,4.0,242.20250000000001,968.8100000000001,2.0,3.3333333333333335,1.0,1.0,0,Occasional Moderate-Value Customers,-1
CUST_01492,7.0,196.69285714285712,1376.85,1.4,4.6,4.0,0.0,0,Occasional Moderate-Value Customers,0
CUST_01493,7.0,268.95285714285717,1882.67,1.4,4.25,3.0,1.0,0,Occasional Moderate-Value Customers,0
CUST_01494,4.0,468.345,1873.38,1.3333333333333333,3.75,1.0,1.0,0,Occasional Moderate-Value Customers,0
CUST_01495,4.0,612.8199999999999,2451.2799999999997,1.3333333333333333,3.6666666666666665,1.0,0.0,0,Occasional Moderate-Value Customers,0
CUST_01496,7.0,573.12,4011.84,1.75,3.6,1.0,0.0,0,Occasional Moderate-Value Customers,0
CUST_01497,5.0,1209.5459999999998,6047.73,1.6666666666666667,4.0,3.0,0.0,0,Occasional Moderate-Value Customers,0
CUST_01498,6.0,586.8549999999999,3521.1299999999997,1.5,3.3333333333333335,2.0,1.0,0,Occasional Moderate-Value Customers,0
CUST_01499,2.0,273.895,547.79,1.0,3.5,1.0,1.0,0,Occasional Moderate-Value Customers,0
CUST_01500,11.0,1038.05,11418.55,2.75,3.6666666666666665,2.0,1.0,1,Frequent High-Value Customers,-1
