order_id,customer_id,restaurant_id,order_timestamp,order_status,order_amount,tip_amount,items_count,payment_method,weather,traffic_condition
ORD_000001,CUST_01488,REST_0096,2025-02-16 18:06:14,Delivered,423.9,23.33,2,UPI,Rain,Medium
ORD_000002,CUST_00137,REST_0120,2025-04-04 11:23:54,Delivered,82.53,9.3,1,UPI,Clear,High
ORD_000003,CUST_00193,REST_0142,2025-06-02 18:35:49,Delivered,544.4,81.65,6,Credit Card,Rain,Medium
ORD_000004,CUST_01240,REST_0154,2025-05-22 12:52:49,Delivered,1873.11,93.99,4,Wallet,Clear,Low
ORD_000005,CUST_01300,REST_0170,2025-02-05 12:33:20,Delivered,1137.79,249.06,5,Debit Card,Clear,Medium
ORD_000006,CUST_00671,REST_0156,2025-02-07 14:14:11,Delivered,586.92,161.82,4,Credit Card,Rain,High
ORD_000007,CUST_01075,REST_0102,2025-06-27 20:36:10,Cancelled,198.13,0.0,2,UPI,Rain,Medium
ORD_000008,CUST_01304,REST_0005,2025-04-30 08:53:00,Cancelled,192.96,0.0,3,Wallet,Clear,Medium
ORD_000009,CUST_00066,REST_0096,2025-06-17 18:25:57,Delivered,339.6,55.95,2,UPI,Clear,Medium
ORD_000010,CUST_00865,REST_0074,2025-06-20 07:55:42,Delivered,731.67,28.31,2,UPI,Clear,High
ORD_000011,CUST_01282,REST_0162,2025-05-23 22:13:32,Delivered,1753.93,30.39,4,UPI,Clear,Low
ORD_000012,CUST_00595,REST_0044,2025-01-07 07:01:49,Delivered,350.09,124.28,3,UPI,Clear,Medium
ORD_000013,CUST_00455,REST_0146,2025-04-03 12:51:26,Delivered,566.16,68.03,3,UPI,Clear,High
ORD_000014,CUST_01194,REST_0016,2025-01-12 19:13:09,Delivered,834.12,158.78,6,Credit Card,Clear,Low
ORD_000015,CUST_00504,REST_0182,2025-01-23 11:57:30,Delivered,889.78,144.97,3,Debit Card,Heavy Rain,High
ORD_000016,CUST_00005,REST_0165,2025-02-21 18:18:18,Delivered,111.62,19.64,2,UPI,Rain,High
ORD_000017,CUST_01441,REST_0091,2025-04-18 18:58:43,Delivered,230.12,24.17,2,UPI,Clear,Medium
ORD_000018,CUST_00893,REST_0064,2025-03-25 18:47:00,Cancelled,3324.25,0.0,4,Wallet,Clear,Low
ORD_000019,CUST_01230,REST_0175,2025-05-21 03:11:28,Cancelled,430.42,0.0,2,UPI,Clear,Low
ORD_000020,CUST_01239,REST_0107,2025-04-05 07:01:21,Delivered,215.02,11.85,3,UPI,Cloudy,High
ORD_000021,CUST_00102,REST_0067,2025-05-30 17:51:55,Cancelled,312.32,0.0,3,UPI,Cloudy,Medium
ORD_000022,CUST_00257,REST_0145,2025-01-14 12:49:08,Delivered,377.18,70.39,3,UPI,Clear,Low
ORD_000023,CUST_00469,REST_0074,2025-04-28 15:55:26,Delivered,324.29,9.57,1,UPI,Rain,Medium
ORD_000024,CUST_00482,REST_0173,2025-01-29 15:27:00,Cancelled,466.04,0.0,1,UPI,Clear,Low
ORD_000025,CUST_00995,REST_0005,2025-01-11 18:06:06,Delivered,102.02,15.6,2,UPI,Clear,Low
ORD_000026,CUST_00940,REST_0102,2025-06-11 20:49:41,Delivered,138.5,23.42,2,UPI,Cloudy,High
ORD_000027,CUST_00746,REST_0101,2025-03-30 09:28:54,Delivered,574.02,103.41,2,UPI,Clear,Medium
ORD_000028,CUST_00319,REST_0054,2025-03-30 17:53:47,Delivered,563.57,31.3,3,UPI,Cloudy,Low
ORD_000029,CUST_00571,REST_0038,2025-03-21 12:31:00,Delivered,485.76,24.41,3,UPI,Clear,High
ORD_000030,CUST_00817,REST_0198,2025-01-21 22:08:01,Delivered,1024.06,55.15,7,UPI,Clear,Low
ORD_000031,CUST_00706,REST_0059,2025-04-17 11:23:47,Delivered,566.3,23.92,3,UPI,Clear,Low
ORD_000032,CUST_00194,REST_0124,2025-04-27 11:37:13,Delivered,302.01,23.74,3,UPI,Clear,Low
ORD_000033,CUST_00980,REST_0024,2025-03-11 17:58:00,Delivered,378.06,31.49,2,Credit Card,Cloudy,Severe
ORD_000034,CUST_00113,REST_0155,2025-02-20 19:16:59,Delivered,174.37,56.4,2,UPI,Clear,Medium
ORD_000035,CUST_00565,REST_0101,2025-03-06 18:35:36,Cancelled,572.16,0.0,3,Wallet,Rain,Medium
ORD_000036,CUST_01069,REST_0171,2025-06-07 19:49:27,Delivered,621.87,134.61,4,Credit Card,Cloudy,Medium
ORD_000037,CUST_00032,REST_0155,2025-03-22 16:26:00,Delivered,516.68,76.08,4,UPI,Rain,Low
ORD_000038,CUST_00858,REST_0001,2025-03-31 14:12:16,Delivered,315.86,27.56,5,UPI,Clear,High
ORD_000039,CUST_00502,REST_0002,2025-06-17 14:34:10,Delivered,4423.65,582.0,5,UPI,Clear,Low
ORD_000040,CUST_00013,REST_0043,2025-01-09 20:36:04,Delivered,958.25,31.93,3,UPI,Cloudy,Medium
ORD_000041,CUST_00285,REST_0042,2025-05-27 21:34:49,Delivered,83.52,13.01,2,UPI,Clear,High
ORD_000042,CUST_01413,REST_0031,2025-01-27 13:59:11,Delivered,349.65,44.69,2,UPI,Clear,Low
ORD_000043,CUST_00786,REST_0090,2025-02-05 14:50:00,Delivered,3092.6,348.22,5,UPI,Rain,Low
ORD_000044,CUST_01496,REST_0150,2025-03-18 13:28:28,Delivered,472.13,48.12,3,UPI,Cloudy,Medium
ORD_000045,CUST_00791,REST_0052,2025-05-30 10:41:18,Delivered,736.14,31.27,2,UPI,Cloudy,Medium
ORD_000046,CUST_00817,REST_0099,2025-02-07 09:38:14,Delivered,341.05,15.27,1,Debit Card,Rain,Medium
ORD_000047,CUST_00585,REST_0168,2025-02-23 20:45:47,Delivered,1073.13,80.96,4,Wallet,Cloudy,Medium
ORD_000048,CUST_00467,REST_0142,2025-06-23 21:56:51,Delivered,80.0,8.8,1,Credit Card,Cloudy,Medium
ORD_000049,CUST_00381,REST_0137,2025-06-11 20:05:36,Delivered,4033.29,312.2,5,Debit Card,Clear,Severe
ORD_000050,CUST_00514,REST_0079,2025-03-19 11:49:48,Delivered,1536.09,20.0,5,UPI,Clear,Medium
ORD_000051,CUST_00692,REST_0114,2025-03-14 21:47:00,Delivered,529.03,80.17,4,UPI,Clear,Medium
ORD_000052,CUST_00288,REST_0009,2025-06-05 10:37:39,Delivered,2024.63,332.13,3,UPI,Clear,High
ORD_000053,CUST_00339,REST_0124,2025-01-25 22:04:06,Delivered,445.11,56.96,5,UPI,Clear,Medium
ORD_000054,CUST_00409,REST_0111,2025-05-31 18:21:52,Delivered,2342.9,422.21,3,UPI,Clear,Low
ORD_000055,CUST_00676,REST_0089,2025-03-12 21:11:00,Delivered,484.14,74.96,3,UPI,Cloudy,Medium
ORD_000056,CUST_00986,REST_0144,2025-04-07 11:10:38,Delivered,98.41,13.71,2,UPI,Clear,Low
ORD_000057,CUST_01286,REST_0075,2025-01-04 08:32:16,Cancelled,528.7,0.0,2,UPI,Rain,Severe
ORD_000058,CUST_00433,REST_0111,2025-01-27 14:06:24,Delivered,2681.27,470.5,3,UPI,Clear,Low
ORD_000059,CUST_00275,REST_0194,2025-03-13 14:03:11,Delivered,142.62,9.07,4,Cash,Rain,Severe
ORD_000060,CUST_00566,REST_0179,2025-02-27 22:36:43,Delivered,2834.39,172.1,3,UPI,Clear,High
ORD_000061,CUST_01344,REST_0010,2025-02-28 18:44:21,Delivered,637.95,84.88,5,UPI,Clear,High
ORD_000062,CUST_00015,REST_0003,2025-03-06 11:35:07,Delivered,168.12,9.04,2,Cash,Rain,Low
ORD_000063,CUST_01022,REST_0124,2025-06-29 21:35:59,Cancelled,392.35,0.0,5,UPI,Clear,Medium
ORD_000064,CUST_00719,REST_0043,2025-02-12 22:45:03,Delivered,497.34,86.75,2,Debit Card,Clear,Medium
ORD_000065,CUST_00244,REST_0164,2025-05-21 19:44:24,Delivered,546.34,32.23,3,UPI,Clear,Low
ORD_000066,CUST_00482,REST_0170,2025-03-08 11:38:00,Delivered,2148.59,265.76,6,UPI,Clear,Medium
ORD_000067,CUST_00340,REST_0099,2025-03-16 14:55:21,Delivered,1241.81,108.68,4,Debit Card,Cloudy,Low
ORD_000068,CUST_01319,REST_0088,2025-03-03 11:12:47,Delivered,104.14,1.73,2,Credit Card,Clear,Low
ORD_000069,CUST_00726,REST_0137,2025-06-08 18:40:34,Delivered,4579.74,701.08,5,UPI,Heavy Rain,High
ORD_000070,CUST_00848,REST_0142,2025-05-06 18:12:53,Delivered,80.0,12.13,1,UPI,Clear,Severe
ORD_000071,CUST_00895,REST_0069,2025-05-02 09:07:53,Delivered,842.52,203.53,3,Cash,Clear,Medium
ORD_000072,CUST_00965,REST_0033,2025-05-15 16:38:22,Delivered,801.83,110.05,4,UPI,Cloudy,Medium
ORD_000073,CUST_00747,REST_0168,2025-04-10 16:44:03,Delivered,941.29,58.33,5,UPI,Heavy Rain,High
ORD_000074,CUST_00028,REST_0076,2025-01-30 22:38:04,Delivered,80.0,9.23,1,Credit Card,Clear,Low
ORD_000075,CUST_00502,REST_0030,2025-01-22 21:21:33,Delivered,203.26,10.35,3,UPI,Clear,High
ORD_000076,CUST_00276,REST_0071,2025-01-29 22:59:54,Delivered,628.28,57.24,3,UPI,Rain,Severe
ORD_000077,CUST_01025,REST_0025,2025-03-18 18:27:03,Delivered,131.31,39.75,2,Debit Card,Clear,Low
ORD_000078,CUST_00087,REST_0113,2025-04-06 02:47:19,Delivered,341.79,10.46,3,Credit Card,Heavy Rain,Medium
ORD_000079,CUST_00848,REST_0062,2025-01-06 15:12:30,Delivered,2894.26,419.07,4,UPI,Cloudy,Low
ORD_000080,CUST_00317,REST_0107,2025-02-08 13:21:36,Delivered,367.27,65.85,6,Credit Card,Clear,High
ORD_000081,CUST_01425,REST_0035,2025-04-19 20:14:50,Delivered,695.98,108.23,3,UPI,Clear,Low
ORD_000082,CUST_00504,REST_0058,2025-01-23 18:45:28,Delivered,368.97,63.74,3,UPI,Clear,Low
ORD_000083,CUST_00489,REST_0066,2025-05-31 14:48:12,Delivered,292.27,57.41,2,UPI,Rain,High
ORD_000084,CUST_01386,REST_0113,2025-02-01 04:44:40,Delivered,224.08,14.58,3,UPI,Rain,Medium
ORD_000085,CUST_00626,REST_0103,2025-03-06 20:39:17,Delivered,4250.11,739.65,5,UPI,Rain,Severe
ORD_000086,CUST_01446,REST_0113,2025-06-13 13:00:46,Delivered,403.29,74.34,5,UPI,Heavy Rain,Severe
ORD_000087,CUST_00037,REST_0045,2025-06-29 12:08:21,Delivered,571.57,153.07,4,UPI,Clear,Low
ORD_000088,CUST_00462,REST_0135,2025-04-30 09:51:09,Delivered,275.19,20.62,3,UPI,Rain,Medium
ORD_000089,CUST_01006,REST_0099,2025-02-25 14:01:53,Cancelled,1456.47,0.0,4,Debit Card,Clear,High
ORD_000090,CUST_01338,REST_0129,2025-02-06 22:32:31,Delivered,860.08,338.78,3,UPI,Rain,Low
ORD_000091,CUST_00388,REST_0027,2025-01-12 11:54:47,Delivered,573.82,22.57,2,Wallet,Clear,Medium
ORD_000092,CUST_01397,REST_0081,2025-06-03 19:51:25,Delivered,174.37,15.95,4,UPI,Clear,Medium
ORD_000093,CUST_00896,REST_0067,2025-05-24 11:48:48,Delivered,266.82,21.07,3,Debit Card,Clear,High
ORD_000094,CUST_01201,REST_0031,2025-04-02 15:59:40,Delivered,410.29,28.16,2,UPI,Rain,Medium
ORD_000095,CUST_00594,REST_0154,2025-06-13 21:14:54,Delivered,2187.18,287.76,3,Wallet,Clear,Low
ORD_000096,CUST_00320,REST_0062,2025-03-03 12:36:40,Delivered,1969.08,211.54,4,UPI,Clear,Low
ORD_000097,CUST_01368,REST_0182,2025-04-19 11:50:42,Delivered,1464.08,76.15,4,UPI,Heavy Rain,High
ORD_000098,CUST_01401,REST_0074,2025-06-21 20:54:21,Delivered,1289.19,71.73,3,UPI,Clear,High
ORD_000099,CUST_00750,REST_0169,2025-06-16 20:56:47,Cancelled,783.89,0.0,5,UPI,Clear,Medium
ORD_000100,CUST_00010,REST_0124,2025-05-23 11:56:35,Failed,373.9,0.0,3,UPI,Clear,Medium
ORD_000101,CUST_00168,REST_0120,2025-04-12 22:24:21,Delivered,276.36,8.1,2,UPI,Rain,High
ORD_000102,CUST_00863,REST_0197,2025-06-08 18:33:22,Delivered,97.56,17.06,1,UPI,Clear,Medium
ORD_000103,CUST_00037,REST_0098,2025-05-24 11:14:17,Delivered,718.92,179.97,3,UPI,Clear,Low
ORD_000104,CUST_00593,REST_0018,2025-04-12 18:12:00,Delivered,2685.9,187.84,8,Debit Card,Cloudy,Medium
ORD_000105,CUST_00457,REST_0154,2025-02-05 19:47:32,Delivered,3302.74,42.02,5,Credit Card,Cloudy,Medium
ORD_000106,CUST_01076,REST_0095,2025-04-12 09:16:03,Failed,795.17,0.0,3,UPI,Cloudy,Medium
ORD_000107,CUST_00085,REST_0047,2025-01-14 00:19:07,Delivered,363.26,71.32,2,UPI,Clear,Medium
ORD_000108,CUST_00736,REST_0042,2025-03-07 19:09:19,Delivered,153.33,32.62,3,Debit Card,Clear,Medium
ORD_000109,CUST_00872,REST_0053,2025-04-30 16:47:09,Delivered,365.79,6.13,2,Debit Card,Clear,Medium
ORD_000110,CUST_00931,REST_0157,2025-05-23 10:21:26,Delivered,177.98,20.24,1,Wallet,Clear,High
ORD_000111,CUST_00607,REST_0054,2025-01-15 16:21:49,Delivered,447.43,91.0,2,UPI,Cloudy,Medium
ORD_000112,CUST_00459,REST_0085,2025-03-24 20:15:00,Delivered,697.86,224.22,6,Wallet,Cloudy,Medium
ORD_000113,CUST_01028,REST_0074,2025-06-28 10:41:18,Delivered,5000.0,601.77,7,Debit Card,Cloudy,Low
ORD_000114,CUST_01272,REST_0197,2025-04-14 22:36:33,Delivered,306.47,35.15,2,UPI,Heavy Rain,High
ORD_000115,CUST_01045,REST_0081,2025-02-18 14:29:20,Delivered,221.98,16.44,3,Debit Card,Clear,Low
ORD_000116,CUST_01400,REST_0170,2025-01-21 20:08:33,Delivered,296.17,21.65,1,Cash,Clear,Medium
ORD_000117,CUST_01080,REST_0015,2025-06-27 12:20:56,Delivered,143.54,12.74,1,Debit Card,Cloudy,Low
ORD_000118,CUST_01149,REST_0163,2025-03-25 23:44:35,Delivered,736.15,40.24,3,Cash,Heavy Rain,High
ORD_000119,CUST_00253,REST_0144,2025-03-04 21:30:01,Cancelled,132.93,0.0,2,UPI,Clear,Medium
ORD_000120,CUST_00629,REST_0013,2025-05-24 20:03:46,Delivered,743.41,74.09,5,UPI,Rain,Medium
ORD_000121,CUST_00731,REST_0072,2025-02-21 07:12:49,Delivered,305.44,89.12,2,Credit Card,Cloudy,Low
ORD_000122,CUST_00387,REST_0169,2025-02-14 23:19:55,Delivered,463.87,60.7,3,UPI,Rain,Medium
ORD_000123,CUST_00796,REST_0032,2025-03-12 16:32:27,Delivered,976.46,51.46,3,UPI,Clear,High
ORD_000124,CUST_00439,REST_0144,2025-04-24 13:59:55,Delivered,146.73,11.05,3,Credit Card,Clear,Medium
ORD_000125,CUST_01036,REST_0183,2025-03-29 11:27:00,Delivered,482.43,36.5,3,Credit Card,Cloudy,Severe
ORD_000126,CUST_00709,REST_0120,2025-01-14 10:14:16,Delivered,240.3,38.87,2,UPI,Clear,Low
ORD_000127,CUST_00690,REST_0168,2025-03-24 21:26:48,Delivered,762.77,28.06,3,Cash,Rain,Severe
ORD_000128,CUST_01475,REST_0079,2025-06-14 18:54:03,Delivered,1155.24,103.06,4,Debit Card,Cloudy,Medium
ORD_000129,CUST_00586,REST_0017,2025-04-08 22:36:57,Delivered,173.67,10.99,1,Debit Card,Cloudy,Low
ORD_000130,CUST_00541,REST_0157,2025-05-12 13:31:44,Delivered,185.21,10.46,1,UPI,Cloudy,Medium
ORD_000131,CUST_00479,REST_0112,2025-04-22 14:55:15,Delivered,1769.6,114.0,2,UPI,Clear,Low
ORD_000132,CUST_01344,REST_0103,2025-01-14 20:00:51,Delivered,1016.41,8.27,1,UPI,Rain,Medium
ORD_000133,CUST_00749,REST_0062,2025-02-27 22:03:08,Delivered,1656.86,276.16,3,UPI,Cloudy,Medium
ORD_000134,CUST_00905,REST_0026,2025-05-07 14:21:11,Delivered,383.56,67.83,2,UPI,Clear,Low
ORD_000135,CUST_00272,REST_0170,2025-05-08 19:31:59,Delivered,719.18,269.51,3,UPI,Cloudy,Low
ORD_000136,CUST_00813,REST_0081,2025-04-10 05:00:13,Delivered,98.41,4.38,2,UPI,Clear,Low
ORD_000137,CUST_00413,REST_0081,2025-04-21 21:37:25,Cancelled,231.96,0.0,4,Cash,Clear,Medium
ORD_000138,CUST_01100,REST_0060,2025-04-01 21:15:45,Delivered,1405.56,285.64,5,UPI,Clear,Medium
ORD_000139,CUST_01249,REST_0190,2025-01-07 11:24:30,Delivered,2478.16,603.06,3,UPI,Clear,Low
ORD_000140,CUST_01077,REST_0100,2025-02-14 22:17:00,Cancelled,607.85,0.0,3,Debit Card,Clear,Low
ORD_000141,CUST_01099,REST_0081,2025-03-30 19:55:06,Delivered,147.66,15.44,3,UPI,Rain,High
ORD_000142,CUST_00772,REST_0197,2025-05-20 10:45:18,Delivered,495.99,70.17,4,UPI,Clear,Low
ORD_000143,CUST_01073,REST_0139,2025-02-12 17:44:59,Delivered,80.0,2.82,1,UPI,Rain,Low
ORD_000144,CUST_00634,REST_0128,2025-04-06 21:09:00,Delivered,462.28,41.87,4,UPI,Clear,Low
ORD_000145,CUST_00984,REST_0197,2025-03-03 18:17:36,Delivered,483.17,36.37,4,UPI,Rain,High
ORD_000146,CUST_00391,REST_0100,2025-02-02 08:33:00,Delivered,488.45,26.52,3,UPI,Clear,High
ORD_000147,CUST_00107,REST_0024,2025-06-06 13:42:19,Delivered,285.03,10.83,1,Debit Card,Cloudy,Medium
ORD_000148,CUST_00620,REST_0012,2025-06-11 14:32:14,Delivered,1326.08,121.62,3,Wallet,Clear,Medium
ORD_000149,CUST_00695,REST_0001,2025-04-30 22:24:04,Delivered,187.67,24.84,4,Credit Card,Clear,Medium
ORD_000150,CUST_00388,REST_0027,2025-06-27 17:24:53,Delivered,891.26,46.79,3,Credit Card,Clear,Medium
ORD_000151,CUST_01095,REST_0156,2025-06-23 21:59:48,Delivered,673.51,104.95,3,UPI,Clear,Medium
ORD_000152,CUST_00113,REST_0193,2025-05-31 22:34:28,Delivered,149.78,6.44,2,Credit Card,Clear,Medium
ORD_000153,CUST_00337,REST_0187,2025-04-29 21:02:05,Delivered,197.77,23.35,4,Wallet,Clear,Low
ORD_000154,CUST_01125,REST_0144,2025-03-28 14:01:17,Delivered,80.0,4.45,1,UPI,Clear,High
ORD_000155,CUST_00658,REST_0199,2025-04-04 11:04:45,Delivered,163.12,17.7,5,Wallet,Cloudy,Low
ORD_000156,CUST_01062,REST_0143,2025-05-19 22:40:51,Delivered,500.46,117.57,2,Wallet,Cloudy,Low
ORD_000157,CUST_00854,REST_0154,2025-02-13 09:26:55,Delivered,3202.52,278.31,5,UPI,Clear,Medium
ORD_000158,CUST_01428,REST_0004,2025-05-20 19:00:56,Delivered,2042.1,138.36,6,UPI,Clear,Medium
ORD_000159,CUST_00902,REST_0106,2025-05-05 13:11:38,Delivered,380.06,177.44,2,Credit Card,Clear,Low
ORD_000160,CUST_00023,REST_0178,2025-02-05 09:35:25,Delivered,4426.01,474.05,5,UPI,Cloudy,Low
ORD_000161,CUST_00528,REST_0131,2025-06-24 17:37:13,Delivered,639.94,30.91,3,UPI,Cloudy,Severe
ORD_000162,CUST_00218,REST_0172,2025-03-31 22:06:54,Delivered,3564.55,857.87,5,UPI,Clear,Low
ORD_000163,CUST_01388,REST_0112,2025-02-25 19:11:23,Delivered,2699.5,101.16,5,Wallet,Clear,High
ORD_000164,CUST_00159,REST_0004,2025-03-24 19:03:44,Delivered,420.61,30.36,2,UPI,Rain,High
ORD_000165,CUST_00578,REST_0172,2025-02-11 19:05:27,Delivered,4135.39,318.17,4,Wallet,Rain,Medium
ORD_000166,CUST_00342,REST_0023,2025-05-06 10:50:28,Delivered,299.66,11.42,2,UPI,Heavy Rain,High
ORD_000167,CUST_01271,REST_0097,2025-02-11 20:04:36,Delivered,643.57,68.48,5,UPI,Cloudy,Low
ORD_000168,CUST_00465,REST_0139,2025-06-18 21:27:40,Delivered,301.62,63.36,5,UPI,Clear,Low
ORD_000169,CUST_01488,REST_0110,2025-04-21 02:13:37,Delivered,204.35,29.21,1,UPI,Clear,Medium
ORD_000170,CUST_00059,REST_0083,2025-03-03 21:39:33,Delivered,5000.0,640.77,8,Credit Card,Clear,Low
ORD_000171,CUST_00196,REST_0005,2025-06-14 17:13:17,Delivered,111.6,6.48,2,Wallet,Rain,High
ORD_000172,CUST_00339,REST_0015,2025-02-02 18:27:35,Delivered,372.69,6.24,3,Debit Card,Clear,Medium
ORD_000173,CUST_01218,REST_0111,2025-03-28 14:59:10,Delivered,2582.11,346.38,3,Wallet,Clear,Low
ORD_000174,CUST_01320,REST_0162,2025-02-01 15:03:38,Delivered,1919.51,219.27,4,Wallet,Clear,Low
ORD_000175,CUST_00110,REST_0064,2025-04-04 20:23:35,Delivered,854.47,270.87,1,UPI,Cloudy,Medium
ORD_000176,CUST_00051,REST_0103,2025-04-09 21:07:00,Delivered,5000.0,206.46,5,UPI,Rain,Severe
ORD_000177,CUST_01120,REST_0039,2025-04-11 11:06:39,Cancelled,953.29,0.0,6,Wallet,Clear,Medium
ORD_000178,CUST_00203,REST_0050,2025-01-13 11:26:17,Delivered,851.9,278.95,4,Debit Card,Clear,Medium
ORD_000179,CUST_00202,REST_0180,2025-03-29 20:15:13,Delivered,167.44,12.03,4,UPI,Cloudy,Medium
ORD_000180,CUST_00035,REST_0115,2025-05-08 11:05:34,Delivered,789.56,99.5,6,UPI,Rain,High
ORD_000181,CUST_00076,REST_0172,2025-02-13 19:07:00,Delivered,2749.32,488.31,3,Wallet,Clear,Medium
ORD_000182,CUST_00398,REST_0044,2025-03-19 13:40:00,Delivered,386.26,45.19,3,UPI,Heavy Rain,Severe
ORD_000183,CUST_00100,REST_0042,2025-04-22 07:20:34,Cancelled,209.77,0.0,4,UPI,Clear,Low
ORD_000184,CUST_00551,REST_0178,2025-04-15 20:28:00,Delivered,1414.3,129.15,2,Wallet,Heavy Rain,Medium
ORD_000185,CUST_01249,REST_0192,2025-05-14 18:42:40,Delivered,1640.99,125.3,7,Credit Card,Clear,High
ORD_000186,CUST_00490,REST_0140,2025-05-13 13:57:03,Delivered,340.59,17.51,3,UPI,Rain,Severe
ORD_000187,CUST_01095,REST_0131,2025-05-15 03:56:14,Delivered,966.31,24.71,4,UPI,Clear,High
ORD_000188,CUST_00143,REST_0042,2025-05-10 18:04:06,Delivered,222.96,8.76,5,Credit Card,Cloudy,Medium
ORD_000189,CUST_00996,REST_0086,2025-03-27 16:31:07,Delivered,372.72,31.54,3,UPI,Clear,Low
ORD_000190,CUST_00476,REST_0131,2025-02-10 18:00:46,Delivered,2093.39,135.96,6,Cash,Clear,High
ORD_000191,CUST_01127,REST_0045,2025-06-17 13:37:41,Delivered,501.84,32.15,3,UPI,Clear,High
ORD_000192,CUST_00207,REST_0024,2025-06-14 21:38:54,Delivered,271.63,15.22,1,UPI,Cloudy,Severe
ORD_000193,CUST_01349,REST_0050,2025-02-04 15:52:00,Delivered,1061.54,84.85,4,UPI,Cloudy,Medium
ORD_000194,CUST_00367,REST_0045,2025-04-22 19:54:01,Delivered,945.03,303.35,5,Credit Card,Clear,Medium
ORD_000195,CUST_00529,REST_0084,2025-03-01 18:42:05,Delivered,248.94,16.89,5,Credit Card,Clear,Low
ORD_000196,CUST_01427,REST_0149,2025-06-04 12:47:39,Delivered,80.0,4.75,1,UPI,Cloudy,High
ORD_000197,CUST_00871,REST_0193,2025-05-02 22:03:19,Delivered,106.76,11.51,2,Wallet,Rain,High
ORD_000198,CUST_00546,REST_0125,2025-04-16 18:21:51,Delivered,1119.73,162.44,4,UPI,Clear,Medium
ORD_000199,CUST_01426,REST_0017,2025-02-17 13:39:10,Delivered,395.04,135.32,2,UPI,Clear,Medium
ORD_000200,CUST_00494,REST_0187,2025-03-30 19:25:15,Delivered,204.7,19.74,4,Debit Card,Clear,Medium
ORD_000201,CUST_00145,REST_0106,2025-02-09 11:31:03,Delivered,818.18,122.15,4,UPI,Clear,Low
ORD_000202,CUST_01496,REST_0115,2025-04-27 12:44:16,Delivered,555.58,91.06,3,Credit Card,Clear,Medium
ORD_000203,CUST_00404,REST_0106,2025-06-18 12:05:26,Delivered,400.61,20.19,2,Debit Card,Clear,Medium
ORD_000204,CUST_01278,REST_0098,2025-04-16 20:42:23,Delivered,788.16,135.83,3,Debit Card,Rain,Medium
ORD_000205,CUST_00250,REST_0196,2025-03-14 12:10:34,Delivered,1227.64,34.61,5,UPI,Rain,Medium
ORD_000206,CUST_01101,REST_0168,2025-06-06 23:06:11,Delivered,503.41,45.72,2,Wallet,Clear,High
ORD_000207,CUST_00790,REST_0078,2025-04-03 19:49:23,Delivered,428.33,52.5,2,Cash,Cloudy,High
ORD_000208,CUST_01471,REST_0187,2025-02-06 07:10:34,Delivered,137.95,64.26,2,Credit Card,Cloudy,Medium
ORD_000209,CUST_00832,REST_0033,2025-02-24 20:02:54,Delivered,509.1,98.56,4,UPI,Cloudy,Low
ORD_000210,CUST_00039,REST_0082,2025-01-02 19:19:20,Delivered,523.51,80.89,3,UPI,Clear,Medium
ORD_000211,CUST_00911,REST_0106,2025-03-04 22:01:25,Cancelled,648.14,0.0,3,Debit Card,Rain,High
ORD_000212,CUST_00221,REST_0168,2025-03-24 08:28:04,Delivered,987.07,141.56,3,UPI,Cloudy,Low
ORD_000213,CUST_01198,REST_0199,2025-04-17 18:40:47,Delivered,178.88,11.79,2,Credit Card,Cloudy,Medium
ORD_000214,CUST_01286,REST_0002,2025-05-13 22:08:31,Delivered,1857.22,196.95,3,UPI,Clear,Low
ORD_000215,CUST_00726,REST_0103,2025-06-29 03:14:40,Delivered,1866.1,111.99,3,Cash,Clear,High
ORD_000216,CUST_01176,REST_0028,2025-01-04 11:35:19,Delivered,355.25,57.14,2,UPI,Rain,High
ORD_000217,CUST_00221,REST_0113,2025-06-04 19:21:06,Delivered,401.76,54.81,5,Debit Card,Cloudy,Medium
ORD_000218,CUST_00742,REST_0188,2025-06-24 21:16:49,Delivered,328.73,37.25,4,Debit Card,Cloudy,Low
ORD_000219,CUST_00589,REST_0094,2025-01-07 08:27:09,Delivered,360.93,92.93,5,UPI,Clear,Medium
ORD_000220,CUST_00922,REST_0056,2025-01-27 13:21:58,Delivered,243.68,33.67,3,Debit Card,Clear,High
ORD_000221,CUST_00069,REST_0129,2025-05-07 14:05:34,Delivered,536.85,60.53,3,UPI,Clear,Low
ORD_000222,CUST_01131,REST_0011,2025-06-13 16:14:10,Delivered,629.76,23.02,5,UPI,Clear,High
ORD_000223,CUST_00121,REST_0167,2025-05-26 19:23:10,Delivered,139.48,10.38,2,UPI,Cloudy,Low
ORD_000224,CUST_00991,REST_0081,2025-05-14 22:57:59,Delivered,185.72,19.62,3,Credit Card,Rain,Low
ORD_000225,CUST_00029,REST_0186,2025-01-18 11:16:32,Delivered,513.72,78.86,6,UPI,Clear,Low
ORD_000226,CUST_01248,REST_0191,2025-02-03 18:08:39,Delivered,170.56,15.08,2,Credit Card,Heavy Rain,Medium
ORD_000227,CUST_00263,REST_0110,2025-02-13 07:26:46,Delivered,432.4,43.84,3,Cash,Heavy Rain,Severe
ORD_000228,CUST_00777,REST_0055,2025-06-02 20:52:47,Delivered,487.48,1.02,5,UPI,Clear,Low
ORD_000229,CUST_00395,REST_0032,2025-03-12 07:43:48,Delivered,734.87,111.91,3,UPI,Clear,High
ORD_000230,CUST_01088,REST_0148,2025-06-20 18:01:33,Delivered,2229.03,127.04,5,UPI,Clear,Low
ORD_000231,CUST_00483,REST_0039,2025-01-01 08:54:14,Delivered,565.68,29.62,3,UPI,Heavy Rain,Medium
ORD_000232,CUST_01091,REST_0007,2025-05-07 14:56:22,Delivered,5000.0,727.12,7,Wallet,Clear,Medium
ORD_000233,CUST_00429,REST_0137,2025-03-07 15:49:08,Delivered,3505.08,644.32,4,UPI,Clear,Low
ORD_000234,CUST_01131,REST_0176,2025-05-26 20:07:33,Delivered,623.75,44.87,3,UPI,Clear,Medium
ORD_000235,CUST_00048,REST_0055,2025-06-11 11:43:28,Delivered,276.14,59.5,2,Wallet,Rain,Medium
ORD_000236,CUST_00427,REST_0045,2025-01-16 13:01:55,Delivered,142.1,29.55,1,UPI,Clear,Medium
ORD_000237,CUST_00752,REST_0160,2025-03-02 21:51:40,Cancelled,2791.8,0.0,3,Credit Card,Clear,Low
ORD_000238,CUST_00070,REST_0014,2025-06-29 21:26:56,Delivered,407.21,40.67,4,UPI,Clear,High
ORD_000239,CUST_00279,REST_0100,2025-02-20 12:30:47,Cancelled,890.44,0.0,4,Wallet,Clear,Low
ORD_000240,CUST_01404,REST_0043,2025-01-11 18:34:44,Delivered,674.69,58.22,2,UPI,Clear,Medium
ORD_000241,CUST_01465,REST_0052,2025-04-04 12:23:00,Delivered,673.15,73.26,1,UPI,Rain,Low
ORD_000242,CUST_01113,REST_0072,2025-01-21 16:21:20,Delivered,717.37,37.23,4,Wallet,Clear,Low
ORD_000243,CUST_00382,REST_0030,2025-06-05 22:13:14,Delivered,139.58,3.71,2,Credit Card,Clear,Low
ORD_000244,CUST_00394,REST_0044,2025-03-14 20:06:11,Delivered,413.06,31.61,3,UPI,Clear,High
ORD_000245,CUST_00974,REST_0030,2025-01-19 19:12:42,Delivered,201.11,29.04,3,Debit Card,Clear,Medium
ORD_000246,CUST_00180,REST_0012,2025-05-09 21:33:12,Delivered,555.16,6.67,1,Credit Card,Heavy Rain,Low
ORD_000247,CUST_01425,REST_0137,2025-04-19 11:50:22,Delivered,1074.44,26.38,1,UPI,Clear,Low
ORD_000248,CUST_00339,REST_0124,2025-01-01 20:27:58,Delivered,80.0,0.22,1,Cash,Rain,High
ORD_000249,CUST_01500,REST_0032,2025-04-15 10:01:00,Failed,967.87,0.0,3,Wallet,Clear,Low
ORD_000250,CUST_00747,REST_0183,2025-04-03 21:17:13,Delivered,220.42,7.01,2,Debit Card,Clear,Low
ORD_000251,CUST_01158,REST_0015,2025-06-04 19:02:29,Delivered,222.85,46.12,2,UPI,Rain,High
ORD_000252,CUST_00003,REST_0145,2025-02-28 15:17:45,Cancelled,108.31,0.0,1,UPI,Rain,Medium
ORD_000253,CUST_01335,REST_0109,2025-04-14 12:55:11,Delivered,139.1,2.98,1,UPI,Clear,Medium
ORD_000254,CUST_00407,REST_0119,2025-06-18 19:16:40,Delivered,276.72,28.4,1,UPI,Clear,Medium
ORD_000255,CUST_01008,REST_0072,2025-06-22 11:36:08,Delivered,367.72,10.91,2,UPI,Clear,High
ORD_000256,CUST_01210,REST_0073,2025-03-31 12:23:22,Delivered,2193.41,84.12,6,Credit Card,Rain,High
ORD_000257,CUST_00248,REST_0053,2025-04-05 21:57:01,Delivered,1617.77,229.71,7,UPI,Clear,Medium
ORD_000258,CUST_00666,REST_0032,2025-04-24 16:28:10,Delivered,785.93,89.2,3,UPI,Clear,High
ORD_000259,CUST_00745,REST_0023,2025-01-02 13:38:33,Delivered,649.3,55.73,5,Credit Card,Clear,Medium
ORD_000260,CUST_00470,REST_0112,2025-04-27 21:08:39,Delivered,2301.2,337.38,3,UPI,Clear,High
ORD_000261,CUST_00726,REST_0157,2025-03-31 09:52:00,Delivered,620.15,78.59,3,UPI,Cloudy,High
ORD_000262,CUST_00478,REST_0035,2025-03-28 13:21:17,Delivered,553.02,127.36,3,UPI,Clear,Medium
ORD_000263,CUST_00539,REST_0076,2025-02-18 11:41:03,Delivered,160.19,10.41,3,UPI,Cloudy,Low
ORD_000264,CUST_01010,REST_0081,2025-06-13 01:20:56,Delivered,208.09,18.01,4,UPI,Cloudy,Medium
ORD_000265,CUST_00954,REST_0154,2025-03-21 11:08:34,Delivered,1622.98,39.31,2,Credit Card,Clear,Low
ORD_000266,CUST_00352,REST_0001,2025-02-03 20:05:03,Delivered,446.63,24.08,6,UPI,Cloudy,Low
ORD_000267,CUST_01348,REST_0151,2025-06-23 22:10:33,Delivered,186.3,20.03,4,Debit Card,Cloudy,High
ORD_000268,CUST_01297,REST_0063,2025-03-02 21:04:56,Cancelled,161.17,0.0,2,UPI,Clear,Low
ORD_000269,CUST_00767,REST_0106,2025-05-19 09:42:18,Delivered,571.41,25.96,3,UPI,Clear,Severe
ORD_000270,CUST_00651,REST_0061,2025-04-05 08:51:00,Failed,439.3,0.0,5,UPI,Heavy Rain,High
ORD_000271,CUST_00563,REST_0197,2025-03-09 08:28:00,Delivered,665.79,77.59,5,Debit Card,Clear,Medium
ORD_000272,CUST_01064,REST_0024,2025-03-05 22:03:00,Delivered,1415.51,138.27,4,UPI,Clear,Low
ORD_000273,CUST_01013,REST_0089,2025-04-11 22:25:58,Delivered,190.86,22.51,1,UPI,Cloudy,Medium
ORD_000274,CUST_00295,REST_0038,2025-03-16 12:33:18,Delivered,1177.02,18.08,6,Debit Card,Clear,Medium
ORD_000275,CUST_01013,REST_0089,2025-06-14 19:18:36,Delivered,360.5,21.95,2,UPI,Rain,Severe
ORD_000276,CUST_00382,REST_0196,2025-01-21 22:40:55,Delivered,880.03,152.49,5,UPI,Clear,High
ORD_000277,CUST_00029,REST_0045,2025-01-12 21:46:48,Delivered,145.71,13.44,2,UPI,Rain,Low
ORD_000278,CUST_01053,REST_0168,2025-01-15 13:12:58,Delivered,1397.04,100.71,4,UPI,Clear,Medium
ORD_000279,CUST_00973,REST_0189,2025-05-04 18:50:13,Delivered,279.66,53.3,4,Cash,Clear,Low
ORD_000280,CUST_00616,REST_0005,2025-05-27 14:31:34,Delivered,80.0,19.77,1,Wallet,Cloudy,Low
ORD_000281,CUST_00792,REST_0040,2025-03-28 13:47:13,Cancelled,1703.85,0.0,2,Wallet,Clear,High
ORD_000282,CUST_01423,REST_0167,2025-01-24 20:31:10,Delivered,193.65,74.88,4,Wallet,Cloudy,Medium
ORD_000283,CUST_00898,REST_0017,2025-04-19 21:03:25,Cancelled,273.55,0.0,1,Wallet,Rain,Severe
ORD_000284,CUST_00994,REST_0006,2025-04-20 19:32:13,Delivered,196.85,96.89,2,Debit Card,Clear,Medium
ORD_000285,CUST_00098,REST_0041,2025-02-01 22:58:01,Delivered,1127.51,397.15,3,UPI,Clear,Medium
ORD_000286,CUST_00250,REST_0133,2025-05-18 19:39:41,Delivered,1587.56,401.73,5,Wallet,Clear,Low
ORD_000287,CUST_00453,REST_0037,2025-03-13 20:17:08,Delivered,1185.88,35.46,5,UPI,Rain,Low
ORD_000288,CUST_00811,REST_0094,2025-04-28 13:03:34,Delivered,240.1,41.48,2,UPI,Clear,Medium
ORD_000289,CUST_01166,REST_0169,2025-05-22 22:47:36,Delivered,342.64,23.37,3,Debit Card,Clear,High
ORD_000290,CUST_00483,REST_0115,2025-05-08 19:22:55,Delivered,326.01,27.7,2,Credit Card,Clear,Medium
ORD_000291,CUST_00533,REST_0075,2025-03-26 22:40:06,Delivered,678.76,112.18,2,UPI,Clear,High
ORD_000292,CUST_00387,REST_0176,2025-05-31 19:35:15,Delivered,1307.47,207.52,6,Debit Card,Clear,Medium
ORD_000293,CUST_00385,REST_0165,2025-06-03 19:05:36,Delivered,204.49,13.23,5,UPI,Cloudy,High
ORD_000294,CUST_01425,REST_0044,2025-06-10 18:40:17,Delivered,1060.42,170.48,6,UPI,Clear,High
ORD_000295,CUST_00958,REST_0143,2025-04-21 18:39:50,Delivered,665.49,74.17,3,UPI,Rain,High
ORD_000296,CUST_00237,REST_0018,2025-06-14 13:03:29,Delivered,1577.96,49.06,4,Debit Card,Cloudy,High
ORD_000297,CUST_01087,REST_0073,2025-03-01 13:35:29,Delivered,850.82,173.32,4,UPI,Cloudy,Medium
ORD_000298,CUST_01087,REST_0117,2025-03-05 08:47:27,Cancelled,1191.32,0.0,6,UPI,Clear,Low
ORD_000299,CUST_01006,REST_0189,2025-05-02 18:09:03,Delivered,331.0,48.57,3,UPI,Cloudy,High
ORD_000300,CUST_00204,REST_0079,2025-06-21 12:20:32,Delivered,597.26,28.42,2,Credit Card,Clear,Medium
ORD_000301,CUST_00612,REST_0123,2025-06-09 11:04:57,Delivered,577.97,96.95,3,UPI,Clear,Medium
ORD_000302,CUST_00163,REST_0149,2025-03-31 12:25:02,Delivered,125.4,8.88,1,UPI,Heavy Rain,Low
ORD_000303,CUST_01226,REST_0113,2025-03-07 19:05:00,Cancelled,156.09,0.0,2,UPI,Clear,Low
ORD_000304,CUST_00990,REST_0052,2025-04-29 13:19:40,Delivered,1030.02,59.59,2,Credit Card,Clear,Severe
ORD_000305,CUST_00764,REST_0023,2025-03-23 18:05:57,Delivered,340.8,93.0,2,Cash,Clear,Medium
ORD_000306,CUST_00514,REST_0079,2025-06-19 13:40:40,Delivered,1264.68,192.17,3,Wallet,Clear,Medium
ORD_000307,CUST_00276,REST_0005,2025-01-03 14:45:56,Delivered,225.14,39.95,5,UPI,Clear,Medium
ORD_000308,CUST_00163,REST_0020,2025-03-24 18:04:21,Delivered,144.13,22.69,2,UPI,Clear,High
ORD_000309,CUST_01454,REST_0041,2025-04-07 20:29:35,Delivered,1047.8,157.67,2,UPI,Clear,High
ORD_000310,CUST_00301,REST_0195,2025-02-08 10:37:38,Delivered,657.83,43.41,3,UPI,Cloudy,High
ORD_000311,CUST_00092,REST_0041,2025-02-21 18:52:28,Delivered,459.4,77.61,1,Wallet,Rain,High
ORD_000312,CUST_01444,REST_0054,2025-05-06 21:01:34,Delivered,491.71,71.4,3,UPI,Clear,High
ORD_000313,CUST_00826,REST_0116,2025-02-14 16:18:49,Delivered,220.85,17.22,2,Credit Card,Rain,High
ORD_000314,CUST_01196,REST_0016,2025-05-18 10:16:02,Delivered,989.15,297.77,4,UPI,Clear,Low
ORD_000315,CUST_00068,REST_0022,2025-01-20 17:43:00,Delivered,260.09,18.55,2,UPI,Clear,Low
ORD_000316,CUST_00853,REST_0189,2025-03-18 13:22:59,Delivered,360.68,12.4,5,Debit Card,Cloudy,High
ORD_000317,CUST_00595,REST_0191,2025-06-06 20:32:58,Delivered,409.21,42.1,2,UPI,Clear,High
ORD_000318,CUST_01159,REST_0030,2025-01-20 19:52:20,Delivered,207.11,25.95,2,UPI,Rain,Medium
ORD_000319,CUST_00058,REST_0077,2025-05-09 21:43:54,Delivered,202.63,7.3,3,UPI,Cloudy,High
ORD_000320,CUST_00601,REST_0040,2025-04-19 13:34:58,Delivered,637.15,34.74,1,UPI,Clear,Medium
ORD_000321,CUST_01199,REST_0188,2025-01-24 18:45:05,Delivered,287.37,62.64,4,UPI,Clear,Medium
ORD_000322,CUST_00788,REST_0153,2025-02-18 22:48:00,Delivered,2058.76,623.53,3,UPI,Clear,Medium
ORD_000323,CUST_00827,REST_0052,2025-02-05 12:53:44,Delivered,1251.65,56.27,3,Debit Card,Cloudy,Low
ORD_000324,CUST_00149,REST_0027,2025-01-31 11:48:20,Delivered,1501.15,189.31,7,UPI,Cloudy,Severe
ORD_000325,CUST_00201,REST_0183,2025-05-11 12:05:19,Delivered,721.01,115.92,5,UPI,Clear,Low
ORD_000326,CUST_01021,REST_0109,2025-04-21 11:12:40,Delivered,192.72,36.6,1,UPI,Clear,Low
ORD_000327,CUST_01018,REST_0177,2025-01-23 14:30:03,Delivered,309.01,89.19,3,Credit Card,Cloudy,Low
ORD_000328,CUST_01469,REST_0181,2025-04-28 21:15:50,Delivered,151.73,5.01,2,UPI,Clear,Medium
ORD_000329,CUST_01072,REST_0096,2025-01-31 12:38:42,Delivered,1044.01,61.58,5,UPI,Rain,Low
ORD_000330,CUST_00744,REST_0035,2025-01-04 13:27:57,Delivered,675.22,56.0,4,UPI,Clear,High
ORD_000331,CUST_01288,REST_0076,2025-05-24 11:12:04,Delivered,353.1,35.14,6,UPI,Cloudy,Low
ORD_000332,CUST_00160,REST_0128,2025-06-07 20:53:13,Delivered,131.02,2.85,1,UPI,Clear,High
ORD_000333,CUST_00676,REST_0056,2025-03-16 22:28:17,Delivered,296.99,28.37,3,UPI,Clear,High
ORD_000334,CUST_00433,REST_0109,2025-03-20 12:29:44,Delivered,163.12,13.64,1,Credit Card,Cloudy,Low
ORD_000335,CUST_00160,REST_0010,2025-03-07 20:26:53,Delivered,587.07,100.8,5,UPI,Clear,Medium
ORD_000336,CUST_01148,REST_0034,2025-05-23 19:52:13,Delivered,448.64,22.95,5,UPI,Clear,Low
ORD_000337,CUST_00769,REST_0113,2025-02-18 17:24:17,Delivered,543.06,68.51,6,UPI,Rain,Medium
ORD_000338,CUST_00838,REST_0015,2025-01-01 20:54:04,Delivered,181.56,28.67,2,Debit Card,Cloudy,Medium
ORD_000339,CUST_00616,REST_0100,2025-05-10 17:28:52,Delivered,226.51,30.72,1,UPI,Cloudy,Low
ORD_000340,CUST_00693,REST_0070,2025-04-16 22:20:42,Delivered,220.56,21.47,2,Cash,Cloudy,Medium
ORD_000341,CUST_00178,REST_0026,2025-03-17 20:03:27,Delivered,430.37,41.8,2,UPI,Cloudy,Low
ORD_000342,CUST_01015,REST_0163,2025-04-14 19:31:12,Delivered,1146.64,292.38,5,UPI,Clear,Medium
ORD_000343,CUST_00650,REST_0175,2025-04-08 14:04:26,Delivered,706.17,145.44,4,UPI,Clear,Low
ORD_000344,CUST_01226,REST_0096,2025-06-05 12:09:23,Cancelled,1152.65,0.0,6,UPI,Cloudy,Low
ORD_000345,CUST_00295,REST_0064,2025-06-29 15:00:59,Delivered,1174.25,110.67,2,Credit Card,Rain,Low
ORD_000346,CUST_00309,REST_0038,2025-03-26 21:31:00,Delivered,991.37,78.9,4,UPI,Cloudy,Medium
ORD_000347,CUST_00974,REST_0002,2025-01-22 22:35:57,Delivered,868.0,113.07,1,Wallet,Rain,Low
ORD_000348,CUST_01270,REST_0095,2025-05-29 18:26:47,Delivered,920.6,65.54,4,UPI,Rain,High
ORD_000349,CUST_00712,REST_0181,2025-05-06 19:53:34,Delivered,304.38,33.28,5,Debit Card,Clear,Low
ORD_000350,CUST_01094,REST_0131,2025-01-15 13:29:44,Delivered,541.69,103.71,3,UPI,Clear,Medium
ORD_000351,CUST_01500,REST_0113,2025-04-07 19:50:52,Delivered,363.65,75.68,3,UPI,Cloudy,Low
ORD_000352,CUST_01485,REST_0149,2025-01-30 04:36:42,Delivered,212.67,19.18,3,UPI,Clear,Low
ORD_000353,CUST_01120,REST_0115,2025-05-01 13:55:16,Delivered,406.77,7.69,2,UPI,Cloudy,Severe
ORD_000354,CUST_01113,REST_0023,2025-04-08 21:57:32,Cancelled,426.59,0.0,3,UPI,Clear,Low
ORD_000355,CUST_00374,REST_0139,2025-05-12 19:34:58,Delivered,80.0,3.17,1,Debit Card,Cloudy,Medium
ORD_000356,CUST_01250,REST_0197,2025-02-07 20:42:41,Cancelled,156.17,0.0,1,UPI,Cloudy,Severe
ORD_000357,CUST_00607,REST_0054,2025-05-11 11:51:40,Delivered,555.05,97.63,2,Cash,Rain,High
ORD_000358,CUST_01445,REST_0080,2025-02-26 21:54:56,Delivered,266.27,10.45,4,Debit Card,Rain,High
ORD_000359,CUST_00124,REST_0074,2025-02-25 11:11:07,Delivered,1151.69,194.07,2,Credit Card,Cloudy,Low
ORD_000360,CUST_00655,REST_0095,2025-06-30 10:31:16,Delivered,510.6,173.84,2,UPI,Clear,Medium
ORD_000361,CUST_00837,REST_0126,2025-06-14 20:17:10,Delivered,448.76,58.65,3,Credit Card,Clear,Medium
ORD_000362,CUST_00607,REST_0167,2025-05-18 12:05:50,Delivered,117.64,4.63,2,Cash,Cloudy,High
ORD_000363,CUST_00317,REST_0026,2025-03-22 21:36:27,Delivered,1411.95,163.98,5,Cash,Clear,High
ORD_000364,CUST_00894,REST_0164,2025-03-26 22:27:36,Cancelled,672.31,0.0,4,UPI,Rain,Low
ORD_000365,CUST_01137,REST_0095,2025-01-21 13:36:54,Delivered,904.53,210.43,3,UPI,Clear,Low
ORD_000366,CUST_00973,REST_0171,2025-03-24 16:00:42,Delivered,3637.06,250.12,6,UPI,Cloudy,Medium
ORD_000367,CUST_00355,REST_0161,2025-01-28 12:31:27,Delivered,922.76,159.59,3,Debit Card,Cloudy,Medium
ORD_000368,CUST_01102,REST_0048,2025-05-17 10:03:55,Delivered,112.43,7.96,1,Wallet,Clear,Medium
ORD_000369,CUST_00388,REST_0007,2025-02-10 20:21:39,Delivered,2647.02,405.71,4,Credit Card,Clear,High
ORD_000370,CUST_00264,REST_0024,2025-02-27 20:54:48,Delivered,240.89,11.61,1,UPI,Cloudy,Medium
ORD_000371,CUST_01041,REST_0139,2025-01-25 13:52:21,Delivered,203.52,24.92,4,UPI,Cloudy,High
ORD_000372,CUST_01265,REST_0022,2025-04-24 22:33:19,Delivered,380.26,16.09,3,Debit Card,Rain,Medium
ORD_000373,CUST_00725,REST_0106,2025-06-04 20:48:31,Delivered,673.88,170.18,3,UPI,Cloudy,Medium
ORD_000374,CUST_00800,REST_0121,2025-02-11 11:40:47,Delivered,381.65,2.64,3,Debit Card,Cloudy,High
ORD_000375,CUST_00456,REST_0043,2025-03-09 19:55:00,Delivered,198.43,39.67,1,UPI,Clear,Low
ORD_000376,CUST_00746,REST_0059,2025-06-17 13:16:36,Delivered,357.22,76.6,2,UPI,Clear,Low
ORD_000377,CUST_00200,REST_0137,2025-03-30 11:31:00,Delivered,1297.41,300.45,2,UPI,Clear,High
ORD_000378,CUST_01435,REST_0144,2025-01-22 19:34:16,Delivered,222.54,26.14,4,UPI,Cloudy,Medium
ORD_000379,CUST_01201,REST_0037,2025-01-19 14:52:35,Delivered,180.88,14.74,1,Wallet,Heavy Rain,High
ORD_000380,CUST_01008,REST_0009,2025-01-15 14:59:55,Delivered,1777.28,86.49,2,UPI,Cloudy,Low
ORD_000381,CUST_00809,REST_0103,2025-06-17 23:24:15,Delivered,4056.82,185.01,5,UPI,Cloudy,Medium
ORD_000382,CUST_01189,REST_0100,2025-06-07 11:01:39,Delivered,339.28,17.57,2,UPI,Clear,Medium
ORD_000383,CUST_00746,REST_0050,2025-02-13 15:50:59,Delivered,1037.0,70.68,3,UPI,Clear,Medium
ORD_000384,CUST_00452,REST_0117,2025-01-18 19:39:05,Delivered,1073.22,204.88,4,UPI,Clear,Low
ORD_000385,CUST_00243,REST_0035,2025-03-17 21:11:08,Delivered,1068.94,166.95,6,UPI,Clear,High
ORD_000386,CUST_00977,REST_0050,2025-04-16 22:49:15,Delivered,346.93,27.5,1,Credit Card,Clear,Medium
ORD_000387,CUST_01396,REST_0116,2025-01-04 22:15:13,Delivered,334.25,58.74,3,Debit Card,Rain,Medium
ORD_000388,CUST_00233,REST_0111,2025-03-05 18:37:03,Cancelled,1708.1,0.0,2,Credit Card,Clear,Medium
ORD_000389,CUST_00271,REST_0074,2025-02-28 22:09:10,Delivered,1418.01,111.45,2,Credit Card,Cloudy,Medium
ORD_000390,CUST_00652,REST_0182,2025-03-31 08:25:03,Delivered,298.5,33.2,1,Credit Card,Rain,Medium
ORD_000391,CUST_01211,REST_0039,2025-01-28 20:15:59,Delivered,322.62,31.45,2,Debit Card,Clear,Low
ORD_000392,CUST_00443,REST_0170,2025-03-01 19:19:00,Delivered,652.32,43.89,3,UPI,Rain,High
ORD_000393,CUST_00384,REST_0085,2025-04-13 02:36:56,Delivered,359.22,110.72,2,UPI,Cloudy,Low
ORD_000394,CUST_00935,REST_0167,2025-06-26 20:27:02,Delivered,258.67,38.78,3,Credit Card,Clear,Medium
ORD_000395,CUST_00806,REST_0155,2025-05-12 07:59:02,Delivered,231.94,8.24,2,UPI,Clear,High
ORD_000396,CUST_00092,REST_0081,2025-04-13 09:24:53,Delivered,80.0,14.41,1,UPI,Clear,Low
ORD_000397,CUST_00124,REST_0165,2025-02-27 19:11:04,Delivered,109.61,13.59,2,UPI,Cloudy,High
ORD_000398,CUST_00971,REST_0111,2025-02-15 21:56:34,Delivered,2974.1,136.46,4,UPI,Cloudy,High
ORD_000399,CUST_00701,REST_0200,2025-03-23 19:22:00,Delivered,683.25,130.35,2,UPI,Cloudy,High
ORD_000400,CUST_01457,REST_0009,2025-06-12 14:04:23,Delivered,3632.28,76.45,5,UPI,Rain,High
ORD_000401,CUST_01023,REST_0038,2025-01-19 12:43:08,Delivered,341.14,51.29,1,Cash,Clear,Medium
ORD_000402,CUST_00015,REST_0003,2025-06-03 11:49:35,Delivered,828.68,224.98,5,UPI,Clear,Medium
ORD_000403,CUST_00724,REST_0100,2025-05-22 12:05:31,Delivered,408.85,22.33,2,UPI,Clear,High
ORD_000404,CUST_00621,REST_0179,2025-01-26 22:48:30,Delivered,1341.44,310.88,2,UPI,Cloudy,Low
ORD_000405,CUST_00163,REST_0056,2025-02-25 12:37:52,Delivered,155.53,29.33,2,UPI,Clear,High
ORD_000406,CUST_01385,REST_0124,2025-04-11 06:35:36,Delivered,194.89,32.57,2,Credit Card,Clear,Low
ORD_000407,CUST_01208,REST_0111,2025-01-11 15:21:01,Delivered,2738.34,115.19,3,UPI,Clear,Low
ORD_000408,CUST_00348,REST_0040,2025-04-22 12:13:06,Delivered,1585.11,215.13,2,Credit Card,Cloudy,Medium
ORD_000409,CUST_00387,REST_0029,2025-03-20 19:39:01,Delivered,427.45,51.04,2,UPI,Heavy Rain,Severe
ORD_000410,CUST_00050,REST_0157,2025-05-27 22:54:03,Delivered,727.98,29.45,4,UPI,Cloudy,High
ORD_000411,CUST_00447,REST_0009,2025-04-01 13:52:24,Delivered,2698.83,281.66,3,UPI,Heavy Rain,Medium
ORD_000412,CUST_00881,REST_0097,2025-02-12 08:32:48,Delivered,418.46,25.12,4,UPI,Cloudy,Severe
ORD_000413,CUST_00631,REST_0154,2025-04-22 22:29:29,Delivered,4398.33,605.56,6,Debit Card,Heavy Rain,Severe
ORD_000414,CUST_01454,REST_0013,2025-05-24 14:34:59,Delivered,1456.62,88.94,7,Wallet,Clear,Medium
ORD_000415,CUST_00086,REST_0081,2025-04-24 12:47:27,Delivered,375.49,46.19,6,Debit Card,Rain,Medium
ORD_000416,CUST_00892,REST_0100,2025-05-28 12:32:35,Delivered,448.63,83.55,2,Credit Card,Cloudy,Medium
ORD_000417,CUST_01289,REST_0165,2025-05-05 16:03:22,Delivered,126.15,5.86,2,UPI,Cloudy,Medium
ORD_000418,CUST_00724,REST_0077,2025-04-10 13:17:00,Delivered,367.97,51.19,3,UPI,Cloudy,Medium
ORD_000419,CUST_00005,REST_0032,2025-05-04 16:32:08,Cancelled,1169.8,0.0,5,UPI,Cloudy,Medium
ORD_000420,CUST_00367,REST_0148,2025-06-03 13:38:24,Delivered,2793.45,287.38,3,UPI,Clear,Low
ORD_000421,CUST_00486,REST_0170,2025-04-19 19:40:47,Delivered,1145.02,74.28,4,UPI,Rain,Medium
ORD_000422,CUST_01450,REST_0141,2025-06-26 23:19:43,Delivered,155.04,19.15,1,Wallet,Clear,Severe
ORD_000423,CUST_01368,REST_0192,2025-01-16 14:14:38,Delivered,759.3,94.69,4,Wallet,Clear,Low
ORD_000424,CUST_01426,REST_0119,2025-02-11 20:23:02,Delivered,675.47,59.11,2,Cash,Cloudy,Medium
ORD_000425,CUST_01239,REST_0002,2025-04-24 13:12:53,Delivered,2331.31,86.89,2,UPI,Heavy Rain,Severe
ORD_000426,CUST_00526,REST_0061,2025-03-23 14:10:41,Delivered,555.31,113.37,5,UPI,Clear,Medium
ORD_000427,CUST_01360,REST_0042,2025-04-03 07:35:35,Delivered,128.65,11.09,3,UPI,Heavy Rain,High
ORD_000428,CUST_01472,REST_0153,2025-05-05 12:27:44,Delivered,2458.63,219.72,3,Cash,Rain,Low
ORD_000429,CUST_00524,REST_0126,2025-05-16 21:43:17,Delivered,384.94,35.02,2,UPI,Clear,High
ORD_000430,CUST_00394,REST_0132,2025-02-16 07:40:04,Delivered,390.76,55.54,3,Credit Card,Clear,Medium
ORD_000431,CUST_00822,REST_0161,2025-05-05 12:22:02,Delivered,1177.98,109.16,3,UPI,Rain,Low
ORD_000432,CUST_00280,REST_0111,2025-06-14 15:40:19,Delivered,3883.52,64.38,4,Debit Card,Clear,High
ORD_000433,CUST_00051,REST_0103,2025-04-26 19:55:00,Delivered,5000.0,538.86,5,Credit Card,Heavy Rain,High
ORD_000434,CUST_01421,REST_0017,2025-05-13 19:36:40,Delivered,564.9,21.58,3,Credit Card,Clear,High
ORD_000435,CUST_01389,REST_0171,2025-04-25 17:36:00,Delivered,2354.8,317.04,3,Credit Card,Clear,High
ORD_000436,CUST_00246,REST_0183,2025-03-01 07:13:18,Delivered,329.43,22.44,2,Cash,Cloudy,Medium
ORD_000437,CUST_00611,REST_0121,2025-04-09 16:21:00,Delivered,112.27,7.75,1,UPI,Cloudy,Low
ORD_000438,CUST_01246,REST_0166,2025-05-19 12:28:38,Delivered,211.93,14.91,2,UPI,Rain,High
ORD_000439,CUST_00998,REST_0200,2025-02-13 16:51:08,Delivered,363.78,30.76,1,Credit Card,Clear,Medium
ORD_000440,CUST_00590,REST_0183,2025-03-19 13:21:36,Delivered,237.15,14.9,2,UPI,Clear,High
ORD_000441,CUST_01119,REST_0108,2025-04-08 18:12:00,Delivered,325.61,15.93,5,UPI,Cloudy,Low
ORD_000442,CUST_01348,REST_0151,2025-06-13 19:01:02,Delivered,114.7,18.84,2,Credit Card,Clear,Medium
ORD_000443,CUST_01390,REST_0181,2025-01-07 12:40:53,Delivered,211.9,8.16,5,UPI,Cloudy,High
ORD_000444,CUST_00566,REST_0021,2025-02-10 20:24:37,Delivered,846.78,137.99,2,Cash,Clear,Medium
ORD_000445,CUST_00261,REST_0015,2025-03-23 11:24:16,Delivered,378.56,82.53,3,UPI,Rain,Medium
ORD_000446,CUST_01370,REST_0125,2025-06-23 20:16:20,Delivered,953.08,153.33,4,UPI,Clear,Low
ORD_000447,CUST_00141,REST_0154,2025-06-30 18:42:09,Delivered,1236.83,271.09,2,UPI,Clear,Low
ORD_000448,CUST_01086,REST_0058,2025-03-06 13:06:11,Delivered,390.57,9.25,5,UPI,Cloudy,High
ORD_000449,CUST_00214,REST_0193,2025-02-09 16:00:19,Cancelled,80.0,0.0,1,UPI,Clear,Medium
ORD_000450,CUST_00581,REST_0076,2025-04-18 14:25:11,Cancelled,193.5,0.0,3,UPI,Clear,Medium
ORD_000451,CUST_00616,REST_0077,2025-05-30 14:00:02,Delivered,256.4,32.32,3,Debit Card,Clear,Low
ORD_000452,CUST_00241,REST_0129,2025-04-27 15:20:12,Delivered,1513.32,39.33,6,UPI,Clear,Medium
ORD_000453,CUST_01385,REST_0129,2025-05-21 22:17:59,Delivered,810.57,28.56,3,UPI,Rain,High
ORD_000454,CUST_00004,REST_0120,2025-06-10 05:22:23,Failed,253.81,0.0,3,UPI,Clear,Low
ORD_000455,CUST_01343,REST_0166,2025-04-11 14:37:34,Delivered,219.35,44.64,2,Credit Card,Clear,Low
ORD_000456,CUST_01328,REST_0028,2025-04-10 18:00:29,Delivered,1148.46,29.86,5,Credit Card,Heavy Rain,Severe
ORD_000457,CUST_00476,REST_0039,2025-03-09 21:41:21,Delivered,920.82,56.87,4,UPI,Clear,Medium
ORD_000458,CUST_01060,REST_0009,2025-04-05 19:58:03,Delivered,726.51,79.68,1,UPI,Rain,High
ORD_000459,CUST_00383,REST_0166,2025-05-27 14:47:18,Delivered,213.57,19.32,2,Cash,Clear,Low
ORD_000460,CUST_01141,REST_0190,2025-05-07 18:21:49,Failed,1986.69,0.0,2,Wallet,Cloudy,Medium
ORD_000461,CUST_00844,REST_0183,2025-05-14 20:32:18,Delivered,668.95,118.62,3,Credit Card,Clear,Low
ORD_000462,CUST_00452,REST_0127,2025-06-14 14:59:27,Delivered,539.17,72.95,2,UPI,Heavy Rain,Medium
ORD_000463,CUST_00598,REST_0167,2025-06-11 13:24:20,Delivered,80.0,5.12,1,Wallet,Clear,Medium
ORD_000464,CUST_01040,REST_0059,2025-06-11 21:34:22,Delivered,548.84,35.92,4,Credit Card,Clear,Low
ORD_000465,CUST_01360,REST_0063,2025-03-22 12:11:43,Delivered,683.04,120.31,6,Wallet,Clear,Low
ORD_000466,CUST_00199,REST_0112,2025-05-28 14:41:36,Delivered,2867.65,297.28,4,Credit Card,Clear,Low
ORD_000467,CUST_00860,REST_0041,2025-02-21 18:01:23,Delivered,1943.28,24.69,4,UPI,Clear,High
ORD_000468,CUST_00384,REST_0080,2025-03-21 23:35:01,Delivered,151.8,3.38,2,Debit Card,Rain,Medium
ORD_000469,CUST_01202,REST_0059,2025-03-05 13:09:44,Delivered,486.5,9.28,4,UPI,Rain,Medium
ORD_000470,CUST_00108,REST_0100,2025-03-28 16:18:14,Delivered,470.1,20.75,2,UPI,Rain,Medium
ORD_000471,CUST_01038,REST_0135,2025-02-02 12:51:35,Delivered,652.75,17.36,5,Credit Card,Clear,Medium
ORD_000472,CUST_00263,REST_0106,2025-05-28 13:02:53,Delivered,105.59,2.07,1,Credit Card,Clear,High
ORD_000473,CUST_00899,REST_0038,2025-01-18 23:18:06,Delivered,369.59,20.72,2,Credit Card,Cloudy,Medium
ORD_000474,CUST_01253,REST_0059,2025-06-12 08:49:19,Delivered,527.65,103.5,3,Credit Card,Cloudy,Low
ORD_000475,CUST_01136,REST_0155,2025-03-25 21:15:37,Delivered,80.0,8.88,1,UPI,Rain,High
ORD_000476,CUST_01132,REST_0113,2025-04-03 20:37:44,Delivered,597.39,45.49,5,Wallet,Cloudy,Low
ORD_000477,CUST_00780,REST_0058,2025-01-24 20:30:44,Delivered,323.2,36.04,3,Cash,Clear,Medium
ORD_000478,CUST_01338,REST_0012,2025-06-16 12:52:03,Delivered,3288.83,392.63,6,Debit Card,Clear,Medium
ORD_000479,CUST_00887,REST_0070,2025-04-04 10:26:03,Delivered,247.35,1.48,2,Credit Card,Cloudy,High
ORD_000480,CUST_01377,REST_0050,2025-03-13 13:16:45,Delivered,840.38,15.76,3,Debit Card,Rain,Medium
ORD_000481,CUST_00821,REST_0197,2025-02-13 11:51:33,Delivered,553.27,26.62,4,Debit Card,Clear,Low
ORD_000482,CUST_00762,REST_0024,2025-01-21 19:43:49,Delivered,1512.72,207.01,7,UPI,Cloudy,Medium
ORD_000483,CUST_00336,REST_0170,2025-06-18 22:05:55,Delivered,647.77,47.99,3,UPI,Clear,Medium
ORD_000484,CUST_00819,REST_0110,2025-01-14 13:36:51,Delivered,123.49,5.31,1,Wallet,Clear,High
ORD_000485,CUST_00214,REST_0193,2025-01-01 11:41:23,Delivered,121.48,21.73,2,UPI,Clear,Medium
ORD_000486,CUST_01307,REST_0051,2025-02-06 20:11:20,Delivered,368.32,57.63,3,Wallet,Clear,Severe
ORD_000487,CUST_01019,REST_0013,2025-03-16 09:32:00,Delivered,723.28,90.58,4,Credit Card,Clear,Medium
ORD_000488,CUST_01491,REST_0188,2025-04-10 22:45:14,Delivered,115.63,1.45,2,Credit Card,Clear,High
ORD_000489,CUST_00141,REST_0043,2025-06-16 11:37:10,Delivered,676.56,138.59,3,Debit Card,Clear,Medium
ORD_000490,CUST_00364,REST_0011,2025-01-12 05:26:43,Delivered,193.98,55.75,2,Wallet,Cloudy,Medium
ORD_000491,CUST_01318,REST_0017,2025-02-12 11:39:43,Delivered,1313.63,421.01,7,Credit Card,Clear,Medium
ORD_000492,CUST_00591,REST_0108,2025-04-03 22:02:38,Delivered,141.19,15.7,2,Credit Card,Cloudy,Low
ORD_000493,CUST_00703,REST_0084,2025-06-06 11:34:52,Delivered,333.13,146.37,5,Debit Card,Clear,Medium
ORD_000494,CUST_01293,REST_0192,2025-06-25 18:38:24,Delivered,892.91,113.55,5,UPI,Cloudy,Medium
ORD_000495,CUST_00786,REST_0023,2025-06-01 19:20:52,Delivered,769.95,38.3,4,Credit Card,Clear,Medium
ORD_000496,CUST_00291,REST_0084,2025-04-16 21:59:22,Delivered,150.56,8.77,3,Debit Card,Clear,High
ORD_000497,CUST_01340,REST_0097,2025-04-15 21:35:04,Delivered,202.23,15.52,3,UPI,Clear,Medium
ORD_000498,CUST_00048,REST_0168,2025-04-16 22:55:17,Delivered,687.44,41.94,3,UPI,Heavy Rain,Severe
ORD_000499,CUST_01345,REST_0066,2025-05-20 12:26:35,Delivered,613.42,151.85,4,Credit Card,Cloudy,Low
ORD_000500,CUST_00077,REST_0029,2025-05-25 22:54:36,Cancelled,1406.49,0.0,6,UPI,Clear,High
ORD_000501,CUST_01005,REST_0098,2025-03-24 09:21:00,Delivered,472.89,29.28,2,Credit Card,Cloudy,Low
ORD_000502,CUST_00110,REST_0155,2025-06-09 07:00:27,Delivered,363.13,65.92,4,UPI,Clear,Medium
ORD_000503,CUST_01063,REST_0131,2025-03-23 22:19:06,Delivered,961.09,26.06,3,UPI,Heavy Rain,High
ORD_000504,CUST_00053,REST_0076,2025-02-06 21:38:44,Delivered,188.82,45.28,3,UPI,Cloudy,Low
ORD_000505,CUST_01264,REST_0039,2025-06-22 15:22:31,Delivered,531.45,26.26,2,UPI,Rain,High
ORD_000506,CUST_00702,REST_0146,2025-06-26 20:18:41,Delivered,794.1,105.33,4,UPI,Clear,Low
ORD_000507,CUST_00142,REST_0178,2025-03-08 22:59:10,Delivered,5000.0,1000.0,8,UPI,Clear,Severe
ORD_000508,CUST_01063,REST_0130,2025-02-18 21:18:42,Delivered,882.03,197.57,4,UPI,Clear,Medium
ORD_000509,CUST_00737,REST_0055,2025-05-23 20:14:08,Delivered,359.1,80.51,3,UPI,Clear,Medium
ORD_000510,CUST_00286,REST_0182,2025-01-05 09:28:59,Delivered,606.62,26.61,4,Credit Card,Clear,Medium
ORD_000511,CUST_00025,REST_0172,2025-03-10 10:12:49,Delivered,5000.0,504.52,7,Credit Card,Clear,High
ORD_000512,CUST_00627,REST_0051,2025-04-26 12:45:28,Delivered,185.73,23.47,2,UPI,Clear,Low
ORD_000513,CUST_00131,REST_0031,2025-03-21 00:19:13,Delivered,636.65,98.22,4,UPI,Cloudy,Medium
ORD_000514,CUST_00144,REST_0104,2025-04-24 14:39:08,Delivered,308.67,48.67,2,Wallet,Cloudy,High
ORD_000515,CUST_00403,REST_0185,2025-06-09 18:12:34,Delivered,393.24,18.31,4,Debit Card,Clear,Medium
ORD_000516,CUST_00951,REST_0009,2025-03-11 19:29:37,Delivered,766.24,275.9,1,Credit Card,Cloudy,Medium
ORD_000517,CUST_00798,REST_0181,2025-05-24 11:17:21,Delivered,204.53,13.47,5,UPI,Rain,Medium
ORD_000518,CUST_00106,REST_0156,2025-03-13 10:31:00,Delivered,937.15,223.02,5,Debit Card,Clear,High
ORD_000519,CUST_01453,REST_0063,2025-02-19 14:22:01,Delivered,190.17,12.24,2,Debit Card,Clear,Low
ORD_000520,CUST_01333,REST_0174,2025-06-22 22:27:37,Delivered,152.23,10.88,2,Credit Card,Rain,Medium
ORD_000521,CUST_00391,REST_0143,2025-01-20 19:17:56,Delivered,1259.15,168.72,5,UPI,Cloudy,Medium
ORD_000522,CUST_00187,REST_0190,2025-04-07 20:44:25,Delivered,1548.61,123.17,2,Credit Card,Clear,Low
ORD_000523,CUST_01416,REST_0008,2025-05-27 22:12:09,Delivered,1494.0,96.03,6,UPI,Cloudy,Medium
ORD_000524,CUST_00694,REST_0146,2025-03-03 19:08:52,Delivered,1068.95,59.76,6,UPI,Rain,High
ORD_000525,CUST_00469,REST_0106,2025-05-19 22:11:34,Delivered,814.35,157.34,4,Wallet,Cloudy,Medium
ORD_000526,CUST_00739,REST_0076,2025-04-20 14:38:13,Delivered,133.86,19.98,2,Wallet,Cloudy,Medium
ORD_000527,CUST_01160,REST_0043,2025-06-04 18:42:00,Delivered,251.98,27.8,1,UPI,Clear,Low
ORD_000528,CUST_00254,REST_0043,2025-04-02 18:40:00,Delivered,700.46,30.94,3,UPI,Clear,Medium
ORD_000529,CUST_01153,REST_0003,2025-06-12 19:31:18,Delivered,300.56,32.06,2,Wallet,Clear,Medium
ORD_000530,CUST_01126,REST_0164,2025-04-05 12:27:02,Delivered,362.65,20.4,2,Debit Card,Clear,Low
ORD_000531,CUST_00811,REST_0186,2025-06-09 15:57:53,Delivered,358.3,123.59,3,Cash,Clear,Medium
ORD_000532,CUST_01301,REST_0098,2025-06-19 15:14:37,Delivered,1722.37,73.78,6,UPI,Clear,High
ORD_000533,CUST_00201,REST_0032,2025-03-03 22:25:04,Delivered,1877.24,386.32,8,Debit Card,Cloudy,Medium
ORD_000534,CUST_00898,REST_0105,2025-05-28 21:20:50,Delivered,1203.33,50.44,5,Credit Card,Cloudy,Medium
ORD_000535,CUST_00677,REST_0112,2025-03-01 19:35:27,Cancelled,1846.76,0.0,4,UPI,Clear,Medium
ORD_000536,CUST_00633,REST_0142,2025-04-11 21:10:54,Cancelled,215.23,0.0,3,Debit Card,Cloudy,Low
ORD_000537,CUST_00382,REST_0088,2025-02-26 07:19:31,Delivered,133.91,44.87,3,UPI,Clear,Medium
ORD_000538,CUST_00555,REST_0005,2025-04-21 14:57:49,Delivered,80.0,8.01,1,UPI,Clear,Low
ORD_000539,CUST_00166,REST_0128,2025-04-22 15:22:42,Delivered,246.21,36.39,2,Wallet,Clear,Medium
ORD_000540,CUST_00381,REST_0137,2025-04-23 22:24:06,Delivered,4783.0,701.84,5,UPI,Clear,Medium
ORD_000541,CUST_00410,REST_0155,2025-02-07 21:38:34,Delivered,107.51,9.95,1,Debit Card,Heavy Rain,Severe
ORD_000542,CUST_01085,REST_0129,2025-03-03 18:37:19,Delivered,399.1,58.94,2,UPI,Clear,High
ORD_000543,CUST_00075,REST_0055,2025-04-15 21:35:25,Delivered,145.63,40.44,1,UPI,Clear,Severe
ORD_000544,CUST_00983,REST_0193,2025-02-17 19:48:29,Delivered,170.37,4.14,3,UPI,Clear,Low
ORD_000545,CUST_00334,REST_0113,2025-05-25 20:14:00,Delivered,536.57,86.23,6,UPI,Cloudy,Medium
ORD_000546,CUST_00125,REST_0015,2025-05-21 18:33:29,Delivered,192.65,47.38,2,UPI,Clear,Severe
ORD_000547,CUST_00453,REST_0194,2025-01-19 20:01:52,Delivered,80.0,30.41,2,UPI,Clear,Medium
ORD_000548,CUST_00339,REST_0015,2025-02-26 20:57:39,Delivered,89.24,37.64,1,UPI,Cloudy,Medium
ORD_000549,CUST_00830,REST_0015,2025-01-24 19:00:56,Delivered,80.0,1.63,1,UPI,Clear,Medium
ORD_000550,CUST_00534,REST_0071,2025-01-28 20:58:29,Delivered,192.71,2.22,1,UPI,Clear,High
ORD_000551,CUST_01450,REST_0031,2025-05-04 22:59:21,Delivered,524.52,24.01,2,Credit Card,Cloudy,Medium
ORD_000552,CUST_01447,REST_0002,2025-06-06 13:19:13,Delivered,1840.65,66.06,2,Cash,Clear,Low
ORD_000553,CUST_00668,REST_0091,2025-02-14 22:59:16,Delivered,256.4,58.75,4,UPI,Clear,Low
ORD_000554,CUST_01194,REST_0007,2025-03-20 12:27:52,Delivered,2612.44,133.19,3,UPI,Rain,High
ORD_000555,CUST_00021,REST_0058,2025-05-10 22:20:22,Delivered,214.19,76.82,2,Cash,Clear,Low
ORD_000556,CUST_00824,REST_0153,2025-05-15 21:58:47,Delivered,1831.37,261.81,2,Credit Card,Heavy Rain,Medium
ORD_000557,CUST_01118,REST_0193,2025-05-06 22:11:45,Delivered,214.76,3.95,4,Cash,Clear,Low
ORD_000558,CUST_00327,REST_0150,2025-04-04 11:16:10,Delivered,452.34,45.99,3,UPI,Clear,Low
ORD_000559,CUST_00094,REST_0016,2025-05-05 13:02:20,Cancelled,311.71,0.0,2,UPI,Clear,High
ORD_000560,CUST_00237,REST_0126,2025-03-19 21:41:40,Cancelled,346.06,0.0,2,UPI,Clear,High
ORD_000561,CUST_00665,REST_0080,2025-04-08 10:50:00,Delivered,109.71,5.74,3,Credit Card,Rain,Medium
ORD_000562,CUST_00763,REST_0172,2025-03-15 10:43:24,Delivered,2600.28,297.63,4,Wallet,Clear,Medium
ORD_000563,CUST_00569,REST_0060,2025-03-02 19:10:12,Delivered,1575.09,89.92,5,UPI,Rain,Medium
ORD_000564,CUST_00662,REST_0144,2025-04-05 17:20:15,Delivered,283.32,31.59,4,UPI,Cloudy,Low
ORD_000565,CUST_00709,REST_0008,2025-04-13 23:47:32,Delivered,1290.01,52.66,5,UPI,Rain,High
ORD_000566,CUST_01156,REST_0129,2025-03-27 12:46:35,Delivered,1042.93,273.75,4,Wallet,Clear,Low
ORD_000567,CUST_00161,REST_0067,2025-01-10 18:12:50,Delivered,189.57,14.87,2,UPI,Rain,Low
ORD_000568,CUST_01155,REST_0174,2025-02-27 13:19:21,Delivered,103.12,8.64,1,Debit Card,Rain,Medium
ORD_000569,CUST_01038,REST_0149,2025-06-06 14:46:42,Delivered,269.8,14.95,2,UPI,Clear,Low
ORD_000570,CUST_01116,REST_0115,2025-05-31 13:29:42,Cancelled,1580.61,0.0,7,UPI,Heavy Rain,High
ORD_000571,CUST_01105,REST_0042,2025-03-08 18:48:36,Delivered,211.4,8.47,4,Credit Card,Cloudy,Medium
ORD_000572,CUST_00709,REST_0121,2025-04-16 14:11:07,Delivered,303.58,18.83,3,Credit Card,Cloudy,Low
ORD_000573,CUST_00319,REST_0197,2025-06-21 21:33:34,Delivered,365.28,27.89,4,Wallet,Heavy Rain,Severe
ORD_000574,CUST_00807,REST_0129,2025-04-06 22:01:25,Delivered,260.81,3.15,1,Debit Card,Clear,High
ORD_000575,CUST_01439,REST_0175,2025-03-01 17:17:00,Delivered,444.82,102.11,2,UPI,Cloudy,Low
ORD_000576,CUST_00887,REST_0166,2025-03-13 03:08:00,Delivered,236.15,31.95,3,UPI,Clear,Low
ORD_000577,CUST_00017,REST_0051,2025-04-13 20:26:08,Delivered,208.97,19.41,2,Credit Card,Clear,High
ORD_000578,CUST_00092,REST_0115,2025-06-13 11:14:35,Delivered,446.64,41.0,3,UPI,Clear,Medium
ORD_000579,CUST_01489,REST_0174,2025-05-11 14:22:57,Delivered,256.97,14.86,3,UPI,Clear,Low
ORD_000580,CUST_00111,REST_0058,2025-04-20 14:18:37,Delivered,246.39,35.8,2,UPI,Rain,High
ORD_000581,CUST_00071,REST_0170,2025-03-08 13:02:33,Delivered,659.44,39.29,2,UPI,Cloudy,High
ORD_000582,CUST_00528,REST_0066,2025-03-07 11:22:41,Delivered,112.47,32.09,1,Credit Card,Clear,Low
ORD_000583,CUST_01454,REST_0013,2025-04-21 18:17:26,Delivered,339.17,60.61,2,UPI,Clear,Low
ORD_000584,CUST_00479,REST_0006,2025-05-19 14:24:06,Delivered,396.71,44.04,3,UPI,Clear,Medium
ORD_000585,CUST_00615,REST_0126,2025-02-26 09:04:13,Delivered,1376.22,199.45,7,Cash,Rain,Medium
ORD_000586,CUST_00956,REST_0076,2025-03-23 15:23:12,Delivered,175.49,41.25,3,Wallet,Clear,Low
ORD_000587,CUST_00037,REST_0034,2025-04-29 22:56:32,Delivered,133.17,7.56,3,UPI,Cloudy,Medium
ORD_000588,CUST_01349,REST_0125,2025-05-28 23:34:29,Delivered,1148.45,65.41,5,UPI,Rain,High
ORD_000589,CUST_00783,REST_0111,2025-01-28 07:44:06,Delivered,1787.23,112.28,2,UPI,Cloudy,Medium
ORD_000590,CUST_00704,REST_0149,2025-06-19 19:29:33,Delivered,490.52,69.29,4,Debit Card,Clear,Low
ORD_000591,CUST_01293,REST_0155,2025-04-13 11:52:11,Delivered,308.67,20.56,3,Credit Card,Clear,Low
ORD_000592,CUST_01431,REST_0137,2025-03-22 21:55:00,Delivered,4131.68,343.39,6,Debit Card,Rain,Medium
ORD_000593,CUST_00635,REST_0080,2025-01-13 16:31:14,Delivered,86.57,7.56,2,UPI,Clear,Low
ORD_000594,CUST_00260,REST_0046,2025-01-21 18:05:28,Cancelled,216.64,0.0,2,UPI,Clear,Medium
ORD_000595,CUST_01224,REST_0014,2025-05-25 11:12:26,Delivered,371.32,72.8,4,UPI,Cloudy,Medium
ORD_000596,CUST_00604,REST_0181,2025-04-16 19:09:20,Delivered,314.55,68.52,6,UPI,Cloudy,Medium
ORD_000597,CUST_01405,REST_0054,2025-05-31 21:51:25,Delivered,962.97,299.93,5,Debit Card,Clear,Medium
ORD_000598,CUST_01426,REST_0033,2025-01-15 13:00:58,Delivered,359.46,18.86,3,UPI,Clear,Severe
ORD_000599,CUST_00176,REST_0012,2025-06-03 21:23:38,Delivered,990.05,81.5,2,UPI,Cloudy,High
ORD_000600,CUST_01436,REST_0098,2025-01-16 22:12:41,Delivered,704.69,141.43,3,Wallet,Clear,Low
ORD_000601,CUST_00550,REST_0034,2025-06-09 19:43:23,Delivered,230.84,21.47,2,UPI,Clear,Medium
ORD_000602,CUST_00975,REST_0076,2025-01-13 14:09:41,Delivered,80.0,3.81,1,Debit Card,Rain,Medium
ORD_000603,CUST_00053,REST_0012,2025-06-18 19:02:54,Delivered,952.82,102.47,2,UPI,Clear,Low
ORD_000604,CUST_01335,REST_0095,2025-02-25 13:24:00,Delivered,656.48,27.93,2,UPI,Clear,Medium
ORD_000605,CUST_00968,REST_0107,2025-05-01 19:59:12,Delivered,500.33,30.79,7,UPI,Clear,Low
ORD_000606,CUST_00971,REST_0117,2025-01-24 21:57:08,Delivered,1565.6,188.8,5,UPI,Clear,Medium
ORD_000607,CUST_01355,REST_0151,2025-05-06 14:27:06,Delivered,568.57,21.49,8,UPI,Heavy Rain,High
ORD_000608,CUST_00766,REST_0163,2025-02-14 18:29:36,Delivered,1153.57,126.38,3,Credit Card,Rain,Medium
ORD_000609,CUST_00615,REST_0190,2025-01-16 13:28:51,Delivered,4535.24,545.38,4,Wallet,Clear,Medium
ORD_000610,CUST_01302,REST_0096,2025-05-31 21:56:32,Delivered,2116.86,13.65,8,UPI,Clear,High
ORD_000611,CUST_01117,REST_0036,2025-02-18 08:54:33,Cancelled,332.47,0.0,1,UPI,Clear,High
ORD_000612,CUST_01425,REST_0009,2025-04-17 22:12:51,Delivered,2795.06,437.25,3,Debit Card,Clear,Low
ORD_000613,CUST_01412,REST_0125,2025-01-17 13:27:28,Delivered,1473.88,91.2,6,UPI,Clear,Medium
ORD_000614,CUST_00571,REST_0181,2025-03-13 08:32:00,Delivered,102.54,4.18,2,UPI,Cloudy,High
ORD_000615,CUST_00673,REST_0168,2025-04-12 14:49:23,Cancelled,1098.62,0.0,4,UPI,Clear,Medium
ORD_000616,CUST_00387,REST_0169,2025-06-24 14:50:54,Delivered,952.16,86.18,6,Debit Card,Clear,Low
ORD_000617,CUST_00998,REST_0031,2025-02-08 22:46:20,Delivered,706.13,63.85,4,Debit Card,Clear,Low
ORD_000618,CUST_00544,REST_0087,2025-05-23 11:32:16,Delivered,830.41,142.04,3,UPI,Clear,Medium
ORD_000619,CUST_01181,REST_0029,2025-01-01 11:17:09,Delivered,1363.91,191.71,4,UPI,Cloudy,Low
ORD_000620,CUST_00186,REST_0127,2025-05-31 20:57:08,Delivered,893.2,127.18,3,UPI,Cloudy,High
ORD_000621,CUST_00179,REST_0155,2025-04-20 22:12:51,Delivered,500.66,198.56,3,UPI,Clear,Medium
ORD_000622,CUST_00308,REST_0005,2025-02-15 21:31:16,Delivered,351.37,73.84,6,Wallet,Rain,High
ORD_000623,CUST_00128,REST_0116,2025-03-08 14:52:04,Delivered,463.43,31.52,3,UPI,Clear,Low
ORD_000624,CUST_00935,REST_0181,2025-06-09 19:55:04,Delivered,138.65,12.03,3,Credit Card,Cloudy,Low
ORD_000625,CUST_00224,REST_0135,2025-04-11 18:33:22,Delivered,259.58,59.66,3,UPI,Cloudy,Low
ORD_000626,CUST_00243,REST_0121,2025-03-10 21:46:27,Delivered,244.72,21.98,2,UPI,Clear,Medium
ORD_000627,CUST_00022,REST_0052,2025-01-13 03:25:16,Delivered,2232.59,370.98,5,UPI,Clear,Low
ORD_000628,CUST_01174,REST_0195,2025-03-04 12:15:48,Delivered,331.54,4.34,2,UPI,Cloudy,High
ORD_000629,CUST_01219,REST_0083,2025-02-21 19:17:12,Delivered,2191.04,332.35,3,UPI,Clear,Low
ORD_000630,CUST_00246,REST_0073,2025-04-03 18:23:57,Delivered,1345.49,290.32,4,UPI,Cloudy,Medium
ORD_000631,CUST_01112,REST_0146,2025-02-14 14:12:24,Delivered,738.74,150.14,3,UPI,Clear,Medium
ORD_000632,CUST_00652,REST_0190,2025-06-18 13:08:03,Delivered,2612.76,299.75,3,UPI,Clear,Medium
ORD_000633,CUST_00362,REST_0024,2025-04-02 23:45:08,Cancelled,353.11,0.0,1,Debit Card,Clear,Low
ORD_000634,CUST_00938,REST_0054,2025-06-12 15:32:57,Delivered,1146.11,107.14,5,UPI,Rain,Severe
ORD_000635,CUST_00268,REST_0110,2025-05-08 18:45:19,Delivered,636.67,71.95,3,UPI,Clear,Medium
ORD_000636,CUST_01138,REST_0115,2025-03-07 20:41:12,Delivered,726.1,111.18,4,UPI,Clear,High
ORD_000637,CUST_00073,REST_0026,2025-01-30 10:35:18,Delivered,219.15,17.29,1,Debit Card,Clear,Low
ORD_000638,CUST_01440,REST_0075,2025-03-30 12:01:00,Delivered,1354.09,348.14,5,Wallet,Clear,Medium
ORD_000639,CUST_00111,REST_0062,2025-06-25 11:11:02,Delivered,2331.67,378.39,5,Debit Card,Cloudy,Medium
ORD_000640,CUST_00873,REST_0124,2025-02-25 12:04:47,Delivered,357.87,28.71,4,Credit Card,Cloudy,High
ORD_000641,CUST_01355,REST_0037,2025-06-01 13:37:02,Delivered,488.89,52.48,2,Wallet,Clear,Medium
ORD_000642,CUST_00018,REST_0077,2025-03-11 09:10:38,Delivered,357.1,8.36,5,UPI,Clear,Low
ORD_000643,CUST_00751,REST_0026,2025-06-03 14:47:48,Delivered,500.02,59.6,2,Credit Card,Cloudy,Low
ORD_000644,CUST_00524,REST_0142,2025-04-21 14:04:51,Delivered,390.58,61.48,6,UPI,Clear,Medium
ORD_000645,CUST_00874,REST_0095,2025-04-13 22:10:00,Delivered,738.99,74.85,2,UPI,Cloudy,High
ORD_000646,CUST_00341,REST_0032,2025-04-17 12:57:52,Delivered,1256.06,215.98,5,UPI,Clear,Medium
ORD_000647,CUST_00100,REST_0042,2025-06-22 21:38:10,Delivered,103.47,14.2,3,UPI,Clear,Low
ORD_000648,CUST_00944,REST_0098,2025-06-07 22:43:02,Delivered,691.55,31.62,3,UPI,Clear,Medium
ORD_000649,CUST_00625,REST_0031,2025-02-05 18:28:10,Delivered,223.24,20.11,1,UPI,Clear,Medium
ORD_000650,CUST_00939,REST_0087,2025-06-15 21:14:52,Delivered,973.37,78.41,4,UPI,Clear,Low
ORD_000651,CUST_00317,REST_0040,2025-03-18 22:12:37,Failed,3417.84,0.0,4,Wallet,Cloudy,Medium
ORD_000652,CUST_00508,REST_0051,2025-05-28 14:58:49,Delivered,517.62,23.92,4,Debit Card,Clear,High
ORD_000653,CUST_00845,REST_0154,2025-06-01 21:31:28,Delivered,519.03,86.34,1,UPI,Rain,High
ORD_000654,CUST_00894,REST_0149,2025-06-14 15:26:27,Delivered,192.46,17.83,2,Credit Card,Cloudy,Severe
ORD_000655,CUST_00555,REST_0150,2025-05-01 20:59:56,Delivered,168.96,3.27,1,UPI,Clear,Low
ORD_000656,CUST_00422,REST_0117,2025-04-17 15:21:57,Delivered,600.26,68.28,2,UPI,Clear,Low
ORD_000657,CUST_00412,REST_0164,2025-04-22 21:08:12,Delivered,510.12,83.76,3,UPI,Clear,Low
ORD_000658,CUST_00263,REST_0055,2025-03-15 22:56:20,Delivered,379.85,54.79,3,UPI,Cloudy,High
ORD_000659,CUST_00489,REST_0081,2025-06-26 19:06:45,Delivered,157.07,49.96,3,UPI,Clear,Low
ORD_000660,CUST_00300,REST_0033,2025-05-30 11:50:49,Delivered,337.01,87.6,2,Debit Card,Clear,Medium
ORD_000661,CUST_00955,REST_0160,2025-05-22 18:08:17,Failed,3339.97,0.0,5,UPI,Clear,High
ORD_000662,CUST_00857,REST_0018,2025-01-13 22:22:24,Delivered,909.35,183.53,3,Debit Card,Cloudy,Medium
ORD_000663,CUST_00572,REST_0063,2025-01-28 19:10:00,Delivered,314.52,31.85,3,UPI,Rain,Medium
ORD_000664,CUST_00489,REST_0159,2025-06-18 21:21:32,Delivered,127.36,11.98,1,UPI,Rain,Low
ORD_000665,CUST_00359,REST_0091,2025-04-15 13:52:17,Delivered,96.48,12.34,1,Debit Card,Cloudy,Low
ORD_000666,CUST_00806,REST_0064,2025-04-01 20:40:00,Delivered,3844.62,260.19,4,UPI,Cloudy,Medium
ORD_000667,CUST_01379,REST_0045,2025-05-06 21:32:52,Delivered,151.59,39.72,2,UPI,Heavy Rain,High
ORD_000668,CUST_01033,REST_0072,2025-03-24 15:31:14,Delivered,664.77,205.66,4,UPI,Clear,Medium
ORD_000669,CUST_01120,REST_0130,2025-02-26 22:22:58,Delivered,531.82,32.29,4,Debit Card,Clear,Medium
ORD_000670,CUST_01251,REST_0016,2025-03-10 11:41:17,Delivered,1837.89,29.58,8,Wallet,Clear,Medium
ORD_000671,CUST_00526,REST_0035,2025-03-12 19:27:00,Delivered,569.02,70.74,3,UPI,Clear,Low
ORD_000672,CUST_00096,REST_0106,2025-05-06 01:46:36,Delivered,814.76,88.76,4,UPI,Clear,High
ORD_000673,CUST_00939,REST_0112,2025-03-27 17:18:13,Delivered,1543.2,452.27,3,UPI,Clear,Low
ORD_000674,CUST_00283,REST_0115,2025-03-24 12:00:25,Cancelled,398.87,0.0,3,UPI,Cloudy,Medium
ORD_000675,CUST_00856,REST_0143,2025-05-18 22:05:42,Cancelled,774.17,0.0,3,UPI,Clear,High
ORD_000676,CUST_01112,REST_0022,2025-03-11 13:40:07,Delivered,382.59,37.15,4,UPI,Clear,Medium
ORD_000677,CUST_01177,REST_0130,2025-02-28 12:20:30,Delivered,1197.23,87.45,6,UPI,Clear,Low
ORD_000678,CUST_00454,REST_0155,2025-03-19 12:36:52,Delivered,670.87,37.6,5,UPI,Clear,High
ORD_000679,CUST_00772,REST_0175,2025-03-25 09:56:06,Delivered,1460.14,122.36,5,UPI,Clear,Low
ORD_000680,CUST_00937,REST_0178,2025-02-22 17:05:06,Delivered,1875.71,585.69,3,Credit Card,Cloudy,Medium
ORD_000681,CUST_01230,REST_0058,2025-06-21 22:53:28,Delivered,163.32,9.63,2,UPI,Cloudy,Medium
ORD_000682,CUST_01145,REST_0076,2025-01-25 13:50:12,Delivered,209.54,17.79,4,Cash,Clear,Medium
ORD_000683,CUST_01481,REST_0049,2025-06-09 05:33:27,Cancelled,880.98,0.0,3,Debit Card,Clear,High
ORD_000684,CUST_00012,REST_0039,2025-03-14 22:45:29,Delivered,503.8,89.94,2,Cash,Clear,Low
ORD_000685,CUST_00658,REST_0008,2025-01-09 19:37:54,Delivered,926.53,81.82,4,UPI,Clear,Low
ORD_000686,CUST_00387,REST_0194,2025-01-22 19:41:41,Delivered,145.05,1.99,3,UPI,Rain,Medium
ORD_000687,CUST_00184,REST_0075,2025-03-05 14:30:43,Delivered,841.91,108.62,3,Credit Card,Cloudy,Medium
ORD_000688,CUST_01368,REST_0197,2025-06-17 18:48:07,Delivered,643.68,82.16,4,Debit Card,Cloudy,High
ORD_000689,CUST_01498,REST_0156,2025-02-19 13:27:05,Delivered,478.13,47.29,2,UPI,Cloudy,Medium
ORD_000690,CUST_00271,REST_0113,2025-06-19 20:52:56,Delivered,427.4,42.87,4,Credit Card,Clear,Medium
ORD_000691,CUST_00059,REST_0125,2025-04-15 22:23:05,Delivered,961.81,16.21,4,UPI,Clear,Medium
ORD_000692,CUST_00414,REST_0033,2025-05-15 12:15:33,Delivered,229.14,47.48,1,UPI,Clear,Low
ORD_000693,CUST_01252,REST_0102,2025-06-12 20:57:22,Delivered,300.33,19.03,5,UPI,Clear,Medium
ORD_000694,CUST_00443,REST_0038,2025-03-01 14:34:46,Delivered,424.2,6.01,2,UPI,Rain,Medium
ORD_000695,CUST_00087,REST_0111,2025-04-01 20:51:00,Delivered,3355.94,492.65,3,Debit Card,Clear,Medium
ORD_000696,CUST_00081,REST_0158,2025-03-16 22:54:54,Failed,202.36,0.0,3,Credit Card,Clear,High
ORD_000697,CUST_00642,REST_0152,2025-03-14 18:16:31,Delivered,387.26,19.6,4,UPI,Clear,High
ORD_000698,CUST_01399,REST_0076,2025-01-23 21:27:51,Delivered,80.0,12.51,1,UPI,Clear,Low
ORD_000699,CUST_00431,REST_0090,2025-05-13 05:52:20,Delivered,841.5,76.71,2,UPI,Cloudy,Medium
ORD_000700,CUST_00642,REST_0070,2025-01-03 13:14:44,Delivered,282.92,18.79,4,UPI,Clear,High
ORD_000701,CUST_00156,REST_0129,2025-02-22 20:20:25,Delivered,1248.83,152.91,5,UPI,Clear,High
ORD_000702,CUST_00744,REST_0009,2025-04-23 21:03:51,Delivered,3428.74,263.15,5,Debit Card,Rain,Severe
ORD_000703,CUST_01049,REST_0132,2025-05-18 14:18:30,Delivered,215.46,52.61,1,Credit Card,Clear,Medium
ORD_000704,CUST_00409,REST_0055,2025-05-17 08:45:06,Cancelled,569.6,0.0,4,UPI,Cloudy,Medium
ORD_000705,CUST_00447,REST_0157,2025-02-07 20:07:33,Delivered,662.24,102.87,3,Debit Card,Cloudy,Medium
ORD_000706,CUST_01264,REST_0150,2025-02-28 19:59:27,Delivered,398.17,35.04,2,Credit Card,Cloudy,Low
ORD_000707,CUST_00016,REST_0076,2025-06-05 12:06:02,Delivered,314.9,45.95,6,Debit Card,Clear,Medium
ORD_000708,CUST_00960,REST_0050,2025-02-07 19:43:17,Delivered,1306.65,44.22,5,UPI,Cloudy,High
ORD_000709,CUST_00588,REST_0034,2025-04-05 21:04:43,Delivered,218.85,26.22,3,UPI,Rain,High
ORD_000710,CUST_00449,REST_0137,2025-06-06 14:13:57,Delivered,2766.63,279.34,3,UPI,Clear,Low
ORD_000711,CUST_00993,REST_0063,2025-06-21 14:22:32,Delivered,226.13,9.57,3,UPI,Clear,Severe
ORD_000712,CUST_01251,REST_0036,2025-03-22 15:22:00,Delivered,1475.44,75.17,3,Credit Card,Cloudy,Medium
ORD_000713,CUST_00840,REST_0035,2025-06-02 19:27:08,Delivered,267.73,94.45,2,Credit Card,Cloudy,Low
ORD_000714,CUST_00049,REST_0135,2025-05-20 20:25:55,Cancelled,324.33,0.0,4,UPI,Clear,Medium
ORD_000715,CUST_00695,REST_0187,2025-03-15 13:16:50,Delivered,348.95,36.95,5,Debit Card,Clear,Low
ORD_000716,CUST_00697,REST_0124,2025-02-01 16:47:07,Delivered,80.0,5.49,1,Credit Card,Clear,Low
ORD_000717,CUST_00817,REST_0153,2025-06-07 20:26:14,Delivered,4933.94,326.05,8,UPI,Clear,Severe
ORD_000718,CUST_01013,REST_0082,2025-06-16 15:08:49,Delivered,942.65,118.62,5,UPI,Rain,Low
ORD_000719,CUST_00031,REST_0073,2025-02-14 21:32:18,Delivered,554.96,52.83,2,Credit Card,Cloudy,High
ORD_000720,CUST_00756,REST_0066,2025-05-21 08:48:21,Delivered,324.0,18.91,2,Credit Card,Clear,High
ORD_000721,CUST_00887,REST_0178,2025-05-28 10:19:13,Delivered,2215.36,146.14,3,UPI,Clear,Medium
ORD_000722,CUST_00514,REST_0086,2025-06-09 22:25:17,Delivered,161.78,17.03,1,UPI,Cloudy,Medium
ORD_000723,CUST_01009,REST_0156,2025-03-29 23:02:53,Delivered,501.39,94.2,3,UPI,Cloudy,Medium
ORD_000724,CUST_00345,REST_0045,2025-06-20 19:15:06,Delivered,644.58,123.1,5,UPI,Cloudy,Low
ORD_000725,CUST_00477,REST_0156,2025-02-08 22:30:48,Delivered,319.98,12.85,2,UPI,Clear,Medium
ORD_000726,CUST_01445,REST_0158,2025-05-21 21:40:51,Delivered,247.22,11.63,4,UPI,Rain,Low
ORD_000727,CUST_00521,REST_0078,2025-06-05 19:52:18,Delivered,258.41,62.22,1,UPI,Clear,Low
ORD_000728,CUST_00519,REST_0180,2025-04-21 14:24:37,Delivered,227.92,31.26,3,Debit Card,Clear,Low
ORD_000729,CUST_00898,REST_0065,2025-05-01 21:25:02,Delivered,265.02,22.97,4,UPI,Cloudy,Low
ORD_000730,CUST_01457,REST_0035,2025-05-10 18:19:11,Delivered,717.26,46.19,5,UPI,Clear,Medium
ORD_000731,CUST_01474,REST_0155,2025-02-25 13:36:00,Failed,891.76,0.0,8,UPI,Clear,High
ORD_000732,CUST_00873,REST_0043,2025-06-23 02:48:36,Delivered,287.9,47.1,1,Cash,Clear,Medium
ORD_000733,CUST_00002,REST_0007,2025-02-23 20:27:05,Delivered,4316.49,188.38,4,UPI,Clear,Medium
ORD_000734,CUST_01353,REST_0008,2025-03-25 19:35:58,Delivered,835.27,59.42,3,UPI,Rain,Medium
ORD_000735,CUST_00859,REST_0079,2025-01-11 22:18:22,Delivered,1300.32,123.07,3,Wallet,Clear,Severe
ORD_000736,CUST_00546,REST_0084,2025-01-31 14:59:02,Cancelled,132.61,0.0,2,Wallet,Rain,High
ORD_000737,CUST_01244,REST_0089,2025-06-06 19:06:02,Delivered,436.16,35.48,3,UPI,Clear,Medium
ORD_000738,CUST_00598,REST_0155,2025-05-08 19:15:44,Delivered,198.41,11.04,2,Debit Card,Clear,Low
ORD_000739,CUST_00053,REST_0063,2025-02-03 09:52:38,Delivered,595.56,145.72,5,UPI,Heavy Rain,High
ORD_000740,CUST_01232,REST_0142,2025-04-30 13:10:53,Delivered,162.4,6.58,2,UPI,Cloudy,High
ORD_000741,CUST_00820,REST_0186,2025-03-25 22:57:27,Delivered,252.32,38.45,3,UPI,Cloudy,Medium
ORD_000742,CUST_00507,REST_0061,2025-05-23 18:12:46,Delivered,269.48,92.68,2,UPI,Clear,Low
ORD_000743,CUST_00379,REST_0158,2025-06-12 17:55:00,Delivered,179.2,35.28,3,Wallet,Clear,Low
ORD_000744,CUST_00895,REST_0094,2025-04-16 10:17:57,Delivered,557.85,77.72,4,UPI,Clear,Medium
ORD_000745,CUST_00314,REST_0176,2025-02-01 12:18:00,Delivered,603.51,76.04,2,UPI,Rain,Low
ORD_000746,CUST_00486,REST_0064,2025-05-13 13:59:04,Delivered,1428.47,177.5,3,UPI,Cloudy,High
ORD_000747,CUST_00960,REST_0101,2025-05-07 18:35:12,Delivered,529.22,8.59,2,UPI,Rain,Severe
ORD_000748,CUST_01325,REST_0041,2025-01-13 23:01:23,Delivered,4386.01,61.31,8,Wallet,Clear,High
ORD_000749,CUST_00802,REST_0197,2025-02-05 12:11:18,Delivered,755.88,52.62,6,UPI,Cloudy,High
ORD_000750,CUST_01142,REST_0076,2025-04-24 20:36:42,Delivered,86.89,28.93,2,Credit Card,Clear,Medium
ORD_000751,CUST_01147,REST_0096,2025-05-09 14:48:25,Delivered,1044.22,49.73,6,UPI,Clear,Low
ORD_000752,CUST_01003,REST_0174,2025-03-20 11:46:47,Delivered,430.37,44.22,4,UPI,Cloudy,Low
ORD_000753,CUST_00371,REST_0192,2025-05-27 14:56:39,Delivered,508.56,35.36,3,Debit Card,Clear,Medium
ORD_000754,CUST_01303,REST_0101,2025-05-14 09:29:34,Delivered,308.25,16.28,2,Credit Card,Clear,High
ORD_000755,CUST_00656,REST_0187,2025-03-02 11:11:24,Delivered,115.96,10.29,2,UPI,Clear,Medium
ORD_000756,CUST_00068,REST_0146,2025-05-19 11:39:00,Delivered,1563.61,208.36,5,UPI,Cloudy,High
ORD_000757,CUST_00369,REST_0152,2025-01-08 22:31:10,Delivered,711.88,52.17,6,Wallet,Cloudy,High
ORD_000758,CUST_01150,REST_0028,2025-03-12 21:58:47,Delivered,714.7,193.34,3,Credit Card,Clear,Medium
ORD_000759,CUST_00106,REST_0081,2025-05-21 22:59:48,Delivered,169.11,36.07,4,Wallet,Clear,Low
ORD_000760,CUST_00224,REST_0070,2025-01-07 13:36:24,Delivered,179.06,34.76,2,Debit Card,Clear,Low
ORD_000761,CUST_01046,REST_0175,2025-05-31 20:32:04,Delivered,812.96,101.44,3,UPI,Cloudy,Low
ORD_000762,CUST_01341,REST_0069,2025-01-13 19:04:22,Delivered,1005.69,130.25,4,Wallet,Clear,Medium
ORD_000763,CUST_00955,REST_0046,2025-03-03 22:49:26,Failed,80.75,0.0,1,UPI,Clear,Low
ORD_000764,CUST_00336,REST_0180,2025-04-03 13:42:00,Delivered,172.99,41.28,4,UPI,Clear,Low
ORD_000765,CUST_00082,REST_0001,2025-06-28 12:30:47,Delivered,295.49,5.48,5,Credit Card,Clear,Medium
ORD_000766,CUST_00928,REST_0009,2025-04-03 19:41:00,Delivered,1828.92,270.03,3,Wallet,Cloudy,Low
ORD_000767,CUST_00073,REST_0030,2025-01-03 20:33:20,Delivered,343.5,31.7,4,Debit Card,Clear,Medium
ORD_000768,CUST_00924,REST_0136,2025-06-13 21:53:17,Delivered,1372.36,158.51,5,UPI,Clear,Medium
ORD_000769,CUST_00341,REST_0095,2025-02-03 21:02:52,Delivered,497.66,102.19,2,UPI,Rain,Low
ORD_000770,CUST_01358,REST_0166,2025-04-01 22:02:16,Delivered,345.38,76.96,4,UPI,Rain,High
ORD_000771,CUST_00716,REST_0060,2025-04-20 17:52:37,Delivered,1299.03,99.75,5,Debit Card,Rain,Medium
ORD_000772,CUST_00338,REST_0188,2025-02-09 17:43:04,Delivered,186.35,6.62,2,Debit Card,Rain,High
ORD_000773,CUST_01281,REST_0114,2025-05-22 19:47:35,Delivered,521.37,81.14,3,UPI,Rain,Low
ORD_000774,CUST_00384,REST_0059,2025-04-14 13:04:54,Delivered,596.63,54.77,3,UPI,Heavy Rain,High
ORD_000775,CUST_00462,REST_0114,2025-03-29 14:49:23,Delivered,252.03,82.93,2,UPI,Clear,Low
ORD_000776,CUST_01251,REST_0057,2025-06-17 11:45:49,Delivered,591.29,36.1,2,UPI,Clear,Low
ORD_000777,CUST_00465,REST_0012,2025-02-27 23:38:09,Delivered,4000.76,1000.0,6,UPI,Cloudy,Medium
ORD_000778,CUST_00615,REST_0038,2025-01-02 18:36:15,Delivered,1149.37,87.98,4,UPI,Clear,High
ORD_000779,CUST_00520,REST_0015,2025-03-28 07:26:46,Delivered,835.87,41.68,6,UPI,Rain,Low
ORD_000780,CUST_00179,REST_0049,2025-03-05 14:08:10,Delivered,1122.14,215.56,3,Credit Card,Heavy Rain,High
ORD_000781,CUST_00059,REST_0084,2025-03-11 18:14:58,Delivered,103.24,16.07,2,Credit Card,Clear,High
ORD_000782,CUST_01091,REST_0061,2025-03-27 21:06:00,Delivered,248.23,27.68,2,UPI,Clear,Medium
ORD_000783,CUST_00973,REST_0046,2025-04-03 09:10:00,Delivered,103.41,29.79,1,Credit Card,Clear,Low
ORD_000784,CUST_00425,REST_0179,2025-03-28 20:58:23,Delivered,1978.68,159.46,2,Credit Card,Cloudy,Low
ORD_000785,CUST_00446,REST_0051,2025-06-16 20:48:14,Delivered,270.47,27.1,4,Debit Card,Cloudy,Low
ORD_000786,CUST_01420,REST_0158,2025-06-05 12:16:35,Delivered,149.03,0.46,3,Credit Card,Clear,Low
ORD_000787,CUST_01481,REST_0108,2025-03-27 18:21:10,Delivered,195.91,26.69,2,Credit Card,Rain,Low
ORD_000788,CUST_00714,REST_0084,2025-02-05 11:54:41,Delivered,101.41,22.72,3,UPI,Clear,Low
ORD_000789,CUST_01204,REST_0176,2025-06-09 21:37:36,Delivered,482.77,6.95,2,UPI,Clear,Low
ORD_000790,CUST_01108,REST_0131,2025-04-11 11:24:00,Delivered,1114.75,154.62,4,Cash,Heavy Rain,Severe
ORD_000791,CUST_00448,REST_0021,2025-04-20 16:54:42,Delivered,1194.05,105.17,3,UPI,Rain,High
ORD_000792,CUST_00090,REST_0104,2025-05-03 20:03:12,Delivered,588.59,71.19,5,Wallet,Clear,Medium
ORD_000793,CUST_00217,REST_0153,2025-05-05 06:28:39,Delivered,3623.02,438.08,4,UPI,Rain,Severe
ORD_000794,CUST_01258,REST_0045,2025-04-14 11:54:09,Delivered,301.47,20.96,3,Wallet,Clear,Low
ORD_000795,CUST_01101,REST_0116,2025-06-22 22:37:01,Delivered,588.76,59.36,5,UPI,Clear,Low
ORD_000796,CUST_01003,REST_0075,2025-05-25 19:54:37,Delivered,1837.39,174.03,4,Cash,Clear,High
ORD_000797,CUST_00199,REST_0067,2025-06-14 14:24:08,Delivered,302.72,38.13,2,UPI,Cloudy,Medium
ORD_000798,CUST_00966,REST_0193,2025-05-04 14:28:34,Delivered,111.2,26.92,2,UPI,Clear,Medium
ORD_000799,CUST_01159,REST_0133,2025-02-24 22:04:38,Delivered,306.72,2.53,1,Wallet,Rain,Low
ORD_000800,CUST_01293,REST_0093,2025-03-04 11:38:09,Delivered,739.66,60.81,7,Debit Card,Cloudy,Low
ORD_000801,CUST_00021,REST_0175,2025-06-17 16:14:59,Delivered,953.29,162.01,4,Wallet,Clear,Medium
ORD_000802,CUST_01031,REST_0171,2025-06-09 18:10:59,Cancelled,3150.34,0.0,5,Wallet,Clear,Medium
ORD_000803,CUST_00030,REST_0082,2025-02-25 19:04:42,Delivered,501.89,107.96,4,Credit Card,Rain,Medium
ORD_000804,CUST_01064,REST_0063,2025-03-04 19:43:00,Delivered,349.58,38.89,4,UPI,Clear,Low
ORD_000805,CUST_00959,REST_0043,2025-03-26 22:23:23,Delivered,1083.24,38.81,5,Credit Card,Cloudy,High
ORD_000806,CUST_00226,REST_0032,2025-01-14 22:23:05,Delivered,1252.59,145.2,4,Cash,Heavy Rain,Medium
ORD_000807,CUST_01151,REST_0049,2025-06-03 22:14:28,Delivered,460.39,29.1,2,Credit Card,Clear,Medium
ORD_000808,CUST_00105,REST_0053,2025-03-15 20:50:08,Delivered,577.36,51.01,2,Cash,Rain,Low
ORD_000809,CUST_01240,REST_0024,2025-05-29 22:03:53,Delivered,440.63,64.34,2,Debit Card,Cloudy,Severe
ORD_000810,CUST_00396,REST_0031,2025-03-03 11:05:25,Delivered,574.02,46.58,3,Wallet,Clear,Severe
ORD_000811,CUST_01038,REST_0070,2025-03-21 19:15:37,Delivered,195.86,54.29,2,UPI,Cloudy,Medium
ORD_000812,CUST_01386,REST_0183,2025-06-26 20:18:49,Delivered,423.21,18.65,3,Debit Card,Rain,High
ORD_000813,CUST_00509,REST_0130,2025-01-17 19:43:11,Delivered,1175.45,295.07,6,UPI,Clear,Low
ORD_000814,CUST_00758,REST_0010,2025-03-11 21:07:02,Delivered,374.0,69.68,4,Credit Card,Cloudy,Medium
ORD_000815,CUST_00697,REST_0129,2025-02-18 19:27:58,Cancelled,189.82,0.0,1,Credit Card,Clear,Low
ORD_000816,CUST_00240,REST_0151,2025-06-07 09:19:49,Delivered,300.2,15.98,4,UPI,Clear,Low
ORD_000817,CUST_00890,REST_0035,2025-01-16 18:44:08,Delivered,566.65,30.04,3,Credit Card,Cloudy,Medium
ORD_000818,CUST_01118,REST_0167,2025-06-28 19:48:39,Delivered,514.61,56.14,8,Wallet,Clear,Medium
ORD_000819,CUST_01376,REST_0042,2025-04-14 13:15:11,Delivered,413.38,115.39,7,Credit Card,Cloudy,Medium
ORD_000820,CUST_01278,REST_0148,2025-02-21 22:12:00,Delivered,1571.01,72.53,2,Credit Card,Clear,High
ORD_000821,CUST_00768,REST_0180,2025-04-13 22:36:12,Delivered,239.59,17.79,3,UPI,Rain,Low
ORD_000822,CUST_01083,REST_0170,2025-06-20 19:20:28,Delivered,642.75,32.89,2,UPI,Cloudy,Medium
ORD_000823,CUST_01201,REST_0011,2025-06-06 17:50:49,Delivered,171.5,31.08,3,Wallet,Clear,Low
ORD_000824,CUST_00744,REST_0009,2025-01-28 03:55:56,Delivered,2095.72,141.05,5,UPI,Cloudy,Low
ORD_000825,CUST_00177,REST_0194,2025-03-30 18:48:32,Delivered,160.01,20.73,3,UPI,Rain,High
ORD_000826,CUST_00659,REST_0134,2025-04-07 18:08:26,Delivered,389.04,54.45,2,UPI,Clear,Low
ORD_000827,CUST_01264,REST_0041,2025-04-20 13:15:12,Delivered,744.37,124.43,2,UPI,Rain,Medium
ORD_000828,CUST_00900,REST_0145,2025-03-19 09:08:54,Delivered,288.38,33.74,5,Cash,Rain,High
ORD_000829,CUST_01090,REST_0055,2025-06-18 11:09:34,Delivered,272.47,22.14,2,Wallet,Clear,Medium
ORD_000830,CUST_00278,REST_0166,2025-04-27 12:47:15,Delivered,565.85,6.67,6,Cash,Rain,Medium
ORD_000831,CUST_01448,REST_0098,2025-06-26 19:20:50,Delivered,654.37,22.9,2,UPI,Cloudy,Severe
ORD_000832,CUST_00605,REST_0071,2025-02-23 18:10:39,Delivered,861.12,167.7,5,UPI,Cloudy,Medium
ORD_000833,CUST_00987,REST_0121,2025-04-28 11:40:46,Delivered,374.68,85.96,3,UPI,Clear,Low
ORD_000834,CUST_00030,REST_0186,2025-04-28 13:19:33,Delivered,224.59,8.42,2,Wallet,Rain,High
ORD_000835,CUST_00194,REST_0063,2025-05-30 13:17:15,Delivered,179.1,36.32,2,UPI,Clear,Medium
ORD_000836,CUST_01174,REST_0070,2025-05-13 11:09:20,Delivered,389.74,6.98,4,UPI,Heavy Rain,High
ORD_000837,CUST_01453,REST_0188,2025-03-02 12:23:22,Cancelled,80.0,0.0,1,Wallet,Clear,Low
ORD_000838,CUST_00481,REST_0038,2025-03-28 13:01:05,Delivered,1000.44,212.54,4,UPI,Clear,Low
ORD_000839,CUST_00056,REST_0016,2025-02-22 13:08:11,Delivered,382.93,22.7,2,Debit Card,Clear,High
ORD_000840,CUST_00539,REST_0139,2025-05-02 19:27:22,Delivered,140.04,53.35,3,Credit Card,Clear,Low
ORD_000841,CUST_00028,REST_0124,2025-06-04 18:53:34,Delivered,311.99,17.56,5,UPI,Rain,High
ORD_000842,CUST_00289,REST_0066,2025-01-27 18:12:07,Delivered,265.35,23.78,2,Wallet,Clear,Low
ORD_000843,CUST_01131,REST_0011,2025-02-13 19:58:33,Delivered,153.8,29.41,2,UPI,Clear,Medium
ORD_000844,CUST_01407,REST_0052,2025-06-19 09:00:35,Delivered,1388.36,101.89,2,UPI,Clear,High
ORD_000845,CUST_00134,REST_0083,2025-02-24 23:24:17,Delivered,1805.33,295.59,2,Debit Card,Clear,Medium
ORD_000846,CUST_00840,REST_0009,2025-02-07 18:18:12,Delivered,716.46,22.21,1,UPI,Clear,Low
ORD_000847,CUST_00384,REST_0122,2025-01-17 22:21:42,Delivered,556.94,43.06,6,UPI,Clear,High
ORD_000848,CUST_00212,REST_0105,2025-02-17 09:49:01,Delivered,723.02,110.76,4,UPI,Clear,Medium
ORD_000849,CUST_00330,REST_0173,2025-04-29 21:13:33,Delivered,2379.63,665.19,5,UPI,Cloudy,Low
ORD_000850,CUST_00870,REST_0066,2025-03-15 21:12:25,Delivered,632.42,48.66,4,UPI,Clear,Medium
ORD_000851,CUST_00100,REST_0015,2025-02-28 19:55:14,Delivered,604.03,128.92,4,Debit Card,Clear,Low
ORD_000852,CUST_00653,REST_0089,2025-02-23 18:36:18,Delivered,381.88,11.26,2,UPI,Cloudy,Low
ORD_000853,CUST_00205,REST_0073,2025-04-07 19:32:00,Delivered,361.79,101.99,2,UPI,Clear,Low
ORD_000854,CUST_00411,REST_0043,2025-05-08 11:16:56,Delivered,761.99,44.38,3,Credit Card,Clear,Low
ORD_000855,CUST_00286,REST_0170,2025-03-11 13:19:46,Delivered,720.99,170.35,3,UPI,Cloudy,Low
ORD_000856,CUST_01327,REST_0176,2025-05-21 20:20:01,Delivered,363.05,28.81,2,UPI,Cloudy,Medium
ORD_000857,CUST_01066,REST_0156,2025-02-22 13:03:41,Delivered,1232.93,36.47,7,UPI,Cloudy,Severe
ORD_000858,CUST_01305,REST_0155,2025-05-06 19:37:08,Delivered,409.39,53.15,5,Debit Card,Clear,Medium
ORD_000859,CUST_00573,REST_0099,2025-05-28 12:36:37,Delivered,467.97,114.86,2,UPI,Clear,Low
ORD_000860,CUST_00472,REST_0106,2025-02-19 21:54:34,Delivered,739.39,92.26,3,UPI,Rain,High
ORD_000861,CUST_00569,REST_0005,2025-04-04 09:24:30,Delivered,156.29,7.46,2,UPI,Clear,High
ORD_000862,CUST_00029,REST_0045,2025-05-20 18:52:56,Failed,397.27,0.0,2,Debit Card,Clear,Medium
ORD_000863,CUST_01091,REST_0121,2025-04-08 21:29:00,Delivered,1084.07,100.55,6,Credit Card,Clear,Medium
ORD_000864,CUST_00523,REST_0122,2025-05-30 21:20:34,Delivered,428.91,53.99,6,Credit Card,Cloudy,Medium
ORD_000865,CUST_00472,REST_0095,2025-03-12 19:59:34,Delivered,261.96,7.44,1,UPI,Clear,Medium
ORD_000866,CUST_00902,REST_0095,2025-02-28 21:54:00,Delivered,468.04,37.82,2,UPI,Cloudy,Low
ORD_000867,CUST_00656,REST_0130,2025-01-24 14:55:23,Delivered,717.63,222.03,4,Debit Card,Clear,Low
ORD_000868,CUST_01471,REST_0097,2025-06-01 13:47:59,Delivered,92.61,15.36,1,Cash,Clear,Low
ORD_000869,CUST_00533,REST_0196,2025-03-26 16:25:00,Delivered,1036.0,387.03,5,Credit Card,Clear,Medium
ORD_000870,CUST_00926,REST_0011,2025-03-26 13:54:00,Delivered,247.74,116.54,3,UPI,Clear,Medium
ORD_000871,CUST_00470,REST_0087,2025-02-18 21:22:00,Cancelled,958.56,0.0,3,Debit Card,Heavy Rain,Medium
ORD_000872,CUST_01486,REST_0049,2025-01-09 12:06:43,Delivered,789.69,104.68,3,Cash,Clear,Medium
ORD_000873,CUST_00670,REST_0031,2025-02-28 12:50:15,Delivered,1155.74,175.33,6,Debit Card,Clear,Medium
ORD_000874,CUST_00956,REST_0124,2025-02-07 09:24:28,Delivered,323.77,61.15,4,Debit Card,Clear,Medium
ORD_000875,CUST_00193,REST_0181,2025-02-28 20:45:39,Delivered,268.15,27.98,4,UPI,Clear,Medium
ORD_000876,CUST_01103,REST_0103,2025-01-08 22:44:44,Delivered,1323.85,174.97,2,UPI,Rain,Severe
ORD_000877,CUST_00406,REST_0085,2025-06-30 11:33:20,Delivered,560.59,95.85,3,Credit Card,Clear,Medium
ORD_000878,CUST_00676,REST_0135,2025-03-23 18:59:00,Delivered,918.46,38.95,7,UPI,Cloudy,High
ORD_000879,CUST_01327,REST_0037,2025-05-04 20:59:03,Delivered,339.79,90.77,2,UPI,Cloudy,Low
ORD_000880,CUST_01456,REST_0001,2025-02-20 14:05:00,Delivered,171.53,24.29,3,UPI,Cloudy,Low
ORD_000881,CUST_00637,REST_0073,2025-03-28 20:36:06,Delivered,351.21,23.53,2,UPI,Clear,Medium
ORD_000882,CUST_01252,REST_0111,2025-03-16 21:34:00,Delivered,2770.87,282.65,4,Wallet,Clear,Medium
ORD_000883,CUST_00082,REST_0185,2025-04-09 20:13:34,Delivered,314.9,20.11,4,Wallet,Clear,Low
ORD_000884,CUST_01272,REST_0173,2025-01-11 19:16:12,Delivered,496.35,146.28,1,UPI,Clear,Low
ORD_000885,CUST_00949,REST_0029,2025-05-01 11:44:50,Delivered,819.89,154.93,4,UPI,Clear,Low
ORD_000886,CUST_00736,REST_0063,2025-01-05 20:31:11,Delivered,562.84,24.39,5,UPI,Cloudy,Low
ORD_000887,CUST_01337,REST_0146,2025-06-29 09:47:53,Delivered,366.21,30.07,2,UPI,Clear,Low
ORD_000888,CUST_01269,REST_0038,2025-04-27 20:53:40,Delivered,199.07,18.86,1,Credit Card,Clear,Medium
ORD_000889,CUST_00447,REST_0137,2025-02-17 18:49:53,Failed,2056.03,0.0,2,UPI,Clear,Medium
ORD_000890,CUST_01188,REST_0023,2025-04-06 17:34:35,Delivered,532.49,165.17,4,Wallet,Clear,Low
ORD_000891,CUST_00152,REST_0053,2025-03-18 17:57:00,Delivered,416.83,39.01,2,Debit Card,Clear,Medium
ORD_000892,CUST_01235,REST_0065,2025-05-30 10:28:12,Delivered,273.53,49.44,3,Debit Card,Clear,Low
ORD_000893,CUST_01019,REST_0001,2025-03-14 10:36:00,Delivered,207.46,31.68,3,UPI,Rain,High
ORD_000894,CUST_00135,REST_0102,2025-04-26 20:26:44,Delivered,195.31,27.7,2,Wallet,Cloudy,Medium
ORD_000895,CUST_01029,REST_0061,2025-05-10 21:56:30,Delivered,451.64,60.99,5,UPI,Cloudy,High
ORD_000896,CUST_00874,REST_0055,2025-04-21 20:24:00,Delivered,251.55,23.55,3,Credit Card,Clear,Medium
ORD_000897,CUST_00896,REST_0006,2025-01-14 11:18:36,Delivered,326.47,43.1,4,UPI,Clear,Medium
ORD_000898,CUST_00439,REST_0027,2025-05-07 12:57:25,Delivered,1218.14,164.4,3,Debit Card,Rain,High
ORD_000899,CUST_00402,REST_0074,2025-05-17 20:39:14,Cancelled,3321.27,0.0,4,UPI,Cloudy,High
ORD_000900,CUST_01146,REST_0113,2025-03-27 22:24:00,Delivered,404.85,51.52,3,Wallet,Clear,Medium
ORD_000901,CUST_00388,REST_0027,2025-06-30 11:53:40,Delivered,1335.05,35.93,4,Debit Card,Cloudy,Low
ORD_000902,CUST_00672,REST_0021,2025-04-03 13:03:20,Delivered,455.4,23.55,1,Credit Card,Clear,Low
ORD_000903,CUST_01047,REST_0113,2025-06-16 09:22:39,Delivered,407.09,15.01,4,UPI,Rain,Medium
ORD_000904,CUST_00122,REST_0121,2025-03-26 12:58:40,Delivered,134.36,27.04,1,Debit Card,Clear,Low
ORD_000905,CUST_00896,REST_0171,2025-03-30 10:43:37,Delivered,1498.91,34.9,3,Debit Card,Heavy Rain,Severe
ORD_000906,CUST_00889,REST_0045,2025-03-12 08:37:00,Delivered,215.14,18.06,2,Wallet,Clear,Low
ORD_000907,CUST_01031,REST_0099,2025-02-20 21:53:55,Delivered,890.99,62.71,3,UPI,Clear,Medium
ORD_000908,CUST_00552,REST_0144,2025-03-13 18:39:57,Delivered,84.81,11.06,2,UPI,Clear,Low
ORD_000909,CUST_00676,REST_0149,2025-05-23 17:23:15,Delivered,220.44,47.61,2,UPI,Clear,Medium
ORD_000910,CUST_00495,REST_0121,2025-06-20 18:15:15,Cancelled,497.51,0.0,4,Credit Card,Cloudy,Medium
ORD_000911,CUST_01213,REST_0029,2025-01-28 19:34:58,Failed,268.76,0.0,1,Debit Card,Cloudy,Severe
ORD_000912,CUST_00199,REST_0160,2025-01-09 13:44:17,Delivered,5000.0,381.94,5,Credit Card,Clear,Medium
ORD_000913,CUST_01446,REST_0116,2025-04-19 11:44:29,Delivered,163.96,21.2,2,UPI,Clear,High
ORD_000914,CUST_00957,REST_0007,2025-02-17 22:26:26,Delivered,1673.1,179.0,2,Debit Card,Rain,High
ORD_000915,CUST_01333,REST_0047,2025-03-15 13:05:52,Delivered,630.0,124.23,4,Credit Card,Clear,Low
ORD_000916,CUST_00640,REST_0155,2025-03-20 20:00:00,Delivered,506.94,123.86,5,Debit Card,Clear,Low
ORD_000917,CUST_00499,REST_0102,2025-04-28 19:45:55,Delivered,429.4,198.0,4,UPI,Clear,Low
ORD_000918,CUST_01353,REST_0027,2025-06-15 20:30:36,Delivered,203.32,18.82,1,Debit Card,Clear,Low
ORD_000919,CUST_00151,REST_0115,2025-05-19 15:11:02,Delivered,389.23,32.75,2,UPI,Clear,Medium
ORD_000920,CUST_00179,REST_0145,2025-02-25 19:37:53,Delivered,168.45,10.49,3,Debit Card,Cloudy,Low
ORD_000921,CUST_00451,REST_0042,2025-05-10 14:53:11,Delivered,93.82,9.23,2,Debit Card,Cloudy,Medium
ORD_000922,CUST_01441,REST_0090,2025-03-17 20:12:00,Delivered,2446.43,116.91,4,Credit Card,Rain,Medium
ORD_000923,CUST_00954,REST_0124,2025-02-16 12:35:03,Delivered,361.54,57.25,4,UPI,Rain,Severe
ORD_000924,CUST_00834,REST_0124,2025-06-01 20:36:01,Delivered,226.23,14.34,4,UPI,Clear,Low
ORD_000925,CUST_01062,REST_0185,2025-01-15 19:55:48,Delivered,186.51,33.2,2,Wallet,Clear,Medium
ORD_000926,CUST_00626,REST_0025,2025-04-22 18:34:51,Delivered,80.0,3.25,1,UPI,Clear,Medium
ORD_000927,CUST_01140,REST_0018,2025-04-04 19:18:59,Delivered,1401.99,392.71,3,Credit Card,Clear,Low
ORD_000928,CUST_00587,REST_0015,2025-03-18 20:11:48,Delivered,178.54,8.82,2,UPI,Clear,Medium
ORD_000929,CUST_01240,REST_0043,2025-02-10 12:50:22,Delivered,869.83,98.99,3,Credit Card,Clear,Low
ORD_000930,CUST_00403,REST_0143,2025-01-31 22:23:07,Delivered,616.26,1.97,3,UPI,Clear,Low
ORD_000931,CUST_00418,REST_0073,2025-01-09 19:12:33,Delivered,370.27,20.57,2,UPI,Clear,Low
ORD_000932,CUST_00787,REST_0022,2025-05-11 18:27:25,Delivered,171.03,20.51,2,UPI,Clear,Medium
ORD_000933,CUST_00647,REST_0175,2025-04-27 01:33:14,Delivered,503.73,90.95,2,Cash,Clear,Low
ORD_000934,CUST_00978,REST_0149,2025-05-16 13:23:51,Delivered,244.28,22.35,3,UPI,Rain,Medium
ORD_000935,CUST_00544,REST_0153,2025-02-21 22:36:03,Delivered,800.78,47.55,1,Credit Card,Clear,Medium
ORD_000936,CUST_00349,REST_0075,2025-02-24 21:14:56,Delivered,1025.33,37.98,4,Credit Card,Cloudy,Medium
ORD_000937,CUST_00708,REST_0015,2025-02-06 22:33:06,Delivered,113.3,3.8,1,UPI,Clear,Low
ORD_000938,CUST_00844,REST_0102,2025-03-27 20:30:00,Delivered,238.18,40.27,3,UPI,Clear,Low
ORD_000939,CUST_00217,REST_0067,2025-03-16 12:38:41,Delivered,167.73,16.56,2,Credit Card,Clear,High
ORD_000940,CUST_00838,REST_0042,2025-05-31 17:19:19,Delivered,246.36,6.21,4,UPI,Clear,Medium
ORD_000941,CUST_00480,REST_0049,2025-01-11 19:12:40,Delivered,810.39,34.32,4,Debit Card,Clear,Medium
ORD_000942,CUST_00586,REST_0053,2025-06-26 14:53:30,Delivered,506.63,22.22,2,Credit Card,Rain,High
ORD_000943,CUST_00420,REST_0085,2025-02-22 13:15:56,Cancelled,367.61,0.0,2,Credit Card,Cloudy,Medium
ORD_000944,CUST_01399,REST_0129,2025-05-08 13:19:27,Cancelled,410.7,0.0,2,Wallet,Clear,Medium
ORD_000945,CUST_01029,REST_0003,2025-06-04 16:04:51,Delivered,489.78,195.18,4,Debit Card,Clear,Medium
ORD_000946,CUST_00396,REST_0011,2025-04-23 22:52:51,Delivered,270.63,38.04,3,Cash,Clear,Medium
ORD_000947,CUST_00973,REST_0198,2025-04-10 16:21:00,Cancelled,322.83,0.0,2,UPI,Clear,Medium
ORD_000948,CUST_01274,REST_0066,2025-04-19 13:42:46,Delivered,255.17,15.79,2,Credit Card,Cloudy,Medium
ORD_000949,CUST_00601,REST_0040,2025-06-12 11:27:40,Delivered,2378.36,162.45,4,UPI,Clear,Medium
ORD_000950,CUST_01245,REST_0109,2025-03-13 20:58:04,Delivered,606.99,188.84,4,Wallet,Cloudy,Medium
ORD_000951,CUST_00235,REST_0124,2025-02-16 19:57:06,Delivered,354.85,27.07,4,Credit Card,Clear,Medium
ORD_000952,CUST_01235,REST_0147,2025-04-27 20:27:11,Cancelled,138.83,0.0,2,UPI,Clear,High
ORD_000953,CUST_00812,REST_0028,2025-02-10 11:24:00,Delivered,613.55,52.32,3,UPI,Heavy Rain,High
ORD_000954,CUST_00337,REST_0156,2025-03-26 09:31:46,Delivered,931.39,189.97,4,UPI,Clear,Low
ORD_000955,CUST_00610,REST_0193,2025-06-10 19:02:56,Delivered,116.04,12.04,2,Cash,Rain,High
ORD_000956,CUST_01481,REST_0142,2025-02-12 15:52:40,Delivered,499.65,61.87,6,Credit Card,Cloudy,Low
ORD_000957,CUST_01177,REST_0159,2025-02-08 20:33:36,Delivered,219.55,22.86,2,UPI,Clear,Medium
ORD_000958,CUST_00866,REST_0156,2025-06-18 14:09:39,Delivered,693.73,37.82,3,UPI,Rain,High
ORD_000959,CUST_00177,REST_0176,2025-05-26 20:40:35,Delivered,1810.71,207.8,7,UPI,Clear,Low
ORD_000960,CUST_00627,REST_0019,2025-01-02 07:48:02,Delivered,110.36,27.17,2,UPI,Clear,Medium
ORD_000961,CUST_00397,REST_0015,2025-04-18 18:34:00,Delivered,502.57,44.62,4,Debit Card,Cloudy,High
ORD_000962,CUST_00109,REST_0019,2025-02-20 20:49:16,Delivered,82.6,15.36,2,Debit Card,Clear,Medium
ORD_000963,CUST_00815,REST_0198,2025-04-30 17:50:54,Delivered,1557.92,59.21,8,Credit Card,Clear,Medium
ORD_000964,CUST_01336,REST_0081,2025-02-19 20:11:39,Delivered,253.29,17.24,4,UPI,Rain,High
ORD_000965,CUST_01019,REST_0150,2025-03-27 16:46:00,Delivered,837.56,166.48,5,UPI,Cloudy,Medium
ORD_000966,CUST_00378,REST_0186,2025-01-14 10:55:52,Delivered,84.64,13.95,1,Credit Card,Clear,Low
ORD_000967,CUST_00864,REST_0079,2025-02-23 01:44:04,Delivered,1615.89,47.29,5,Credit Card,Cloudy,Medium
ORD_000968,CUST_01417,REST_0191,2025-05-11 13:57:49,Delivered,215.53,74.79,2,Wallet,Cloudy,Low
ORD_000969,CUST_01088,REST_0065,2025-02-23 15:02:00,Delivered,430.37,20.43,6,Cash,Clear,High
ORD_000970,CUST_01039,REST_0073,2025-02-02 07:14:25,Delivered,893.82,97.61,4,UPI,Clear,Low
ORD_000971,CUST_01453,REST_0042,2025-04-18 19:32:45,Delivered,158.59,56.5,3,Credit Card,Clear,Medium
ORD_000972,CUST_01198,REST_0086,2025-01-18 11:32:26,Delivered,376.34,28.72,2,UPI,Cloudy,Medium
ORD_000973,CUST_00208,REST_0117,2025-02-18 13:43:12,Delivered,1258.66,117.32,5,Credit Card,Rain,Medium
ORD_000974,CUST_00520,REST_0154,2025-06-29 15:34:18,Delivered,1927.46,483.47,4,UPI,Cloudy,Medium
ORD_000975,CUST_01449,REST_0119,2025-03-15 09:05:00,Delivered,767.92,93.46,2,UPI,Cloudy,Severe
ORD_000976,CUST_00738,REST_0162,2025-06-02 22:36:27,Delivered,2339.74,280.12,5,UPI,Clear,Medium
ORD_000977,CUST_00171,REST_0025,2025-05-04 19:08:13,Delivered,275.51,8.58,4,Debit Card,Rain,Medium
ORD_000978,CUST_00690,REST_0127,2025-05-11 16:25:52,Delivered,699.56,39.14,4,Cash,Rain,Severe
ORD_000979,CUST_01050,REST_0099,2025-03-26 18:06:00,Delivered,324.15,6.51,2,UPI,Clear,Medium
ORD_000980,CUST_01497,REST_0109,2025-02-08 19:22:28,Delivered,301.15,16.46,2,Cash,Cloudy,High
ORD_000981,CUST_00486,REST_0093,2025-03-10 12:52:44,Delivered,420.96,71.37,4,UPI,Cloudy,Medium
ORD_000982,CUST_00775,REST_0155,2025-01-27 19:13:40,Delivered,254.33,50.97,3,UPI,Clear,High
ORD_000983,CUST_01322,REST_0043,2025-04-16 11:41:57,Delivered,1026.14,71.41,4,UPI,Clear,High
ORD_000984,CUST_00531,REST_0103,2025-06-28 20:34:18,Delivered,4453.56,596.93,5,UPI,Heavy Rain,Medium
ORD_000985,CUST_00167,REST_0003,2025-04-28 11:46:13,Delivered,398.3,75.22,2,Wallet,Rain,High
ORD_000986,CUST_01425,REST_0091,2025-03-08 18:49:31,Delivered,601.3,51.17,6,UPI,Cloudy,Medium
ORD_000987,CUST_00736,REST_0012,2025-01-10 18:48:39,Delivered,1138.58,52.36,2,UPI,Rain,Medium
ORD_000988,CUST_00758,REST_0191,2025-05-23 20:56:09,Delivered,351.05,74.1,3,Credit Card,Cloudy,High
ORD_000989,CUST_00937,REST_0053,2025-03-12 12:11:16,Delivered,1058.57,166.71,4,Cash,Rain,Medium
ORD_000990,CUST_00006,REST_0124,2025-04-21 22:54:13,Delivered,416.38,61.14,5,Debit Card,Clear,Low
ORD_000991,CUST_01398,REST_0145,2025-04-08 18:46:00,Delivered,299.91,11.39,5,UPI,Clear,Low
ORD_000992,CUST_00540,REST_0110,2025-04-04 16:54:40,Delivered,182.28,22.95,1,UPI,Clear,Low
ORD_000993,CUST_00594,REST_0188,2025-04-09 18:11:30,Delivered,142.12,4.95,2,Debit Card,Clear,Medium
ORD_000994,CUST_00262,REST_0150,2025-03-22 09:18:25,Delivered,261.14,29.67,2,UPI,Cloudy,Medium
ORD_000995,CUST_00565,REST_0028,2025-05-23 18:57:13,Delivered,1195.75,330.16,8,UPI,Clear,Low
ORD_000996,CUST_01206,REST_0084,2025-06-07 12:41:23,Delivered,80.0,12.6,1,Debit Card,Rain,Medium
ORD_000997,CUST_01200,REST_0165,2025-04-20 19:33:59,Cancelled,270.53,0.0,4,Wallet,Clear,Low
ORD_000998,CUST_01405,REST_0049,2025-04-10 22:32:00,Delivered,1549.25,234.72,5,Credit Card,Clear,Severe
ORD_000999,CUST_00604,REST_0181,2025-03-23 22:32:55,Delivered,80.0,4.75,1,UPI,Rain,Medium
ORD_001000,CUST_01067,REST_0144,2025-06-15 19:34:00,Delivered,187.11,54.77,4,Wallet,Clear,Medium
ORD_001001,CUST_00764,REST_0025,2025-06-12 20:38:54,Delivered,192.97,11.26,4,Debit Card,Clear,Low
ORD_001002,CUST_01207,REST_0043,2025-06-02 20:12:03,Failed,513.49,0.0,2,UPI,Clear,Medium
ORD_001003,CUST_01073,REST_0139,2025-03-11 19:07:53,Delivered,119.39,13.54,3,UPI,Clear,Medium
ORD_001004,CUST_00549,REST_0174,2025-04-08 03:08:35,Delivered,375.58,33.72,5,UPI,Cloudy,Low
ORD_001005,CUST_00505,REST_0177,2025-04-23 14:36:41,Cancelled,312.79,0.0,5,UPI,Cloudy,Low
ORD_001006,CUST_00382,REST_0184,2025-04-18 11:37:00,Delivered,4275.85,175.62,4,UPI,Clear,Low
ORD_001007,CUST_00869,REST_0163,2025-01-28 21:55:43,Delivered,1306.28,78.43,3,UPI,Clear,Low
ORD_001008,CUST_01447,REST_0174,2025-01-09 14:33:33,Delivered,197.07,24.64,2,Credit Card,Clear,Medium
ORD_001009,CUST_00301,REST_0070,2025-02-01 21:24:42,Delivered,203.27,7.35,2,UPI,Cloudy,Severe
ORD_001010,CUST_00146,REST_0063,2025-06-28 14:25:44,Delivered,315.68,54.52,4,UPI,Clear,High
ORD_001011,CUST_00183,REST_0109,2025-06-03 18:58:28,Delivered,387.36,56.7,2,Credit Card,Clear,Low
ORD_001012,CUST_01176,REST_0085,2025-06-28 18:27:11,Delivered,782.61,127.3,6,UPI,Rain,High
ORD_001013,CUST_00524,REST_0108,2025-05-19 19:32:15,Delivered,87.48,15.73,1,Cash,Clear,Low
ORD_001014,CUST_00339,REST_0042,2025-04-02 08:37:54,Delivered,165.6,11.31,4,UPI,Clear,Low
ORD_001015,CUST_00528,REST_0159,2025-06-19 18:33:56,Delivered,89.47,5.11,1,Debit Card,Clear,Medium
ORD_001016,CUST_00974,REST_0088,2025-01-03 09:37:55,Delivered,148.4,42.47,3,UPI,Cloudy,Low
ORD_001017,CUST_00822,REST_0185,2025-01-13 00:05:32,Delivered,497.57,71.25,5,UPI,Clear,Low
ORD_001018,CUST_01118,REST_0126,2025-04-15 19:54:42,Delivered,186.86,28.71,1,Debit Card,Cloudy,Low
ORD_001019,CUST_00508,REST_0016,2025-05-21 12:27:52,Delivered,466.03,40.17,2,Credit Card,Clear,Low
ORD_001020,CUST_00680,REST_0195,2025-02-05 18:24:16,Delivered,1501.66,331.08,4,Cash,Cloudy,Low
ORD_001021,CUST_00156,REST_0188,2025-02-23 22:57:00,Cancelled,177.32,0.0,3,UPI,Clear,Medium
ORD_001022,CUST_00113,REST_0054,2025-02-23 09:18:00,Delivered,188.85,25.45,1,Debit Card,Clear,Low
ORD_001023,CUST_00696,REST_0138,2025-02-03 16:18:32,Delivered,273.57,18.27,2,UPI,Clear,Severe
ORD_001024,CUST_00454,REST_0167,2025-03-05 12:54:00,Delivered,258.25,12.02,3,UPI,Clear,Severe
ORD_001025,CUST_00924,REST_0195,2025-04-01 04:34:58,Delivered,1486.96,80.88,5,UPI,Clear,High
ORD_001026,CUST_00066,REST_0106,2025-05-07 21:46:20,Delivered,706.59,15.93,4,Debit Card,Clear,High
ORD_001027,CUST_00186,REST_0165,2025-03-01 23:19:05,Delivered,80.0,5.72,1,UPI,Rain,Low
ORD_001028,CUST_01300,REST_0173,2025-01-10 21:21:15,Delivered,865.45,202.97,2,Credit Card,Cloudy,Medium
ORD_001029,CUST_00852,REST_0183,2025-03-15 08:43:00,Delivered,1091.0,46.4,7,Wallet,Clear,Low
ORD_001030,CUST_01072,REST_0102,2025-02-09 22:09:09,Delivered,505.53,9.69,6,UPI,Rain,Medium
ORD_001031,CUST_01264,REST_0071,2025-02-19 20:29:03,Delivered,165.53,18.39,1,Credit Card,Rain,Medium
ORD_001032,CUST_00698,REST_0164,2025-05-09 18:04:29,Delivered,893.03,115.32,4,UPI,Clear,Low
ORD_001033,CUST_01145,REST_0139,2025-04-14 21:23:13,Delivered,250.16,18.2,5,Debit Card,Cloudy,Medium
ORD_001034,CUST_00790,REST_0163,2025-02-10 18:28:00,Cancelled,640.76,0.0,2,Credit Card,Clear,Low
ORD_001035,CUST_00337,REST_0066,2025-06-23 00:03:27,Delivered,642.83,67.94,3,UPI,Clear,Medium
ORD_001036,CUST_00507,REST_0016,2025-03-24 20:42:12,Delivered,165.08,7.47,1,UPI,Clear,Medium
ORD_001037,CUST_00739,REST_0124,2025-04-24 11:32:13,Delivered,129.02,17.18,2,Debit Card,Clear,Medium
ORD_001038,CUST_00476,REST_0013,2025-03-21 08:31:49,Delivered,546.89,64.75,3,Debit Card,Cloudy,Low
ORD_001039,CUST_00503,REST_0194,2025-06-04 20:03:06,Delivered,174.12,7.17,4,Debit Card,Rain,High
ORD_001040,CUST_00506,REST_0166,2025-05-11 23:58:09,Delivered,96.4,4.05,1,Debit Card,Heavy Rain,High
ORD_001041,CUST_00188,REST_0122,2025-05-09 07:53:52,Delivered,232.52,33.68,3,UPI,Rain,Medium
ORD_001042,CUST_00129,REST_0091,2025-05-18 21:02:06,Delivered,145.4,10.07,2,UPI,Clear,Medium
ORD_001043,CUST_00071,REST_0173,2025-03-20 17:32:00,Delivered,1113.84,280.47,2,UPI,Cloudy,Medium
ORD_001044,CUST_00170,REST_0005,2025-05-21 11:39:49,Delivered,80.0,3.93,1,UPI,Clear,High
ORD_001045,CUST_00514,REST_0003,2025-03-03 23:58:09,Delivered,893.17,91.04,4,UPI,Clear,High
ORD_001046,CUST_00895,REST_0069,2025-03-28 13:12:39,Delivered,495.41,104.6,2,Credit Card,Clear,Low
ORD_001047,CUST_00282,REST_0090,2025-02-25 08:50:15,Delivered,2512.19,365.9,4,UPI,Cloudy,High
ORD_001048,CUST_01334,REST_0006,2025-03-14 22:28:08,Delivered,364.1,18.56,3,Cash,Clear,Medium
ORD_001049,CUST_01213,REST_0048,2025-02-02 21:10:38,Delivered,107.93,3.82,1,Debit Card,Cloudy,Medium
ORD_001050,CUST_00785,REST_0192,2025-04-24 21:22:24,Delivered,278.86,15.78,2,UPI,Clear,High
ORD_001051,CUST_01090,REST_0110,2025-04-24 21:47:20,Delivered,883.26,27.8,4,Debit Card,Clear,Medium
ORD_001052,CUST_00547,REST_0136,2025-05-18 15:18:34,Cancelled,1247.86,0.0,4,UPI,Clear,Medium
ORD_001053,CUST_00056,REST_0118,2025-02-28 22:55:40,Delivered,579.65,100.52,3,Credit Card,Clear,Medium
ORD_001054,CUST_01358,REST_0094,2025-03-07 19:29:39,Delivered,108.69,10.2,1,UPI,Clear,Medium
ORD_001055,CUST_00195,REST_0015,2025-03-29 18:01:00,Failed,720.96,0.0,6,UPI,Heavy Rain,Medium
ORD_001056,CUST_01424,REST_0103,2025-05-04 22:23:40,Delivered,1977.09,618.95,2,UPI,Clear,Low
ORD_001057,CUST_00861,REST_0039,2025-03-07 10:05:00,Cancelled,390.74,0.0,3,UPI,Clear,Medium
ORD_001058,CUST_00461,REST_0031,2025-04-15 14:11:54,Delivered,484.19,43.78,3,Wallet,Clear,Low
ORD_001059,CUST_00747,REST_0113,2025-03-10 09:59:00,Delivered,271.69,55.4,3,UPI,Clear,Medium
ORD_001060,CUST_00756,REST_0159,2025-03-25 18:00:44,Delivered,358.96,66.41,4,Credit Card,Clear,Low
ORD_001061,CUST_00036,REST_0076,2025-02-15 22:04:21,Delivered,186.93,8.15,4,Credit Card,Clear,Medium
ORD_001062,CUST_00532,REST_0126,2025-05-20 18:21:54,Delivered,903.86,97.19,5,UPI,Cloudy,Medium
ORD_001063,CUST_01113,REST_0007,2025-04-16 18:50:47,Delivered,2885.7,29.0,4,UPI,Clear,Medium
ORD_001064,CUST_00768,REST_0054,2025-05-25 13:27:58,Delivered,962.75,65.24,3,UPI,Cloudy,Medium
ORD_001065,CUST_00368,REST_0119,2025-03-08 22:59:14,Delivered,974.27,81.95,3,Debit Card,Clear,Medium
ORD_001066,CUST_00503,REST_0151,2025-03-22 19:45:28,Delivered,87.22,8.68,2,Wallet,Clear,High
ORD_001067,CUST_01297,REST_0076,2025-03-09 09:48:42,Delivered,125.35,17.02,2,Wallet,Clear,Severe
ORD_001068,CUST_00792,REST_0030,2025-04-12 22:19:46,Delivered,194.08,27.98,3,UPI,Clear,High
ORD_001069,CUST_00796,REST_0055,2025-05-26 23:50:41,Delivered,189.5,41.99,1,Credit Card,Clear,Medium
ORD_001070,CUST_01444,REST_0190,2025-01-12 07:14:54,Delivered,1789.31,219.13,3,UPI,Cloudy,Low
ORD_001071,CUST_00482,REST_0182,2025-02-05 20:51:21,Delivered,219.06,28.45,1,UPI,Heavy Rain,Severe
ORD_001072,CUST_00722,REST_0078,2025-02-18 12:15:57,Delivered,504.44,111.76,4,UPI,Cloudy,Medium
ORD_001073,CUST_01218,REST_0168,2025-01-05 20:48:37,Delivered,1221.92,87.55,4,UPI,Rain,Low
ORD_001074,CUST_01141,REST_0126,2025-02-23 12:57:00,Delivered,203.57,36.1,1,UPI,Heavy Rain,High
ORD_001075,CUST_00401,REST_0179,2025-06-17 11:04:04,Delivered,1730.24,346.47,3,UPI,Clear,Medium
ORD_001076,CUST_00229,REST_0146,2025-03-12 11:59:00,Delivered,222.4,27.97,1,UPI,Heavy Rain,Severe
ORD_001077,CUST_01055,REST_0120,2025-01-31 08:45:00,Delivered,801.15,14.5,5,Credit Card,Cloudy,High
ORD_001078,CUST_00389,REST_0125,2025-04-25 22:08:30,Delivered,1326.72,123.27,4,Cash,Cloudy,Medium
ORD_001079,CUST_01385,REST_0154,2025-05-13 18:41:40,Delivered,2573.94,60.67,4,UPI,Clear,Low
ORD_001080,CUST_00197,REST_0195,2025-03-14 10:33:00,Delivered,263.97,13.68,1,UPI,Clear,High
ORD_001081,CUST_00479,REST_0067,2025-05-23 13:37:37,Delivered,370.71,30.48,3,Credit Card,Heavy Rain,Severe
ORD_001082,CUST_00084,REST_0010,2025-01-20 19:43:46,Delivered,320.06,41.34,3,UPI,Rain,High
ORD_001083,CUST_01059,REST_0179,2025-03-30 20:49:21,Delivered,2796.89,31.05,3,Debit Card,Clear,High
ORD_001084,CUST_01339,REST_0053,2025-03-13 14:14:47,Delivered,1242.14,357.05,5,Credit Card,Cloudy,Low
ORD_001085,CUST_00959,REST_0042,2025-05-28 21:36:02,Delivered,119.3,8.57,3,UPI,Rain,Medium
ORD_001086,CUST_01408,REST_0011,2025-03-08 16:22:00,Delivered,391.07,51.86,5,UPI,Clear,Low
ORD_001087,CUST_00196,REST_0159,2025-03-14 08:53:25,Delivered,136.06,11.53,2,UPI,Clear,Medium
ORD_001088,CUST_00134,REST_0059,2025-05-20 11:18:43,Cancelled,425.71,0.0,3,UPI,Clear,Medium
ORD_001089,CUST_01258,REST_0017,2025-03-21 12:56:32,Cancelled,288.19,0.0,2,UPI,Clear,High
ORD_001090,CUST_01285,REST_0022,2025-04-16 14:22:09,Delivered,573.22,68.02,5,Wallet,Rain,Severe
ORD_001091,CUST_01246,REST_0136,2025-05-06 14:30:42,Delivered,778.43,85.09,3,UPI,Cloudy,Medium
ORD_001092,CUST_01198,REST_0191,2025-05-04 22:42:53,Delivered,395.75,35.08,3,UPI,Clear,Low
ORD_001093,CUST_00541,REST_0146,2025-06-30 14:34:58,Delivered,424.88,48.69,3,Wallet,Clear,Low
ORD_001094,CUST_00328,REST_0072,2025-02-06 12:55:42,Delivered,509.63,10.99,3,Wallet,Clear,High
ORD_001095,CUST_01394,REST_0165,2025-06-30 15:34:40,Delivered,387.99,5.68,6,UPI,Heavy Rain,High
ORD_001096,CUST_00463,REST_0042,2025-04-15 14:06:00,Delivered,172.44,8.56,3,UPI,Clear,Low
ORD_001097,CUST_00596,REST_0128,2025-03-22 19:56:07,Delivered,253.98,78.56,2,UPI,Clear,Low
ORD_001098,CUST_01054,REST_0099,2025-03-20 23:24:07,Delivered,906.08,96.27,3,UPI,Clear,High
ORD_001099,CUST_00442,REST_0007,2025-05-05 14:49:12,Delivered,3087.86,313.48,3,UPI,Clear,Medium
ORD_001100,CUST_01229,REST_0129,2025-04-20 17:32:06,Delivered,442.41,33.21,2,UPI,Cloudy,Medium
ORD_001101,CUST_00108,REST_0005,2025-02-16 13:36:43,Delivered,315.96,23.64,5,UPI,Clear,Low
ORD_001102,CUST_01187,REST_0127,2025-02-01 11:02:53,Cancelled,2206.77,0.0,6,Credit Card,Clear,Medium
ORD_001103,CUST_00908,REST_0188,2025-03-25 17:37:03,Cancelled,139.09,0.0,2,Debit Card,Rain,Severe
ORD_001104,CUST_00863,REST_0108,2025-05-25 09:37:41,Cancelled,173.06,0.0,2,Debit Card,Cloudy,Medium
ORD_001105,CUST_00689,REST_0172,2025-04-15 11:40:07,Delivered,4451.5,343.7,5,UPI,Clear,Medium
ORD_001106,CUST_00417,REST_0123,2025-06-07 09:32:24,Delivered,460.27,20.63,3,UPI,Cloudy,High
ORD_001107,CUST_00699,REST_0177,2025-06-29 14:36:02,Delivered,363.96,22.47,4,Cash,Cloudy,High
ORD_001108,CUST_00678,REST_0088,2025-05-12 20:31:22,Delivered,225.61,6.82,4,Debit Card,Clear,Medium
ORD_001109,CUST_00880,REST_0001,2025-02-20 13:22:39,Cancelled,229.76,0.0,3,Credit Card,Clear,Medium
ORD_001110,CUST_00424,REST_0113,2025-04-20 13:18:36,Delivered,737.2,80.4,6,UPI,Cloudy,Low
ORD_001111,CUST_00119,REST_0153,2025-06-12 15:16:38,Delivered,1966.07,266.27,2,Debit Card,Clear,Low
ORD_001112,CUST_00221,REST_0055,2025-04-23 21:53:21,Delivered,769.92,260.09,4,Credit Card,Clear,Low
ORD_001113,CUST_01053,REST_0116,2025-01-23 14:32:26,Delivered,733.85,70.72,4,Debit Card,Cloudy,High
ORD_001114,CUST_00035,REST_0130,2025-06-12 20:33:13,Delivered,630.27,71.04,4,Debit Card,Rain,High
ORD_001115,CUST_01286,REST_0174,2025-03-08 19:20:06,Delivered,268.74,68.29,3,UPI,Cloudy,Medium
ORD_001116,CUST_01046,REST_0180,2025-05-08 15:10:44,Delivered,97.81,25.62,2,UPI,Clear,Medium
ORD_001117,CUST_01154,REST_0027,2025-06-09 04:41:18,Delivered,287.52,124.69,1,UPI,Clear,Medium
ORD_001118,CUST_01254,REST_0125,2025-02-05 18:10:40,Cancelled,926.55,0.0,3,Credit Card,Clear,Medium
ORD_001119,CUST_00188,REST_0140,2025-04-02 11:12:52,Delivered,385.25,102.51,4,Debit Card,Cloudy,Medium
ORD_001120,CUST_01234,REST_0154,2025-04-17 18:54:31,Delivered,2297.24,24.38,4,UPI,Rain,Medium
ORD_001121,CUST_00760,REST_0003,2025-04-28 19:56:50,Delivered,205.97,15.29,1,Credit Card,Clear,Medium
ORD_001122,CUST_01331,REST_0001,2025-03-23 20:01:12,Delivered,132.57,9.76,2,Debit Card,Cloudy,Low
ORD_001123,CUST_01332,REST_0061,2025-01-16 11:07:18,Cancelled,542.28,0.0,4,Wallet,Cloudy,Medium
ORD_001124,CUST_00037,REST_0179,2025-06-09 20:48:31,Delivered,747.04,99.38,1,UPI,Clear,Severe
ORD_001125,CUST_00572,REST_0139,2025-04-15 12:52:54,Delivered,292.2,42.09,5,UPI,Clear,Medium
ORD_001126,CUST_00793,REST_0141,2025-03-22 19:30:35,Delivered,490.05,54.65,4,Credit Card,Cloudy,Low
ORD_001127,CUST_01023,REST_0018,2025-03-28 06:43:24,Delivered,311.82,19.25,1,UPI,Clear,High
ORD_001128,CUST_00431,REST_0009,2025-06-26 20:29:12,Delivered,1489.01,243.29,2,UPI,Clear,Medium
ORD_001129,CUST_00382,REST_0075,2025-06-20 18:15:37,Delivered,828.94,109.04,3,Debit Card,Clear,High
ORD_001130,CUST_00569,REST_0156,2025-04-01 14:46:36,Delivered,742.77,28.06,3,UPI,Cloudy,High
ORD_001131,CUST_00755,REST_0073,2025-05-11 20:32:14,Delivered,833.99,24.8,4,UPI,Clear,High
ORD_001132,CUST_01428,REST_0165,2025-03-07 12:19:37,Delivered,80.28,12.96,1,UPI,Clear,Low
ORD_001133,CUST_01146,REST_0127,2025-06-21 13:45:03,Delivered,627.5,68.7,2,Debit Card,Clear,High
ORD_001134,CUST_00646,REST_0143,2025-03-13 19:45:19,Delivered,1340.87,156.53,4,UPI,Rain,Medium
ORD_001135,CUST_00083,REST_0093,2025-01-26 23:04:43,Delivered,335.58,124.33,4,UPI,Clear,Low
ORD_001136,CUST_00254,REST_0139,2025-06-30 20:40:10,Delivered,231.63,24.74,4,UPI,Clear,Low
ORD_001137,CUST_00686,REST_0025,2025-06-14 16:44:41,Delivered,80.0,8.57,1,Credit Card,Cloudy,High
ORD_001138,CUST_01221,REST_0066,2025-01-18 20:19:43,Delivered,517.75,24.06,2,Debit Card,Clear,High
ORD_001139,CUST_00569,REST_0077,2025-06-13 18:36:32,Delivered,254.52,56.41,3,UPI,Cloudy,Medium
ORD_001140,CUST_00810,REST_0127,2025-05-07 17:31:41,Delivered,1084.38,92.2,5,Wallet,Clear,Medium
ORD_001141,CUST_01340,REST_0150,2025-01-22 18:00:53,Delivered,688.93,75.99,5,UPI,Rain,High
ORD_001142,CUST_01371,REST_0127,2025-05-28 22:44:05,Delivered,1034.58,359.07,3,UPI,Clear,Medium
ORD_001143,CUST_00325,REST_0127,2025-03-04 19:56:56,Delivered,511.08,124.78,2,UPI,Clear,Medium
ORD_001144,CUST_00067,REST_0121,2025-01-03 12:34:54,Delivered,516.12,66.35,4,Wallet,Clear,High
ORD_001145,CUST_00461,REST_0037,2025-02-14 15:14:04,Delivered,509.12,58.26,3,UPI,Cloudy,Medium
ORD_001146,CUST_01049,REST_0068,2025-06-23 18:27:13,Delivered,784.04,138.91,4,UPI,Clear,Low
ORD_001147,CUST_01428,REST_0109,2025-02-08 14:51:41,Delivered,212.28,18.61,1,Credit Card,Clear,Medium
ORD_001148,CUST_00118,REST_0005,2025-04-04 13:51:21,Delivered,80.0,12.91,1,UPI,Cloudy,Medium
ORD_001149,CUST_00044,REST_0031,2025-02-13 13:20:58,Delivered,578.11,48.88,3,UPI,Clear,High
ORD_001150,CUST_01329,REST_0062,2025-06-02 13:20:27,Delivered,607.14,72.41,1,Credit Card,Clear,Low
ORD_001151,CUST_01124,REST_0007,2025-03-09 14:34:22,Delivered,4559.46,460.8,5,UPI,Cloudy,High
ORD_001152,CUST_01488,REST_0113,2025-01-07 13:51:45,Failed,545.14,0.0,6,UPI,Clear,Medium
ORD_001153,CUST_00593,REST_0049,2025-02-15 18:22:02,Delivered,938.67,27.84,4,Cash,Clear,Medium
ORD_001154,CUST_00624,REST_0098,2025-05-07 22:52:03,Delivered,734.25,44.77,4,UPI,Cloudy,Medium
ORD_001155,CUST_00259,REST_0170,2025-06-26 21:47:58,Delivered,1093.33,15.55,4,UPI,Clear,Low
ORD_001156,CUST_00178,REST_0088,2025-03-23 16:34:30,Delivered,110.83,19.31,2,UPI,Clear,Low
ORD_001157,CUST_00872,REST_0177,2025-04-12 11:34:27,Delivered,203.43,2.67,2,Credit Card,Cloudy,Severe
ORD_001158,CUST_00544,REST_0046,2025-01-05 18:16:09,Delivered,209.18,56.77,3,UPI,Cloudy,Low
ORD_001159,CUST_00122,REST_0019,2025-06-19 11:06:22,Delivered,201.32,10.95,3,Debit Card,Cloudy,Medium
ORD_001160,CUST_01333,REST_0107,2025-03-16 09:07:36,Cancelled,165.32,0.0,3,Cash,Clear,High
ORD_001161,CUST_00299,REST_0093,2025-01-11 11:52:00,Delivered,97.43,14.44,1,UPI,Rain,Severe
ORD_001162,CUST_01125,REST_0137,2025-06-28 08:11:46,Delivered,3175.77,376.61,4,Debit Card,Clear,Low
ORD_001163,CUST_00425,REST_0020,2025-01-26 21:44:05,Delivered,220.96,27.54,4,Credit Card,Clear,Medium
ORD_001164,CUST_01220,REST_0168,2025-01-02 21:17:37,Delivered,977.73,30.35,4,Debit Card,Heavy Rain,Medium
ORD_001165,CUST_00182,REST_0094,2025-02-01 13:58:57,Delivered,111.26,11.34,1,Debit Card,Clear,Medium
ORD_001166,CUST_01137,REST_0095,2025-01-30 19:30:36,Delivered,656.07,27.27,2,UPI,Clear,Low
ORD_001167,CUST_00150,REST_0097,2025-06-22 18:21:58,Delivered,192.43,26.24,3,Credit Card,Clear,Medium
ORD_001168,CUST_00673,REST_0183,2025-01-28 13:18:42,Delivered,259.32,40.48,2,Credit Card,Cloudy,Low
ORD_001169,CUST_01104,REST_0056,2025-01-16 21:48:01,Delivered,421.39,31.41,4,UPI,Clear,Medium
ORD_001170,CUST_00261,REST_0043,2025-05-18 20:19:28,Delivered,961.03,62.35,3,UPI,Clear,Medium
ORD_001171,CUST_00431,REST_0191,2025-06-28 20:44:15,Delivered,255.45,28.92,2,UPI,Clear,Medium
ORD_001172,CUST_01300,REST_0193,2025-06-30 11:58:38,Delivered,236.45,31.4,4,UPI,Clear,High
ORD_001173,CUST_01330,REST_0123,2025-03-08 12:49:52,Delivered,136.76,1.18,1,UPI,Rain,Medium
ORD_001174,CUST_00069,REST_0154,2025-02-15 22:28:04,Delivered,3475.16,17.72,6,UPI,Clear,High
ORD_001175,CUST_00253,REST_0121,2025-03-15 22:16:39,Delivered,396.26,15.43,3,Debit Card,Clear,Medium
ORD_001176,CUST_00180,REST_0043,2025-04-26 14:03:15,Delivered,739.58,37.42,4,UPI,Rain,High
ORD_001177,CUST_00270,REST_0019,2025-04-15 11:57:34,Delivered,209.0,2.98,5,Cash,Rain,Medium
ORD_001178,CUST_01456,REST_0039,2025-05-22 12:15:22,Delivered,542.36,41.16,2,Wallet,Clear,Medium
ORD_001179,CUST_00830,REST_0063,2025-05-04 20:45:11,Delivered,215.54,20.88,3,Wallet,Clear,Low
ORD_001180,CUST_00706,REST_0158,2025-02-10 20:11:44,Delivered,143.77,14.24,3,UPI,Clear,High
ORD_001181,CUST_01476,REST_0137,2025-04-29 13:01:19,Delivered,2011.24,414.52,3,UPI,Clear,Low
ORD_001182,CUST_00838,REST_0063,2025-04-29 20:20:07,Delivered,241.78,6.46,3,UPI,Clear,Medium
ORD_001183,CUST_00998,REST_0048,2025-06-16 20:18:34,Delivered,128.82,18.11,2,UPI,Cloudy,Medium
ORD_001184,CUST_00499,REST_0165,2025-03-18 13:10:00,Delivered,224.42,30.1,3,Wallet,Clear,Low
ORD_001185,CUST_00571,REST_0138,2025-03-09 13:46:11,Cancelled,354.79,0.0,3,UPI,Clear,Low
ORD_001186,CUST_00896,REST_0189,2025-02-01 08:25:42,Delivered,308.22,16.49,3,UPI,Cloudy,Medium
ORD_001187,CUST_00107,REST_0012,2025-04-17 20:37:28,Cancelled,1865.93,0.0,4,Credit Card,Rain,High
ORD_001188,CUST_00387,REST_0031,2025-02-24 13:18:58,Delivered,333.65,10.96,3,UPI,Rain,Medium
ORD_001189,CUST_00296,REST_0039,2025-02-04 13:58:26,Delivered,637.4,77.48,3,UPI,Cloudy,Medium
ORD_001190,CUST_00025,REST_0028,2025-04-20 09:30:02,Delivered,986.38,85.29,5,UPI,Cloudy,Severe
ORD_001191,CUST_00808,REST_0126,2025-06-12 08:06:50,Delivered,449.3,55.06,2,UPI,Clear,Medium
ORD_001192,CUST_00844,REST_0168,2025-04-03 12:04:00,Delivered,849.22,23.88,2,Credit Card,Cloudy,Medium
ORD_001193,CUST_00574,REST_0097,2025-02-22 18:33:17,Delivered,109.48,2.07,1,Cash,Clear,Medium
ORD_001194,CUST_00405,REST_0078,2025-03-20 16:41:48,Delivered,1220.65,36.08,8,Wallet,Cloudy,Low
ORD_001195,CUST_00985,REST_0176,2025-06-27 18:28:14,Delivered,247.45,33.45,1,Wallet,Clear,Medium
ORD_001196,CUST_00204,REST_0091,2025-02-27 18:40:10,Cancelled,119.85,0.0,1,Credit Card,Cloudy,Low
ORD_001197,CUST_00781,REST_0119,2025-01-15 03:18:00,Delivered,1577.79,182.66,5,Credit Card,Clear,Low
ORD_001198,CUST_01154,REST_0120,2025-03-16 18:10:59,Delivered,343.11,52.54,3,UPI,Clear,Medium
ORD_001199,CUST_00248,REST_0177,2025-03-17 14:07:14,Delivered,250.87,15.75,2,Credit Card,Clear,High
ORD_001200,CUST_01133,REST_0106,2025-06-20 15:39:31,Delivered,607.97,140.88,4,Credit Card,Cloudy,Medium
ORD_001201,CUST_01144,REST_0011,2025-04-18 20:30:35,Delivered,356.08,47.3,4,UPI,Cloudy,Medium
ORD_001202,CUST_00092,REST_0060,2025-04-01 03:58:22,Delivered,883.62,11.93,3,Credit Card,Clear,Medium
ORD_001203,CUST_00030,REST_0135,2025-01-23 19:54:32,Delivered,184.12,18.69,2,UPI,Clear,Medium
ORD_001204,CUST_01461,REST_0014,2025-03-18 07:51:59,Cancelled,287.1,0.0,3,Debit Card,Cloudy,Medium
ORD_001205,CUST_00290,REST_0153,2025-03-21 11:30:04,Delivered,933.09,20.87,1,Debit Card,Clear,Medium
ORD_001206,CUST_01234,REST_0063,2025-04-24 13:59:24,Delivered,118.87,9.69,2,Credit Card,Clear,High
ORD_001207,CUST_00846,REST_0040,2025-02-17 20:51:00,Delivered,1969.24,244.95,3,UPI,Rain,Medium
ORD_001208,CUST_00399,REST_0038,2025-06-19 19:01:26,Delivered,1897.95,119.58,6,Wallet,Cloudy,High
ORD_001209,CUST_00198,REST_0089,2025-06-23 22:48:03,Delivered,687.78,30.42,3,Debit Card,Clear,Low
ORD_001210,CUST_00749,REST_0193,2025-03-31 20:21:46,Delivered,80.0,2.91,1,UPI,Cloudy,Medium
ORD_001211,CUST_00611,REST_0144,2025-03-18 19:30:50,Cancelled,253.9,0.0,6,Wallet,Clear,Low
ORD_001212,CUST_01053,REST_0113,2025-06-18 16:39:30,Failed,404.83,0.0,3,UPI,Rain,Low
ORD_001213,CUST_01357,REST_0022,2025-01-15 22:23:29,Delivered,315.43,82.93,3,UPI,Clear,Medium
ORD_001214,CUST_01208,REST_0111,2025-06-07 18:39:13,Delivered,4768.88,432.52,5,UPI,Clear,Low
ORD_001215,CUST_00413,REST_0071,2025-02-14 17:58:46,Delivered,410.43,144.87,2,Debit Card,Clear,Medium
ORD_001216,CUST_01321,REST_0059,2025-03-31 12:20:08,Delivered,115.86,19.0,1,UPI,Clear,Low
ORD_001217,CUST_01250,REST_0093,2025-04-28 18:43:05,Delivered,80.0,3.9,1,UPI,Cloudy,High
ORD_001218,CUST_01395,REST_0174,2025-05-09 17:53:12,Delivered,438.12,42.24,5,Debit Card,Cloudy,High
ORD_001219,CUST_00690,REST_0096,2025-02-18 14:48:00,Delivered,358.6,20.41,2,UPI,Clear,Medium
ORD_001220,CUST_01154,REST_0146,2025-05-23 18:52:30,Delivered,801.35,27.73,4,UPI,Rain,Medium
ORD_001221,CUST_00892,REST_0005,2025-06-03 20:32:17,Delivered,234.43,15.72,4,Wallet,Rain,Medium
ORD_001222,CUST_00468,REST_0066,2025-03-26 21:25:29,Delivered,560.27,122.62,5,Cash,Rain,Medium
ORD_001223,CUST_01492,REST_0081,2025-04-13 14:15:06,Delivered,332.77,46.34,8,Credit Card,Clear,Medium
ORD_001224,CUST_00058,REST_0071,2025-03-07 13:07:28,Delivered,257.41,17.97,1,UPI,Clear,Medium
ORD_001225,CUST_00246,REST_0111,2025-04-18 12:44:21,Cancelled,2522.88,0.0,4,UPI,Rain,Severe
ORD_001226,CUST_01341,REST_0178,2025-06-21 21:32:38,Delivered,4541.93,359.52,6,Credit Card,Clear,Low
ORD_001227,CUST_00093,REST_0040,2025-02-04 20:31:52,Failed,883.81,0.0,1,Credit Card,Clear,Medium
ORD_001228,CUST_01333,REST_0002,2025-05-11 20:07:45,Delivered,2152.07,160.4,3,UPI,Clear,Low
ORD_001229,CUST_01077,REST_0187,2025-04-05 11:04:27,Delivered,293.18,30.74,5,UPI,Clear,Medium
ORD_001230,CUST_00056,REST_0023,2025-05-23 21:41:30,Delivered,445.8,23.14,3,UPI,Clear,Medium
ORD_001231,CUST_00646,REST_0161,2025-02-28 14:37:48,Cancelled,1278.69,0.0,3,UPI,Cloudy,Medium
ORD_001232,CUST_01135,REST_0013,2025-02-23 17:46:41,Delivered,1054.83,211.72,5,Credit Card,Clear,Low
ORD_001233,CUST_00878,REST_0181,2025-01-23 20:00:24,Delivered,86.23,17.24,3,Wallet,Clear,Low
ORD_001234,CUST_01406,REST_0063,2025-02-23 19:27:57,Delivered,137.98,10.7,2,Wallet,Clear,Medium
ORD_001235,CUST_01304,REST_0039,2025-01-11 12:53:54,Cancelled,1024.54,0.0,5,Credit Card,Clear,Medium
ORD_001236,CUST_00499,REST_0096,2025-04-27 12:57:19,Cancelled,646.81,0.0,3,Debit Card,Clear,Low
ORD_001237,CUST_00129,REST_0061,2025-05-24 13:28:49,Delivered,117.46,8.9,1,UPI,Heavy Rain,High
ORD_001238,CUST_01418,REST_0167,2025-03-31 18:48:09,Delivered,174.36,0.86,3,Wallet,Cloudy,High
ORD_001239,CUST_00780,REST_0197,2025-01-13 12:26:07,Delivered,285.36,26.44,2,UPI,Clear,Medium
ORD_001240,CUST_00114,REST_0075,2025-06-27 13:25:35,Delivered,1250.04,131.78,4,UPI,Clear,Medium
ORD_001241,CUST_01226,REST_0055,2025-05-29 08:10:07,Delivered,122.34,2.15,1,UPI,Heavy Rain,Medium
ORD_001242,CUST_01305,REST_0038,2025-02-26 11:47:13,Delivered,265.91,82.89,1,Credit Card,Cloudy,Medium
ORD_001243,CUST_00965,REST_0089,2025-05-10 07:51:00,Delivered,683.39,37.18,3,UPI,Cloudy,Low
ORD_001244,CUST_00674,REST_0114,2025-01-11 13:14:11,Delivered,182.2,21.43,2,Wallet,Clear,Low
ORD_001245,CUST_01000,REST_0158,2025-03-05 14:54:43,Delivered,229.82,11.86,6,UPI,Rain,Medium
ORD_001246,CUST_01063,REST_0156,2025-05-22 11:34:24,Delivered,911.19,199.58,4,UPI,Clear,High
ORD_001247,CUST_01342,REST_0057,2025-06-27 20:57:06,Delivered,1033.64,277.49,4,UPI,Cloudy,Low
ORD_001248,CUST_01435,REST_0052,2025-04-27 19:01:51,Delivered,1383.68,86.22,3,UPI,Clear,High
ORD_001249,CUST_00775,REST_0181,2025-01-10 12:59:44,Delivered,213.8,2.6,4,UPI,Rain,Medium
ORD_001250,CUST_01198,REST_0103,2025-05-16 22:06:34,Delivered,766.38,72.73,1,UPI,Clear,Medium
ORD_001251,CUST_01448,REST_0017,2025-03-13 18:46:00,Delivered,860.89,98.1,5,Debit Card,Heavy Rain,Medium
ORD_001252,CUST_00230,REST_0125,2025-05-20 15:29:03,Delivered,1924.56,310.01,7,UPI,Clear,Medium
ORD_001253,CUST_00029,REST_0094,2025-02-03 18:02:27,Delivered,861.17,100.36,8,Wallet,Cloudy,High
ORD_001254,CUST_01306,REST_0196,2025-03-09 11:11:23,Delivered,474.21,16.59,3,UPI,Rain,Low
ORD_001255,CUST_00293,REST_0098,2025-02-12 17:06:00,Delivered,246.55,7.38,1,UPI,Clear,High
ORD_001256,CUST_00065,REST_0087,2025-02-18 14:17:15,Delivered,489.09,116.24,2,Credit Card,Clear,Low
ORD_001257,CUST_00243,REST_0134,2025-06-30 19:50:27,Delivered,1063.56,60.25,3,Debit Card,Rain,Medium
ORD_001258,CUST_00574,REST_0150,2025-06-05 10:35:59,Delivered,151.25,13.71,1,Credit Card,Clear,High
ORD_001259,CUST_00331,REST_0077,2025-03-12 16:05:00,Delivered,223.66,4.13,3,UPI,Clear,High
ORD_001260,CUST_00460,REST_0043,2025-04-27 14:25:39,Delivered,390.69,76.05,2,UPI,Clear,Low
ORD_001261,CUST_01463,REST_0091,2025-01-03 11:08:31,Delivered,101.15,13.2,2,UPI,Clear,Medium
ORD_001262,CUST_01061,REST_0146,2025-01-04 12:25:01,Delivered,213.07,12.26,1,Wallet,Clear,Medium
ORD_001263,CUST_01073,REST_0042,2025-04-24 11:02:34,Delivered,86.96,19.04,2,Credit Card,Clear,Medium
ORD_001264,CUST_00145,REST_0073,2025-04-24 14:32:56,Delivered,1249.98,145.91,5,Credit Card,Clear,Low
ORD_001265,CUST_01102,REST_0048,2025-05-23 19:35:13,Delivered,319.35,62.48,3,Wallet,Clear,Low
ORD_001266,CUST_01112,REST_0079,2025-02-14 14:53:36,Delivered,799.84,54.16,3,Debit Card,Clear,Low
ORD_001267,CUST_00997,REST_0027,2025-02-13 15:01:00,Delivered,1382.94,85.82,4,Debit Card,Clear,Medium
ORD_001268,CUST_00346,REST_0085,2025-06-11 22:52:42,Delivered,540.45,171.45,5,Wallet,Clear,Medium
ORD_001269,CUST_00635,REST_0140,2025-06-10 14:30:10,Delivered,606.88,30.61,8,Credit Card,Clear,High
ORD_001270,CUST_01271,REST_0041,2025-01-08 20:19:37,Delivered,422.52,18.42,1,UPI,Rain,Medium
ORD_001271,CUST_01012,REST_0100,2025-05-15 21:38:42,Delivered,1083.52,85.03,4,Debit Card,Cloudy,High
ORD_001272,CUST_01103,REST_0086,2025-03-15 17:53:42,Delivered,792.52,32.24,4,Cash,Rain,Low
ORD_001273,CUST_00885,REST_0037,2025-04-16 21:45:00,Delivered,724.11,34.86,3,Credit Card,Clear,Low
ORD_001274,CUST_00677,REST_0046,2025-02-11 20:57:51,Delivered,265.13,24.14,3,Wallet,Clear,Medium
ORD_001275,CUST_01141,REST_0108,2025-06-14 08:34:02,Delivered,297.05,37.55,3,UPI,Clear,Low
ORD_001276,CUST_00105,REST_0070,2025-04-05 22:01:24,Delivered,295.02,34.46,2,UPI,Clear,Medium
ORD_001277,CUST_01016,REST_0185,2025-03-17 19:29:28,Delivered,445.67,30.81,5,Debit Card,Rain,High
ORD_001278,CUST_01496,REST_0001,2025-02-10 11:51:22,Delivered,307.85,7.05,4,UPI,Clear,High
ORD_001279,CUST_01172,REST_0006,2025-03-22 18:00:59,Delivered,338.37,65.83,3,Wallet,Cloudy,Medium
ORD_001280,CUST_00438,REST_0012,2025-03-18 15:15:41,Delivered,3313.57,614.73,5,UPI,Clear,Medium
ORD_001281,CUST_00418,REST_0073,2025-03-19 15:03:30,Delivered,403.38,64.21,2,Wallet,Clear,Low
ORD_001282,CUST_01007,REST_0142,2025-05-05 11:58:00,Delivered,245.08,12.02,3,UPI,Rain,High
ORD_001283,CUST_01346,REST_0191,2025-01-25 19:43:10,Cancelled,545.55,0.0,5,Debit Card,Clear,Medium
ORD_001284,CUST_00870,REST_0039,2025-05-04 18:29:23,Delivered,431.21,29.58,2,UPI,Clear,Low
ORD_001285,CUST_00795,REST_0016,2025-03-08 14:38:26,Delivered,410.46,25.42,2,UPI,Clear,Low
ORD_001286,CUST_00243,REST_0079,2025-06-15 18:58:41,Delivered,968.71,151.99,3,UPI,Clear,Low
ORD_001287,CUST_01078,REST_0089,2025-01-12 00:37:45,Cancelled,341.68,0.0,2,UPI,Clear,Medium
ORD_001288,CUST_01057,REST_0083,2025-03-27 20:37:00,Delivered,3683.5,248.55,5,UPI,Clear,High
ORD_001289,CUST_01451,REST_0145,2025-06-28 13:08:18,Delivered,552.92,46.71,6,UPI,Rain,High
ORD_001290,CUST_00452,REST_0074,2025-03-13 22:04:18,Delivered,1205.04,146.51,2,UPI,Rain,High
ORD_001291,CUST_01137,REST_0095,2025-05-01 13:05:04,Cancelled,288.97,0.0,1,UPI,Rain,Medium
ORD_001292,CUST_00653,REST_0152,2025-02-27 18:04:58,Delivered,496.67,16.42,5,Debit Card,Cloudy,Medium
ORD_001293,CUST_00840,REST_0061,2025-03-13 19:42:57,Delivered,335.56,18.32,3,Credit Card,Cloudy,High
ORD_001294,CUST_01225,REST_0096,2025-05-07 10:25:41,Delivered,1016.98,112.8,5,UPI,Clear,Medium
ORD_001295,CUST_00335,REST_0095,2025-01-16 22:22:46,Delivered,1664.54,273.81,5,UPI,Cloudy,High
ORD_001296,CUST_00513,REST_0102,2025-05-11 10:46:10,Delivered,234.04,33.24,3,UPI,Rain,High
ORD_001297,CUST_01161,REST_0101,2025-02-21 18:56:45,Delivered,561.29,123.22,3,Wallet,Clear,Medium
ORD_001298,CUST_00859,REST_0128,2025-01-29 22:45:15,Cancelled,505.5,0.0,3,Debit Card,Clear,Medium
ORD_001299,CUST_00141,REST_0124,2025-06-28 02:10:52,Delivered,656.64,158.56,6,Wallet,Clear,Low
ORD_001300,CUST_00647,REST_0054,2025-03-30 07:31:49,Delivered,765.55,21.5,3,Credit Card,Clear,Severe
ORD_001301,CUST_00884,REST_0073,2025-05-02 18:11:40,Delivered,210.07,25.92,1,Credit Card,Rain,High
ORD_001302,CUST_01365,REST_0024,2025-04-09 11:52:25,Delivered,244.5,12.14,1,Credit Card,Clear,Low
ORD_001303,CUST_00282,REST_0023,2025-05-09 13:26:49,Delivered,215.74,17.03,2,UPI,Rain,Medium
ORD_001304,CUST_01210,REST_0004,2025-04-24 21:00:09,Failed,674.56,0.0,2,UPI,Rain,Medium
ORD_001305,CUST_00199,REST_0067,2025-04-05 23:36:04,Delivered,466.21,45.84,4,UPI,Clear,Low
ORD_001306,CUST_00366,REST_0111,2025-04-08 21:39:00,Delivered,2790.58,839.43,3,Credit Card,Clear,Low
ORD_001307,CUST_00368,REST_0135,2025-05-03 09:26:00,Delivered,401.04,11.09,3,UPI,Cloudy,High
ORD_001308,CUST_01318,REST_0089,2025-03-25 22:48:31,Delivered,729.22,214.19,4,UPI,Clear,Medium
ORD_001309,CUST_00299,REST_0181,2025-05-01 21:24:49,Delivered,117.7,13.26,2,UPI,Cloudy,Medium
ORD_001310,CUST_01182,REST_0163,2025-02-04 19:31:00,Cancelled,795.18,0.0,3,Credit Card,Cloudy,Medium
ORD_001311,CUST_00695,REST_0005,2025-04-06 07:49:38,Delivered,80.0,5.19,1,Credit Card,Clear,Medium
ORD_001312,CUST_01500,REST_0111,2025-03-31 12:47:00,Delivered,2263.31,74.91,3,UPI,Clear,Medium
ORD_001313,CUST_01259,REST_0015,2025-01-09 11:30:56,Delivered,231.36,31.99,4,UPI,Clear,Low
ORD_001314,CUST_01113,REST_0079,2025-02-28 07:30:03,Delivered,570.47,49.14,3,Wallet,Rain,Medium
ORD_001315,CUST_01308,REST_0158,2025-05-12 21:41:48,Delivered,212.47,21.71,3,UPI,Cloudy,Severe
ORD_001316,CUST_00956,REST_0042,2025-02-06 14:44:00,Delivered,162.49,9.18,4,UPI,Clear,Severe
ORD_001317,CUST_01266,REST_0161,2025-05-23 21:04:49,Cancelled,936.64,0.0,3,UPI,Cloudy,Low
ORD_001318,CUST_00394,REST_0072,2025-01-27 19:58:41,Delivered,216.83,29.29,1,Debit Card,Clear,Low
ORD_001319,CUST_00150,REST_0115,2025-06-05 11:20:30,Delivered,696.96,130.09,4,UPI,Rain,Severe
ORD_001320,CUST_00929,REST_0078,2025-03-16 22:47:39,Delivered,530.08,35.26,3,Credit Card,Clear,Low
ORD_001321,CUST_00654,REST_0043,2025-03-09 21:15:11,Delivered,760.51,58.81,4,Debit Card,Heavy Rain,Severe
ORD_001322,CUST_00641,REST_0156,2025-03-27 18:55:15,Delivered,1332.47,93.54,7,UPI,Clear,Medium
ORD_001323,CUST_00794,REST_0060,2025-01-24 18:56:41,Delivered,732.31,150.46,3,Debit Card,Cloudy,Medium
ORD_001324,CUST_00540,REST_0004,2025-04-03 13:57:24,Delivered,505.62,39.55,2,UPI,Clear,High
ORD_001325,CUST_00944,REST_0069,2025-01-31 08:41:34,Delivered,932.82,21.25,3,Cash,Clear,Severe
ORD_001326,CUST_00048,REST_0168,2025-04-12 21:21:59,Delivered,1219.74,279.24,4,UPI,Clear,Medium
ORD_001327,CUST_01455,REST_0144,2025-05-13 11:31:02,Delivered,126.9,7.57,3,Credit Card,Clear,High
ORD_001328,CUST_01388,REST_0067,2025-03-20 13:51:26,Delivered,623.54,9.07,7,UPI,Clear,Medium
ORD_001329,CUST_01405,REST_0064,2025-06-07 19:27:21,Delivered,2847.93,547.97,3,UPI,Clear,Medium
ORD_001330,CUST_00545,REST_0183,2025-03-09 06:17:08,Delivered,421.88,37.35,3,Debit Card,Cloudy,High
ORD_001331,CUST_00800,REST_0027,2025-03-03 12:47:49,Delivered,1250.43,17.64,4,UPI,Rain,Medium
ORD_001332,CUST_01432,REST_0139,2025-03-04 22:05:57,Cancelled,188.7,0.0,3,Credit Card,Cloudy,Low
ORD_001333,CUST_01355,REST_0011,2025-03-23 22:11:00,Delivered,142.03,34.91,2,Credit Card,Clear,Low
ORD_001334,CUST_01186,REST_0098,2025-01-07 16:50:19,Delivered,679.92,12.28,2,Cash,Clear,Low
ORD_001335,CUST_00611,REST_0128,2025-05-30 18:17:57,Delivered,249.75,15.14,2,Cash,Clear,Medium
ORD_001336,CUST_00849,REST_0154,2025-02-09 11:30:55,Delivered,2644.86,639.95,5,Debit Card,Cloudy,Medium
ORD_001337,CUST_01190,REST_0124,2025-06-12 22:41:47,Delivered,386.15,66.93,4,Wallet,Clear,High
ORD_001338,CUST_00412,REST_0056,2025-03-25 12:15:58,Delivered,253.65,35.0,4,Debit Card,Cloudy,Low
ORD_001339,CUST_00945,REST_0062,2025-02-11 19:43:34,Cancelled,2619.4,0.0,5,UPI,Clear,Medium
ORD_001340,CUST_01242,REST_0111,2025-04-18 19:00:33,Delivered,2375.62,493.56,3,UPI,Cloudy,Low
ORD_001341,CUST_01065,REST_0180,2025-03-27 12:14:00,Delivered,101.4,21.29,2,Debit Card,Clear,Low
ORD_001342,CUST_00722,REST_0140,2025-04-05 22:44:01,Delivered,296.9,22.62,5,UPI,Clear,Low
ORD_001343,CUST_00881,REST_0143,2025-01-30 20:32:38,Delivered,719.27,48.49,3,Wallet,Clear,Low
ORD_001344,CUST_01482,REST_0139,2025-06-22 11:28:29,Delivered,202.06,4.24,5,UPI,Clear,Severe
ORD_001345,CUST_00908,REST_0063,2025-06-11 15:16:21,Delivered,213.9,66.34,3,Wallet,Heavy Rain,Severe
ORD_001346,CUST_01180,REST_0181,2025-04-05 21:18:00,Delivered,80.0,8.11,2,Debit Card,Heavy Rain,Medium
ORD_001347,CUST_01093,REST_0096,2025-05-19 21:31:18,Delivered,280.59,9.83,1,UPI,Clear,High
ORD_001348,CUST_01056,REST_0049,2025-06-04 14:24:27,Delivered,746.88,85.51,3,UPI,Clear,Medium
ORD_001349,CUST_01079,REST_0032,2025-06-17 11:13:41,Delivered,652.71,161.7,2,UPI,Cloudy,Medium
ORD_001350,CUST_00684,REST_0065,2025-02-08 13:00:44,Delivered,541.08,25.92,7,Credit Card,Clear,Low
ORD_001351,CUST_00715,REST_0117,2025-06-09 13:13:30,Delivered,697.28,98.91,3,UPI,Clear,Medium
ORD_001352,CUST_00706,REST_0083,2025-03-23 19:46:13,Delivered,2391.05,121.1,3,Credit Card,Clear,Low
ORD_001353,CUST_00052,REST_0094,2025-01-16 19:12:59,Delivered,277.16,39.01,2,UPI,Rain,High
ORD_001354,CUST_00365,REST_0082,2025-04-20 16:11:00,Delivered,166.78,7.11,1,Credit Card,Clear,Medium
ORD_001355,CUST_00235,REST_0012,2025-05-07 09:37:28,Delivered,1521.35,156.67,4,Credit Card,Cloudy,Medium
ORD_001356,CUST_01332,REST_0057,2025-03-18 00:41:26,Delivered,2175.83,11.21,7,Credit Card,Rain,Low
ORD_001357,CUST_00414,REST_0089,2025-04-08 09:32:03,Delivered,592.99,26.45,3,Wallet,Cloudy,Severe
ORD_001358,CUST_00210,REST_0064,2025-05-26 21:27:43,Delivered,1228.63,67.79,2,UPI,Clear,Medium
ORD_001359,CUST_00183,REST_0109,2025-05-01 17:25:55,Delivered,192.35,26.49,1,UPI,Rain,High
ORD_001360,CUST_01054,REST_0171,2025-02-17 18:48:00,Delivered,2895.13,1000.0,7,UPI,Cloudy,Medium
ORD_001361,CUST_00009,REST_0112,2025-03-28 10:29:21,Cancelled,2195.93,0.0,4,UPI,Cloudy,High
ORD_001362,CUST_00710,REST_0031,2025-05-13 18:49:08,Delivered,143.27,51.77,1,Credit Card,Clear,Low
ORD_001363,CUST_00183,REST_0117,2025-02-12 18:00:33,Delivered,885.81,34.71,3,Wallet,Cloudy,Medium
ORD_001364,CUST_01276,REST_0091,2025-06-18 21:25:17,Delivered,403.22,93.8,4,Debit Card,Clear,Medium
ORD_001365,CUST_01440,REST_0088,2025-05-24 11:35:25,Delivered,80.0,5.47,2,UPI,Rain,High
ORD_001366,CUST_01440,REST_0047,2025-04-02 14:52:00,Delivered,442.32,46.11,2,UPI,Cloudy,Medium
ORD_001367,CUST_00665,REST_0085,2025-04-09 19:07:43,Delivered,587.38,50.24,4,UPI,Rain,Low
ORD_001368,CUST_00972,REST_0092,2025-03-26 22:51:51,Delivered,791.37,121.24,3,UPI,Clear,Medium
ORD_001369,CUST_00905,REST_0002,2025-05-29 07:04:20,Delivered,4437.77,302.69,5,UPI,Cloudy,High
ORD_001370,CUST_00524,REST_0064,2025-03-12 15:35:00,Delivered,1531.66,293.72,3,UPI,Clear,Medium
ORD_001371,CUST_00668,REST_0019,2025-03-01 20:38:00,Failed,126.04,0.0,3,Wallet,Clear,High
ORD_001372,CUST_00099,REST_0151,2025-06-04 11:45:45,Delivered,152.56,7.78,3,Debit Card,Clear,Low
ORD_001373,CUST_01194,REST_0007,2025-02-17 22:55:03,Delivered,3810.86,1000.0,6,UPI,Clear,Medium
ORD_001374,CUST_00364,REST_0200,2025-01-19 12:26:39,Delivered,597.51,33.11,2,UPI,Rain,Medium
ORD_001375,CUST_00693,REST_0082,2025-02-11 22:47:24,Delivered,314.97,57.43,2,UPI,Clear,Low
ORD_001376,CUST_00724,REST_0100,2025-03-29 21:39:00,Delivered,1182.78,69.77,5,Credit Card,Rain,Medium
ORD_001377,CUST_00844,REST_0183,2025-05-15 20:45:26,Delivered,386.01,25.7,2,UPI,Rain,Low
ORD_001378,CUST_01228,REST_0198,2025-06-19 19:55:02,Delivered,554.74,30.72,3,Debit Card,Rain,Low
ORD_001379,CUST_01043,REST_0055,2025-05-06 08:58:37,Delivered,137.46,11.13,1,Debit Card,Clear,Medium
ORD_001380,CUST_01001,REST_0140,2025-03-26 19:38:03,Cancelled,182.99,0.0,3,Debit Card,Cloudy,Low
ORD_001381,CUST_00794,REST_0060,2025-03-27 14:49:16,Delivered,1768.43,266.44,6,Credit Card,Cloudy,High
ORD_001382,CUST_00147,REST_0095,2025-05-17 22:23:09,Delivered,882.12,183.35,3,UPI,Clear,Medium
ORD_001383,CUST_00602,REST_0068,2025-03-25 20:28:35,Delivered,1564.53,276.71,5,UPI,Clear,Medium
ORD_001384,CUST_01438,REST_0120,2025-01-27 10:53:08,Delivered,139.51,20.48,1,UPI,Clear,Medium
ORD_001385,CUST_01494,REST_0147,2025-03-08 16:14:29,Delivered,341.97,29.71,5,UPI,Heavy Rain,Severe
ORD_001386,CUST_01100,REST_0077,2025-03-14 06:40:26,Delivered,208.1,24.94,4,Wallet,Clear,Medium
ORD_001387,CUST_00344,REST_0076,2025-03-23 11:53:52,Delivered,89.27,3.65,2,UPI,Rain,Medium
ORD_001388,CUST_00156,REST_0129,2025-05-14 21:41:41,Delivered,246.42,32.38,1,UPI,Clear,Medium
ORD_001389,CUST_00622,REST_0168,2025-02-28 18:30:50,Delivered,1464.45,69.44,4,Debit Card,Heavy Rain,High
ORD_001390,CUST_01286,REST_0174,2025-06-06 15:00:15,Delivered,122.75,8.46,2,UPI,Clear,High
ORD_001391,CUST_01087,REST_0109,2025-04-12 11:07:46,Delivered,957.62,33.58,5,Debit Card,Cloudy,Low
ORD_001392,CUST_01328,REST_0028,2025-03-17 10:46:42,Delivered,360.91,45.85,2,Cash,Clear,Medium
ORD_001393,CUST_00929,REST_0050,2025-06-01 21:10:40,Delivered,788.09,110.61,3,Cash,Cloudy,High
ORD_001394,CUST_00198,REST_0148,2025-01-26 20:14:47,Delivered,1794.4,302.37,2,UPI,Cloudy,Low
ORD_001395,CUST_00176,REST_0139,2025-05-11 14:24:32,Delivered,98.09,7.57,2,UPI,Clear,High
ORD_001396,CUST_00074,REST_0053,2025-05-22 19:10:02,Delivered,677.11,304.87,2,UPI,Clear,Medium
ORD_001397,CUST_00854,REST_0124,2025-03-14 18:54:15,Delivered,400.65,24.42,4,UPI,Clear,High
ORD_001398,CUST_00367,REST_0070,2025-03-16 19:48:02,Delivered,577.56,27.45,4,UPI,Cloudy,Medium
ORD_001399,CUST_01105,REST_0063,2025-05-03 22:54:46,Delivered,452.04,63.55,5,Credit Card,Clear,Low
ORD_001400,CUST_01034,REST_0045,2025-04-10 13:01:22,Delivered,393.55,116.62,3,UPI,Clear,Medium
ORD_001401,CUST_00478,REST_0068,2025-02-09 12:06:27,Delivered,1001.57,252.4,3,Credit Card,Heavy Rain,High
ORD_001402,CUST_00266,REST_0195,2025-04-15 11:16:31,Delivered,1102.8,46.12,4,UPI,Rain,Medium
ORD_001403,CUST_00157,REST_0106,2025-01-01 19:35:48,Delivered,279.79,10.56,1,Credit Card,Rain,High
ORD_001404,CUST_01109,REST_0108,2025-01-07 15:29:00,Delivered,543.14,84.36,7,UPI,Clear,High
ORD_001405,CUST_00678,REST_0026,2025-06-28 09:42:54,Delivered,258.4,9.07,1,Credit Card,Clear,High
ORD_001406,CUST_00486,REST_0108,2025-02-22 07:42:15,Delivered,376.23,39.32,4,UPI,Clear,Low
ORD_001407,CUST_01287,REST_0041,2025-04-12 07:51:00,Cancelled,504.12,0.0,1,Credit Card,Clear,Medium
ORD_001408,CUST_00895,REST_0135,2025-01-14 22:57:20,Cancelled,340.27,0.0,3,UPI,Rain,Medium
ORD_001409,CUST_00781,REST_0114,2025-02-03 15:40:13,Delivered,906.33,72.59,5,UPI,Clear,High
ORD_001410,CUST_01118,REST_0170,2025-06-17 13:41:17,Delivered,492.86,35.16,2,Wallet,Rain,High
ORD_001411,CUST_01224,REST_0181,2025-05-28 20:40:50,Delivered,173.6,27.71,3,UPI,Clear,Medium
ORD_001412,CUST_01034,REST_0094,2025-03-04 15:10:00,Delivered,200.2,26.83,2,Wallet,Clear,High
ORD_001413,CUST_00662,REST_0025,2025-06-25 14:46:25,Delivered,421.23,27.09,8,UPI,Clear,High
ORD_001414,CUST_00567,REST_0114,2025-03-11 20:41:38,Delivered,259.39,91.95,2,UPI,Clear,Low
ORD_001415,CUST_01159,REST_0184,2025-01-07 22:09:56,Delivered,2044.74,200.59,2,Debit Card,Clear,Medium
ORD_001416,CUST_00780,REST_0018,2025-01-06 21:39:56,Delivered,1610.82,254.65,5,Cash,Clear,Low
ORD_001417,CUST_01061,REST_0025,2025-05-23 12:17:04,Cancelled,168.31,0.0,3,Credit Card,Clear,Low
ORD_001418,CUST_01337,REST_0079,2025-03-30 21:50:45,Delivered,660.28,76.95,3,Wallet,Cloudy,Low
ORD_001419,CUST_01374,REST_0003,2025-05-31 21:09:53,Cancelled,389.96,0.0,2,UPI,Clear,Low
ORD_001420,CUST_00418,REST_0116,2025-03-11 04:31:42,Delivered,381.55,22.83,4,UPI,Clear,Medium
ORD_001421,CUST_00281,REST_0163,2025-04-28 14:01:57,Delivered,1153.01,170.7,4,UPI,Clear,High
ORD_001422,CUST_00395,REST_0110,2025-05-23 12:19:49,Delivered,502.67,38.49,3,UPI,Cloudy,Low
ORD_001423,CUST_01130,REST_0097,2025-03-17 12:06:00,Delivered,193.87,29.97,2,UPI,Cloudy,High
ORD_001424,CUST_00552,REST_0025,2025-01-26 17:11:21,Failed,86.95,0.0,2,Debit Card,Rain,Medium
ORD_001425,CUST_00261,REST_0042,2025-02-27 22:13:23,Delivered,80.0,7.16,2,UPI,Rain,Low
ORD_001426,CUST_00151,REST_0185,2025-05-01 08:21:48,Delivered,278.13,10.78,2,Cash,Cloudy,High
ORD_001427,CUST_00491,REST_0191,2025-03-08 13:11:28,Delivered,637.49,96.65,6,Credit Card,Clear,Low
ORD_001428,CUST_00207,REST_0043,2025-06-18 21:22:54,Delivered,500.74,74.57,2,UPI,Clear,Low
ORD_001429,CUST_00238,REST_0174,2025-05-19 22:07:27,Delivered,309.76,102.22,3,Cash,Cloudy,Low
ORD_001430,CUST_01030,REST_0041,2025-04-16 08:48:00,Delivered,3337.12,132.05,8,Debit Card,Clear,High
ORD_001431,CUST_00031,REST_0095,2025-03-05 22:21:59,Delivered,748.28,104.18,3,UPI,Clear,Low
ORD_001432,CUST_00180,REST_0124,2025-05-10 12:27:12,Delivered,637.34,113.83,7,Wallet,Clear,Low
ORD_001433,CUST_01268,REST_0172,2025-04-07 19:33:22,Delivered,1684.4,248.58,2,Credit Card,Clear,Low
ORD_001434,CUST_01269,REST_0182,2025-02-24 12:27:59,Delivered,270.51,97.72,1,UPI,Cloudy,Medium
ORD_001435,CUST_00494,REST_0131,2025-01-08 13:24:52,Delivered,487.36,39.12,2,UPI,Rain,Severe
ORD_001436,CUST_00135,REST_0095,2025-06-06 22:33:24,Delivered,1522.17,144.15,4,Debit Card,Clear,Low
ORD_001437,CUST_01061,REST_0052,2025-02-28 07:27:32,Delivered,1083.68,59.77,3,UPI,Rain,High
ORD_001438,CUST_00537,REST_0030,2025-03-03 18:06:22,Delivered,369.97,40.09,5,UPI,Clear,Low
ORD_001439,CUST_00070,REST_0175,2025-02-15 20:41:27,Delivered,526.44,21.18,2,Credit Card,Clear,Medium
ORD_001440,CUST_00240,REST_0031,2025-04-06 09:15:00,Failed,486.23,0.0,5,Debit Card,Clear,Low
ORD_001441,CUST_00208,REST_0113,2025-03-20 13:47:01,Delivered,493.04,32.03,5,Credit Card,Rain,High
ORD_001442,CUST_00888,REST_0085,2025-01-07 14:20:08,Delivered,300.73,52.0,2,Debit Card,Cloudy,Low
ORD_001443,CUST_01349,REST_0083,2025-05-20 20:32:13,Delivered,4067.52,71.46,6,Credit Card,Clear,Severe
ORD_001444,CUST_01190,REST_0063,2025-02-12 20:04:14,Delivered,237.79,50.84,2,Cash,Clear,High
ORD_001445,CUST_00821,REST_0167,2025-05-03 22:13:51,Delivered,191.61,11.53,3,UPI,Heavy Rain,High
ORD_001446,CUST_00633,REST_0054,2025-06-13 12:49:23,Delivered,563.36,202.65,2,UPI,Clear,High
ORD_001447,CUST_00933,REST_0022,2025-03-20 13:10:43,Delivered,87.92,12.27,1,Debit Card,Clear,Medium
ORD_001448,CUST_00668,REST_0128,2025-06-28 20:05:20,Delivered,98.95,9.05,1,UPI,Cloudy,Medium
ORD_001449,CUST_00372,REST_0068,2025-01-08 21:51:31,Delivered,563.17,52.15,3,UPI,Clear,Low
ORD_001450,CUST_01024,REST_0082,2025-05-02 11:14:11,Delivered,664.62,53.4,3,Credit Card,Cloudy,Severe
ORD_001451,CUST_01312,REST_0164,2025-06-20 19:36:43,Delivered,990.57,314.36,4,UPI,Clear,Low
ORD_001452,CUST_00556,REST_0100,2025-05-07 01:36:53,Delivered,847.37,78.63,4,UPI,Clear,High
ORD_001453,CUST_01263,REST_0040,2025-04-03 22:13:15,Delivered,1126.9,71.04,2,UPI,Clear,Medium
ORD_001454,CUST_00648,REST_0025,2025-02-06 18:25:39,Delivered,348.18,19.0,5,UPI,Rain,Medium
ORD_001455,CUST_00600,REST_0121,2025-01-19 15:17:29,Failed,418.19,0.0,3,Credit Card,Cloudy,Low
ORD_001456,CUST_00044,REST_0048,2025-02-01 20:11:57,Delivered,152.07,15.76,1,Debit Card,Heavy Rain,Severe
ORD_001457,CUST_01048,REST_0121,2025-01-21 14:28:49,Delivered,351.06,25.18,4,Debit Card,Clear,High
ORD_001458,CUST_01212,REST_0126,2025-01-29 08:11:57,Delivered,359.77,51.9,2,UPI,Clear,High
ORD_001459,CUST_01002,REST_0184,2025-06-18 12:22:04,Delivered,2950.97,118.76,3,UPI,Clear,Medium
ORD_001460,CUST_00230,REST_0163,2025-05-02 23:51:09,Delivered,813.16,110.89,3,Debit Card,Clear,Low
ORD_001461,CUST_00158,REST_0131,2025-04-27 10:59:00,Delivered,664.45,299.63,3,UPI,Clear,Medium
ORD_001462,CUST_00863,REST_0180,2025-04-05 22:38:47,Delivered,196.26,22.8,4,UPI,Clear,High
ORD_001463,CUST_00601,REST_0026,2025-04-02 20:46:51,Delivered,557.3,7.07,2,UPI,Clear,Severe
ORD_001464,CUST_00645,REST_0151,2025-04-05 10:15:04,Delivered,215.94,12.94,3,Credit Card,Heavy Rain,Severe
ORD_001465,CUST_01453,REST_0154,2025-06-02 17:26:39,Failed,3031.79,0.0,5,UPI,Rain,High
ORD_001466,CUST_01090,REST_0106,2025-03-22 16:28:57,Delivered,1273.07,143.98,7,UPI,Clear,High
ORD_001467,CUST_00617,REST_0050,2025-04-04 18:45:24,Delivered,603.36,25.71,3,UPI,Cloudy,Medium
ORD_001468,CUST_00030,REST_0119,2025-02-10 18:08:58,Delivered,550.43,52.34,2,UPI,Cloudy,Medium
ORD_001469,CUST_00053,REST_0124,2025-03-31 21:17:29,Delivered,445.67,43.73,6,Cash,Cloudy,High
ORD_001470,CUST_01032,REST_0081,2025-04-19 07:30:41,Delivered,182.61,27.25,4,Debit Card,Cloudy,Medium
ORD_001471,CUST_01257,REST_0154,2025-05-11 12:17:15,Delivered,1358.19,137.6,2,UPI,Clear,Low
ORD_001472,CUST_01065,REST_0167,2025-04-10 19:50:00,Delivered,153.3,12.13,2,UPI,Clear,High
ORD_001473,CUST_00608,REST_0085,2025-06-21 21:02:57,Delivered,891.72,34.46,6,UPI,Clear,Medium
ORD_001474,CUST_00049,REST_0147,2025-03-01 11:28:10,Delivered,360.05,56.24,4,UPI,Rain,Medium
ORD_001475,CUST_01452,REST_0014,2025-03-11 20:44:26,Delivered,500.9,102.18,3,UPI,Clear,Low
ORD_001476,CUST_01479,REST_0194,2025-03-31 13:16:53,Delivered,302.66,30.98,4,Credit Card,Cloudy,High
ORD_001477,CUST_00826,REST_0110,2025-02-04 17:12:13,Delivered,606.21,43.63,3,UPI,Clear,Medium
ORD_001478,CUST_00109,REST_0137,2025-06-07 07:47:56,Delivered,2708.34,515.99,5,UPI,Cloudy,Medium
ORD_001479,CUST_00813,REST_0060,2025-01-17 11:14:17,Delivered,480.36,63.81,2,UPI,Clear,High
ORD_001480,CUST_01341,REST_0082,2025-04-22 14:44:32,Delivered,447.84,58.39,2,UPI,Clear,Low
ORD_001481,CUST_01025,REST_0134,2025-06-15 21:10:10,Delivered,221.07,37.62,1,Wallet,Cloudy,Low
ORD_001482,CUST_01084,REST_0027,2025-02-17 21:02:24,Cancelled,816.65,0.0,4,UPI,Heavy Rain,Medium
ORD_001483,CUST_00130,REST_0119,2025-03-27 19:25:33,Delivered,610.69,85.5,2,Debit Card,Cloudy,High
ORD_001484,CUST_00163,REST_0020,2025-03-31 20:39:10,Delivered,585.66,28.9,7,UPI,Rain,Severe
ORD_001485,CUST_00194,REST_0012,2025-04-07 18:23:00,Delivered,1097.96,18.74,2,UPI,Rain,High
ORD_001486,CUST_01358,REST_0114,2025-02-27 18:12:53,Delivered,553.78,23.87,4,UPI,Rain,Medium
ORD_001487,CUST_00792,REST_0040,2025-04-07 12:36:00,Delivered,805.21,61.6,1,Credit Card,Rain,High
ORD_001488,CUST_01188,REST_0079,2025-01-26 14:13:07,Delivered,1268.23,464.02,6,UPI,Cloudy,Medium
ORD_001489,CUST_00177,REST_0037,2025-03-17 14:49:00,Delivered,214.64,69.21,1,Credit Card,Clear,Medium
ORD_001490,CUST_01392,REST_0058,2025-03-26 19:25:09,Delivered,620.45,84.6,6,UPI,Cloudy,Medium
ORD_001491,CUST_01232,REST_0190,2025-04-16 16:13:08,Delivered,2261.96,343.6,2,Debit Card,Clear,Medium
ORD_001492,CUST_00339,REST_0154,2025-02-08 20:49:15,Delivered,1031.88,86.5,2,UPI,Clear,High
ORD_001493,CUST_01313,REST_0117,2025-03-13 15:14:24,Delivered,746.56,19.64,3,UPI,Clear,Medium
ORD_001494,CUST_00397,REST_0154,2025-03-29 22:07:00,Delivered,1959.78,199.07,4,Debit Card,Rain,High
ORD_001495,CUST_00309,REST_0170,2025-03-31 21:17:20,Delivered,837.36,92.47,4,UPI,Clear,Medium
ORD_001496,CUST_00399,REST_0167,2025-01-16 19:00:12,Delivered,436.97,76.78,6,UPI,Cloudy,Medium
ORD_001497,CUST_01366,REST_0144,2025-04-28 13:31:11,Delivered,318.93,18.59,5,UPI,Clear,Low
ORD_001498,CUST_01374,REST_0118,2025-04-05 19:40:07,Delivered,384.49,24.31,2,UPI,Cloudy,Medium
ORD_001499,CUST_00494,REST_0060,2025-01-25 21:01:41,Delivered,684.16,23.15,3,Debit Card,Rain,High
ORD_001500,CUST_01062,REST_0097,2025-06-15 16:45:47,Delivered,164.54,9.17,2,Debit Card,Clear,Low
ORD_001501,CUST_01019,REST_0161,2025-05-30 20:51:31,Delivered,1002.83,130.01,2,Debit Card,Clear,High
ORD_001502,CUST_01210,REST_0096,2025-04-21 20:17:55,Delivered,840.58,45.98,3,UPI,Cloudy,Medium
ORD_001503,CUST_00447,REST_0134,2025-01-03 20:48:54,Delivered,481.13,51.96,2,Debit Card,Rain,High
ORD_001504,CUST_00768,REST_0167,2025-04-28 18:20:15,Delivered,190.73,11.45,3,Debit Card,Clear,Medium
ORD_001505,CUST_01008,REST_0036,2025-01-17 22:47:37,Delivered,1272.66,16.92,3,Wallet,Cloudy,High
ORD_001506,CUST_00041,REST_0185,2025-04-04 11:54:00,Delivered,100.01,7.63,1,UPI,Clear,Medium
ORD_001507,CUST_00562,REST_0116,2025-06-01 15:46:20,Delivered,392.12,82.97,4,Debit Card,Clear,Medium
ORD_001508,CUST_01049,REST_0036,2025-04-16 22:37:52,Delivered,541.8,52.5,1,UPI,Clear,Medium
ORD_001509,CUST_00382,REST_0075,2025-05-23 07:41:29,Delivered,991.65,84.41,3,UPI,Rain,Severe
ORD_001510,CUST_01438,REST_0086,2025-01-04 12:38:14,Delivered,704.09,16.39,5,Debit Card,Clear,High
ORD_001511,CUST_00047,REST_0017,2025-02-21 17:33:00,Delivered,412.02,40.68,3,Debit Card,Rain,High
ORD_001512,CUST_01439,REST_0014,2025-05-08 20:49:53,Delivered,189.81,26.68,2,Credit Card,Clear,Low
ORD_001513,CUST_00327,REST_0039,2025-03-29 18:14:18,Delivered,634.28,72.38,3,UPI,Rain,High
ORD_001514,CUST_00075,REST_0116,2025-03-10 12:16:52,Delivered,896.58,72.85,8,UPI,Cloudy,High
ORD_001515,CUST_00441,REST_0015,2025-01-10 13:06:43,Delivered,234.51,18.31,2,Wallet,Clear,Severe
ORD_001516,CUST_01181,REST_0031,2025-05-31 23:51:48,Delivered,1183.12,128.36,5,Debit Card,Clear,Medium
ORD_001517,CUST_01131,REST_0200,2025-06-14 13:25:43,Delivered,1997.95,480.03,8,UPI,Clear,Medium
ORD_001518,CUST_00315,REST_0058,2025-04-18 18:28:09,Delivered,345.99,23.92,3,UPI,Rain,Severe
ORD_001519,CUST_00296,REST_0001,2025-06-28 19:30:35,Delivered,424.23,23.54,7,Credit Card,Clear,High
ORD_001520,CUST_00970,REST_0070,2025-06-18 20:32:42,Delivered,446.05,26.84,5,UPI,Cloudy,Low
ORD_001521,CUST_00689,REST_0140,2025-05-27 21:22:02,Delivered,118.19,9.54,2,UPI,Rain,Severe
ORD_001522,CUST_01189,REST_0081,2025-05-09 12:27:47,Delivered,167.26,28.23,4,UPI,Cloudy,Low
ORD_001523,CUST_00037,REST_0119,2025-06-16 21:10:45,Delivered,236.11,24.64,1,Debit Card,Clear,High
ORD_001524,CUST_00921,REST_0049,2025-01-22 21:11:52,Delivered,913.28,58.76,3,Wallet,Cloudy,Medium
ORD_001525,CUST_01100,REST_0060,2025-02-24 13:18:04,Delivered,961.94,387.03,4,UPI,Cloudy,Low
ORD_001526,CUST_01490,REST_0183,2025-03-29 14:01:58,Delivered,649.42,22.15,5,UPI,Clear,High
ORD_001527,CUST_01023,REST_0093,2025-06-26 11:22:02,Delivered,418.67,89.07,6,UPI,Rain,Low
ORD_001528,CUST_00351,REST_0104,2025-04-26 20:23:17,Delivered,285.06,19.29,2,Wallet,Clear,Medium
ORD_001529,CUST_00166,REST_0134,2025-05-06 21:53:48,Delivered,1092.15,105.87,5,Credit Card,Cloudy,Low
ORD_001530,CUST_00967,REST_0125,2025-04-05 19:13:40,Cancelled,1169.97,0.0,4,Debit Card,Rain,Medium
ORD_001531,CUST_00789,REST_0074,2025-01-05 07:29:35,Delivered,1589.48,197.5,3,UPI,Clear,Medium
ORD_001532,CUST_01351,REST_0075,2025-05-09 16:19:42,Cancelled,1467.63,0.0,4,UPI,Rain,Severe
ORD_001533,CUST_01093,REST_0127,2025-03-26 21:43:29,Delivered,879.78,157.64,3,Debit Card,Cloudy,Severe
ORD_001534,CUST_00768,REST_0192,2025-03-15 12:50:38,Delivered,391.69,80.64,2,UPI,Clear,Low
ORD_001535,CUST_00604,REST_0181,2025-06-25 19:09:58,Delivered,90.04,8.15,2,Credit Card,Cloudy,High
ORD_001536,CUST_00606,REST_0018,2025-02-11 09:53:09,Delivered,335.44,9.72,1,UPI,Clear,Medium
ORD_001537,CUST_00342,REST_0144,2025-03-30 23:38:12,Delivered,174.4,11.43,3,UPI,Clear,Medium
ORD_001538,CUST_00027,REST_0170,2025-06-16 18:48:15,Delivered,1002.86,246.18,4,UPI,Rain,Low
ORD_001539,CUST_00866,REST_0005,2025-02-02 08:59:31,Delivered,199.82,12.23,3,UPI,Clear,Medium
ORD_001540,CUST_00321,REST_0116,2025-02-28 18:14:15,Delivered,80.0,11.88,1,Wallet,Cloudy,High
ORD_001541,CUST_00314,REST_0151,2025-02-12 21:56:48,Delivered,231.91,25.6,3,Credit Card,Rain,Low
ORD_001542,CUST_00192,REST_0039,2025-03-01 18:44:31,Delivered,713.11,66.0,3,UPI,Cloudy,Medium
ORD_001543,CUST_00284,REST_0056,2025-06-24 14:07:24,Delivered,134.61,20.2,2,UPI,Clear,Low
ORD_001544,CUST_00050,REST_0022,2025-05-15 18:47:29,Delivered,259.23,4.49,2,Wallet,Rain,Low
ORD_001545,CUST_01017,REST_0004,2025-05-10 20:03:25,Delivered,1413.41,248.75,6,UPI,Cloudy,Low
ORD_001546,CUST_00601,REST_0002,2025-03-19 07:04:04,Delivered,3758.86,195.95,5,Wallet,Clear,High
ORD_001547,CUST_00845,REST_0042,2025-04-01 05:37:29,Delivered,80.0,18.02,2,Credit Card,Cloudy,Medium
ORD_001548,CUST_00961,REST_0061,2025-01-01 13:19:05,Delivered,218.96,40.99,2,UPI,Clear,Medium
ORD_001549,CUST_01459,REST_0067,2025-06-27 08:29:48,Delivered,494.81,27.97,5,Wallet,Heavy Rain,Severe
ORD_001550,CUST_00105,REST_0069,2025-06-17 18:09:32,Delivered,993.36,90.68,4,UPI,Clear,Low
ORD_001551,CUST_00627,REST_0128,2025-04-23 17:32:08,Delivered,449.24,73.0,4,Credit Card,Clear,Medium
ORD_001552,CUST_00371,REST_0181,2025-04-06 21:04:03,Delivered,80.0,9.77,1,Cash,Clear,Low
ORD_001553,CUST_00718,REST_0053,2025-03-01 18:09:30,Failed,662.78,0.0,2,Wallet,Cloudy,Low
ORD_001554,CUST_01381,REST_0199,2025-01-14 21:03:45,Delivered,246.47,47.91,4,UPI,Clear,Medium
ORD_001555,CUST_01090,REST_0004,2025-01-26 22:08:34,Delivered,363.67,52.23,2,UPI,Clear,Medium
ORD_001556,CUST_00999,REST_0054,2025-04-16 10:30:18,Delivered,2094.35,562.16,6,UPI,Clear,Medium
ORD_001557,CUST_00664,REST_0067,2025-06-18 02:33:56,Delivered,376.85,50.24,4,UPI,Cloudy,Medium
ORD_001558,CUST_01013,REST_0098,2025-02-08 20:22:15,Delivered,929.58,198.16,4,Cash,Clear,Low
ORD_001559,CUST_00051,REST_0118,2025-06-21 18:58:25,Delivered,355.86,7.15,2,Debit Card,Rain,Medium
ORD_001560,CUST_00884,REST_0116,2025-01-22 21:23:45,Delivered,330.79,42.6,3,UPI,Cloudy,Medium
ORD_001561,CUST_00833,REST_0132,2025-02-09 21:51:10,Delivered,415.28,58.53,3,UPI,Clear,Medium
ORD_001562,CUST_00519,REST_0062,2025-04-27 00:25:37,Delivered,1045.47,31.54,2,UPI,Cloudy,High
ORD_001563,CUST_00304,REST_0106,2025-05-11 19:14:46,Delivered,474.02,24.75,3,UPI,Clear,High
ORD_001564,CUST_01212,REST_0126,2025-05-13 01:10:56,Delivered,491.03,44.56,4,UPI,Clear,Low
ORD_001565,CUST_00082,REST_0150,2025-04-29 11:09:56,Delivered,365.8,71.46,2,Credit Card,Clear,Low
ORD_001566,CUST_00107,REST_0015,2025-06-29 20:27:38,Delivered,276.77,26.03,3,UPI,Clear,Medium
ORD_001567,CUST_00662,REST_0007,2025-05-01 21:43:25,Delivered,2739.85,574.76,3,UPI,Clear,Medium
ORD_001568,CUST_00382,REST_0002,2025-06-13 08:02:49,Delivered,3127.76,128.02,5,Wallet,Clear,Medium
ORD_001569,CUST_01121,REST_0190,2025-06-06 11:23:18,Delivered,3229.72,213.35,4,UPI,Clear,Severe
ORD_001570,CUST_00956,REST_0188,2025-01-16 14:58:05,Cancelled,80.0,0.0,1,UPI,Rain,High
ORD_001571,CUST_01160,REST_0042,2025-02-11 13:37:07,Delivered,89.79,3.97,2,Credit Card,Cloudy,Low
ORD_001572,CUST_00488,REST_0025,2025-05-26 04:57:41,Delivered,155.34,9.14,3,UPI,Rain,Severe
ORD_001573,CUST_01114,REST_0131,2025-03-07 11:09:08,Delivered,936.38,41.19,5,UPI,Cloudy,Medium
ORD_001574,CUST_01296,REST_0017,2025-06-25 20:24:24,Delivered,376.64,12.14,2,UPI,Heavy Rain,High
ORD_001575,CUST_00517,REST_0097,2025-03-29 17:58:09,Delivered,100.18,7.79,1,UPI,Cloudy,Severe
ORD_001576,CUST_00509,REST_0071,2025-04-13 18:42:32,Delivered,937.0,164.07,4,UPI,Cloudy,Low
ORD_001577,CUST_01352,REST_0120,2025-06-30 15:22:04,Delivered,302.69,50.68,4,Cash,Rain,Low
ORD_001578,CUST_00076,REST_0122,2025-05-04 19:23:05,Delivered,418.63,24.71,5,Wallet,Cloudy,Low
ORD_001579,CUST_00524,REST_0126,2025-03-16 20:57:00,Delivered,449.02,68.96,3,UPI,Clear,Low
ORD_001580,CUST_00182,REST_0021,2025-03-01 21:14:12,Delivered,687.19,108.57,2,Wallet,Heavy Rain,High
ORD_001581,CUST_00045,REST_0117,2025-06-17 18:12:55,Delivered,638.63,121.93,2,Credit Card,Clear,Medium
ORD_001582,CUST_00173,REST_0074,2025-02-08 19:38:47,Failed,1401.99,0.0,4,Cash,Rain,High
ORD_001583,CUST_00648,REST_0128,2025-01-25 18:20:24,Delivered,381.47,22.97,2,Credit Card,Cloudy,Medium
ORD_001584,CUST_01035,REST_0048,2025-03-30 14:24:13,Cancelled,262.93,0.0,5,UPI,Clear,Medium
ORD_001585,CUST_00436,REST_0011,2025-06-03 20:25:37,Delivered,366.65,7.67,4,Credit Card,Rain,Medium
ORD_001586,CUST_01276,REST_0118,2025-04-13 21:35:12,Delivered,400.6,25.52,2,UPI,Clear,Medium
ORD_001587,CUST_00658,REST_0144,2025-03-14 22:43:26,Delivered,80.0,4.54,1,Debit Card,Clear,High
ORD_001588,CUST_01453,REST_0012,2025-04-05 11:52:36,Delivered,615.08,27.16,1,UPI,Clear,Low
ORD_001589,CUST_01432,REST_0015,2025-01-07 11:51:10,Delivered,240.55,22.59,3,UPI,Clear,Medium
ORD_001590,CUST_01161,REST_0101,2025-06-25 22:27:03,Delivered,487.34,28.67,2,Credit Card,Clear,Medium
ORD_001591,CUST_01400,REST_0093,2025-02-17 13:28:32,Delivered,174.88,25.69,2,UPI,Cloudy,Low
ORD_001592,CUST_01064,REST_0043,2025-04-28 19:46:57,Delivered,1187.15,160.31,5,UPI,Cloudy,Medium
ORD_001593,CUST_01345,REST_0161,2025-02-22 20:30:26,Delivered,1667.51,179.02,3,UPI,Clear,High
ORD_001594,CUST_00358,REST_0015,2025-03-30 19:48:30,Delivered,248.95,45.84,2,UPI,Cloudy,High
ORD_001595,CUST_00517,REST_0187,2025-04-11 20:43:58,Delivered,101.96,4.32,2,UPI,Clear,High
ORD_001596,CUST_01132,REST_0113,2025-01-23 11:27:41,Delivered,312.7,33.49,3,Credit Card,Cloudy,Severe
ORD_001597,CUST_00637,REST_0102,2025-04-15 12:00:11,Delivered,294.59,27.46,4,Debit Card,Rain,Medium
ORD_001598,CUST_01256,REST_0194,2025-02-22 08:54:45,Delivered,162.69,25.55,4,UPI,Heavy Rain,Severe
ORD_001599,CUST_01319,REST_0040,2025-04-26 08:21:56,Delivered,1358.47,118.79,2,UPI,Rain,Medium
ORD_001600,CUST_00451,REST_0063,2025-04-25 21:27:52,Delivered,297.42,37.69,3,UPI,Cloudy,High
ORD_001601,CUST_01236,REST_0154,2025-04-27 13:05:13,Delivered,1807.08,80.99,4,UPI,Clear,Medium
ORD_001602,CUST_00234,REST_0142,2025-04-24 13:37:04,Delivered,399.98,37.4,7,Wallet,Clear,High
ORD_001603,CUST_00501,REST_0129,2025-01-13 11:08:43,Delivered,782.58,46.33,3,UPI,Clear,Severe
ORD_001604,CUST_00781,REST_0069,2025-05-07 22:12:18,Delivered,903.8,103.25,3,UPI,Clear,Medium
ORD_001605,CUST_00342,REST_0025,2025-06-25 17:29:31,Delivered,98.37,50.61,2,Wallet,Clear,Medium
ORD_001606,CUST_00872,REST_0195,2025-03-19 07:14:11,Delivered,225.24,2.87,1,UPI,Cloudy,High
ORD_001607,CUST_00871,REST_0108,2025-04-11 09:55:55,Delivered,442.1,16.73,5,UPI,Cloudy,High
ORD_001608,CUST_00312,REST_0009,2025-05-19 22:25:25,Delivered,1293.59,133.31,3,Debit Card,Clear,Medium
ORD_001609,CUST_01194,REST_0103,2025-05-08 18:18:43,Delivered,1431.81,373.87,2,UPI,Cloudy,Low
ORD_001610,CUST_00952,REST_0188,2025-03-25 17:24:27,Cancelled,337.92,0.0,4,UPI,Clear,High
ORD_001611,CUST_00478,REST_0091,2025-02-06 14:00:01,Delivered,337.57,70.75,3,UPI,Clear,Medium
ORD_001612,CUST_00352,REST_0013,2025-04-08 09:09:54,Delivered,730.15,82.5,4,UPI,Clear,Medium
ORD_001613,CUST_01321,REST_0101,2025-06-27 19:36:11,Delivered,625.11,49.43,4,UPI,Clear,Medium
ORD_001614,CUST_01253,REST_0158,2025-04-25 22:12:53,Delivered,80.0,4.1,2,UPI,Clear,High
ORD_001615,CUST_00348,REST_0196,2025-01-03 21:13:39,Delivered,294.6,26.5,2,Credit Card,Clear,High
ORD_001616,CUST_00054,REST_0048,2025-03-15 20:44:36,Delivered,627.29,119.32,5,UPI,Clear,Low
ORD_001617,CUST_01207,REST_0012,2025-01-11 15:25:41,Delivered,891.29,77.81,2,UPI,Cloudy,Low
ORD_001618,CUST_00929,REST_0125,2025-05-03 15:12:27,Delivered,1466.61,311.27,6,UPI,Cloudy,Medium
ORD_001619,CUST_00155,REST_0124,2025-03-03 13:45:26,Delivered,505.95,39.45,5,Credit Card,Clear,Medium
ORD_001620,CUST_00885,REST_0048,2025-03-29 20:02:00,Delivered,250.12,77.64,2,Credit Card,Cloudy,Medium
ORD_001621,CUST_00680,REST_0034,2025-04-17 18:49:30,Cancelled,293.68,0.0,3,Wallet,Rain,Medium
ORD_001622,CUST_01163,REST_0144,2025-01-14 19:38:54,Delivered,91.24,19.81,2,UPI,Cloudy,Low
ORD_001623,CUST_00315,REST_0093,2025-03-14 19:11:28,Delivered,124.88,16.41,1,UPI,Clear,Low
ORD_001624,CUST_00682,REST_0141,2025-02-07 20:38:21,Delivered,272.7,14.9,2,Wallet,Clear,Medium
ORD_001625,CUST_00238,REST_0184,2025-03-22 14:34:00,Delivered,838.05,25.01,1,UPI,Clear,Low
ORD_001626,CUST_01438,REST_0134,2025-01-08 22:51:57,Delivered,693.55,124.8,3,UPI,Rain,Severe
ORD_001627,CUST_01170,REST_0025,2025-02-04 12:12:38,Delivered,144.87,9.36,3,Credit Card,Rain,Severe
ORD_001628,CUST_01108,REST_0100,2025-03-25 22:46:18,Delivered,876.34,124.31,4,Wallet,Clear,Medium
ORD_001629,CUST_01040,REST_0059,2025-01-02 20:29:22,Delivered,586.29,185.86,4,Wallet,Clear,Low
ORD_001630,CUST_00635,REST_0084,2025-05-08 10:12:32,Delivered,220.57,12.57,3,Credit Card,Rain,Medium
ORD_001631,CUST_01386,REST_0168,2025-04-02 20:27:29,Delivered,1211.33,76.62,5,Credit Card,Cloudy,High
ORD_001632,CUST_00113,REST_0182,2025-04-27 12:28:33,Delivered,1464.45,135.24,5,Wallet,Rain,Medium
ORD_001633,CUST_01205,REST_0196,2025-06-28 14:13:09,Delivered,431.83,14.26,2,Credit Card,Rain,High
ORD_001634,CUST_00325,REST_0110,2025-03-15 12:44:37,Delivered,396.34,108.82,2,UPI,Clear,Low
ORD_001635,CUST_00486,REST_0018,2025-06-09 21:44:31,Delivered,1011.27,60.62,3,UPI,Clear,Low
ORD_001636,CUST_00783,REST_0109,2025-03-08 14:12:54,Cancelled,576.21,0.0,4,Credit Card,Clear,Low
ORD_001637,CUST_01175,REST_0171,2025-03-28 13:35:34,Delivered,612.49,32.8,1,Debit Card,Clear,High
ORD_001638,CUST_01258,REST_0089,2025-02-16 12:53:06,Cancelled,359.45,0.0,2,Credit Card,Clear,Medium
ORD_001639,CUST_00880,REST_0131,2025-06-29 20:24:22,Failed,188.74,0.0,1,Credit Card,Cloudy,Low
ORD_001640,CUST_00603,REST_0101,2025-06-07 21:34:26,Delivered,554.32,38.43,4,UPI,Cloudy,Medium
ORD_001641,CUST_01422,REST_0036,2025-04-27 18:48:49,Delivered,344.99,35.78,1,Credit Card,Clear,Medium
ORD_001642,CUST_00373,REST_0016,2025-01-08 12:41:02,Cancelled,614.46,0.0,3,UPI,Clear,Medium
ORD_001643,CUST_01205,REST_0030,2025-05-28 15:34:12,Delivered,385.08,32.78,4,UPI,Clear,Medium
ORD_001644,CUST_00923,REST_0188,2025-05-28 20:54:08,Delivered,214.37,2.32,4,UPI,Rain,Medium
ORD_001645,CUST_00563,REST_0175,2025-04-04 21:54:54,Delivered,431.48,68.21,2,Credit Card,Clear,Medium
ORD_001646,CUST_00002,REST_0072,2025-02-27 22:11:50,Failed,214.07,0.0,1,UPI,Cloudy,High
ORD_001647,CUST_00672,REST_0065,2025-02-18 22:53:17,Delivered,80.0,5.92,1,Wallet,Rain,High
ORD_001648,CUST_00416,REST_0009,2025-03-07 12:27:00,Delivered,693.47,68.65,1,UPI,Cloudy,Medium
ORD_001649,CUST_00160,REST_0072,2025-05-02 18:01:32,Delivered,570.67,19.91,3,UPI,Clear,High
ORD_001650,CUST_00116,REST_0054,2025-06-25 19:24:38,Delivered,793.76,32.65,3,Wallet,Clear,High
ORD_001651,CUST_00520,REST_0063,2025-04-09 14:57:00,Delivered,350.53,39.49,4,UPI,Clear,Medium
ORD_001652,CUST_00927,REST_0169,2025-04-21 14:49:36,Delivered,135.91,9.61,1,UPI,Cloudy,Low
ORD_001653,CUST_01256,REST_0011,2025-06-30 18:28:30,Delivered,409.69,23.02,4,UPI,Cloudy,High
ORD_001654,CUST_00275,REST_0048,2025-04-02 20:57:43,Delivered,404.95,17.76,4,UPI,Heavy Rain,High
ORD_001655,CUST_00638,REST_0101,2025-06-30 13:03:27,Failed,461.0,0.0,2,UPI,Clear,Low
ORD_001656,CUST_00585,REST_0073,2025-06-29 11:13:27,Delivered,985.79,80.13,3,UPI,Cloudy,High
ORD_001657,CUST_00773,REST_0064,2025-05-22 19:42:31,Delivered,3315.6,248.39,5,Debit Card,Heavy Rain,High
ORD_001658,CUST_01215,REST_0065,2025-04-28 12:40:17,Delivered,220.32,74.05,3,UPI,Cloudy,Low
ORD_001659,CUST_00833,REST_0057,2025-03-20 14:15:35,Delivered,1389.08,231.51,5,UPI,Rain,High
ORD_001660,CUST_01271,REST_0071,2025-06-13 18:37:22,Delivered,165.02,18.17,1,UPI,Clear,Low
ORD_001661,CUST_00781,REST_0034,2025-01-11 18:44:50,Delivered,339.98,50.96,5,Cash,Clear,Medium
ORD_001662,CUST_00911,REST_0109,2025-06-20 22:46:23,Delivered,446.79,21.35,4,Cash,Rain,Medium
ORD_001663,CUST_00658,REST_0044,2025-03-18 19:36:55,Delivered,226.59,18.34,2,Wallet,Clear,Medium
ORD_001664,CUST_01235,REST_0177,2025-04-04 03:59:45,Delivered,155.85,12.02,2,UPI,Cloudy,Medium
ORD_001665,CUST_01387,REST_0177,2025-06-05 22:51:14,Delivered,122.01,22.55,2,Credit Card,Clear,Medium
ORD_001666,CUST_00964,REST_0010,2025-06-22 09:08:07,Delivered,386.29,40.68,4,UPI,Clear,Low
ORD_001667,CUST_01231,REST_0098,2025-04-08 08:16:40,Delivered,760.38,215.63,3,Wallet,Clear,Medium
ORD_001668,CUST_00090,REST_0054,2025-03-06 20:29:10,Delivered,331.26,54.78,2,UPI,Cloudy,Medium
ORD_001669,CUST_01361,REST_0187,2025-01-28 11:49:22,Delivered,266.06,39.09,4,Credit Card,Clear,Low
ORD_001670,CUST_00283,REST_0100,2025-05-26 05:24:04,Delivered,460.11,64.79,2,UPI,Clear,Medium
ORD_001671,CUST_00388,REST_0022,2025-03-24 07:53:06,Failed,530.68,0.0,5,UPI,Clear,Medium
ORD_001672,CUST_00082,REST_0001,2025-03-31 11:57:58,Delivered,211.29,57.14,3,Debit Card,Cloudy,Medium
ORD_001673,CUST_01449,REST_0021,2025-03-13 21:26:03,Delivered,1907.93,168.64,4,UPI,Cloudy,High
ORD_001674,CUST_01279,REST_0127,2025-04-16 20:22:31,Delivered,830.14,49.1,3,Wallet,Rain,Low
ORD_001675,CUST_01371,REST_0110,2025-06-29 16:44:11,Delivered,464.75,27.62,2,UPI,Cloudy,Medium
ORD_001676,CUST_01272,REST_0093,2025-05-16 19:26:40,Delivered,106.91,0.52,1,UPI,Rain,High
ORD_001677,CUST_00722,REST_0122,2025-04-26 17:58:56,Delivered,271.93,23.08,4,UPI,Clear,High
ORD_001678,CUST_01387,REST_0020,2025-06-09 22:30:54,Delivered,538.92,70.25,5,Debit Card,Clear,High
ORD_001679,CUST_01455,REST_0027,2025-01-06 22:41:31,Delivered,1242.47,72.94,5,UPI,Heavy Rain,Medium
ORD_001680,CUST_00757,REST_0175,2025-06-13 05:11:40,Delivered,776.35,78.82,3,UPI,Clear,Low
ORD_001681,CUST_00264,REST_0154,2025-05-17 20:45:04,Cancelled,957.58,0.0,2,UPI,Cloudy,Medium
ORD_001682,CUST_00995,REST_0066,2025-01-26 05:00:34,Delivered,937.57,86.71,6,UPI,Clear,Medium
ORD_001683,CUST_01464,REST_0047,2025-01-09 16:40:03,Delivered,732.94,77.51,3,UPI,Clear,Medium
ORD_001684,CUST_01310,REST_0200,2025-02-21 11:04:27,Delivered,1722.15,38.4,5,Credit Card,Clear,Low
ORD_001685,CUST_01295,REST_0043,2025-04-16 07:22:37,Delivered,1305.96,65.3,4,Debit Card,Cloudy,Medium
ORD_001686,CUST_01402,REST_0090,2025-02-21 19:17:28,Delivered,2822.61,366.45,5,UPI,Cloudy,Medium
ORD_001687,CUST_01343,REST_0082,2025-05-17 13:09:01,Delivered,1641.61,331.74,7,UPI,Clear,Low
ORD_001688,CUST_01166,REST_0029,2025-03-24 16:02:00,Delivered,915.8,406.0,4,Cash,Clear,Low
ORD_001689,CUST_01082,REST_0085,2025-01-16 14:49:37,Delivered,707.23,119.62,4,Wallet,Clear,Medium
ORD_001690,CUST_00399,REST_0181,2025-05-28 20:49:06,Delivered,146.85,14.76,3,Debit Card,Clear,High
ORD_001691,CUST_00938,REST_0054,2025-03-28 12:04:42,Delivered,1324.99,193.61,5,Credit Card,Rain,Medium
ORD_001692,CUST_00786,REST_0003,2025-06-12 22:50:17,Delivered,390.8,34.38,2,Wallet,Rain,High
ORD_001693,CUST_01295,REST_0015,2025-03-28 19:43:07,Delivered,314.57,16.22,4,Debit Card,Clear,High
ORD_001694,CUST_00741,REST_0016,2025-01-13 21:13:10,Delivered,574.72,22.7,3,Credit Card,Cloudy,Medium
ORD_001695,CUST_00195,REST_0063,2025-05-04 11:37:12,Delivered,195.91,12.52,3,Debit Card,Clear,Medium
ORD_001696,CUST_00008,REST_0154,2025-04-10 21:22:00,Delivered,2277.16,297.77,3,UPI,Clear,High
ORD_001697,CUST_01022,REST_0129,2025-05-21 18:59:28,Delivered,917.31,87.84,4,UPI,Clear,Low
ORD_001698,CUST_00827,REST_0027,2025-05-26 18:17:36,Delivered,246.81,16.55,1,UPI,Rain,Medium
ORD_001699,CUST_00497,REST_0155,2025-03-12 12:34:11,Cancelled,280.34,0.0,2,Wallet,Clear,Medium
ORD_001700,CUST_00255,REST_0060,2025-02-21 22:45:39,Delivered,446.93,38.06,2,Wallet,Clear,Medium
ORD_001701,CUST_00703,REST_0028,2025-02-13 18:08:11,Delivered,686.59,103.13,4,UPI,Clear,Low
ORD_001702,CUST_00154,REST_0151,2025-04-10 11:38:45,Delivered,180.6,40.92,3,Credit Card,Cloudy,Low
ORD_001703,CUST_00504,REST_0155,2025-04-26 20:16:32,Delivered,551.06,31.52,5,Cash,Clear,Low
ORD_001704,CUST_00566,REST_0178,2025-06-24 11:28:31,Delivered,3077.68,229.02,4,Wallet,Cloudy,High
ORD_001705,CUST_00702,REST_0146,2025-02-02 22:26:33,Delivered,816.87,55.69,4,Credit Card,Heavy Rain,Severe
ORD_001706,CUST_00703,REST_0085,2025-04-22 21:47:07,Delivered,696.79,144.25,3,UPI,Clear,Medium
ORD_001707,CUST_00389,REST_0083,2025-05-14 13:19:01,Delivered,2924.45,37.62,4,Credit Card,Rain,High
ORD_001708,CUST_01277,REST_0013,2025-05-30 12:05:58,Delivered,412.06,84.91,2,Cash,Clear,Severe
ORD_001709,CUST_00532,REST_0173,2025-04-06 16:00:21,Delivered,2425.07,15.93,5,UPI,Rain,Medium
ORD_001710,CUST_00347,REST_0064,2025-04-27 13:40:29,Delivered,2266.2,933.08,3,UPI,Cloudy,Low
ORD_001711,CUST_00265,REST_0063,2025-05-30 20:11:25,Delivered,317.92,92.39,3,Cash,Clear,Low
ORD_001712,CUST_00485,REST_0032,2025-05-12 12:57:11,Cancelled,1559.46,0.0,5,UPI,Clear,Low
ORD_001713,CUST_00104,REST_0059,2025-02-02 21:35:08,Delivered,239.21,61.72,2,UPI,Clear,Medium
ORD_001714,CUST_00051,REST_0051,2025-04-16 21:19:09,Delivered,309.91,11.76,2,UPI,Cloudy,Medium
ORD_001715,CUST_00913,REST_0181,2025-04-06 20:07:51,Delivered,125.87,0.98,3,UPI,Rain,Medium
ORD_001716,CUST_00934,REST_0009,2025-06-24 15:46:55,Delivered,662.08,49.06,1,UPI,Cloudy,Low
ORD_001717,CUST_00798,REST_0190,2025-01-13 20:54:50,Delivered,1573.57,91.25,2,UPI,Clear,High
ORD_001718,CUST_01146,REST_0183,2025-06-06 11:02:52,Delivered,446.27,48.12,3,Debit Card,Cloudy,Medium
ORD_001719,CUST_00060,REST_0162,2025-04-11 20:40:05,Delivered,1737.88,54.32,3,UPI,Clear,Medium
ORD_001720,CUST_01406,REST_0063,2025-06-25 19:34:17,Delivered,363.27,29.26,5,Credit Card,Clear,Medium
ORD_001721,CUST_00145,REST_0096,2025-01-11 18:22:46,Delivered,603.99,63.91,3,Credit Card,Cloudy,High
ORD_001722,CUST_01017,REST_0127,2025-03-16 11:28:53,Failed,856.29,0.0,4,Credit Card,Clear,Medium
ORD_001723,CUST_00203,REST_0085,2025-02-25 21:08:34,Delivered,553.55,39.12,5,Debit Card,Clear,Medium
ORD_001724,CUST_01323,REST_0200,2025-05-17 13:54:20,Delivered,1161.4,259.6,3,Debit Card,Clear,Low
ORD_001725,CUST_00769,REST_0117,2025-02-25 20:00:26,Delivered,1318.4,37.76,5,UPI,Clear,High
ORD_001726,CUST_00126,REST_0074,2025-02-14 07:39:37,Delivered,1374.85,35.7,3,UPI,Rain,High
ORD_001727,CUST_00930,REST_0063,2025-02-11 10:34:00,Delivered,162.01,13.19,2,UPI,Rain,Low
ORD_001728,CUST_00013,REST_0012,2025-02-13 22:22:12,Delivered,2455.99,200.28,5,UPI,Clear,Medium
ORD_001729,CUST_01165,REST_0111,2025-06-07 15:50:50,Delivered,3119.19,337.33,3,UPI,Clear,Low
ORD_001730,CUST_00982,REST_0023,2025-03-16 12:34:10,Delivered,931.71,132.31,5,UPI,Clear,Low
ORD_001731,CUST_00321,REST_0183,2025-02-18 14:50:39,Delivered,376.6,32.47,3,UPI,Cloudy,Medium
ORD_001732,CUST_00559,REST_0170,2025-02-22 13:32:00,Delivered,1050.03,21.13,4,UPI,Clear,High
ORD_001733,CUST_00012,REST_0066,2025-05-07 12:36:32,Delivered,923.36,103.26,4,Debit Card,Rain,High
ORD_001734,CUST_01045,REST_0097,2025-05-30 22:11:44,Delivered,521.08,62.81,4,UPI,Cloudy,High
ORD_001735,CUST_00485,REST_0110,2025-01-14 21:54:26,Delivered,821.32,62.38,4,Debit Card,Clear,Low
ORD_001736,CUST_00861,REST_0161,2025-03-18 10:58:52,Delivered,487.56,98.33,1,UPI,Clear,Medium
ORD_001737,CUST_01437,REST_0117,2025-06-24 12:54:47,Delivered,614.38,93.13,2,Credit Card,Clear,Medium
ORD_001738,CUST_00451,REST_0129,2025-04-11 14:23:48,Delivered,201.15,31.8,1,UPI,Clear,Medium
ORD_001739,CUST_01485,REST_0149,2025-01-16 12:06:42,Delivered,452.97,76.51,4,Debit Card,Clear,Severe
ORD_001740,CUST_00954,REST_0129,2025-01-28 21:59:37,Delivered,753.43,19.93,3,Credit Card,Clear,Medium
ORD_001741,CUST_00366,REST_0165,2025-05-08 18:30:55,Delivered,211.58,34.47,3,UPI,Cloudy,Low
ORD_001742,CUST_00657,REST_0038,2025-03-25 18:31:16,Delivered,976.82,69.2,5,Debit Card,Heavy Rain,High
ORD_001743,CUST_01114,REST_0097,2025-01-18 14:34:39,Delivered,451.93,114.32,4,UPI,Clear,Low
ORD_001744,CUST_00672,REST_0166,2025-04-10 19:12:13,Delivered,455.62,17.36,5,UPI,Rain,Medium
ORD_001745,CUST_00105,REST_0089,2025-05-22 21:58:21,Delivered,627.79,42.48,4,UPI,Clear,Medium
ORD_001746,CUST_00254,REST_0188,2025-03-19 22:25:00,Delivered,131.35,28.3,2,UPI,Clear,Medium
ORD_001747,CUST_01187,REST_0095,2025-01-29 19:19:34,Delivered,1449.75,233.68,4,UPI,Clear,Medium
ORD_001748,CUST_00979,REST_0094,2025-05-10 12:58:17,Delivered,546.33,29.08,5,UPI,Clear,Low
ORD_001749,CUST_00858,REST_0097,2025-04-16 18:52:28,Delivered,384.16,95.74,3,Debit Card,Clear,Low
ORD_001750,CUST_00253,REST_0036,2025-04-13 22:57:21,Delivered,1097.04,279.43,2,Wallet,Clear,High
ORD_001751,CUST_01257,REST_0012,2025-03-01 22:19:15,Delivered,2289.29,109.34,4,Debit Card,Clear,High
ORD_001752,CUST_01443,REST_0043,2025-05-14 08:21:17,Delivered,924.97,36.34,4,UPI,Clear,Low
ORD_001753,CUST_00063,REST_0042,2025-06-05 13:40:21,Delivered,105.29,19.08,2,Credit Card,Clear,Medium
ORD_001754,CUST_00119,REST_0087,2025-03-27 18:57:00,Delivered,708.15,85.59,2,UPI,Clear,Low
ORD_001755,CUST_01329,REST_0142,2025-02-03 14:25:44,Delivered,261.92,22.9,3,UPI,Clear,High
ORD_001756,CUST_01224,REST_0142,2025-03-16 11:19:32,Delivered,137.6,8.9,2,UPI,Clear,High
ORD_001757,CUST_00932,REST_0121,2025-04-26 22:31:39,Delivered,185.6,10.57,2,UPI,Clear,Low
ORD_001758,CUST_01420,REST_0084,2025-01-04 22:02:37,Cancelled,148.03,0.0,2,Credit Card,Clear,Low
ORD_001759,CUST_00975,REST_0043,2025-04-02 13:53:05,Delivered,562.75,40.67,2,UPI,Cloudy,Low
ORD_001760,CUST_00326,REST_0120,2025-02-25 11:16:41,Delivered,357.05,39.21,4,Debit Card,Rain,Medium
ORD_001761,CUST_01097,REST_0129,2025-04-30 12:42:41,Delivered,680.32,24.54,3,Wallet,Rain,High
ORD_001762,CUST_00974,REST_0107,2025-04-09 14:09:01,Delivered,337.98,22.36,4,UPI,Cloudy,Medium
ORD_001763,CUST_01478,REST_0088,2025-03-19 14:52:00,Delivered,117.2,15.1,3,UPI,Heavy Rain,Severe
ORD_001764,CUST_00323,REST_0194,2025-03-11 12:58:04,Delivered,115.11,14.24,4,Wallet,Clear,Low
ORD_001765,CUST_00902,REST_0168,2025-03-09 16:50:00,Delivered,550.37,131.32,3,UPI,Cloudy,Medium
ORD_001766,CUST_01172,REST_0189,2025-06-09 13:32:13,Delivered,562.95,69.54,4,UPI,Heavy Rain,High
ORD_001767,CUST_00508,REST_0086,2025-03-11 22:19:28,Delivered,436.66,22.46,3,Debit Card,Cloudy,Medium
ORD_001768,CUST_00567,REST_0094,2025-04-09 22:06:39,Delivered,366.77,114.61,4,Debit Card,Clear,Medium
ORD_001769,CUST_01334,REST_0087,2025-02-28 23:43:43,Failed,525.33,0.0,2,UPI,Rain,Medium
ORD_001770,CUST_00605,REST_0013,2025-01-31 22:42:42,Delivered,364.88,26.42,2,Wallet,Clear,Medium
ORD_001771,CUST_00943,REST_0190,2025-06-24 12:26:42,Delivered,2238.9,146.78,2,Credit Card,Clear,Severe
ORD_001772,CUST_01336,REST_0130,2025-03-27 11:10:15,Delivered,477.96,6.04,2,UPI,Rain,Medium
ORD_001773,CUST_00316,REST_0175,2025-04-19 22:53:59,Delivered,1137.11,92.36,4,UPI,Clear,Medium
ORD_001774,CUST_01472,REST_0067,2025-01-18 14:24:32,Delivered,199.4,5.8,2,UPI,Cloudy,High
ORD_001775,CUST_01057,REST_0125,2025-03-07 10:38:00,Delivered,776.34,96.52,3,UPI,Rain,Medium
ORD_001776,CUST_00748,REST_0185,2025-04-23 11:01:10,Delivered,206.84,6.45,3,UPI,Clear,High
ORD_001777,CUST_00648,REST_0146,2025-06-30 11:40:18,Cancelled,1510.71,0.0,5,UPI,Cloudy,Medium
ORD_001778,CUST_01433,REST_0132,2025-03-07 21:40:51,Delivered,752.37,4.71,4,UPI,Clear,Low
ORD_001779,CUST_00310,REST_0164,2025-06-08 18:03:28,Delivered,731.96,52.17,4,UPI,Cloudy,Medium
ORD_001780,CUST_00470,REST_0087,2025-06-07 15:19:33,Delivered,471.69,6.99,2,UPI,Clear,Medium
ORD_001781,CUST_00464,REST_0198,2025-05-28 12:26:29,Delivered,421.42,8.14,4,Wallet,Rain,Medium
ORD_001782,CUST_00436,REST_0194,2025-04-09 11:42:23,Delivered,169.42,8.2,4,Wallet,Rain,High
ORD_001783,CUST_00706,REST_0078,2025-02-03 19:16:00,Delivered,764.11,144.92,3,Wallet,Cloudy,Low
ORD_001784,CUST_01483,REST_0050,2025-04-04 14:46:24,Delivered,225.35,26.46,1,Wallet,Cloudy,Medium
ORD_001785,CUST_01335,REST_0111,2025-03-03 09:41:00,Delivered,2622.25,520.9,2,UPI,Clear,Medium
ORD_001786,CUST_00492,REST_0157,2025-06-29 19:16:59,Delivered,981.35,114.87,6,Debit Card,Clear,Medium
ORD_001787,CUST_00634,REST_0068,2025-04-16 20:31:00,Delivered,1063.63,353.96,4,UPI,Clear,Medium
ORD_001788,CUST_01011,REST_0011,2025-01-05 13:55:31,Delivered,450.61,125.9,5,UPI,Clear,Low
ORD_001789,CUST_00027,REST_0064,2025-01-27 07:47:06,Delivered,878.55,155.81,2,Debit Card,Cloudy,Severe
ORD_001790,CUST_01231,REST_0179,2025-06-23 22:23:47,Delivered,1232.69,51.02,1,Credit Card,Clear,Low
ORD_001791,CUST_01322,REST_0154,2025-05-26 20:38:50,Delivered,1535.17,230.92,3,Credit Card,Clear,Medium
ORD_001792,CUST_01288,REST_0043,2025-01-17 15:21:38,Delivered,226.65,17.07,2,Debit Card,Clear,Low
ORD_001793,CUST_00560,REST_0034,2025-03-23 21:27:20,Delivered,195.28,6.03,2,UPI,Clear,Low
ORD_001794,CUST_00696,REST_0138,2025-03-04 13:29:41,Delivered,591.87,43.99,4,UPI,Clear,Medium
ORD_001795,CUST_00019,REST_0157,2025-05-16 19:08:32,Delivered,305.35,63.98,2,UPI,Clear,High
ORD_001796,CUST_00597,REST_0044,2025-02-26 12:28:30,Delivered,159.97,4.85,2,Credit Card,Clear,Low
ORD_001797,CUST_00693,REST_0147,2025-03-16 21:19:03,Delivered,288.85,62.12,5,Credit Card,Clear,Medium
ORD_001798,CUST_01361,REST_0185,2025-01-08 19:34:12,Delivered,596.97,154.66,6,UPI,Clear,Medium
ORD_001799,CUST_01343,REST_0065,2025-05-13 17:17:32,Delivered,421.52,39.81,4,UPI,Clear,Medium
ORD_001800,CUST_01450,REST_0200,2025-05-05 14:58:17,Delivered,673.22,53.98,2,UPI,Clear,Medium
ORD_001801,CUST_01330,REST_0199,2025-06-01 11:30:57,Delivered,168.69,22.63,4,UPI,Rain,Severe
ORD_001802,CUST_00012,REST_0071,2025-01-28 12:25:48,Delivered,593.71,83.12,3,UPI,Clear,Medium
ORD_001803,CUST_00968,REST_0030,2025-04-21 21:28:25,Delivered,236.86,12.11,3,UPI,Clear,High
ORD_001804,CUST_00105,REST_0020,2025-06-05 10:55:44,Delivered,286.12,15.4,4,UPI,Cloudy,Medium
ORD_001805,CUST_00411,REST_0063,2025-05-18 17:39:56,Cancelled,207.45,0.0,3,UPI,Clear,Medium
ORD_001806,CUST_00871,REST_0018,2025-06-24 15:38:21,Delivered,399.41,58.57,2,UPI,Cloudy,Severe
ORD_001807,CUST_01055,REST_0068,2025-04-29 18:08:18,Delivered,658.38,42.97,2,UPI,Clear,Medium
ORD_001808,CUST_00989,REST_0036,2025-01-02 08:58:38,Delivered,955.28,423.62,2,Wallet,Cloudy,Medium
ORD_001809,CUST_00075,REST_0165,2025-03-12 21:59:13,Delivered,268.27,50.94,3,UPI,Clear,Medium
ORD_001810,CUST_00158,REST_0185,2025-04-14 19:05:00,Delivered,489.72,48.41,5,Wallet,Cloudy,Low
ORD_001811,CUST_00196,REST_0071,2025-02-18 14:01:39,Delivered,936.19,115.2,5,Credit Card,Rain,Medium
ORD_001812,CUST_00140,REST_0023,2025-03-26 04:01:15,Delivered,529.42,25.25,3,Wallet,Heavy Rain,Severe
ORD_001813,CUST_00268,REST_0074,2025-01-04 21:04:48,Delivered,1560.2,98.33,3,Credit Card,Cloudy,High
ORD_001814,CUST_01037,REST_0071,2025-05-30 14:38:46,Delivered,543.68,83.59,3,UPI,Clear,Medium
ORD_001815,CUST_01246,REST_0065,2025-02-03 18:55:28,Failed,218.2,0.0,2,UPI,Rain,Medium
ORD_001816,CUST_00613,REST_0172,2025-02-22 14:58:47,Delivered,3360.69,501.82,4,Wallet,Heavy Rain,High
ORD_001817,CUST_01044,REST_0052,2025-01-07 14:13:56,Delivered,839.19,94.18,2,Wallet,Clear,Low
ORD_001818,CUST_00301,REST_0082,2025-02-20 07:26:59,Delivered,694.97,21.74,4,Wallet,Rain,Medium
ORD_001819,CUST_01460,REST_0164,2025-03-02 06:44:20,Delivered,318.93,9.04,2,Credit Card,Clear,Low
ORD_001820,CUST_00524,REST_0192,2025-06-21 07:30:26,Delivered,1005.38,160.1,5,UPI,Clear,High
ORD_001821,CUST_01270,REST_0110,2025-02-13 19:26:14,Delivered,526.43,60.23,4,Wallet,Rain,Medium
ORD_001822,CUST_01420,REST_0050,2025-03-30 20:39:18,Delivered,850.5,61.27,2,Cash,Rain,Medium
ORD_001823,CUST_01300,REST_0138,2025-04-21 09:40:32,Delivered,259.86,14.03,2,UPI,Cloudy,High
ORD_001824,CUST_00103,REST_0055,2025-01-12 20:20:13,Delivered,117.27,11.48,1,UPI,Rain,High
ORD_001825,CUST_00982,REST_0061,2025-02-03 04:22:20,Cancelled,121.51,0.0,1,UPI,Clear,Low
ORD_001826,CUST_00184,REST_0184,2025-02-19 10:20:59,Delivered,3530.4,499.01,3,Cash,Cloudy,Medium
ORD_001827,CUST_00009,REST_0189,2025-04-16 20:46:04,Delivered,215.09,13.38,2,UPI,Clear,Medium
ORD_001828,CUST_00080,REST_0074,2025-03-07 09:43:01,Delivered,1499.83,68.2,3,Credit Card,Cloudy,Low
ORD_001829,CUST_01375,REST_0162,2025-01-29 11:35:06,Delivered,3251.87,440.08,7,Debit Card,Clear,Medium
ORD_001830,CUST_01364,REST_0013,2025-05-24 16:32:13,Delivered,951.0,98.67,4,UPI,Clear,Medium
ORD_001831,CUST_00341,REST_0032,2025-02-12 14:05:54,Cancelled,712.66,0.0,3,UPI,Cloudy,Low
ORD_001832,CUST_00822,REST_0131,2025-01-31 14:39:26,Delivered,883.53,95.2,4,UPI,Cloudy,Low
ORD_001833,CUST_01434,REST_0041,2025-02-21 16:06:45,Delivered,2149.33,176.69,4,Debit Card,Cloudy,High
ORD_001834,CUST_00749,REST_0054,2025-04-10 06:07:04,Delivered,1647.83,149.26,6,UPI,Clear,High
ORD_001835,CUST_00588,REST_0147,2025-03-02 21:59:20,Delivered,80.0,5.36,1,UPI,Cloudy,High
ORD_001836,CUST_00728,REST_0143,2025-06-01 19:18:30,Delivered,1117.89,131.58,3,Debit Card,Clear,Medium
ORD_001837,CUST_01186,REST_0114,2025-06-13 06:28:22,Cancelled,533.8,0.0,4,Wallet,Cloudy,Low
ORD_001838,CUST_00719,REST_0139,2025-05-28 21:49:11,Delivered,208.18,51.0,6,UPI,Clear,Medium
ORD_001839,CUST_01176,REST_0084,2025-04-24 19:38:34,Delivered,305.72,85.1,4,UPI,Clear,Low
ORD_001840,CUST_00649,REST_0128,2025-05-04 21:03:30,Delivered,417.09,14.7,3,Debit Card,Clear,Medium
ORD_001841,CUST_00381,REST_0144,2025-04-16 23:05:07,Delivered,96.09,11.87,2,Debit Card,Heavy Rain,Medium
ORD_001842,CUST_00490,REST_0140,2025-01-28 13:07:53,Delivered,376.05,28.9,5,Debit Card,Heavy Rain,Medium
ORD_001843,CUST_00119,REST_0046,2025-05-14 10:45:33,Delivered,302.85,74.18,3,UPI,Clear,Low
ORD_001844,CUST_00750,REST_0176,2025-01-07 16:12:21,Delivered,538.48,100.69,2,UPI,Clear,Medium
ORD_001845,CUST_00225,REST_0196,2025-04-26 16:58:41,Delivered,372.46,13.95,2,UPI,Clear,High
ORD_001846,CUST_01218,REST_0165,2025-04-26 20:28:10,Delivered,298.94,6.72,4,UPI,Clear,Medium
ORD_001847,CUST_00631,REST_0129,2025-04-11 19:34:29,Delivered,353.78,16.61,2,Credit Card,Clear,Low
ORD_001848,CUST_01150,REST_0083,2025-03-21 20:19:27,Delivered,3736.52,250.95,4,UPI,Heavy Rain,Medium
ORD_001849,CUST_01433,REST_0010,2025-05-03 07:28:58,Delivered,362.75,14.13,3,UPI,Clear,High
ORD_001850,CUST_01275,REST_0080,2025-04-11 22:31:47,Delivered,105.5,1.86,3,Credit Card,Rain,High
ORD_001851,CUST_01429,REST_0185,2025-02-15 20:30:46,Delivered,162.33,8.22,2,Credit Card,Clear,Medium
ORD_001852,CUST_00855,REST_0063,2025-02-09 04:51:28,Delivered,342.43,97.97,4,UPI,Cloudy,Medium
ORD_001853,CUST_00250,REST_0088,2025-04-01 07:46:09,Delivered,196.78,6.25,4,UPI,Clear,Medium
ORD_001854,CUST_01405,REST_0197,2025-04-20 18:15:00,Delivered,244.36,28.5,2,UPI,Cloudy,Medium
ORD_001855,CUST_01305,REST_0192,2025-03-02 19:10:59,Delivered,1029.27,182.91,5,UPI,Cloudy,Medium
ORD_001856,CUST_01299,REST_0015,2025-04-25 23:30:58,Delivered,343.89,27.05,3,UPI,Rain,High
ORD_001857,CUST_01045,REST_0161,2025-06-07 20:58:53,Delivered,2763.11,681.43,5,UPI,Clear,Medium
ORD_001858,CUST_00943,REST_0108,2025-04-14 19:10:44,Delivered,399.98,90.89,4,UPI,Cloudy,Medium
ORD_001859,CUST_00023,REST_0034,2025-03-08 14:23:41,Delivered,499.21,46.55,5,UPI,Clear,Severe
ORD_001860,CUST_01124,REST_0199,2025-02-20 22:45:42,Delivered,460.23,45.08,6,UPI,Heavy Rain,Severe
ORD_001861,CUST_00140,REST_0146,2025-01-27 13:29:29,Delivered,1028.51,43.24,5,UPI,Clear,Medium
ORD_001862,CUST_00392,REST_0038,2025-05-07 11:02:12,Delivered,400.24,22.69,2,UPI,Clear,High
ORD_001863,CUST_00829,REST_0103,2025-03-01 08:58:44,Delivered,3407.32,318.61,4,UPI,Cloudy,Medium
ORD_001864,CUST_00680,REST_0186,2025-03-03 14:13:38,Cancelled,238.21,0.0,3,Cash,Clear,High
ORD_001865,CUST_00025,REST_0050,2025-06-21 07:03:15,Delivered,693.36,23.64,3,UPI,Clear,High
ORD_001866,CUST_01237,REST_0161,2025-06-28 12:36:26,Delivered,1364.34,80.67,3,Debit Card,Clear,High
ORD_001867,CUST_01321,REST_0078,2025-06-25 11:12:44,Delivered,463.46,8.89,2,UPI,Rain,Medium
ORD_001868,CUST_01027,REST_0043,2025-05-11 11:36:04,Delivered,208.23,10.79,1,Debit Card,Clear,Medium
ORD_001869,CUST_00814,REST_0032,2025-06-24 17:23:42,Cancelled,320.06,0.0,1,UPI,Heavy Rain,Severe
ORD_001870,CUST_01443,REST_0188,2025-06-10 20:02:03,Delivered,217.52,11.81,3,Credit Card,Rain,Low
ORD_001871,CUST_00184,REST_0184,2025-02-01 22:34:17,Delivered,4885.6,532.82,4,Wallet,Clear,High
ORD_001872,CUST_01110,REST_0154,2025-03-08 19:25:59,Cancelled,1941.39,0.0,3,Debit Card,Clear,High
ORD_001873,CUST_00196,REST_0039,2025-05-05 21:58:00,Delivered,606.64,20.32,4,Credit Card,Clear,Medium
ORD_001874,CUST_00570,REST_0120,2025-06-28 13:59:58,Delivered,383.4,71.81,4,Debit Card,Cloudy,Medium
ORD_001875,CUST_00882,REST_0128,2025-03-17 10:20:02,Delivered,471.32,158.5,3,UPI,Clear,Low
ORD_001876,CUST_01109,REST_0038,2025-04-18 22:43:05,Delivered,1824.17,63.21,8,UPI,Clear,Low
ORD_001877,CUST_00006,REST_0154,2025-06-19 18:21:57,Delivered,1114.71,389.89,2,UPI,Clear,Low
ORD_001878,CUST_00394,REST_0199,2025-02-07 12:42:46,Delivered,456.68,240.15,5,Debit Card,Clear,Medium
ORD_001879,CUST_00809,REST_0157,2025-05-02 21:53:12,Delivered,1733.57,145.76,8,Wallet,Cloudy,Low
ORD_001880,CUST_00802,REST_0014,2025-05-07 21:41:40,Delivered,496.3,65.74,5,UPI,Clear,Medium
ORD_001881,CUST_00962,REST_0038,2025-02-19 18:30:11,Cancelled,893.98,0.0,3,Credit Card,Cloudy,Low
ORD_001882,CUST_00458,REST_0100,2025-05-23 02:44:37,Failed,496.57,0.0,3,Debit Card,Clear,Low
ORD_001883,CUST_00813,REST_0013,2025-04-09 22:23:16,Delivered,160.67,38.81,1,UPI,Clear,Low
ORD_001884,CUST_00285,REST_0076,2025-05-26 12:15:20,Delivered,239.84,16.16,4,UPI,Clear,Low
ORD_001885,CUST_00280,REST_0168,2025-02-21 19:26:38,Delivered,502.32,8.64,2,Credit Card,Rain,High
ORD_001886,CUST_00869,REST_0162,2025-03-22 06:37:41,Delivered,4559.34,1000.0,6,UPI,Clear,Medium
ORD_001887,CUST_01032,REST_0041,2025-05-29 18:58:59,Delivered,1105.15,22.17,2,Debit Card,Clear,Medium
ORD_001888,CUST_00184,REST_0088,2025-01-30 12:38:25,Delivered,463.92,23.18,7,UPI,Clear,High
ORD_001889,CUST_00188,REST_0028,2025-02-22 03:23:04,Delivered,473.79,40.69,3,UPI,Rain,High
ORD_001890,CUST_00851,REST_0184,2025-04-16 22:29:59,Delivered,1361.81,326.25,2,UPI,Rain,High
ORD_001891,CUST_00407,REST_0082,2025-04-21 22:26:34,Delivered,511.86,36.82,4,UPI,Cloudy,Medium
ORD_001892,CUST_00586,REST_0017,2025-02-11 13:06:06,Delivered,295.57,48.54,3,Wallet,Cloudy,Medium
ORD_001893,CUST_00599,REST_0125,2025-04-28 20:54:14,Delivered,1177.24,67.86,5,Cash,Clear,Medium
ORD_001894,CUST_00268,REST_0032,2025-01-05 20:29:19,Delivered,484.52,30.65,3,UPI,Cloudy,High
ORD_001895,CUST_00002,REST_0035,2025-02-22 17:29:58,Delivered,558.4,13.75,3,UPI,Clear,Medium
ORD_001896,CUST_01281,REST_0089,2025-04-14 14:29:19,Delivered,742.58,102.58,3,UPI,Rain,High
ORD_001897,CUST_01077,REST_0161,2025-04-02 20:52:03,Delivered,1994.28,62.97,5,UPI,Clear,High
ORD_001898,CUST_01041,REST_0024,2025-02-24 16:06:08,Delivered,401.14,4.46,2,UPI,Rain,High
ORD_001899,CUST_00821,REST_0054,2025-06-19 19:28:34,Delivered,680.9,73.96,3,UPI,Clear,Medium
ORD_001900,CUST_01055,REST_0144,2025-06-22 11:43:25,Delivered,136.02,11.7,2,UPI,Clear,Low
ORD_001901,CUST_01405,REST_0058,2025-04-09 21:51:05,Delivered,488.91,60.22,4,UPI,Rain,High
ORD_001902,CUST_01005,REST_0056,2025-03-28 11:57:00,Delivered,210.56,38.18,3,UPI,Rain,Medium
ORD_001903,CUST_00400,REST_0180,2025-05-30 13:49:26,Delivered,230.28,69.94,4,Debit Card,Clear,Medium
ORD_001904,CUST_00859,REST_0079,2025-01-22 22:48:48,Delivered,1827.35,80.78,6,UPI,Clear,High
ORD_001905,CUST_00665,REST_0158,2025-04-08 21:49:00,Delivered,80.0,5.79,2,Wallet,Clear,Low
ORD_001906,CUST_00837,REST_0058,2025-02-25 11:16:43,Delivered,153.8,3.42,1,UPI,Cloudy,High
ORD_001907,CUST_00780,REST_0093,2025-06-15 22:25:25,Delivered,145.71,1.31,3,UPI,Clear,Low
ORD_001908,CUST_01290,REST_0082,2025-04-08 18:26:20,Delivered,801.06,36.16,5,UPI,Rain,Medium
ORD_001909,CUST_00984,REST_0197,2025-02-05 22:30:06,Failed,466.72,0.0,4,UPI,Heavy Rain,High
ORD_001910,CUST_00283,REST_0081,2025-02-13 20:17:23,Delivered,116.69,10.41,3,Credit Card,Cloudy,Low
ORD_001911,CUST_00096,REST_0110,2025-01-13 21:04:38,Delivered,1154.88,53.22,8,Debit Card,Heavy Rain,High
ORD_001912,CUST_00637,REST_0004,2025-06-06 21:45:32,Delivered,644.29,37.71,2,Wallet,Clear,Medium
ORD_001913,CUST_00025,REST_0122,2025-05-18 21:40:09,Delivered,190.96,46.8,3,UPI,Clear,High
ORD_001914,CUST_00479,REST_0160,2025-02-08 18:27:11,Cancelled,3282.43,0.0,4,Debit Card,Clear,Medium
ORD_001915,CUST_00550,REST_0105,2025-06-21 13:50:28,Delivered,188.86,21.09,1,UPI,Cloudy,High
ORD_001916,CUST_00561,REST_0059,2025-02-14 22:49:26,Delivered,427.57,109.09,3,UPI,Cloudy,Low
ORD_001917,CUST_01469,REST_0104,2025-04-20 22:11:00,Delivered,684.4,70.42,4,UPI,Cloudy,Medium
ORD_001918,CUST_00458,REST_0131,2025-06-12 12:45:03,Delivered,618.77,24.82,3,Debit Card,Rain,Severe
ORD_001919,CUST_00400,REST_0142,2025-01-31 12:57:00,Delivered,195.88,44.47,3,UPI,Cloudy,Medium
ORD_001920,CUST_00197,REST_0021,2025-03-16 22:08:28,Delivered,965.76,184.7,2,Wallet,Clear,Medium
ORD_001921,CUST_00770,REST_0049,2025-06-20 07:33:30,Delivered,897.62,89.03,3,Credit Card,Cloudy,Medium
ORD_001922,CUST_00233,REST_0102,2025-03-27 13:01:04,Delivered,521.45,7.6,5,UPI,Cloudy,Severe
ORD_001923,CUST_00930,REST_0012,2025-02-15 23:37:58,Delivered,1123.81,42.09,2,Credit Card,Rain,High
ORD_001924,CUST_00236,REST_0161,2025-04-10 17:41:00,Delivered,1578.09,72.84,3,Credit Card,Cloudy,High
ORD_001925,CUST_00869,REST_0163,2025-04-17 13:38:56,Delivered,653.0,78.59,2,Credit Card,Clear,High
ORD_001926,CUST_01240,REST_0076,2025-06-13 12:00:30,Delivered,270.06,9.26,5,Debit Card,Clear,Low
ORD_001927,CUST_00065,REST_0198,2025-05-17 13:25:39,Delivered,703.33,55.38,4,Debit Card,Clear,High
ORD_001928,CUST_00630,REST_0021,2025-01-18 22:38:13,Delivered,2512.79,217.37,6,UPI,Cloudy,Low
ORD_001929,CUST_00694,REST_0120,2025-03-06 07:14:36,Delivered,242.2,41.58,3,UPI,Cloudy,Low
ORD_001930,CUST_01187,REST_0074,2025-03-10 18:45:04,Delivered,1869.32,116.57,3,UPI,Cloudy,Low
ORD_001931,CUST_00706,REST_0158,2025-03-16 02:04:35,Delivered,80.0,14.39,1,UPI,Clear,Low
ORD_001932,CUST_00854,REST_0139,2025-01-15 21:04:29,Delivered,335.83,24.72,6,Credit Card,Rain,Medium
ORD_001933,CUST_01187,REST_0102,2025-01-15 17:23:23,Delivered,342.8,12.61,4,Debit Card,Clear,Severe
ORD_001934,CUST_00842,REST_0128,2025-02-04 21:19:45,Delivered,98.77,32.67,1,UPI,Cloudy,Medium
ORD_001935,CUST_00535,REST_0140,2025-05-06 19:35:20,Delivered,388.26,25.69,4,UPI,Clear,Low
ORD_001936,CUST_00131,REST_0037,2025-02-17 09:28:53,Delivered,489.81,13.29,3,Credit Card,Cloudy,Medium
ORD_001937,CUST_01099,REST_0066,2025-03-30 23:51:21,Delivered,565.9,25.36,4,UPI,Clear,Medium
ORD_001938,CUST_01309,REST_0046,2025-06-15 08:00:02,Delivered,185.54,16.99,2,UPI,Clear,Low
ORD_001939,CUST_01456,REST_0187,2025-03-29 09:53:38,Delivered,232.46,53.12,3,UPI,Clear,Medium
ORD_001940,CUST_01391,REST_0133,2025-03-26 15:29:00,Cancelled,399.13,0.0,2,Credit Card,Clear,Medium
ORD_001941,CUST_01197,REST_0188,2025-04-27 13:25:51,Delivered,290.97,34.38,3,UPI,Clear,Medium
ORD_001942,CUST_00971,REST_0106,2025-01-12 11:20:40,Delivered,1304.05,155.63,8,Debit Card,Clear,Medium
ORD_001943,CUST_01173,REST_0099,2025-02-22 12:11:12,Delivered,578.54,200.72,2,Debit Card,Cloudy,Medium
ORD_001944,CUST_00649,REST_0035,2025-05-26 21:50:05,Delivered,244.69,48.17,2,Wallet,Cloudy,Medium
ORD_001945,CUST_00897,REST_0016,2025-02-17 14:27:54,Delivered,942.45,192.91,4,UPI,Heavy Rain,High
ORD_001946,CUST_00522,REST_0075,2025-04-02 14:16:21,Delivered,568.67,27.74,2,UPI,Clear,Severe
ORD_001947,CUST_00490,REST_0125,2025-03-24 21:47:18,Delivered,1077.76,66.42,4,UPI,Clear,Medium
ORD_001948,CUST_01138,REST_0187,2025-04-09 11:59:47,Delivered,112.57,23.44,2,Wallet,Clear,Low
ORD_001949,CUST_00683,REST_0059,2025-05-28 18:41:12,Delivered,109.61,8.39,1,UPI,Clear,Low
ORD_001950,CUST_00320,REST_0175,2025-03-17 19:59:03,Delivered,739.58,46.46,3,UPI,Clear,Medium
ORD_001951,CUST_00304,REST_0095,2025-03-20 18:10:54,Delivered,891.68,76.19,4,UPI,Cloudy,Medium
ORD_001952,CUST_01291,REST_0165,2025-03-28 07:30:52,Delivered,134.31,18.96,2,Wallet,Clear,High
ORD_001953,CUST_01022,REST_0012,2025-03-31 14:53:12,Delivered,1529.58,86.17,4,Debit Card,Clear,Medium
ORD_001954,CUST_00821,REST_0182,2025-05-28 22:49:59,Delivered,354.81,50.04,1,UPI,Cloudy,Low
ORD_001955,CUST_00600,REST_0057,2025-06-29 03:50:26,Delivered,238.29,43.59,1,UPI,Cloudy,Medium
ORD_001956,CUST_00648,REST_0079,2025-06-11 22:15:58,Delivered,938.21,57.14,3,UPI,Cloudy,Medium
ORD_001957,CUST_00088,REST_0081,2025-04-04 21:38:00,Delivered,131.57,11.1,2,UPI,Rain,Severe
ORD_001958,CUST_00685,REST_0022,2025-02-02 19:26:51,Delivered,534.93,121.82,4,UPI,Clear,Low
ORD_001959,CUST_01194,REST_0044,2025-03-06 20:22:14,Delivered,493.33,26.88,4,UPI,Heavy Rain,Medium
ORD_001960,CUST_00579,REST_0183,2025-01-16 11:25:16,Delivered,411.71,52.15,3,Debit Card,Clear,Medium
ORD_001961,CUST_00573,REST_0046,2025-02-21 20:28:53,Delivered,312.24,28.59,4,Cash,Clear,Low
ORD_001962,CUST_00025,REST_0162,2025-01-09 21:26:36,Delivered,1030.66,186.66,2,UPI,Clear,Medium
ORD_001963,CUST_00689,REST_0163,2025-01-22 21:37:34,Delivered,1421.82,4.38,5,UPI,Heavy Rain,High
ORD_001964,CUST_00039,REST_0186,2025-03-13 21:26:31,Delivered,109.5,7.9,1,Wallet,Cloudy,Low
ORD_001965,CUST_00859,REST_0061,2025-02-05 18:24:30,Cancelled,555.93,0.0,4,UPI,Cloudy,Medium
ORD_001966,CUST_00764,REST_0103,2025-02-11 20:12:55,Delivered,2553.83,373.33,3,UPI,Heavy Rain,High
ORD_001967,CUST_01260,REST_0006,2025-03-20 22:49:12,Delivered,184.4,17.16,2,UPI,Cloudy,Medium
ORD_001968,CUST_00877,REST_0048,2025-02-21 14:30:24,Delivered,465.11,86.45,5,Credit Card,Heavy Rain,High
ORD_001969,CUST_00486,REST_0192,2025-04-22 20:22:37,Delivered,201.29,12.28,1,Credit Card,Clear,Medium
ORD_001970,CUST_00778,REST_0186,2025-01-03 00:01:22,Delivered,114.82,6.6,1,UPI,Cloudy,Medium
ORD_001971,CUST_01054,REST_0087,2025-04-08 14:09:00,Delivered,501.18,18.84,2,Credit Card,Clear,Medium
ORD_001972,CUST_00143,REST_0154,2025-01-22 18:55:32,Delivered,1164.38,295.06,2,UPI,Clear,Low
ORD_001973,CUST_00937,REST_0105,2025-03-21 21:23:04,Delivered,578.52,82.0,4,Debit Card,Clear,Severe
ORD_001974,CUST_01376,REST_0076,2025-02-22 11:22:41,Delivered,214.7,40.69,3,UPI,Clear,Low
ORD_001975,CUST_00451,REST_0154,2025-04-01 19:09:33,Delivered,541.74,69.73,1,UPI,Clear,High
ORD_001976,CUST_00945,REST_0155,2025-04-30 11:28:17,Delivered,552.73,102.18,5,Debit Card,Clear,Low
ORD_001977,CUST_01232,REST_0058,2025-06-04 15:26:09,Delivered,290.32,18.44,3,Debit Card,Clear,High
ORD_001978,CUST_00771,REST_0037,2025-05-18 21:56:29,Failed,432.35,0.0,4,UPI,Heavy Rain,Severe
ORD_001979,CUST_01081,REST_0025,2025-02-01 19:56:00,Delivered,112.59,11.56,2,UPI,Rain,Medium
ORD_001980,CUST_00468,REST_0097,2025-06-02 21:14:27,Delivered,385.4,52.29,3,UPI,Clear,Low
ORD_001981,CUST_00462,REST_0098,2025-06-26 12:13:58,Delivered,1003.23,104.45,4,UPI,Clear,Medium
ORD_001982,CUST_01008,REST_0090,2025-06-07 13:27:49,Delivered,372.21,117.01,1,UPI,Cloudy,Medium
ORD_001983,CUST_01062,REST_0143,2025-05-22 08:48:17,Cancelled,1055.14,0.0,3,Credit Card,Clear,Medium
ORD_001984,CUST_01407,REST_0090,2025-06-13 13:27:27,Delivered,2098.06,146.37,4,Wallet,Rain,Low
ORD_001985,CUST_00339,REST_0015,2025-06-09 22:46:19,Delivered,270.65,27.45,3,Wallet,Heavy Rain,High
ORD_001986,CUST_00706,REST_0084,2025-06-10 14:15:52,Delivered,149.58,17.5,2,Debit Card,Clear,Medium
ORD_001987,CUST_00379,REST_0158,2025-04-12 12:09:04,Delivered,80.0,5.19,1,UPI,Clear,Low
ORD_001988,CUST_00122,REST_0044,2025-01-08 15:36:00,Delivered,202.99,28.73,2,UPI,Clear,Medium
ORD_001989,CUST_00604,REST_0093,2025-04-05 13:46:22,Delivered,80.0,9.34,1,Credit Card,Clear,Medium
ORD_001990,CUST_00558,REST_0063,2025-03-28 08:07:07,Delivered,171.26,19.12,2,UPI,Rain,Medium
ORD_001991,CUST_00408,REST_0095,2025-05-11 11:31:51,Delivered,343.39,9.25,1,UPI,Clear,Medium
ORD_001992,CUST_00447,REST_0086,2025-02-18 19:08:45,Delivered,211.87,67.99,1,UPI,Clear,Low
ORD_001993,CUST_00538,REST_0188,2025-03-06 15:28:25,Delivered,173.81,48.42,3,UPI,Clear,Low
ORD_001994,CUST_01482,REST_0015,2025-01-29 14:30:18,Delivered,489.52,52.31,6,UPI,Clear,Medium
ORD_001995,CUST_01176,REST_0140,2025-04-22 22:28:10,Delivered,81.15,7.16,1,UPI,Clear,High
ORD_001996,CUST_00110,REST_0058,2025-04-12 21:21:47,Delivered,253.8,40.94,2,Debit Card,Rain,Medium
ORD_001997,CUST_01311,REST_0083,2025-06-04 09:39:45,Delivered,2131.41,174.42,3,Credit Card,Clear,Medium
ORD_001998,CUST_00955,REST_0160,2025-06-08 21:33:46,Delivered,2468.7,488.03,3,UPI,Rain,Severe
ORD_001999,CUST_01338,REST_0015,2025-01-24 20:03:17,Delivered,379.08,48.09,3,Debit Card,Clear,Low
ORD_002000,CUST_00512,REST_0160,2025-01-23 16:26:15,Cancelled,1658.67,0.0,3,UPI,Clear,Medium
ORD_002001,CUST_00700,REST_0180,2025-06-22 10:04:58,Delivered,80.0,1.43,2,UPI,Heavy Rain,Medium
ORD_002002,CUST_01346,REST_0051,2025-02-04 13:22:45,Delivered,663.09,56.4,7,UPI,Rain,Severe
ORD_002003,CUST_00411,REST_0129,2025-02-25 13:38:23,Delivered,284.17,16.9,2,UPI,Cloudy,High
ORD_002004,CUST_01374,REST_0007,2025-05-18 19:19:28,Delivered,1475.07,331.22,2,Credit Card,Clear,Low
ORD_002005,CUST_01243,REST_0162,2025-06-25 11:49:04,Delivered,1670.44,151.83,3,UPI,Cloudy,High
ORD_002006,CUST_01470,REST_0180,2025-06-25 18:04:19,Delivered,108.76,19.76,2,Cash,Clear,High
ORD_002007,CUST_00487,REST_0125,2025-05-19 08:59:26,Delivered,779.21,74.21,5,Credit Card,Clear,Low
ORD_002008,CUST_00357,REST_0115,2025-05-15 15:02:04,Delivered,355.18,23.17,2,Credit Card,Cloudy,High
ORD_002009,CUST_00497,REST_0018,2025-03-18 19:11:38,Delivered,873.27,33.1,3,Credit Card,Clear,High
ORD_002010,CUST_01433,REST_0019,2025-01-27 11:59:32,Delivered,80.0,9.86,1,UPI,Clear,High
ORD_002011,CUST_00500,REST_0178,2025-03-26 22:54:51,Failed,1919.42,0.0,2,Wallet,Clear,Medium
ORD_002012,CUST_00851,REST_0088,2025-02-06 19:14:19,Delivered,296.44,34.81,6,UPI,Clear,Medium
ORD_002013,CUST_00605,REST_0100,2025-03-24 05:02:07,Cancelled,655.45,0.0,3,UPI,Cloudy,Medium
ORD_002014,CUST_00592,REST_0096,2025-04-15 12:08:00,Delivered,605.1,123.46,3,UPI,Cloudy,Low
ORD_002015,CUST_00290,REST_0092,2025-02-22 19:04:00,Failed,820.83,0.0,3,Debit Card,Clear,Low
ORD_002016,CUST_00808,REST_0145,2025-01-27 08:34:26,Delivered,418.63,84.56,4,Credit Card,Clear,Medium
ORD_002017,CUST_01275,REST_0084,2025-03-04 19:30:17,Delivered,152.27,17.46,3,UPI,Clear,Medium
ORD_002018,CUST_00076,REST_0083,2025-05-27 13:28:14,Delivered,3545.27,224.17,4,UPI,Clear,Low
ORD_002019,CUST_01336,REST_0185,2025-05-15 10:06:21,Delivered,110.69,2.86,1,Credit Card,Rain,High
ORD_002020,CUST_01005,REST_0178,2025-05-16 22:27:17,Cancelled,2954.27,0.0,3,UPI,Clear,Severe
ORD_002021,CUST_00930,REST_0015,2025-04-05 19:10:14,Delivered,369.22,39.78,3,Cash,Clear,Medium
ORD_002022,CUST_00944,REST_0164,2025-06-07 11:56:05,Delivered,456.7,55.62,2,UPI,Clear,Medium
ORD_002023,CUST_00446,REST_0007,2025-02-08 08:49:00,Delivered,1664.83,53.43,2,UPI,Clear,Medium
ORD_002024,CUST_00622,REST_0183,2025-06-13 18:41:55,Delivered,622.1,59.56,4,UPI,Clear,Low
ORD_002025,CUST_01199,REST_0129,2025-04-02 09:18:39,Delivered,871.3,159.2,4,Debit Card,Clear,Low
ORD_002026,CUST_00462,REST_0020,2025-03-23 11:20:38,Delivered,305.7,71.71,3,UPI,Cloudy,Medium
ORD_002027,CUST_00708,REST_0124,2025-05-13 14:56:16,Delivered,159.43,13.8,2,UPI,Clear,Medium
ORD_002028,CUST_00031,REST_0111,2025-05-12 11:23:38,Delivered,4595.75,497.08,4,Debit Card,Clear,High
ORD_002029,CUST_01104,REST_0179,2025-02-07 22:18:29,Delivered,2698.05,416.37,2,Wallet,Cloudy,Medium
ORD_002030,CUST_00626,REST_0068,2025-02-15 16:46:00,Delivered,1166.91,12.53,4,Credit Card,Rain,High
ORD_002031,CUST_00792,REST_0075,2025-04-03 10:10:00,Delivered,1130.76,98.89,3,UPI,Rain,Medium
ORD_002032,CUST_00176,REST_0129,2025-05-25 20:38:46,Delivered,735.27,90.3,3,Credit Card,Cloudy,Medium
ORD_002033,CUST_01488,REST_0109,2025-02-18 22:59:11,Delivered,650.5,73.66,4,UPI,Clear,Low
ORD_002034,CUST_00455,REST_0025,2025-05-21 20:30:10,Delivered,80.0,17.59,2,UPI,Rain,Medium
ORD_002035,CUST_00957,REST_0146,2025-05-02 22:56:35,Delivered,361.7,57.17,2,UPI,Cloudy,Severe
ORD_002036,CUST_00876,REST_0191,2025-05-10 13:35:13,Delivered,162.97,3.08,2,Debit Card,Rain,Low
ORD_002037,CUST_01179,REST_0169,2025-02-18 22:57:28,Delivered,359.09,39.61,2,Debit Card,Clear,High
ORD_002038,CUST_00443,REST_0181,2025-03-15 09:41:00,Delivered,238.63,66.9,6,UPI,Clear,Medium
ORD_002039,CUST_01137,REST_0096,2025-04-08 15:11:31,Delivered,835.27,59.52,4,Wallet,Clear,High
ORD_002040,CUST_00572,REST_0024,2025-01-26 13:32:17,Delivered,849.91,194.96,3,Credit Card,Cloudy,Medium
ORD_002041,CUST_00616,REST_0081,2025-05-28 10:31:51,Delivered,182.7,43.65,3,UPI,Clear,Low
ORD_002042,CUST_01015,REST_0125,2025-06-19 12:06:59,Delivered,955.16,67.63,4,Cash,Clear,High
ORD_002043,CUST_01178,REST_0199,2025-02-27 08:33:50,Delivered,217.48,18.24,3,UPI,Rain,High
ORD_002044,CUST_01007,REST_0197,2025-04-30 13:46:41,Delivered,1441.48,132.64,8,Debit Card,Cloudy,High
ORD_002045,CUST_01352,REST_0134,2025-01-26 19:41:26,Cancelled,584.11,0.0,2,Credit Card,Cloudy,Medium
ORD_002046,CUST_00430,REST_0019,2025-01-12 18:13:33,Delivered,99.41,11.77,2,Cash,Clear,Medium
ORD_002047,CUST_01353,REST_0118,2025-03-11 10:32:34,Delivered,635.05,26.97,3,Debit Card,Clear,High
ORD_002048,CUST_00199,REST_0099,2025-06-24 19:56:06,Delivered,507.32,14.08,2,UPI,Cloudy,Severe
ORD_002049,CUST_00996,REST_0035,2025-01-26 09:53:04,Delivered,590.09,162.76,4,Debit Card,Clear,Medium
ORD_002050,CUST_00823,REST_0190,2025-04-26 21:37:59,Cancelled,3151.72,0.0,4,UPI,Heavy Rain,Medium
ORD_002051,CUST_00746,REST_0085,2025-06-12 18:24:23,Delivered,218.79,9.22,1,UPI,Rain,Medium
ORD_002052,CUST_00468,REST_0187,2025-01-30 12:02:31,Delivered,204.19,9.52,4,UPI,Cloudy,High
ORD_002053,CUST_00759,REST_0026,2025-01-08 20:46:22,Delivered,1614.69,252.69,5,Credit Card,Clear,Low
ORD_002054,CUST_00245,REST_0162,2025-02-15 13:24:14,Delivered,1284.2,77.49,4,UPI,Clear,Low
ORD_002055,CUST_00552,REST_0123,2025-06-28 07:33:24,Delivered,1166.12,151.61,4,Debit Card,Clear,Low
ORD_002056,CUST_00151,REST_0143,2025-04-23 19:42:49,Delivered,924.72,92.66,4,Debit Card,Clear,Medium
ORD_002057,CUST_00861,REST_0060,2025-03-17 17:24:00,Delivered,515.73,30.24,2,UPI,Cloudy,Medium
ORD_002058,CUST_00146,REST_0012,2025-03-28 19:39:01,Delivered,634.42,98.67,1,UPI,Clear,Low
ORD_002059,CUST_00243,REST_0036,2025-02-09 14:58:04,Delivered,4044.11,222.89,6,UPI,Heavy Rain,High
ORD_002060,CUST_00130,REST_0045,2025-02-03 14:54:41,Delivered,169.35,21.51,1,UPI,Rain,High
ORD_002061,CUST_00569,REST_0060,2025-01-04 18:05:24,Delivered,628.94,122.26,2,UPI,Cloudy,Low
ORD_002062,CUST_01263,REST_0075,2025-06-04 20:52:53,Delivered,1666.05,282.13,5,UPI,Clear,Low
ORD_002063,CUST_01361,REST_0100,2025-06-17 21:06:58,Delivered,1156.31,100.57,4,Cash,Clear,High
ORD_002064,CUST_00111,REST_0093,2025-05-31 19:48:50,Delivered,276.29,23.87,3,Credit Card,Clear,Low
ORD_002065,CUST_00957,REST_0072,2025-04-08 16:43:50,Delivered,410.45,58.12,3,Credit Card,Clear,High
ORD_002066,CUST_01031,REST_0189,2025-06-04 22:36:33,Failed,275.84,0.0,3,Credit Card,Clear,Medium
ORD_002067,CUST_00803,REST_0096,2025-06-13 14:31:08,Delivered,384.78,36.46,2,Debit Card,Cloudy,Medium
ORD_002068,CUST_01007,REST_0197,2025-05-02 14:28:10,Delivered,438.81,101.21,3,Debit Card,Cloudy,Medium
ORD_002069,CUST_00353,REST_0055,2025-04-02 20:20:56,Delivered,305.33,31.02,3,UPI,Clear,Medium
ORD_002070,CUST_00738,REST_0085,2025-04-05 13:51:16,Delivered,1034.92,170.6,5,UPI,Cloudy,Medium
ORD_002071,CUST_00583,REST_0117,2025-01-30 19:07:36,Delivered,1421.83,493.12,5,Cash,Clear,Low
ORD_002072,CUST_00137,REST_0144,2025-05-13 12:15:00,Delivered,143.17,4.92,3,Credit Card,Clear,Medium
ORD_002073,CUST_00944,REST_0195,2025-05-17 09:42:14,Delivered,1225.67,247.67,4,Wallet,Cloudy,Medium
ORD_002074,CUST_00746,REST_0050,2025-06-01 15:37:54,Delivered,682.72,40.48,2,UPI,Heavy Rain,Medium
ORD_002075,CUST_00414,REST_0147,2025-06-06 20:56:45,Delivered,463.87,70.14,5,UPI,Cloudy,High
ORD_002076,CUST_00714,REST_0028,2025-03-16 07:09:33,Delivered,1378.93,62.24,6,UPI,Clear,Low
ORD_002077,CUST_01164,REST_0163,2025-05-12 12:32:45,Delivered,548.89,80.4,2,UPI,Clear,High
ORD_002078,CUST_01203,REST_0002,2025-01-18 12:22:43,Delivered,3718.58,520.77,4,Cash,Cloudy,Medium
ORD_002079,CUST_00980,REST_0154,2025-06-02 13:03:12,Delivered,3820.94,364.7,6,Cash,Rain,Medium
ORD_002080,CUST_00705,REST_0059,2025-05-26 11:43:29,Delivered,267.76,36.55,2,Wallet,Heavy Rain,Severe
ORD_002081,CUST_00867,REST_0109,2025-04-29 15:59:06,Delivered,804.74,67.88,4,Credit Card,Cloudy,Low
ORD_002082,CUST_00575,REST_0082,2025-06-18 20:26:20,Delivered,502.53,56.84,3,Credit Card,Clear,Low
ORD_002083,CUST_00193,REST_0058,2025-02-12 21:06:12,Delivered,339.76,31.87,3,Debit Card,Clear,Low
ORD_002084,CUST_00576,REST_0096,2025-04-19 18:49:56,Delivered,703.07,99.09,3,UPI,Clear,Low
ORD_002085,CUST_00799,REST_0165,2025-06-02 18:44:12,Delivered,80.0,4.15,1,UPI,Clear,Medium
ORD_002086,CUST_00903,REST_0157,2025-02-06 14:11:56,Delivered,279.52,12.67,2,Credit Card,Cloudy,Medium
ORD_002087,CUST_01405,REST_0014,2025-04-08 18:32:00,Delivered,362.8,47.06,3,UPI,Cloudy,Medium
ORD_002088,CUST_01167,REST_0014,2025-03-03 18:16:41,Delivered,374.76,25.87,3,UPI,Clear,High
ORD_002089,CUST_00231,REST_0150,2025-03-01 16:39:27,Delivered,570.5,5.97,4,UPI,Rain,Low
ORD_002090,CUST_00262,REST_0097,2025-05-23 12:52:16,Delivered,664.75,35.22,7,Credit Card,Clear,Low
ORD_002091,CUST_00154,REST_0031,2025-05-06 09:20:29,Delivered,523.99,72.22,3,Debit Card,Cloudy,Medium
ORD_002092,CUST_01110,REST_0139,2025-05-07 22:35:55,Delivered,178.05,30.21,4,Credit Card,Clear,Low
ORD_002093,CUST_01063,REST_0005,2025-01-20 14:58:59,Delivered,187.17,43.85,4,Credit Card,Cloudy,Low
ORD_002094,CUST_01479,REST_0200,2025-06-12 10:00:13,Delivered,1100.34,83.14,3,UPI,Rain,Medium
ORD_002095,CUST_00787,REST_0118,2025-02-14 07:43:37,Delivered,589.44,62.22,3,UPI,Cloudy,Medium
ORD_002096,CUST_01240,REST_0124,2025-01-24 17:04:42,Delivered,280.3,41.84,3,Debit Card,Cloudy,High
ORD_002097,CUST_00869,REST_0084,2025-01-13 14:36:31,Delivered,139.71,50.0,2,Debit Card,Clear,Medium
ORD_002098,CUST_01313,REST_0109,2025-06-15 21:14:54,Delivered,563.44,61.4,4,Cash,Clear,Medium
ORD_002099,CUST_01085,REST_0124,2025-02-26 10:42:06,Delivered,306.62,20.65,4,UPI,Cloudy,Medium
ORD_002100,CUST_00970,REST_0033,2025-06-15 13:25:35,Delivered,888.14,44.5,4,Debit Card,Heavy Rain,High
ORD_002101,CUST_00850,REST_0128,2025-04-17 11:01:42,Delivered,589.33,80.29,4,Cash,Clear,High
ORD_002102,CUST_01088,REST_0065,2025-02-12 21:57:58,Delivered,148.27,2.5,2,Wallet,Rain,High
ORD_002103,CUST_00630,REST_0034,2025-04-27 10:26:11,Delivered,290.86,35.24,3,UPI,Rain,Medium
ORD_002104,CUST_00148,REST_0062,2025-02-04 18:18:48,Delivered,1585.47,162.32,5,UPI,Clear,Medium
ORD_002105,CUST_00061,REST_0037,2025-03-01 12:50:26,Delivered,358.37,87.15,2,UPI,Clear,Medium
ORD_002106,CUST_00721,REST_0017,2025-04-07 08:11:00,Delivered,1155.48,207.27,7,Credit Card,Cloudy,Low
ORD_002107,CUST_00904,REST_0111,2025-06-03 05:22:11,Delivered,1706.11,239.96,2,UPI,Clear,Low
ORD_002108,CUST_00121,REST_0155,2025-02-10 20:00:49,Delivered,532.85,80.27,5,UPI,Clear,High
ORD_002109,CUST_00432,REST_0124,2025-06-24 13:10:16,Delivered,316.64,44.17,3,Debit Card,Rain,High
ORD_002110,CUST_00484,REST_0113,2025-06-04 19:26:13,Delivered,205.79,22.16,2,Credit Card,Cloudy,High
ORD_002111,CUST_00847,REST_0093,2025-04-25 15:55:04,Delivered,124.69,36.33,2,Cash,Cloudy,Low
ORD_002112,CUST_00419,REST_0069,2025-04-04 11:18:56,Delivered,971.44,77.61,3,UPI,Cloudy,High
ORD_002113,CUST_00146,REST_0124,2025-06-08 19:26:25,Delivered,135.01,2.56,2,Credit Card,Heavy Rain,Severe
ORD_002114,CUST_00249,REST_0004,2025-06-06 14:56:38,Delivered,940.74,140.54,3,UPI,Cloudy,Medium
ORD_002115,CUST_00262,REST_0013,2025-05-07 23:44:28,Delivered,474.27,43.1,2,UPI,Clear,Medium
ORD_002116,CUST_01265,REST_0191,2025-04-19 21:30:01,Delivered,452.9,45.46,4,Debit Card,Heavy Rain,High
ORD_002117,CUST_00428,REST_0096,2025-05-14 20:19:47,Delivered,924.16,186.72,4,Credit Card,Clear,Medium
ORD_002118,CUST_01076,REST_0127,2025-02-27 12:54:51,Delivered,1104.69,75.14,4,Cash,Heavy Rain,Severe
ORD_002119,CUST_00854,REST_0124,2025-02-24 12:07:39,Delivered,307.78,28.83,3,UPI,Clear,Medium
ORD_002120,CUST_01466,REST_0014,2025-02-08 15:12:39,Delivered,317.26,12.38,3,UPI,Rain,Medium
ORD_002121,CUST_00411,REST_0043,2025-04-15 20:54:31,Delivered,1382.44,281.94,6,Cash,Clear,Medium
ORD_002122,CUST_00241,REST_0024,2025-05-22 14:23:50,Delivered,657.4,179.13,2,UPI,Cloudy,Medium
ORD_002123,CUST_00080,REST_0095,2025-04-23 12:44:07,Delivered,1186.15,88.72,4,Credit Card,Clear,High
ORD_002124,CUST_00365,REST_0082,2025-03-31 20:25:00,Delivered,836.8,97.97,4,Cash,Cloudy,Medium
ORD_002125,CUST_01030,REST_0131,2025-06-09 19:44:43,Delivered,570.3,50.98,3,UPI,Rain,Severe
ORD_002126,CUST_00130,REST_0114,2025-02-10 22:23:10,Delivered,151.1,19.65,1,UPI,Rain,Medium
ORD_002127,CUST_00369,REST_0177,2025-04-11 22:17:10,Delivered,80.0,7.59,1,UPI,Clear,High
ORD_002128,CUST_01284,REST_0015,2025-01-27 10:00:53,Delivered,589.82,70.34,6,UPI,Rain,Medium
ORD_002129,CUST_00878,REST_0180,2025-01-29 22:08:06,Delivered,258.54,12.24,4,UPI,Clear,Severe
ORD_002130,CUST_00107,REST_0043,2025-04-12 19:59:54,Delivered,928.25,99.11,4,Credit Card,Cloudy,High
ORD_002131,CUST_00073,REST_0002,2025-01-05 09:56:04,Delivered,2806.2,687.22,5,Debit Card,Clear,Low
ORD_002132,CUST_00094,REST_0120,2025-05-28 17:16:49,Delivered,512.41,111.09,4,UPI,Cloudy,Medium
ORD_002133,CUST_01415,REST_0188,2025-01-04 00:54:33,Delivered,109.19,3.96,2,UPI,Rain,Medium
ORD_002134,CUST_01276,REST_0157,2025-02-09 15:56:21,Cancelled,1157.53,0.0,5,UPI,Clear,Low
ORD_002135,CUST_01269,REST_0192,2025-05-07 11:07:02,Delivered,257.6,29.55,2,Credit Card,Clear,Medium
ORD_002136,CUST_01387,REST_0065,2025-06-23 14:49:54,Delivered,88.96,16.74,1,Credit Card,Rain,Low
ORD_002137,CUST_00761,REST_0131,2025-04-04 13:51:51,Delivered,930.89,100.04,4,UPI,Clear,Medium
ORD_002138,CUST_00374,REST_0043,2025-01-02 12:54:46,Delivered,272.87,1.57,1,UPI,Rain,High
ORD_002139,CUST_00600,REST_0090,2025-04-14 17:03:17,Delivered,1668.11,302.69,3,UPI,Clear,High
ORD_002140,CUST_01083,REST_0108,2025-05-20 19:09:20,Cancelled,170.21,0.0,2,UPI,Clear,Low
ORD_002141,CUST_01316,REST_0168,2025-04-14 13:16:50,Delivered,1211.44,305.49,4,Debit Card,Cloudy,Medium
ORD_002142,CUST_00654,REST_0012,2025-01-14 11:39:17,Delivered,980.44,58.52,2,Debit Card,Clear,Low
ORD_002143,CUST_00806,REST_0155,2025-04-11 14:17:00,Delivered,116.14,3.61,1,UPI,Clear,Medium
ORD_002144,CUST_01399,REST_0188,2025-04-20 15:33:45,Delivered,232.27,16.04,5,Credit Card,Cloudy,Medium
ORD_002145,CUST_00164,REST_0168,2025-05-30 18:11:54,Delivered,753.4,67.87,3,UPI,Rain,Low
ORD_002146,CUST_01296,REST_0195,2025-02-25 16:26:00,Delivered,473.95,27.03,2,Debit Card,Cloudy,Medium
ORD_002147,CUST_00242,REST_0042,2025-02-14 20:43:00,Delivered,226.63,21.44,4,Cash,Cloudy,Medium
ORD_002148,CUST_00729,REST_0063,2025-06-17 21:44:45,Delivered,381.06,6.5,5,Debit Card,Cloudy,High
ORD_002149,CUST_00329,REST_0143,2025-06-13 18:29:51,Delivered,1259.14,167.28,5,UPI,Clear,Medium
ORD_002150,CUST_00910,REST_0031,2025-03-20 19:01:59,Delivered,351.15,17.52,2,UPI,Clear,Medium
ORD_002151,CUST_00841,REST_0015,2025-06-22 14:23:47,Delivered,346.75,25.37,4,UPI,Rain,High
ORD_002152,CUST_00568,REST_0097,2025-02-24 20:01:45,Delivered,118.19,51.97,2,Credit Card,Clear,Medium
ORD_002153,CUST_01298,REST_0115,2025-01-02 11:12:05,Delivered,379.46,40.38,4,UPI,Cloudy,Medium
ORD_002154,CUST_00997,REST_0007,2025-03-07 22:38:00,Delivered,988.05,183.89,1,Credit Card,Cloudy,Medium
ORD_002155,CUST_01086,REST_0038,2025-03-11 06:45:56,Delivered,295.7,24.48,2,UPI,Cloudy,High
ORD_002156,CUST_00229,REST_0132,2025-03-22 22:50:49,Delivered,1329.41,37.25,4,UPI,Rain,High
ORD_002157,CUST_01327,REST_0011,2025-04-11 21:22:07,Delivered,500.06,91.98,6,Credit Card,Clear,Low
ORD_002158,CUST_00252,REST_0014,2025-05-15 16:25:54,Delivered,123.64,12.11,1,UPI,Clear,High
ORD_002159,CUST_00337,REST_0131,2025-03-25 18:56:00,Delivered,903.79,110.62,4,UPI,Heavy Rain,Severe
ORD_002160,CUST_00195,REST_0063,2025-04-06 12:28:14,Delivered,258.49,32.57,3,UPI,Rain,Medium
ORD_002161,CUST_00662,REST_0146,2025-01-18 20:06:13,Delivered,509.73,115.58,2,UPI,Cloudy,Low
ORD_002162,CUST_01334,REST_0087,2025-01-29 21:51:18,Delivered,425.85,53.16,2,UPI,Rain,Severe
ORD_002163,CUST_00382,REST_0174,2025-03-02 22:49:44,Delivered,302.48,25.67,3,Cash,Rain,Medium
ORD_002164,CUST_00558,REST_0188,2025-03-10 19:51:14,Delivered,200.7,12.93,4,Debit Card,Rain,High
ORD_002165,CUST_01270,REST_0111,2025-03-31 14:19:42,Delivered,958.63,190.26,1,UPI,Clear,Medium
ORD_002166,CUST_00932,REST_0027,2025-03-14 11:27:15,Delivered,264.27,54.41,1,Credit Card,Cloudy,Low
ORD_002167,CUST_01130,REST_0060,2025-03-16 21:39:54,Delivered,774.0,134.98,4,UPI,Clear,Low
ORD_002168,CUST_00323,REST_0176,2025-02-26 22:10:42,Delivered,1297.03,376.13,5,UPI,Clear,Medium
ORD_002169,CUST_01079,REST_0116,2025-05-17 14:40:00,Delivered,258.35,7.96,2,UPI,Clear,Low
ORD_002170,CUST_00344,REST_0154,2025-01-26 15:39:18,Delivered,524.49,113.38,1,UPI,Cloudy,Medium
ORD_002171,CUST_01480,REST_0189,2025-01-16 14:36:49,Delivered,437.05,28.27,5,Debit Card,Rain,Medium
ORD_002172,CUST_00843,REST_0018,2025-03-09 18:06:11,Failed,782.7,0.0,3,Wallet,Cloudy,Low
ORD_002173,CUST_01048,REST_0146,2025-06-01 20:21:46,Cancelled,523.25,0.0,3,UPI,Cloudy,Severe
ORD_002174,CUST_00182,REST_0147,2025-01-30 08:19:25,Delivered,404.11,51.34,5,Wallet,Clear,Medium
ORD_002175,CUST_00379,REST_0050,2025-02-18 13:41:05,Delivered,605.01,74.96,2,Debit Card,Clear,Low
ORD_002176,CUST_00212,REST_0056,2025-06-30 15:59:04,Delivered,298.14,25.93,5,Debit Card,Cloudy,High
ORD_002177,CUST_00582,REST_0020,2025-01-10 12:12:47,Delivered,191.58,13.75,3,UPI,Clear,Low
ORD_002178,CUST_00428,REST_0127,2025-04-21 18:34:51,Delivered,1016.45,397.92,4,UPI,Cloudy,Low
ORD_002179,CUST_01103,REST_0044,2025-04-24 21:51:46,Delivered,202.28,34.86,2,Credit Card,Clear,Medium
ORD_002180,CUST_00166,REST_0068,2025-06-05 21:42:22,Delivered,1829.08,200.66,7,Wallet,Clear,High
ORD_002181,CUST_01131,REST_0037,2025-02-04 20:54:31,Delivered,534.25,15.85,2,UPI,Rain,Low
ORD_002182,CUST_00070,REST_0049,2025-01-02 12:47:57,Delivered,1056.3,66.41,3,UPI,Cloudy,High
ORD_002183,CUST_00305,REST_0045,2025-01-16 02:02:27,Delivered,285.52,49.69,2,Credit Card,Rain,Medium
ORD_002184,CUST_01189,REST_0100,2025-02-23 14:32:21,Delivered,977.37,108.74,5,UPI,Clear,Medium
ORD_002185,CUST_01118,REST_0193,2025-05-16 20:23:52,Delivered,198.99,20.78,3,UPI,Clear,Medium
ORD_002186,CUST_00718,REST_0069,2025-03-05 19:36:19,Delivered,1336.2,31.95,5,Credit Card,Clear,Low
ORD_002187,CUST_00077,REST_0176,2025-01-12 13:03:29,Delivered,883.78,17.48,4,UPI,Rain,Medium
ORD_002188,CUST_00920,REST_0055,2025-06-08 09:37:36,Delivered,458.12,34.75,4,UPI,Clear,Low
ORD_002189,CUST_00610,REST_0014,2025-04-02 18:10:08,Delivered,283.43,45.59,3,UPI,Cloudy,Medium
ORD_002190,CUST_00476,REST_0130,2025-06-01 20:42:40,Delivered,1063.93,114.72,5,Credit Card,Clear,Medium
ORD_002191,CUST_00967,REST_0085,2025-06-14 19:31:19,Delivered,368.43,30.94,2,Wallet,Cloudy,High
ORD_002192,CUST_00657,REST_0182,2025-01-14 12:23:31,Delivered,973.21,62.18,4,UPI,Cloudy,Medium
ORD_002193,CUST_00141,REST_0015,2025-01-10 13:15:38,Delivered,484.62,29.65,5,Credit Card,Cloudy,High
ORD_002194,CUST_01374,REST_0035,2025-04-06 20:06:55,Delivered,907.87,78.07,5,Wallet,Clear,Medium
ORD_002195,CUST_01169,REST_0104,2025-05-06 11:50:17,Delivered,147.75,20.17,1,Cash,Clear,Low
ORD_002196,CUST_00087,REST_0073,2025-04-21 19:00:32,Delivered,426.48,17.25,2,Credit Card,Cloudy,High
ORD_002197,CUST_00791,REST_0103,2025-03-15 22:07:53,Delivered,2290.79,159.29,2,Credit Card,Cloudy,Low
ORD_002198,CUST_00127,REST_0074,2025-06-09 20:13:16,Delivered,1308.58,243.52,4,UPI,Clear,Medium
ORD_002199,CUST_01256,REST_0169,2025-03-30 17:05:19,Delivered,418.55,9.4,3,UPI,Cloudy,Medium
ORD_002200,CUST_00924,REST_0135,2025-06-26 19:25:31,Delivered,309.59,36.96,3,UPI,Clear,Medium
ORD_002201,CUST_00260,REST_0099,2025-03-13 12:43:58,Delivered,663.97,116.56,2,UPI,Clear,Medium
ORD_002202,CUST_00033,REST_0045,2025-01-29 16:39:17,Delivered,483.67,52.92,3,Cash,Clear,Low
ORD_002203,CUST_00049,REST_0105,2025-03-16 10:14:25,Delivered,515.93,66.77,3,UPI,Heavy Rain,Severe
ORD_002204,CUST_00764,REST_0090,2025-05-11 20:34:08,Delivered,2767.75,337.03,5,UPI,Clear,Medium
ORD_002205,CUST_01105,REST_0129,2025-04-17 20:53:55,Delivered,409.69,122.46,2,Credit Card,Cloudy,Medium
ORD_002206,CUST_00185,REST_0154,2025-01-20 21:04:38,Delivered,1308.98,96.95,2,Credit Card,Clear,High
ORD_002207,CUST_00334,REST_0055,2025-02-09 11:31:35,Delivered,490.71,104.79,4,UPI,Clear,Medium
ORD_002208,CUST_00491,REST_0123,2025-02-22 20:01:00,Delivered,376.68,51.64,2,Credit Card,Cloudy,High
ORD_002209,CUST_00329,REST_0130,2025-02-05 07:24:43,Delivered,358.55,37.58,2,Credit Card,Cloudy,Medium
ORD_002210,CUST_00584,REST_0010,2025-04-06 11:37:28,Delivered,195.07,20.04,2,Debit Card,Rain,High
ORD_002211,CUST_00842,REST_0079,2025-04-12 23:34:14,Delivered,687.85,107.97,2,UPI,Cloudy,Low
ORD_002212,CUST_01032,REST_0185,2025-01-07 22:35:15,Cancelled,186.98,0.0,2,UPI,Cloudy,Severe
ORD_002213,CUST_01447,REST_0075,2025-06-18 11:09:18,Delivered,1097.6,120.55,4,Wallet,Clear,Medium
ORD_002214,CUST_01398,REST_0014,2025-04-04 15:01:00,Delivered,265.73,9.68,3,UPI,Rain,High
ORD_002215,CUST_00858,REST_0115,2025-02-27 19:40:39,Delivered,536.44,45.06,3,Credit Card,Cloudy,Medium
ORD_002216,CUST_01104,REST_0065,2025-06-29 19:41:23,Delivered,198.88,30.6,2,Credit Card,Clear,Medium
ORD_002217,CUST_01428,REST_0055,2025-01-05 07:16:10,Delivered,676.58,16.36,5,UPI,Cloudy,High
ORD_002218,CUST_00128,REST_0095,2025-01-27 18:22:48,Delivered,849.36,46.09,2,Debit Card,Rain,Medium
ORD_002219,CUST_00009,REST_0087,2025-05-01 18:21:00,Delivered,642.81,82.39,3,UPI,Clear,Medium
ORD_002220,CUST_00046,REST_0112,2025-06-09 10:17:06,Delivered,1220.79,604.35,2,Debit Card,Clear,Low
ORD_002221,CUST_00848,REST_0064,2025-04-12 08:29:54,Delivered,1615.43,108.58,2,UPI,Rain,High
ORD_002222,CUST_01147,REST_0073,2025-02-27 11:13:43,Cancelled,1417.33,0.0,5,UPI,Rain,Medium
ORD_002223,CUST_00548,REST_0166,2025-06-18 12:01:17,Delivered,275.59,25.41,3,UPI,Cloudy,High
ORD_002224,CUST_00819,REST_0095,2025-01-05 20:11:13,Delivered,655.95,42.32,2,Wallet,Clear,Low
ORD_002225,CUST_00778,REST_0082,2025-05-07 18:46:14,Delivered,421.74,84.6,2,UPI,Cloudy,Low
ORD_002226,CUST_00145,REST_0111,2025-06-12 22:14:50,Delivered,5000.0,634.22,7,Credit Card,Clear,Low
ORD_002227,CUST_00483,REST_0066,2025-01-08 12:22:30,Delivered,323.84,6.36,2,UPI,Cloudy,Medium
ORD_002228,CUST_00031,REST_0127,2025-06-07 21:10:24,Delivered,1756.25,260.43,5,UPI,Rain,High
ORD_002229,CUST_00170,REST_0066,2025-06-06 19:18:08,Delivered,676.98,86.83,4,UPI,Clear,Medium
ORD_002230,CUST_01219,REST_0101,2025-06-18 19:09:21,Delivered,989.71,48.21,4,Debit Card,Clear,Medium
ORD_002231,CUST_01244,REST_0152,2025-04-01 10:57:00,Delivered,98.79,9.78,1,UPI,Clear,Medium
ORD_002232,CUST_01203,REST_0030,2025-06-13 19:12:23,Delivered,154.29,16.61,2,Cash,Cloudy,Low
ORD_002233,CUST_01094,REST_0115,2025-02-15 18:30:22,Delivered,765.87,71.44,5,UPI,Clear,High
ORD_002234,CUST_01191,REST_0078,2025-03-02 08:45:23,Cancelled,321.73,0.0,2,UPI,Clear,Low
ORD_002235,CUST_01013,REST_0195,2025-02-12 19:44:19,Delivered,1510.95,209.92,4,UPI,Clear,Medium
ORD_002236,CUST_01011,REST_0176,2025-05-24 14:29:17,Delivered,668.79,24.06,3,Credit Card,Clear,Medium
ORD_002237,CUST_01007,REST_0108,2025-02-04 16:34:11,Delivered,445.2,25.23,5,UPI,Clear,Medium
ORD_002238,CUST_00775,REST_0062,2025-03-13 19:36:48,Delivered,1603.19,144.73,3,Credit Card,Rain,High
ORD_002239,CUST_00542,REST_0182,2025-01-10 22:40:44,Delivered,876.65,36.1,3,Debit Card,Cloudy,Severe
ORD_002240,CUST_01099,REST_0131,2025-06-06 14:06:33,Delivered,1044.14,152.97,3,Debit Card,Cloudy,Low
ORD_002241,CUST_00450,REST_0001,2025-03-09 21:24:13,Delivered,207.65,23.75,4,Debit Card,Clear,Medium
ORD_002242,CUST_00816,REST_0020,2025-01-24 19:52:38,Delivered,223.56,41.27,3,UPI,Clear,Low
ORD_002243,CUST_00652,REST_0014,2025-04-02 22:03:33,Cancelled,378.08,0.0,4,Credit Card,Clear,Medium
ORD_002244,CUST_00416,REST_0157,2025-04-29 21:27:54,Delivered,649.68,55.77,3,Wallet,Rain,Severe
ORD_002245,CUST_01462,REST_0157,2025-02-22 11:06:10,Delivered,976.51,191.82,5,UPI,Clear,Medium
ORD_002246,CUST_00391,REST_0130,2025-02-11 19:08:34,Cancelled,628.42,0.0,3,UPI,Clear,Medium
ORD_002247,CUST_00466,REST_0191,2025-04-11 22:00:19,Delivered,379.09,73.19,3,UPI,Clear,Low
ORD_002248,CUST_00245,REST_0172,2025-01-05 21:50:37,Delivered,2048.23,228.94,3,Debit Card,Clear,High
ORD_002249,CUST_01235,REST_0147,2025-01-03 21:12:30,Delivered,108.38,2.79,1,UPI,Clear,High
ORD_002250,CUST_00884,REST_0004,2025-06-12 18:52:54,Delivered,604.86,73.59,3,Debit Card,Cloudy,High
ORD_002251,CUST_00924,REST_0098,2025-06-22 14:19:47,Delivered,967.51,66.69,4,Debit Card,Rain,Medium
ORD_002252,CUST_01231,REST_0053,2025-06-21 07:47:03,Delivered,1012.95,85.23,3,Debit Card,Cloudy,Low
ORD_002253,CUST_00513,REST_0127,2025-03-03 11:49:57,Delivered,907.26,105.93,3,Credit Card,Clear,High
ORD_002254,CUST_00291,REST_0083,2025-05-09 22:11:39,Delivered,4805.7,424.32,6,Debit Card,Cloudy,Low
ORD_002255,CUST_00299,REST_0190,2025-03-01 19:08:45,Delivered,1040.58,139.44,1,Credit Card,Clear,Low
ORD_002256,CUST_01103,REST_0044,2025-03-25 15:20:01,Delivered,454.04,57.93,3,UPI,Rain,High
ORD_002257,CUST_00926,REST_0037,2025-04-16 11:38:54,Delivered,147.4,2.51,1,UPI,Cloudy,Medium
ORD_002258,CUST_00311,REST_0011,2025-06-07 14:57:43,Delivered,84.47,16.35,1,UPI,Rain,Low
ORD_002259,CUST_00221,REST_0183,2025-02-12 21:40:47,Delivered,159.23,7.38,1,UPI,Cloudy,High
ORD_002260,CUST_00185,REST_0129,2025-05-06 13:16:04,Delivered,232.78,21.54,1,Credit Card,Clear,Low
ORD_002261,CUST_00947,REST_0139,2025-04-17 12:45:03,Delivered,90.9,7.95,2,UPI,Clear,Low
ORD_002262,CUST_00001,REST_0019,2025-04-11 13:27:19,Delivered,207.83,6.13,5,Cash,Clear,High
ORD_002263,CUST_00029,REST_0119,2025-04-16 09:02:59,Delivered,888.65,126.52,3,UPI,Cloudy,Medium
ORD_002264,CUST_00582,REST_0195,2025-02-16 18:38:24,Delivered,1398.37,281.03,5,UPI,Clear,Medium
ORD_002265,CUST_01042,REST_0131,2025-03-07 22:02:04,Delivered,765.21,170.7,3,UPI,Clear,Medium
ORD_002266,CUST_01047,REST_0113,2025-03-10 17:58:00,Delivered,420.92,3.64,5,UPI,Cloudy,Medium
ORD_002267,CUST_00647,REST_0173,2025-04-29 07:26:04,Delivered,1995.94,102.92,5,UPI,Clear,Medium
ORD_002268,CUST_01042,REST_0156,2025-05-25 22:44:40,Delivered,238.76,15.59,1,Credit Card,Clear,Low
ORD_002269,CUST_00786,REST_0009,2025-03-17 19:32:42,Delivered,1222.79,15.04,2,UPI,Cloudy,High
ORD_002270,CUST_01465,REST_0009,2025-04-03 20:37:40,Delivered,3530.45,533.72,4,Credit Card,Clear,Low
ORD_002271,CUST_00246,REST_0127,2025-04-28 20:29:46,Delivered,390.83,8.79,1,UPI,Heavy Rain,Medium
ORD_002272,CUST_00906,REST_0044,2025-03-27 13:55:00,Delivered,417.8,1.75,3,UPI,Rain,Low
ORD_002273,CUST_00740,REST_0186,2025-03-02 22:42:03,Delivered,250.62,19.23,3,UPI,Rain,High
ORD_002274,CUST_00292,REST_0044,2025-03-02 18:31:00,Cancelled,555.86,0.0,5,UPI,Heavy Rain,Severe
ORD_002275,CUST_01127,REST_0053,2025-03-06 09:25:08,Delivered,789.47,23.89,4,UPI,Heavy Rain,High
ORD_002276,CUST_00415,REST_0113,2025-01-23 14:25:13,Delivered,303.91,20.82,3,UPI,Clear,Medium
ORD_002277,CUST_00570,REST_0044,2025-02-13 13:54:48,Delivered,346.92,82.47,4,UPI,Clear,Medium
ORD_002278,CUST_00559,REST_0104,2025-03-24 13:04:56,Delivered,925.46,23.12,5,Debit Card,Cloudy,Medium
ORD_002279,CUST_00368,REST_0089,2025-03-11 20:30:17,Delivered,806.22,49.31,4,UPI,Cloudy,Low
ORD_002280,CUST_00647,REST_0058,2025-01-14 20:25:35,Delivered,476.68,96.3,5,UPI,Clear,Low
ORD_002281,CUST_00714,REST_0162,2025-04-11 19:06:17,Delivered,1697.57,686.22,4,UPI,Clear,Medium
ORD_002282,CUST_01120,REST_0097,2025-06-27 21:01:25,Delivered,309.28,107.26,4,UPI,Rain,Medium
ORD_002283,CUST_01150,REST_0101,2025-01-23 11:12:16,Delivered,204.49,15.52,1,Debit Card,Rain,High
ORD_002284,CUST_00241,REST_0063,2025-03-21 12:56:00,Delivered,191.56,9.91,2,Debit Card,Cloudy,Medium
ORD_002285,CUST_00894,REST_0177,2025-05-22 19:36:03,Delivered,261.99,45.46,3,Cash,Clear,High
ORD_002286,CUST_01346,REST_0027,2025-02-24 11:24:44,Delivered,561.34,94.55,2,UPI,Clear,Medium
ORD_002287,CUST_00166,REST_0132,2025-05-12 04:49:01,Delivered,618.64,184.0,4,UPI,Clear,Low
ORD_002288,CUST_00713,REST_0024,2025-01-23 21:16:51,Delivered,391.97,75.81,2,UPI,Cloudy,Low
ORD_002289,CUST_01128,REST_0167,2025-01-06 18:58:38,Delivered,93.62,23.64,2,UPI,Clear,Low
ORD_002290,CUST_00922,REST_0164,2025-04-15 22:45:53,Delivered,264.71,27.51,2,UPI,Rain,Medium
ORD_002291,CUST_00154,REST_0031,2025-03-23 07:00:22,Delivered,817.95,19.78,8,Debit Card,Clear,Medium
ORD_002292,CUST_00593,REST_0014,2025-01-29 21:31:01,Delivered,191.62,85.52,3,UPI,Clear,Medium
ORD_002293,CUST_00764,REST_0052,2025-04-22 19:16:42,Delivered,2237.3,285.49,4,Credit Card,Cloudy,High
ORD_002294,CUST_01495,REST_0196,2025-03-07 19:33:00,Delivered,547.33,167.61,3,UPI,Clear,Low
ORD_002295,CUST_00268,REST_0116,2025-05-31 18:01:45,Delivered,797.71,37.77,7,Wallet,Rain,Severe
ORD_002296,CUST_01473,REST_0156,2025-04-26 20:18:27,Delivered,1688.06,204.55,7,UPI,Rain,Low
ORD_002297,CUST_00561,REST_0140,2025-02-04 21:03:48,Delivered,309.28,12.79,3,UPI,Heavy Rain,Severe
ORD_002298,CUST_00302,REST_0024,2025-01-07 19:24:52,Delivered,241.01,29.6,1,UPI,Cloudy,Low
ORD_002299,CUST_00620,REST_0124,2025-04-25 18:40:13,Delivered,426.68,99.3,4,UPI,Cloudy,Low
ORD_002300,CUST_00926,REST_0169,2025-03-24 15:30:00,Delivered,348.36,24.72,2,UPI,Rain,High
ORD_002301,CUST_00322,REST_0050,2025-02-24 13:51:46,Cancelled,308.27,0.0,1,UPI,Clear,Medium
ORD_002302,CUST_00439,REST_0052,2025-01-01 14:08:38,Failed,2844.53,0.0,4,Credit Card,Clear,High
ORD_002303,CUST_01283,REST_0117,2025-04-20 14:40:00,Delivered,862.17,171.32,3,Wallet,Clear,Low
ORD_002304,CUST_01499,REST_0032,2025-02-15 05:18:27,Delivered,247.12,8.53,1,UPI,Clear,Medium
ORD_002305,CUST_00478,REST_0123,2025-04-09 13:56:50,Delivered,636.56,253.57,3,UPI,Cloudy,Medium
ORD_002306,CUST_00227,REST_0151,2025-03-27 15:50:00,Delivered,321.35,10.07,4,UPI,Clear,High
ORD_002307,CUST_01190,REST_0139,2025-02-05 21:28:00,Delivered,113.31,19.44,3,Debit Card,Clear,Low
ORD_002308,CUST_00906,REST_0027,2025-03-05 11:53:00,Delivered,722.75,79.01,2,Credit Card,Rain,Severe
ORD_002309,CUST_00154,REST_0031,2025-06-27 11:24:52,Delivered,261.18,33.37,2,UPI,Clear,Low
ORD_002310,CUST_01422,REST_0134,2025-02-13 07:30:04,Delivered,1416.06,80.22,8,UPI,Clear,High
ORD_002311,CUST_00119,REST_0153,2025-03-22 22:42:59,Delivered,3000.6,166.01,3,UPI,Clear,High
ORD_002312,CUST_00943,REST_0173,2025-01-16 13:54:04,Delivered,1097.03,47.33,2,Credit Card,Cloudy,Low
ORD_002313,CUST_00636,REST_0194,2025-02-11 17:49:19,Delivered,161.6,27.08,4,Credit Card,Cloudy,Medium
ORD_002314,CUST_00838,REST_0063,2025-01-06 02:16:40,Delivered,401.33,19.05,5,Debit Card,Clear,High
ORD_002315,CUST_00322,REST_0028,2025-03-08 21:35:25,Delivered,417.72,94.9,2,Cash,Clear,Low
ORD_002316,CUST_01037,REST_0001,2025-06-11 19:50:19,Delivered,183.61,19.29,4,UPI,Cloudy,Low
ORD_002317,CUST_01441,REST_0128,2025-03-21 11:52:48,Delivered,752.1,144.77,5,UPI,Clear,Low
ORD_002318,CUST_00689,REST_0162,2025-01-04 12:52:34,Delivered,1320.28,38.89,2,UPI,Rain,High
ORD_002319,CUST_00788,REST_0112,2025-02-13 11:29:00,Delivered,3096.82,98.14,6,UPI,Clear,Low
ORD_002320,CUST_00363,REST_0127,2025-06-29 12:40:53,Delivered,400.05,38.66,2,Cash,Cloudy,Low
ORD_002321,CUST_01340,REST_0097,2025-03-28 18:55:14,Failed,479.06,0.0,4,UPI,Rain,Medium
ORD_002322,CUST_01457,REST_0003,2025-06-18 07:55:33,Delivered,695.28,33.6,5,UPI,Rain,High
ORD_002323,CUST_01181,REST_0029,2025-01-25 21:30:59,Cancelled,201.46,0.0,1,UPI,Cloudy,High
ORD_002324,CUST_00815,REST_0099,2025-02-22 19:47:03,Delivered,1747.49,195.44,5,Debit Card,Rain,High
ORD_002325,CUST_01437,REST_0032,2025-06-01 19:18:10,Failed,1072.24,0.0,4,Wallet,Clear,Medium
ORD_002326,CUST_00234,REST_0058,2025-06-06 18:02:39,Delivered,270.91,9.11,3,Credit Card,Clear,Low
ORD_002327,CUST_00721,REST_0179,2025-04-17 22:07:00,Cancelled,1566.7,0.0,2,Debit Card,Cloudy,Low
ORD_002328,CUST_00808,REST_0190,2025-03-30 22:11:46,Delivered,5000.0,402.55,6,UPI,Clear,Medium
ORD_002329,CUST_00742,REST_0124,2025-03-31 21:47:04,Cancelled,141.96,0.0,2,UPI,Cloudy,High
ORD_002330,CUST_01204,REST_0141,2025-04-01 13:11:18,Delivered,214.29,43.37,2,UPI,Clear,Medium
ORD_002331,CUST_01012,REST_0185,2025-05-17 20:02:22,Delivered,530.14,30.06,6,Debit Card,Cloudy,High
ORD_002332,CUST_00193,REST_0175,2025-06-07 22:23:52,Delivered,797.63,166.23,3,UPI,Cloudy,Medium
ORD_002333,CUST_00519,REST_0142,2025-04-11 09:56:53,Failed,148.81,0.0,2,UPI,Clear,High
ORD_002334,CUST_00508,REST_0123,2025-01-28 19:07:55,Delivered,152.82,1.72,1,UPI,Rain,High
ORD_002335,CUST_00851,REST_0047,2025-02-22 20:24:01,Delivered,351.22,52.95,2,UPI,Clear,Low
ORD_002336,CUST_00439,REST_0118,2025-06-07 18:22:28,Delivered,705.94,37.0,3,UPI,Rain,Medium
ORD_002337,CUST_00180,REST_0042,2025-06-18 20:20:26,Delivered,393.58,29.92,8,UPI,Clear,Medium
ORD_002338,CUST_00987,REST_0086,2025-06-01 06:29:00,Delivered,405.9,90.93,2,Debit Card,Clear,Low
ORD_002339,CUST_01278,REST_0164,2025-05-09 16:47:41,Delivered,853.13,5.17,4,Debit Card,Clear,Medium
ORD_002340,CUST_01399,REST_0129,2025-02-03 19:03:18,Delivered,511.73,29.02,2,UPI,Clear,Low
ORD_002341,CUST_01459,REST_0153,2025-01-29 11:10:07,Delivered,1521.24,80.64,2,UPI,Clear,Medium
ORD_002342,CUST_01173,REST_0171,2025-03-03 10:07:24,Cancelled,3061.67,0.0,5,Credit Card,Clear,Medium
ORD_002343,CUST_00212,REST_0114,2025-03-29 18:16:26,Delivered,1393.01,208.31,7,Debit Card,Rain,Medium
ORD_002344,CUST_01281,REST_0164,2025-06-06 12:08:13,Delivered,1145.16,258.33,4,UPI,Clear,Medium
ORD_002345,CUST_00598,REST_0054,2025-01-05 19:55:56,Delivered,807.3,100.26,4,UPI,Clear,Medium
ORD_002346,CUST_01099,REST_0013,2025-06-22 13:14:53,Delivered,371.78,32.05,2,UPI,Clear,Medium
ORD_002347,CUST_00800,REST_0091,2025-02-05 12:55:50,Delivered,797.9,62.33,7,Wallet,Clear,High
ORD_002348,CUST_01243,REST_0101,2025-04-08 20:01:00,Delivered,806.68,121.31,4,UPI,Clear,Medium
ORD_002349,CUST_00639,REST_0029,2025-03-06 08:44:18,Delivered,693.14,96.9,3,UPI,Clear,Severe
ORD_002350,CUST_00094,REST_0025,2025-04-27 16:00:31,Delivered,141.89,31.23,2,UPI,Clear,Low
ORD_002351,CUST_00838,REST_0042,2025-05-28 20:29:49,Delivered,101.05,4.32,2,Credit Card,Heavy Rain,Severe
ORD_002352,CUST_00258,REST_0069,2025-04-06 13:26:36,Failed,695.22,0.0,3,Wallet,Cloudy,Medium
ORD_002353,CUST_01449,REST_0119,2025-03-08 20:57:53,Delivered,1489.24,131.81,4,Debit Card,Clear,High
ORD_002354,CUST_00794,REST_0115,2025-01-10 04:30:28,Delivered,380.11,84.88,2,UPI,Clear,Medium
ORD_002355,CUST_00833,REST_0057,2025-06-02 19:50:44,Delivered,1041.12,50.37,5,UPI,Rain,High
ORD_002356,CUST_01362,REST_0044,2025-02-18 19:10:58,Delivered,678.75,103.81,6,Credit Card,Cloudy,Medium
ORD_002357,CUST_00942,REST_0193,2025-05-04 14:12:23,Delivered,109.87,5.74,2,Debit Card,Clear,Low
ORD_002358,CUST_00456,REST_0024,2025-06-20 21:41:27,Delivered,583.97,45.07,2,UPI,Rain,High
ORD_002359,CUST_00446,REST_0061,2025-04-09 20:06:28,Delivered,460.74,16.85,3,UPI,Rain,Medium
ORD_002360,CUST_00756,REST_0071,2025-02-22 20:04:21,Failed,508.73,0.0,2,Cash,Cloudy,Medium
ORD_002361,CUST_01302,REST_0168,2025-05-17 20:09:45,Delivered,2480.72,330.1,7,Credit Card,Clear,Low
ORD_002362,CUST_01193,REST_0155,2025-04-23 12:06:29,Cancelled,231.74,0.0,2,Wallet,Clear,Low
ORD_002363,CUST_01445,REST_0101,2025-02-12 10:50:37,Delivered,304.32,43.87,1,UPI,Cloudy,Medium
ORD_002364,CUST_00111,REST_0108,2025-02-03 20:27:31,Delivered,317.13,34.4,3,UPI,Clear,Medium
ORD_002365,CUST_00405,REST_0172,2025-05-24 16:33:40,Delivered,1501.33,148.2,2,Wallet,Clear,High
ORD_002366,CUST_00122,REST_0068,2025-01-20 19:41:39,Delivered,1801.51,94.13,6,UPI,Clear,Medium
ORD_002367,CUST_01129,REST_0168,2025-03-13 19:10:42,Delivered,746.28,176.29,4,Debit Card,Clear,Medium
ORD_002368,CUST_00214,REST_0142,2025-02-12 22:46:07,Delivered,116.89,1.19,2,Credit Card,Clear,Medium
ORD_002369,CUST_00153,REST_0002,2025-01-19 13:51:02,Delivered,3131.64,289.6,4,UPI,Cloudy,High
ORD_002370,CUST_00845,REST_0124,2025-03-24 21:03:00,Delivered,80.0,3.12,1,UPI,Clear,High
ORD_002371,CUST_00616,REST_0131,2025-05-24 20:27:27,Delivered,975.57,174.14,3,Debit Card,Clear,Medium
ORD_002372,CUST_01077,REST_0150,2025-05-24 14:50:32,Delivered,508.14,116.79,3,Credit Card,Clear,Medium
ORD_002373,CUST_00734,REST_0048,2025-06-02 20:25:05,Delivered,330.92,11.27,4,UPI,Cloudy,Medium
ORD_002374,CUST_00639,REST_0200,2025-06-15 22:42:05,Delivered,902.61,35.17,3,Credit Card,Clear,High
ORD_002375,CUST_00639,REST_0141,2025-03-19 22:15:23,Delivered,264.91,57.86,2,UPI,Clear,Low
ORD_002376,CUST_01310,REST_0151,2025-01-13 19:13:16,Delivered,378.55,25.55,5,UPI,Clear,Low
ORD_002377,CUST_00591,REST_0173,2025-05-01 10:08:05,Delivered,2624.45,64.72,6,UPI,Cloudy,High
ORD_002378,CUST_00500,REST_0105,2025-01-06 19:36:56,Delivered,562.88,54.88,3,Debit Card,Cloudy,Medium
ORD_002379,CUST_00508,REST_0035,2025-02-22 12:03:33,Delivered,806.67,144.33,5,UPI,Rain,High
ORD_002380,CUST_00296,REST_0131,2025-02-11 15:50:16,Delivered,779.59,25.1,4,UPI,Heavy Rain,Severe
ORD_002381,CUST_01293,REST_0108,2025-04-28 22:28:06,Delivered,239.41,60.28,3,Credit Card,Rain,High
ORD_002382,CUST_00223,REST_0096,2025-06-23 18:13:19,Delivered,967.44,80.43,5,Credit Card,Rain,Low
ORD_002383,CUST_01364,REST_0081,2025-04-26 11:24:50,Delivered,104.49,11.42,2,UPI,Rain,Low
ORD_002384,CUST_00427,REST_0135,2025-04-04 13:26:26,Cancelled,378.91,0.0,5,UPI,Clear,Medium
ORD_002385,CUST_01351,REST_0047,2025-06-23 21:25:13,Delivered,783.34,83.1,4,UPI,Cloudy,Low
ORD_002386,CUST_01187,REST_0165,2025-05-02 10:20:27,Delivered,80.0,17.16,1,Credit Card,Clear,Medium
ORD_002387,CUST_00877,REST_0176,2025-01-15 13:50:53,Delivered,573.65,114.06,2,Wallet,Clear,Medium
ORD_002388,CUST_01011,REST_0169,2025-05-19 20:27:54,Delivered,366.59,31.29,3,Cash,Clear,High
ORD_002389,CUST_00489,REST_0159,2025-06-03 11:31:47,Delivered,238.63,15.65,3,UPI,Clear,Low
ORD_002390,CUST_00865,REST_0073,2025-04-06 17:12:38,Delivered,581.22,148.12,3,Credit Card,Clear,Low
ORD_002391,CUST_00441,REST_0012,2025-06-11 19:44:16,Delivered,456.26,65.42,1,UPI,Clear,Low
ORD_002392,CUST_00602,REST_0057,2025-02-14 09:59:00,Cancelled,666.77,0.0,3,Debit Card,Cloudy,Medium
ORD_002393,CUST_01149,REST_0163,2025-03-12 23:52:16,Delivered,957.14,95.59,3,Debit Card,Rain,Low
ORD_002394,CUST_00368,REST_0094,2025-06-25 20:48:33,Cancelled,442.98,0.0,3,Credit Card,Clear,Medium
ORD_002395,CUST_01259,REST_0063,2025-04-01 13:59:43,Delivered,148.12,29.48,2,UPI,Cloudy,Medium
ORD_002396,CUST_00561,REST_0083,2025-04-09 15:25:37,Delivered,2543.12,177.25,3,UPI,Clear,High
ORD_002397,CUST_00801,REST_0041,2025-02-08 14:39:58,Delivered,576.93,82.1,1,UPI,Cloudy,Low
ORD_002398,CUST_01415,REST_0024,2025-01-31 12:14:53,Delivered,1047.76,136.68,4,UPI,Cloudy,Severe
ORD_002399,CUST_01026,REST_0181,2025-03-11 20:34:47,Delivered,120.81,18.22,3,Debit Card,Clear,Medium
ORD_002400,CUST_00974,REST_0107,2025-02-12 19:28:22,Delivered,114.73,8.34,2,Wallet,Clear,High
ORD_002401,CUST_01072,REST_0117,2025-06-19 08:54:02,Delivered,1270.95,84.67,4,Debit Card,Rain,High
ORD_002402,CUST_01378,REST_0096,2025-03-31 02:20:59,Delivered,937.0,138.44,5,Credit Card,Clear,Low
ORD_002403,CUST_00376,REST_0070,2025-05-29 21:40:57,Delivered,341.89,6.72,3,UPI,Clear,High
ORD_002404,CUST_00925,REST_0174,2025-02-22 20:36:37,Delivered,550.26,72.55,7,UPI,Clear,High
ORD_002405,CUST_00599,REST_0162,2025-04-19 14:37:45,Delivered,807.75,75.5,2,UPI,Clear,Severe
ORD_002406,CUST_00018,REST_0013,2025-01-11 11:43:47,Delivered,763.13,144.59,5,UPI,Rain,Medium
ORD_002407,CUST_00192,REST_0130,2025-04-15 18:51:47,Delivered,615.16,62.19,3,UPI,Clear,Medium
ORD_002408,CUST_00488,REST_0157,2025-03-02 17:17:08,Delivered,390.47,30.13,2,UPI,Rain,Low
ORD_002409,CUST_00850,REST_0016,2025-03-15 07:07:51,Delivered,639.98,13.09,3,UPI,Cloudy,High
ORD_002410,CUST_01325,REST_0161,2025-02-12 18:38:30,Delivered,449.14,35.29,1,Wallet,Clear,Medium
ORD_002411,CUST_01187,REST_0074,2025-05-22 23:32:28,Cancelled,1336.47,0.0,3,Wallet,Clear,High
ORD_002412,CUST_00833,REST_0019,2025-02-13 18:34:01,Cancelled,103.02,0.0,2,UPI,Clear,Low
ORD_002413,CUST_00114,REST_0047,2025-06-09 15:54:49,Delivered,766.61,146.46,3,Debit Card,Clear,Medium
ORD_002414,CUST_00431,REST_0061,2025-03-28 14:46:15,Delivered,128.63,7.7,1,UPI,Rain,Medium
ORD_002415,CUST_00548,REST_0017,2025-02-09 20:57:39,Delivered,256.87,14.89,2,Wallet,Rain,Severe
ORD_002416,CUST_00938,REST_0049,2025-06-05 09:06:37,Delivered,734.25,107.19,2,UPI,Clear,Medium
ORD_002417,CUST_00100,REST_0154,2025-04-29 19:21:26,Delivered,683.15,145.93,1,Debit Card,Clear,Low
ORD_002418,CUST_00798,REST_0104,2025-05-01 17:31:38,Delivered,812.44,57.47,5,Wallet,Cloudy,Medium
ORD_002419,CUST_01354,REST_0138,2025-06-09 07:44:03,Delivered,254.18,17.93,2,Credit Card,Clear,Severe
ORD_002420,CUST_01062,REST_0159,2025-05-15 10:52:10,Cancelled,115.25,0.0,1,UPI,Clear,Medium
ORD_002421,CUST_01196,REST_0128,2025-03-14 18:57:38,Delivered,358.82,6.17,2,UPI,Clear,Low
ORD_002422,CUST_01027,REST_0015,2025-03-14 13:50:45,Delivered,743.67,106.27,7,UPI,Clear,High
ORD_002423,CUST_00311,REST_0176,2025-04-07 10:15:08,Cancelled,493.24,0.0,2,Wallet,Clear,Severe
ORD_002424,CUST_00169,REST_0093,2025-01-15 12:15:24,Delivered,157.42,11.99,2,UPI,Cloudy,Medium
ORD_002425,CUST_01244,REST_0136,2025-04-09 20:45:06,Delivered,844.89,6.63,3,Wallet,Rain,High
ORD_002426,CUST_01048,REST_0120,2025-02-03 22:22:22,Delivered,255.35,19.6,3,Credit Card,Clear,High
ORD_002427,CUST_00866,REST_0100,2025-05-25 22:26:01,Delivered,1253.89,26.33,5,UPI,Clear,Severe
ORD_002428,CUST_00284,REST_0152,2025-04-11 18:29:02,Delivered,211.29,13.19,3,Debit Card,Clear,Severe
ORD_002429,CUST_00910,REST_0029,2025-05-22 22:22:40,Delivered,498.3,22.22,2,UPI,Cloudy,High
ORD_002430,CUST_00049,REST_0069,2025-05-11 14:08:47,Delivered,790.36,34.13,3,UPI,Clear,Low
ORD_002431,CUST_00182,REST_0119,2025-03-14 21:00:15,Delivered,196.5,20.33,1,Cash,Cloudy,Medium
ORD_002432,CUST_00470,REST_0099,2025-04-04 09:45:09,Delivered,1088.88,41.67,3,Debit Card,Clear,Low
ORD_002433,CUST_00668,REST_0007,2025-06-10 09:50:21,Delivered,1736.93,104.54,3,Credit Card,Cloudy,High
ORD_002434,CUST_00184,REST_0002,2025-05-24 21:52:10,Delivered,2427.71,256.14,3,Cash,Rain,Medium
ORD_002435,CUST_00184,REST_0174,2025-01-14 12:25:43,Delivered,443.77,13.44,3,UPI,Rain,Medium
ORD_002436,CUST_01092,REST_0119,2025-05-28 12:04:00,Delivered,1240.16,33.5,4,Credit Card,Clear,High
ORD_002437,CUST_00858,REST_0156,2025-01-11 09:46:27,Delivered,498.26,182.67,3,UPI,Clear,Medium
ORD_002438,CUST_00803,REST_0116,2025-02-14 22:53:12,Cancelled,176.77,0.0,2,Credit Card,Clear,Medium
ORD_002439,CUST_00681,REST_0063,2025-01-23 12:59:11,Delivered,526.27,78.53,5,UPI,Clear,Low
ORD_002440,CUST_01465,REST_0027,2025-06-24 22:19:15,Delivered,782.64,55.16,2,Credit Card,Clear,Medium
ORD_002441,CUST_00076,REST_0162,2025-02-21 08:44:00,Delivered,2304.12,119.94,4,UPI,Clear,Medium
ORD_002442,CUST_00271,REST_0183,2025-02-12 14:48:00,Delivered,831.91,31.33,5,Wallet,Clear,High
ORD_002443,CUST_00977,REST_0172,2025-01-09 22:42:31,Delivered,2868.96,248.18,3,Wallet,Cloudy,Medium
ORD_002444,CUST_00207,REST_0124,2025-04-20 17:42:01,Delivered,272.7,26.61,3,UPI,Heavy Rain,Severe
ORD_002445,CUST_00889,REST_0119,2025-05-12 11:44:37,Delivered,626.82,34.68,2,UPI,Rain,High
ORD_002446,CUST_00854,REST_0139,2025-05-15 22:57:34,Delivered,207.39,10.92,4,UPI,Clear,Medium
ORD_002447,CUST_01457,REST_0146,2025-01-04 17:19:34,Delivered,694.45,46.76,4,UPI,Rain,Medium
ORD_002448,CUST_01328,REST_0078,2025-04-07 12:20:44,Delivered,1036.96,265.19,4,UPI,Rain,Severe
ORD_002449,CUST_01420,REST_0080,2025-01-14 18:59:47,Delivered,218.63,16.57,4,UPI,Heavy Rain,Severe
ORD_002450,CUST_00174,REST_0041,2025-06-07 19:48:41,Delivered,1972.81,399.63,4,UPI,Clear,Low
ORD_002451,CUST_01305,REST_0181,2025-01-29 20:12:56,Delivered,221.53,8.36,4,Credit Card,Clear,Severe
ORD_002452,CUST_00197,REST_0033,2025-05-21 20:05:15,Delivered,712.63,21.55,4,UPI,Clear,Medium
ORD_002453,CUST_00954,REST_0139,2025-02-10 14:20:52,Cancelled,102.54,0.0,2,Debit Card,Rain,Medium
ORD_002454,CUST_01084,REST_0120,2025-04-18 19:23:42,Delivered,551.19,93.16,4,UPI,Cloudy,High
ORD_002455,CUST_00244,REST_0053,2025-04-13 17:24:00,Cancelled,309.83,0.0,1,UPI,Clear,Medium
ORD_002456,CUST_00954,REST_0188,2025-02-04 12:14:10,Cancelled,115.77,0.0,2,Credit Card,Heavy Rain,High
ORD_002457,CUST_00081,REST_0085,2025-01-09 14:51:29,Delivered,801.71,78.41,4,Debit Card,Cloudy,Medium
ORD_002458,CUST_00442,REST_0132,2025-05-24 20:52:00,Delivered,860.77,169.36,3,UPI,Clear,High
ORD_002459,CUST_01383,REST_0078,2025-06-25 20:56:56,Cancelled,533.03,0.0,2,UPI,Clear,Medium
ORD_002460,CUST_00259,REST_0192,2025-03-08 14:01:00,Delivered,273.16,69.7,2,UPI,Cloudy,Medium
ORD_002461,CUST_00100,REST_0063,2025-04-08 11:24:54,Delivered,320.79,47.96,5,Credit Card,Clear,Medium
ORD_002462,CUST_00668,REST_0103,2025-05-30 18:26:37,Delivered,921.43,44.4,1,Credit Card,Cloudy,High
ORD_002463,CUST_01277,REST_0150,2025-05-17 13:17:21,Delivered,437.9,68.99,4,UPI,Cloudy,Medium
ORD_002464,CUST_00117,REST_0162,2025-04-20 18:43:21,Delivered,4207.36,509.37,8,UPI,Rain,Severe
ORD_002465,CUST_00532,REST_0054,2025-01-06 20:46:54,Delivered,229.45,12.42,1,UPI,Cloudy,High
ORD_002466,CUST_01351,REST_0088,2025-05-23 08:16:02,Delivered,422.54,42.8,7,UPI,Clear,High
ORD_002467,CUST_00181,REST_0122,2025-01-10 14:24:20,Delivered,252.09,14.73,3,UPI,Rain,High
ORD_002468,CUST_00468,REST_0005,2025-04-14 18:31:02,Delivered,262.13,14.68,4,UPI,Clear,Medium
ORD_002469,CUST_01169,REST_0126,2025-06-10 08:11:28,Delivered,129.33,9.29,1,Credit Card,Clear,Low
ORD_002470,CUST_00816,REST_0070,2025-04-13 15:31:19,Delivered,196.76,13.57,2,Wallet,Clear,Low
ORD_002471,CUST_01248,REST_0019,2025-03-09 21:16:18,Delivered,101.85,3.41,2,UPI,Clear,Low
ORD_002472,CUST_00171,REST_0103,2025-05-12 18:21:01,Delivered,2257.13,243.46,3,UPI,Clear,Severe
ORD_002473,CUST_01382,REST_0076,2025-06-19 19:10:52,Delivered,96.66,1.99,2,UPI,Cloudy,Low
ORD_002474,CUST_01404,REST_0188,2025-01-29 22:24:33,Delivered,95.85,24.25,2,UPI,Clear,Medium
ORD_002475,CUST_00236,REST_0081,2025-05-20 19:05:53,Delivered,183.18,8.41,4,UPI,Clear,Severe
ORD_002476,CUST_00053,REST_0154,2025-01-19 22:12:16,Delivered,854.44,77.47,1,UPI,Cloudy,Medium
ORD_002477,CUST_01484,REST_0041,2025-03-17 21:07:47,Delivered,1465.02,58.02,3,Credit Card,Clear,High
ORD_002478,CUST_00726,REST_0199,2025-04-30 18:44:07,Delivered,214.1,47.27,3,UPI,Cloudy,Low
ORD_002479,CUST_00861,REST_0161,2025-03-06 10:11:00,Delivered,2539.63,213.46,5,Credit Card,Rain,High
ORD_002480,CUST_00929,REST_0085,2025-05-28 18:14:58,Delivered,226.86,21.91,1,Wallet,Heavy Rain,High
ORD_002481,CUST_01185,REST_0032,2025-05-04 11:41:38,Failed,747.97,0.0,3,UPI,Cloudy,High
ORD_002482,CUST_01219,REST_0158,2025-05-31 10:34:17,Delivered,90.61,5.1,2,Cash,Clear,Low
ORD_002483,CUST_00291,REST_0158,2025-02-19 16:46:00,Delivered,130.42,23.96,3,Credit Card,Heavy Rain,Severe
ORD_002484,CUST_00358,REST_0124,2025-04-11 21:04:00,Delivered,212.39,8.1,2,UPI,Clear,Low
ORD_002485,CUST_01317,REST_0043,2025-03-23 11:16:05,Delivered,579.49,69.58,2,UPI,Rain,High
ORD_002486,CUST_01230,REST_0182,2025-05-19 13:56:17,Delivered,2016.96,126.14,8,UPI,Clear,Medium
ORD_002487,CUST_00932,REST_0008,2025-02-26 21:40:15,Delivered,714.25,138.15,3,UPI,Rain,Low
ORD_002488,CUST_01493,REST_0076,2025-03-15 20:55:13,Cancelled,183.73,0.0,3,Credit Card,Clear,Low
ORD_002489,CUST_01106,REST_0090,2025-03-13 19:25:48,Delivered,1963.03,78.34,5,Wallet,Cloudy,High
ORD_002490,CUST_00325,REST_0113,2025-06-19 20:49:01,Delivered,473.83,61.83,4,Wallet,Clear,High
ORD_002491,CUST_01271,REST_0150,2025-02-22 02:39:55,Delivered,389.09,3.83,2,UPI,Rain,Medium
ORD_002492,CUST_00621,REST_0065,2025-05-13 22:07:04,Delivered,80.0,11.79,1,UPI,Clear,Medium
ORD_002493,CUST_00055,REST_0066,2025-03-10 09:08:33,Delivered,919.82,89.25,6,Cash,Clear,High
ORD_002494,CUST_00483,REST_0156,2025-06-10 17:42:14,Delivered,576.63,60.65,4,UPI,Clear,Medium
ORD_002495,CUST_01148,REST_0147,2025-03-06 12:50:55,Delivered,424.26,49.76,5,Debit Card,Clear,Medium
ORD_002496,CUST_01442,REST_0070,2025-04-21 09:57:25,Delivered,97.58,17.66,1,UPI,Clear,Medium
ORD_002497,CUST_00415,REST_0127,2025-05-20 19:50:48,Delivered,983.41,93.55,3,Wallet,Clear,High
ORD_002498,CUST_00373,REST_0132,2025-03-18 19:49:30,Cancelled,389.61,0.0,3,Wallet,Clear,High
ORD_002499,CUST_00848,REST_0170,2025-03-02 14:03:33,Delivered,780.5,75.41,3,UPI,Cloudy,High
ORD_002500,CUST_01218,REST_0096,2025-04-05 19:07:07,Delivered,573.28,35.97,3,UPI,Clear,Low
ORD_002501,CUST_01122,REST_0192,2025-04-08 20:18:09,Delivered,609.55,54.56,3,Wallet,Clear,Low
ORD_002502,CUST_00843,REST_0049,2025-05-17 18:28:51,Delivered,1339.7,194.13,6,Credit Card,Clear,Low
ORD_002503,CUST_00952,REST_0024,2025-04-11 12:58:45,Delivered,706.05,69.86,3,UPI,Cloudy,Medium
ORD_002504,CUST_00366,REST_0110,2025-04-14 19:29:59,Delivered,655.62,76.86,3,UPI,Heavy Rain,Severe
ORD_002505,CUST_00650,REST_0138,2025-04-28 19:18:54,Delivered,787.06,77.28,7,UPI,Clear,Medium
ORD_002506,CUST_00386,REST_0060,2025-02-26 22:40:00,Cancelled,1018.03,0.0,4,Cash,Clear,Low
ORD_002507,CUST_01329,REST_0138,2025-06-19 21:38:15,Delivered,545.69,25.94,4,UPI,Heavy Rain,Medium
ORD_002508,CUST_00173,REST_0032,2025-05-05 11:11:45,Delivered,551.23,36.25,3,UPI,Cloudy,Medium
ORD_002509,CUST_01024,REST_0148,2025-05-07 14:00:38,Delivered,2041.6,293.55,3,Cash,Cloudy,Medium
ORD_002510,CUST_00393,REST_0048,2025-05-02 11:21:03,Delivered,168.2,13.64,2,UPI,Rain,Medium
ORD_002511,CUST_00717,REST_0021,2025-01-11 07:54:47,Delivered,1075.08,62.91,3,UPI,Clear,Medium
ORD_002512,CUST_00451,REST_0124,2025-03-26 22:56:36,Delivered,661.93,64.94,8,Debit Card,Clear,High
ORD_002513,CUST_00486,REST_0049,2025-06-27 10:16:32,Delivered,319.16,59.6,1,Debit Card,Clear,Low
ORD_002514,CUST_00393,REST_0029,2025-05-24 15:38:02,Delivered,591.47,104.88,3,Wallet,Clear,Low
ORD_002515,CUST_01132,REST_0110,2025-01-24 13:44:47,Cancelled,939.77,0.0,6,UPI,Rain,High
ORD_002516,CUST_00546,REST_0059,2025-02-24 12:32:59,Delivered,190.24,36.89,2,UPI,Clear,Medium
ORD_002517,CUST_01093,REST_0032,2025-06-07 12:58:52,Delivered,243.36,12.93,1,Wallet,Clear,Medium
ORD_002518,CUST_00686,REST_0144,2025-04-13 11:36:00,Delivered,140.63,47.27,3,Debit Card,Clear,Medium
ORD_002519,CUST_00823,REST_0038,2025-01-05 18:08:31,Cancelled,484.69,0.0,3,Credit Card,Clear,Low
ORD_002520,CUST_00816,REST_0179,2025-04-30 22:17:03,Delivered,2070.23,272.12,2,Credit Card,Cloudy,Medium
ORD_002521,CUST_01464,REST_0088,2025-04-24 17:14:06,Cancelled,159.2,0.0,4,Wallet,Heavy Rain,High
ORD_002522,CUST_00548,REST_0166,2025-04-08 11:04:00,Delivered,388.52,17.42,3,UPI,Clear,Severe
ORD_002523,CUST_00313,REST_0012,2025-06-08 14:19:18,Delivered,1255.98,400.87,4,Debit Card,Clear,Low
ORD_002524,CUST_01368,REST_0104,2025-03-05 22:28:44,Delivered,308.47,54.89,2,UPI,Clear,High
ORD_002525,CUST_00263,REST_0095,2025-04-12 18:30:10,Delivered,768.38,156.77,3,Debit Card,Cloudy,Low
ORD_002526,CUST_01251,REST_0057,2025-03-21 22:13:00,Delivered,732.32,61.57,2,UPI,Cloudy,Medium
ORD_002527,CUST_00229,REST_0068,2025-03-28 06:32:50,Delivered,1449.39,212.0,5,Credit Card,Clear,Low
ORD_002528,CUST_00995,REST_0100,2025-02-06 18:26:05,Delivered,822.97,154.37,3,UPI,Clear,Medium
ORD_002529,CUST_00229,REST_0007,2025-04-01 16:52:00,Delivered,1585.3,72.48,2,UPI,Rain,High
ORD_002530,CUST_01385,REST_0076,2025-02-02 18:39:40,Delivered,80.0,9.97,1,UPI,Clear,Medium
ORD_002531,CUST_00850,REST_0068,2025-04-29 10:08:17,Delivered,630.99,62.73,2,Wallet,Clear,Medium
ORD_002532,CUST_00494,REST_0001,2025-01-15 17:37:16,Delivered,80.0,20.29,1,Credit Card,Clear,Medium
ORD_002533,CUST_00213,REST_0016,2025-03-12 19:22:19,Delivered,439.66,69.3,3,Wallet,Cloudy,Severe
ORD_002534,CUST_00554,REST_0168,2025-02-22 11:11:41,Delivered,303.33,50.08,1,Debit Card,Clear,Medium
ORD_002535,CUST_01061,REST_0068,2025-02-26 19:26:49,Delivered,2754.73,404.75,8,UPI,Clear,Medium
ORD_002536,CUST_00575,REST_0186,2025-04-22 22:20:59,Delivered,164.35,12.73,2,Debit Card,Cloudy,Medium
ORD_002537,CUST_00372,REST_0086,2025-05-01 05:47:39,Delivered,781.17,206.62,5,UPI,Cloudy,Medium
ORD_002538,CUST_00870,REST_0013,2025-01-09 13:48:55,Delivered,929.57,51.93,4,Credit Card,Rain,Medium
ORD_002539,CUST_00627,REST_0010,2025-02-09 08:29:05,Delivered,368.5,37.1,3,Wallet,Clear,Low
ORD_002540,CUST_00250,REST_0030,2025-03-05 12:09:40,Delivered,220.24,29.64,3,Wallet,Rain,Medium
ORD_002541,CUST_00234,REST_0062,2025-06-05 19:10:20,Delivered,1337.16,17.06,2,UPI,Clear,High
ORD_002542,CUST_01065,REST_0062,2025-06-03 18:43:40,Delivered,1310.28,196.06,3,UPI,Cloudy,High
ORD_002543,CUST_01462,REST_0121,2025-01-15 11:05:42,Delivered,354.74,36.42,3,UPI,Clear,Low
ORD_002544,CUST_00353,REST_0004,2025-04-22 21:08:50,Delivered,1043.13,48.18,5,Credit Card,Rain,High
ORD_002545,CUST_01161,REST_0083,2025-06-07 22:42:27,Delivered,872.66,168.13,1,UPI,Cloudy,Medium
ORD_002546,CUST_00134,REST_0158,2025-01-08 13:34:56,Delivered,80.0,18.85,1,UPI,Clear,Low
ORD_002547,CUST_00570,REST_0057,2025-03-31 22:37:10,Delivered,1389.07,335.03,5,UPI,Clear,Medium
ORD_002548,CUST_00764,REST_0121,2025-05-28 19:33:11,Delivered,386.7,56.09,5,UPI,Clear,Low
ORD_002549,CUST_00405,REST_0122,2025-06-25 20:52:47,Delivered,241.13,18.7,3,Cash,Clear,Low
ORD_002550,CUST_00797,REST_0119,2025-06-19 22:12:11,Delivered,488.9,171.87,2,Credit Card,Clear,Medium
ORD_002551,CUST_01326,REST_0102,2025-02-28 12:42:57,Delivered,80.0,3.35,1,UPI,Clear,Low
ORD_002552,CUST_01419,REST_0124,2025-03-24 20:46:49,Delivered,302.1,40.03,4,UPI,Rain,Medium
ORD_002553,CUST_00154,REST_0200,2025-04-22 19:24:15,Delivered,948.86,44.94,3,Credit Card,Rain,Medium
ORD_002554,CUST_00410,REST_0093,2025-01-17 20:42:59,Delivered,80.21,8.61,1,Wallet,Clear,Medium
ORD_002555,CUST_01469,REST_0138,2025-03-29 16:46:00,Delivered,705.37,16.0,5,Credit Card,Rain,High
ORD_002556,CUST_00408,REST_0113,2025-01-24 13:03:43,Delivered,232.67,15.13,2,UPI,Clear,High
ORD_002557,CUST_01044,REST_0144,2025-03-06 11:14:23,Delivered,138.35,25.22,3,Debit Card,Cloudy,Medium
ORD_002558,CUST_00383,REST_0053,2025-01-31 11:10:17,Delivered,225.23,10.45,1,UPI,Heavy Rain,Medium
ORD_002559,CUST_00533,REST_0088,2025-06-05 12:23:38,Cancelled,139.06,0.0,2,Wallet,Clear,High
ORD_002560,CUST_00287,REST_0175,2025-04-29 21:49:41,Delivered,611.52,90.9,3,Credit Card,Cloudy,Medium
ORD_002561,CUST_01286,REST_0075,2025-01-07 12:16:48,Delivered,1195.84,194.54,4,UPI,Cloudy,Low
ORD_002562,CUST_01326,REST_0004,2025-03-09 10:32:18,Delivered,562.33,43.24,3,Credit Card,Cloudy,Low
ORD_002563,CUST_00447,REST_0199,2025-02-23 21:10:30,Delivered,197.66,7.74,3,UPI,Clear,High
ORD_002564,CUST_01236,REST_0012,2025-04-10 18:58:58,Delivered,981.77,83.06,2,UPI,Rain,Medium
ORD_002565,CUST_00535,REST_0080,2025-04-28 17:17:02,Delivered,80.0,6.46,1,Credit Card,Rain,Low
ORD_002566,CUST_00151,REST_0161,2025-01-18 08:27:16,Delivered,1601.9,207.14,4,Debit Card,Rain,Medium
ORD_002567,CUST_01140,REST_0181,2025-06-02 13:39:42,Delivered,281.82,10.74,5,UPI,Clear,Medium
ORD_002568,CUST_00899,REST_0197,2025-03-08 13:46:09,Delivered,650.41,119.07,6,UPI,Rain,Medium
ORD_002569,CUST_00413,REST_0185,2025-06-21 14:18:14,Delivered,456.36,23.2,4,UPI,Cloudy,Low
ORD_002570,CUST_00383,REST_0147,2025-03-26 19:36:27,Delivered,120.13,16.07,2,UPI,Heavy Rain,Severe
ORD_002571,CUST_01464,REST_0030,2025-02-01 12:53:26,Delivered,181.23,27.41,3,Credit Card,Clear,Medium
ORD_002572,CUST_01296,REST_0166,2025-05-03 19:39:40,Delivered,272.7,23.94,3,UPI,Clear,High
ORD_002573,CUST_01215,REST_0098,2025-04-23 21:25:00,Delivered,498.46,67.68,2,UPI,Clear,High
ORD_002574,CUST_00195,REST_0015,2025-05-23 19:33:07,Delivered,170.67,25.27,2,UPI,Clear,Medium
ORD_002575,CUST_01136,REST_0182,2025-06-12 14:24:02,Delivered,764.46,145.29,4,UPI,Clear,Medium
ORD_002576,CUST_00324,REST_0139,2025-01-21 11:31:49,Delivered,93.64,21.29,2,Credit Card,Clear,Medium
ORD_002577,CUST_01466,REST_0145,2025-03-26 19:00:03,Delivered,307.94,54.4,3,Credit Card,Clear,Medium
ORD_002578,CUST_00080,REST_0102,2025-01-04 13:54:33,Delivered,366.81,46.58,5,UPI,Cloudy,Low
ORD_002579,CUST_00527,REST_0191,2025-06-04 11:31:40,Delivered,530.42,39.51,5,UPI,Clear,Medium
ORD_002580,CUST_00645,REST_0176,2025-03-25 16:46:00,Delivered,860.9,149.93,4,UPI,Clear,Low
ORD_002581,CUST_01237,REST_0001,2025-01-23 13:31:40,Delivered,346.39,23.45,6,Debit Card,Clear,Low
ORD_002582,CUST_01151,REST_0173,2025-01-26 11:15:30,Delivered,1516.23,64.35,3,UPI,Cloudy,High
ORD_002583,CUST_00560,REST_0056,2025-02-01 11:17:44,Cancelled,575.89,0.0,5,Wallet,Cloudy,Severe
ORD_002584,CUST_00851,REST_0047,2025-06-22 21:14:02,Delivered,304.0,43.24,2,UPI,Clear,Low
ORD_002585,CUST_01253,REST_0050,2025-03-12 14:07:00,Delivered,1975.51,144.47,7,UPI,Clear,Low
ORD_002586,CUST_00029,REST_0166,2025-05-16 13:14:45,Delivered,186.03,59.2,2,UPI,Clear,Low
ORD_002587,CUST_01204,REST_0176,2025-05-23 21:53:11,Delivered,1373.7,168.01,6,UPI,Rain,High
ORD_002588,CUST_01422,REST_0137,2025-06-19 10:04:26,Delivered,1475.67,189.0,2,UPI,Clear,Medium
ORD_002589,CUST_00050,REST_0068,2025-03-15 18:45:13,Delivered,1086.25,120.51,5,UPI,Clear,Medium
ORD_002590,CUST_00070,REST_0142,2025-03-05 13:57:48,Delivered,383.85,66.18,4,Debit Card,Cloudy,Low
ORD_002591,CUST_00516,REST_0130,2025-01-29 20:26:02,Delivered,1293.43,146.5,7,UPI,Cloudy,Medium
ORD_002592,CUST_00134,REST_0078,2025-03-08 13:59:34,Delivered,483.06,19.42,3,Wallet,Clear,Medium
ORD_002593,CUST_00722,REST_0084,2025-04-24 21:25:02,Delivered,94.52,7.17,2,UPI,Clear,High
ORD_002594,CUST_01097,REST_0042,2025-06-10 21:28:08,Delivered,141.82,7.42,4,Wallet,Clear,Medium
ORD_002595,CUST_00853,REST_0189,2025-02-01 18:57:56,Delivered,263.82,16.38,3,Debit Card,Clear,High
ORD_002596,CUST_00295,REST_0018,2025-05-18 22:11:50,Delivered,575.01,27.73,2,UPI,Clear,High
ORD_002597,CUST_00989,REST_0134,2025-05-11 21:57:46,Delivered,144.74,32.59,1,Debit Card,Clear,Medium
ORD_002598,CUST_01032,REST_0081,2025-06-03 11:33:21,Delivered,100.76,7.84,2,UPI,Cloudy,Medium
ORD_002599,CUST_01400,REST_0014,2025-03-25 20:47:13,Delivered,179.52,4.37,2,UPI,Cloudy,High
ORD_002600,CUST_00223,REST_0116,2025-04-04 11:51:18,Delivered,253.04,37.1,3,UPI,Clear,Medium
ORD_002601,CUST_01044,REST_0103,2025-06-16 01:05:22,Cancelled,4214.36,0.0,5,UPI,Clear,Medium
ORD_002602,CUST_01368,REST_0104,2025-05-18 13:31:59,Delivered,1415.18,245.41,6,Cash,Rain,Medium
ORD_002603,CUST_00756,REST_0156,2025-01-30 09:04:54,Delivered,591.5,59.18,2,UPI,Clear,High
ORD_002604,CUST_00540,REST_0096,2025-03-20 14:51:24,Delivered,1197.46,277.9,8,Credit Card,Clear,Low
ORD_002605,CUST_00257,REST_0190,2025-03-18 18:01:16,Delivered,3066.47,199.56,3,Cash,Clear,Low
ORD_002606,CUST_01303,REST_0059,2025-03-29 14:53:13,Delivered,481.43,199.85,4,UPI,Clear,Medium
ORD_002607,CUST_00589,REST_0033,2025-01-07 13:31:28,Delivered,361.25,75.56,2,Credit Card,Rain,Medium
ORD_002608,CUST_01388,REST_0160,2025-06-23 18:13:52,Delivered,1279.01,86.24,2,Wallet,Cloudy,High
ORD_002609,CUST_01273,REST_0073,2025-04-08 16:10:00,Delivered,848.61,116.68,3,UPI,Clear,Low
ORD_002610,CUST_00562,REST_0095,2025-03-23 22:16:05,Delivered,776.87,122.36,3,UPI,Clear,Low
ORD_002611,CUST_00865,REST_0032,2025-04-04 13:46:00,Delivered,1485.3,465.12,7,UPI,Cloudy,Low
ORD_002612,CUST_00042,REST_0017,2025-02-16 18:28:02,Delivered,592.91,58.37,3,UPI,Clear,Low
ORD_002613,CUST_00397,REST_0076,2025-04-21 18:42:00,Delivered,157.14,39.93,2,UPI,Clear,Medium
ORD_002614,CUST_01069,REST_0006,2025-04-06 18:39:12,Delivered,286.59,3.13,3,Credit Card,Heavy Rain,Medium
ORD_002615,CUST_01022,REST_0042,2025-03-07 09:19:06,Delivered,84.1,10.51,2,UPI,Cloudy,Medium
ORD_002616,CUST_00529,REST_0080,2025-06-06 21:26:57,Delivered,120.8,35.86,2,UPI,Clear,Low
ORD_002617,CUST_01214,REST_0026,2025-06-19 20:25:22,Delivered,913.58,58.27,3,Debit Card,Heavy Rain,Severe
ORD_002618,CUST_00357,REST_0115,2025-01-05 11:10:18,Delivered,348.06,27.61,2,Credit Card,Clear,Low
ORD_002619,CUST_00694,REST_0072,2025-05-20 22:21:25,Delivered,571.55,69.17,4,UPI,Cloudy,Medium
ORD_002620,CUST_00712,REST_0197,2025-02-16 12:43:00,Cancelled,233.03,0.0,2,UPI,Clear,Medium
ORD_002621,CUST_00511,REST_0110,2025-01-18 21:07:20,Delivered,366.32,23.76,2,UPI,Cloudy,Low
ORD_002622,CUST_01433,REST_0072,2025-04-21 21:12:18,Delivered,465.91,47.37,3,Debit Card,Clear,Low
ORD_002623,CUST_01050,REST_0189,2025-06-14 19:57:04,Delivered,95.76,13.25,1,UPI,Clear,High
ORD_002624,CUST_00811,REST_0017,2025-02-01 19:01:04,Delivered,707.82,92.27,3,Debit Card,Clear,Low
ORD_002625,CUST_00769,REST_0111,2025-06-28 15:18:14,Delivered,721.63,81.55,1,UPI,Cloudy,Medium
ORD_002626,CUST_00242,REST_0139,2025-03-13 22:37:21,Delivered,328.46,99.82,5,Debit Card,Clear,Medium
ORD_002627,CUST_00555,REST_0039,2025-02-17 17:16:00,Delivered,1064.39,100.09,4,UPI,Clear,Low
ORD_002628,CUST_01015,REST_0125,2025-05-07 18:05:51,Delivered,909.48,289.12,3,UPI,Clear,Medium
ORD_002629,CUST_01388,REST_0198,2025-06-30 22:02:46,Delivered,541.56,18.2,3,UPI,Heavy Rain,High
ORD_002630,CUST_01225,REST_0095,2025-04-04 18:26:21,Cancelled,1257.64,0.0,4,Debit Card,Rain,High
ORD_002631,CUST_00452,REST_0113,2025-01-06 19:45:30,Delivered,495.12,132.2,4,UPI,Clear,Low
ORD_002632,CUST_00653,REST_0094,2025-03-02 22:05:49,Delivered,235.06,39.69,2,UPI,Heavy Rain,High
ORD_002633,CUST_00127,REST_0111,2025-05-28 09:40:10,Delivered,4684.16,252.31,3,Cash,Cloudy,Medium
ORD_002634,CUST_00156,REST_0043,2025-02-22 18:37:00,Delivered,472.61,94.47,2,UPI,Clear,Low
ORD_002635,CUST_00709,REST_0144,2025-02-15 19:23:12,Delivered,216.41,17.92,4,Credit Card,Clear,High
ORD_002636,CUST_00798,REST_0193,2025-03-30 20:24:28,Delivered,235.67,2.59,3,UPI,Rain,Severe
ORD_002637,CUST_00398,REST_0120,2025-06-08 12:01:55,Delivered,325.2,49.43,3,UPI,Clear,High
ORD_002638,CUST_00970,REST_0148,2025-05-20 18:26:55,Delivered,2367.24,131.01,4,UPI,Clear,High
ORD_002639,CUST_01059,REST_0082,2025-03-19 21:35:09,Delivered,186.88,16.34,1,UPI,Cloudy,Medium
ORD_002640,CUST_00451,REST_0063,2025-01-29 23:20:37,Delivered,324.94,37.88,6,Debit Card,Clear,Medium
ORD_002641,CUST_01141,REST_0181,2025-06-18 13:47:58,Delivered,255.6,23.16,5,Wallet,Cloudy,Medium
ORD_002642,CUST_00310,REST_0033,2025-05-21 22:07:54,Delivered,176.46,9.27,1,Wallet,Cloudy,High
ORD_002643,CUST_00818,REST_0153,2025-04-28 10:35:08,Delivered,1651.58,111.6,2,UPI,Cloudy,Medium
ORD_002644,CUST_01207,REST_0012,2025-05-31 21:20:00,Delivered,2326.16,574.23,5,UPI,Cloudy,Low
ORD_002645,CUST_00808,REST_0193,2025-02-15 14:39:10,Delivered,153.26,18.39,2,UPI,Clear,High
ORD_002646,CUST_01363,REST_0064,2025-04-11 18:52:23,Failed,2400.99,0.0,3,UPI,Clear,Medium
ORD_002647,CUST_00089,REST_0071,2025-05-08 22:28:38,Delivered,627.4,258.83,2,Credit Card,Clear,Medium
ORD_002648,CUST_00887,REST_0147,2025-05-08 13:44:10,Delivered,643.83,274.15,6,UPI,Cloudy,Low
ORD_002649,CUST_00845,REST_0129,2025-04-11 14:54:31,Failed,874.3,0.0,3,Wallet,Rain,Medium
ORD_002650,CUST_00997,REST_0035,2025-04-19 20:07:09,Delivered,544.07,30.23,3,UPI,Clear,Low
ORD_002651,CUST_01250,REST_0192,2025-05-19 13:38:25,Delivered,719.89,116.71,5,Credit Card,Cloudy,Medium
ORD_002652,CUST_01092,REST_0166,2025-03-13 14:31:45,Delivered,532.86,110.55,6,UPI,Clear,Low
ORD_002653,CUST_01186,REST_0033,2025-06-05 22:34:01,Cancelled,624.9,0.0,4,UPI,Cloudy,High
ORD_002654,CUST_00436,REST_0029,2025-01-22 20:57:02,Delivered,418.26,45.66,2,Wallet,Clear,Low
ORD_002655,CUST_00578,REST_0028,2025-02-15 22:07:03,Delivered,264.51,74.8,1,UPI,Clear,Medium
ORD_002656,CUST_00946,REST_0091,2025-01-15 10:51:38,Delivered,354.96,29.48,5,UPI,Rain,Medium
ORD_002657,CUST_00833,REST_0022,2025-04-30 09:08:41,Delivered,300.2,10.14,3,UPI,Clear,Low
ORD_002658,CUST_01443,REST_0154,2025-06-11 18:20:22,Cancelled,1202.53,0.0,2,UPI,Rain,Severe
ORD_002659,CUST_00280,REST_0096,2025-01-18 20:53:23,Delivered,798.46,55.17,5,Credit Card,Cloudy,High
ORD_002660,CUST_00525,REST_0113,2025-02-11 17:37:53,Delivered,151.35,8.12,1,UPI,Cloudy,High
ORD_002661,CUST_00862,REST_0200,2025-06-29 11:18:16,Delivered,1062.53,219.71,4,UPI,Clear,Medium
ORD_002662,CUST_01305,REST_0173,2025-03-07 20:38:26,Cancelled,3150.31,0.0,6,UPI,Rain,High
ORD_002663,CUST_01395,REST_0030,2025-03-19 12:07:08,Delivered,298.98,10.1,4,Wallet,Clear,Medium
ORD_002664,CUST_00504,REST_0104,2025-06-20 22:13:26,Delivered,370.27,7.1,3,Credit Card,Rain,Medium
ORD_002665,CUST_00103,REST_0110,2025-05-16 18:54:13,Delivered,420.69,23.57,3,UPI,Cloudy,High
ORD_002666,CUST_00632,REST_0143,2025-02-21 21:48:07,Delivered,1324.63,81.49,4,Debit Card,Clear,Low
ORD_002667,CUST_00589,REST_0056,2025-06-14 21:16:12,Delivered,267.31,29.13,4,UPI,Clear,Low
ORD_002668,CUST_01479,REST_0029,2025-04-28 20:40:08,Cancelled,569.75,0.0,2,Debit Card,Clear,Low
ORD_002669,CUST_00648,REST_0003,2025-01-27 18:11:41,Cancelled,368.4,0.0,3,Wallet,Clear,High
ORD_002670,CUST_00461,REST_0031,2025-03-27 19:38:30,Delivered,200.23,15.08,1,Wallet,Clear,Medium
ORD_002671,CUST_00545,REST_0004,2025-06-30 18:08:38,Delivered,712.83,61.87,3,UPI,Clear,Medium
ORD_002672,CUST_00594,REST_0124,2025-05-18 13:29:01,Delivered,111.3,12.35,2,UPI,Clear,Low
ORD_002673,CUST_01233,REST_0124,2025-03-23 17:31:23,Delivered,80.0,8.64,1,UPI,Clear,Low
ORD_002674,CUST_00123,REST_0164,2025-04-12 13:24:24,Delivered,973.15,43.65,5,UPI,Clear,High
ORD_002675,CUST_00476,REST_0039,2025-02-01 12:31:55,Delivered,450.83,98.6,2,UPI,Cloudy,Low
ORD_002676,CUST_01450,REST_0169,2025-06-08 19:34:29,Delivered,335.83,23.19,2,UPI,Clear,High
ORD_002677,CUST_00232,REST_0076,2025-04-07 22:32:45,Delivered,80.0,12.79,1,UPI,Cloudy,Medium
ORD_002678,CUST_01117,REST_0072,2025-02-02 18:29:43,Failed,420.52,0.0,2,Credit Card,Cloudy,Low
ORD_002679,CUST_00533,REST_0002,2025-03-20 22:27:31,Delivered,857.66,35.28,1,UPI,Clear,High
ORD_002680,CUST_00877,REST_0200,2025-01-30 20:37:59,Delivered,763.14,100.87,2,UPI,Cloudy,Medium
ORD_002681,CUST_00152,REST_0089,2025-05-20 21:47:09,Delivered,1177.92,76.63,7,UPI,Clear,High
ORD_002682,CUST_00462,REST_0021,2025-03-27 22:10:15,Delivered,299.33,11.27,1,UPI,Rain,High
ORD_002683,CUST_00755,REST_0102,2025-02-18 19:13:05,Delivered,80.0,5.58,1,Cash,Clear,Medium
ORD_002684,CUST_00351,REST_0126,2025-06-19 19:30:41,Delivered,282.78,33.83,2,Credit Card,Clear,Medium
ORD_002685,CUST_00814,REST_0032,2025-02-12 16:52:00,Delivered,749.72,80.93,2,UPI,Cloudy,Medium
ORD_002686,CUST_00332,REST_0001,2025-06-16 12:51:23,Delivered,261.2,32.93,4,UPI,Clear,Low
ORD_002687,CUST_00981,REST_0044,2025-05-19 21:07:21,Delivered,481.21,70.22,5,UPI,Heavy Rain,High
ORD_002688,CUST_01358,REST_0186,2025-06-29 22:04:34,Delivered,180.85,78.02,2,Credit Card,Cloudy,Low
ORD_002689,CUST_00130,REST_0098,2025-06-09 13:38:50,Cancelled,382.98,0.0,3,UPI,Clear,Medium
ORD_002690,CUST_00327,REST_0039,2025-01-04 12:18:25,Delivered,1448.02,87.62,6,Debit Card,Cloudy,High
ORD_002691,CUST_01268,REST_0078,2025-02-19 19:31:46,Delivered,210.95,8.18,1,UPI,Clear,High
ORD_002692,CUST_00952,REST_0154,2025-04-27 15:25:23,Delivered,2157.38,443.84,3,UPI,Clear,Medium
ORD_002693,CUST_00120,REST_0066,2025-02-20 14:37:25,Delivered,746.57,122.04,5,Cash,Clear,Medium
ORD_002694,CUST_00733,REST_0003,2025-05-04 19:05:44,Delivered,1161.1,210.52,6,Cash,Rain,High
ORD_002695,CUST_00316,REST_0054,2025-01-31 21:47:39,Cancelled,484.11,0.0,2,Credit Card,Clear,Low
ORD_002696,CUST_00300,REST_0094,2025-02-14 11:51:51,Delivered,503.53,65.16,4,Wallet,Cloudy,Low
ORD_002697,CUST_01413,REST_0141,2025-03-17 15:25:02,Delivered,140.96,19.95,1,Cash,Heavy Rain,Low
ORD_002698,CUST_01145,REST_0076,2025-03-20 16:23:50,Delivered,119.3,13.03,2,UPI,Clear,High
ORD_002699,CUST_01049,REST_0019,2025-02-13 12:54:43,Delivered,192.61,43.84,3,UPI,Clear,Medium
ORD_002700,CUST_00361,REST_0111,2025-01-22 22:15:23,Cancelled,3003.75,0.0,3,Credit Card,Cloudy,Medium
ORD_002701,CUST_00182,REST_0053,2025-04-04 22:45:00,Delivered,1200.1,87.84,5,UPI,Clear,Medium
ORD_002702,CUST_01308,REST_0050,2025-03-14 14:29:41,Delivered,2180.51,112.14,6,Credit Card,Cloudy,High
ORD_002703,CUST_00009,REST_0099,2025-03-15 11:06:56,Delivered,682.91,129.4,3,UPI,Rain,High
ORD_002704,CUST_00579,REST_0127,2025-06-09 10:10:09,Delivered,1042.04,75.79,4,Cash,Clear,Low
ORD_002705,CUST_00418,REST_0106,2025-05-30 19:46:13,Delivered,441.39,46.05,2,Debit Card,Cloudy,Medium
ORD_002706,CUST_00859,REST_0144,2025-05-11 18:52:15,Delivered,171.45,11.12,3,UPI,Rain,Medium
ORD_002707,CUST_00379,REST_0162,2025-04-29 20:34:39,Delivered,1810.12,276.0,3,Debit Card,Clear,Medium
ORD_002708,CUST_00469,REST_0113,2025-05-10 09:33:54,Delivered,310.7,13.59,3,Wallet,Rain,Medium
ORD_002709,CUST_01276,REST_0019,2025-01-18 20:37:41,Delivered,103.93,15.34,2,UPI,Cloudy,Medium
ORD_002710,CUST_00910,REST_0176,2025-01-07 11:15:58,Delivered,375.79,7.74,2,UPI,Clear,High
ORD_002711,CUST_00221,REST_0183,2025-02-18 20:19:30,Delivered,689.34,30.66,4,UPI,Cloudy,Low
ORD_002712,CUST_01093,REST_0032,2025-04-26 18:17:31,Delivered,1265.99,229.99,4,Debit Card,Clear,Medium
ORD_002713,CUST_00313,REST_0063,2025-04-10 19:05:00,Delivered,196.41,43.96,3,UPI,Clear,Medium
ORD_002714,CUST_00651,REST_0144,2025-04-09 15:45:00,Delivered,104.13,10.94,2,Debit Card,Clear,High
ORD_002715,CUST_00976,REST_0114,2025-02-25 21:18:53,Delivered,550.56,37.75,4,Wallet,Cloudy,High
ORD_002716,CUST_00410,REST_0193,2025-03-09 17:52:37,Delivered,133.95,5.79,3,Credit Card,Clear,Low
ORD_002717,CUST_00574,REST_0100,2025-02-09 19:08:30,Delivered,1049.56,15.66,4,UPI,Rain,Medium
ORD_002718,CUST_01104,REST_0136,2025-05-18 09:09:57,Delivered,1904.42,287.96,5,UPI,Cloudy,Medium
ORD_002719,CUST_01409,REST_0077,2025-02-05 18:56:42,Delivered,295.23,13.39,3,Credit Card,Clear,Low
ORD_002720,CUST_00797,REST_0166,2025-04-17 12:11:59,Delivered,102.02,1.4,1,Wallet,Cloudy,High
ORD_002721,CUST_00015,REST_0146,2025-02-18 18:59:03,Delivered,268.41,45.25,1,Wallet,Cloudy,Low
ORD_002722,CUST_00508,REST_0146,2025-04-12 14:25:33,Delivered,240.82,16.43,1,UPI,Clear,Low
ORD_002723,CUST_00596,REST_0123,2025-01-09 21:50:00,Delivered,172.44,32.54,1,UPI,Clear,High
ORD_002724,CUST_00509,REST_0143,2025-04-22 19:09:53,Delivered,835.68,61.76,3,UPI,Clear,Low
ORD_002725,CUST_00656,REST_0060,2025-06-20 12:24:30,Delivered,1341.15,161.55,5,UPI,Clear,Medium
ORD_002726,CUST_00954,REST_0124,2025-04-13 04:02:38,Delivered,604.71,129.14,5,UPI,Cloudy,Medium
ORD_002727,CUST_00185,REST_0139,2025-06-15 16:00:04,Delivered,133.38,21.39,3,Credit Card,Clear,Severe
ORD_002728,CUST_00411,REST_0063,2025-04-30 18:44:25,Delivered,124.84,3.1,2,UPI,Clear,High
ORD_002729,CUST_00765,REST_0064,2025-04-24 20:33:00,Delivered,2383.14,189.48,3,UPI,Cloudy,Low
ORD_002730,CUST_00475,REST_0019,2025-06-11 20:20:50,Delivered,304.63,70.12,5,UPI,Clear,Medium
ORD_002731,CUST_01486,REST_0054,2025-06-03 22:08:40,Failed,658.46,0.0,4,Credit Card,Rain,Low
ORD_002732,CUST_00648,REST_0003,2025-03-28 22:08:54,Delivered,1166.14,97.78,6,UPI,Clear,Medium
ORD_002733,CUST_01307,REST_0027,2025-02-19 19:57:09,Delivered,1607.31,96.84,5,Debit Card,Clear,High
ORD_002734,CUST_01347,REST_0175,2025-03-19 11:55:53,Delivered,875.37,152.08,5,UPI,Clear,Low
ORD_002735,CUST_01254,REST_0172,2025-02-06 18:37:47,Delivered,3047.14,636.25,3,Debit Card,Clear,Low
ORD_002736,CUST_00072,REST_0088,2025-05-30 19:10:52,Delivered,80.0,3.53,1,UPI,Clear,Low
ORD_002737,CUST_01424,REST_0123,2025-04-25 13:52:19,Cancelled,1034.17,0.0,6,Debit Card,Rain,High
ORD_002738,CUST_00196,REST_0185,2025-02-06 23:04:35,Delivered,274.01,26.52,3,Debit Card,Clear,Low
ORD_002739,CUST_00053,REST_0076,2025-06-29 19:51:43,Cancelled,235.92,0.0,4,Debit Card,Clear,Low
ORD_002740,CUST_00621,REST_0105,2025-06-29 07:19:38,Delivered,607.34,44.63,4,UPI,Cloudy,Low
ORD_002741,CUST_00293,REST_0082,2025-04-07 17:06:29,Delivered,665.05,30.86,5,Credit Card,Cloudy,High
ORD_002742,CUST_00276,REST_0097,2025-03-07 20:39:00,Delivered,509.63,121.59,6,UPI,Clear,Low
ORD_002743,CUST_00434,REST_0192,2025-02-27 23:25:39,Delivered,165.47,21.88,1,UPI,Clear,Low
ORD_002744,CUST_00376,REST_0065,2025-03-16 22:04:39,Delivered,151.96,17.46,2,UPI,Clear,Medium
ORD_002745,CUST_01032,REST_0066,2025-01-26 20:16:36,Delivered,431.36,5.21,3,UPI,Rain,Medium
ORD_002746,CUST_00280,REST_0116,2025-03-07 11:46:39,Delivered,572.94,34.87,5,Debit Card,Cloudy,Medium
ORD_002747,CUST_00816,REST_0033,2025-04-02 12:39:00,Delivered,183.38,24.36,1,UPI,Clear,Low
ORD_002748,CUST_01479,REST_0031,2025-06-23 14:17:26,Delivered,325.77,38.14,2,UPI,Clear,Low
ORD_002749,CUST_00650,REST_0093,2025-04-13 16:06:00,Delivered,202.19,12.68,2,Wallet,Heavy Rain,Severe
ORD_002750,CUST_00969,REST_0041,2025-05-09 06:51:56,Delivered,1982.41,53.71,4,UPI,Rain,High
ORD_002751,CUST_01455,REST_0008,2025-06-22 13:57:48,Delivered,679.19,154.36,3,Debit Card,Cloudy,Low
ORD_002752,CUST_00209,REST_0164,2025-02-21 13:17:30,Delivered,172.99,7.59,1,UPI,Clear,Medium
ORD_002753,CUST_00628,REST_0002,2025-02-18 12:09:08,Delivered,3665.01,503.8,4,UPI,Clear,Medium
ORD_002754,CUST_01277,REST_0156,2025-04-02 21:17:11,Delivered,245.2,5.58,2,UPI,Clear,High
ORD_002755,CUST_01400,REST_0138,2025-03-13 02:04:06,Delivered,351.24,14.44,3,UPI,Rain,Low
ORD_002756,CUST_00907,REST_0042,2025-05-23 19:37:25,Delivered,86.91,2.05,2,UPI,Cloudy,High
ORD_002757,CUST_00218,REST_0050,2025-06-15 19:32:20,Delivered,1541.01,341.71,5,Debit Card,Rain,Low
ORD_002758,CUST_01354,REST_0093,2025-05-25 19:58:55,Failed,265.82,0.0,3,Credit Card,Rain,Severe
ORD_002759,CUST_00262,REST_0066,2025-01-02 19:40:18,Delivered,146.66,29.38,1,UPI,Clear,Medium
ORD_002760,CUST_00528,REST_0131,2025-06-15 23:03:02,Delivered,631.41,45.16,3,UPI,Clear,Medium
ORD_002761,CUST_00560,REST_0089,2025-06-11 13:48:26,Delivered,543.4,29.48,3,UPI,Rain,High
ORD_002762,CUST_00674,REST_0020,2025-04-22 18:00:43,Delivered,301.55,9.3,4,Credit Card,Rain,Low
ORD_002763,CUST_01186,REST_0070,2025-02-21 14:00:15,Delivered,132.91,1.35,1,UPI,Clear,High
ORD_002764,CUST_01203,REST_0184,2025-01-11 21:56:12,Delivered,1368.38,135.83,2,UPI,Rain,Severe
ORD_002765,CUST_01084,REST_0132,2025-01-15 10:37:10,Delivered,517.44,93.67,2,Debit Card,Clear,Low
ORD_002766,CUST_00035,REST_0039,2025-05-01 20:19:35,Delivered,1055.43,68.56,4,UPI,Cloudy,Medium
ORD_002767,CUST_00850,REST_0123,2025-03-12 10:34:00,Delivered,648.33,134.35,4,Debit Card,Clear,Medium
ORD_002768,CUST_01124,REST_0008,2025-06-06 18:20:14,Delivered,908.57,94.28,4,Debit Card,Rain,High
ORD_002769,CUST_00669,REST_0018,2025-06-10 11:03:11,Delivered,891.61,77.66,3,UPI,Clear,Medium
ORD_002770,CUST_01420,REST_0140,2025-03-30 12:57:05,Delivered,192.13,13.49,2,UPI,Cloudy,Medium
ORD_002771,CUST_01237,REST_0039,2025-01-12 13:16:00,Delivered,1265.85,57.27,4,Credit Card,Clear,High
ORD_002772,CUST_00963,REST_0142,2025-01-14 02:03:51,Delivered,318.92,60.8,5,Cash,Clear,Medium
ORD_002773,CUST_00095,REST_0009,2025-03-07 11:45:49,Delivered,5000.0,1000.0,6,UPI,Cloudy,Medium
ORD_002774,CUST_00985,REST_0031,2025-03-01 11:32:47,Delivered,1152.03,109.07,5,Wallet,Cloudy,Medium
ORD_002775,CUST_01368,REST_0173,2025-06-16 13:59:29,Delivered,1749.9,66.91,3,Wallet,Heavy Rain,High
ORD_002776,CUST_00567,REST_0082,2025-06-04 22:54:05,Delivered,328.58,30.05,2,UPI,Clear,Medium
ORD_002777,CUST_01257,REST_0024,2025-01-26 07:50:02,Delivered,1189.89,7.94,5,Cash,Clear,High
ORD_002778,CUST_00472,REST_0183,2025-04-26 08:05:48,Delivered,402.98,12.54,2,UPI,Heavy Rain,Severe
ORD_002779,CUST_00858,REST_0187,2025-04-24 21:59:12,Delivered,434.51,124.24,8,UPI,Clear,Low
ORD_002780,CUST_00979,REST_0098,2025-04-12 11:48:53,Delivered,1251.49,156.22,4,UPI,Cloudy,Low
ORD_002781,CUST_01022,REST_0042,2025-04-01 11:07:57,Delivered,204.89,17.2,4,UPI,Cloudy,Low
ORD_002782,CUST_01326,REST_0096,2025-04-12 18:59:36,Delivered,674.58,35.71,5,Debit Card,Rain,High
ORD_002783,CUST_00355,REST_0039,2025-06-06 18:09:10,Delivered,692.46,118.33,4,UPI,Clear,High
ORD_002784,CUST_00396,REST_0011,2025-02-04 11:07:20,Delivered,738.64,142.24,6,Wallet,Clear,Low
ORD_002785,CUST_01060,REST_0019,2025-06-14 13:30:57,Delivered,217.66,54.89,3,Cash,Clear,Low
ORD_002786,CUST_00266,REST_0148,2025-02-22 20:26:39,Delivered,1667.86,142.17,2,Debit Card,Clear,Medium
ORD_002787,CUST_00699,REST_0034,2025-03-26 13:59:14,Delivered,187.87,10.89,2,Credit Card,Cloudy,Medium
ORD_002788,CUST_00032,REST_0192,2025-06-10 18:46:35,Delivered,949.55,81.72,6,Credit Card,Clear,Low
ORD_002789,CUST_00214,REST_0093,2025-04-25 19:22:27,Delivered,167.0,35.84,2,Credit Card,Rain,Medium
ORD_002790,CUST_01023,REST_0193,2025-01-05 09:05:41,Delivered,412.69,60.74,5,Wallet,Clear,Medium
ORD_002791,CUST_01123,REST_0177,2025-02-16 10:40:12,Delivered,80.65,9.9,1,Debit Card,Clear,Medium
ORD_002792,CUST_00177,REST_0141,2025-03-20 20:18:00,Delivered,901.22,164.35,5,Debit Card,Rain,High
ORD_002793,CUST_00344,REST_0124,2025-03-07 18:48:37,Delivered,339.9,24.89,3,UPI,Clear,Low
ORD_002794,CUST_00151,REST_0100,2025-01-14 15:20:11,Delivered,564.06,84.33,2,Debit Card,Cloudy,Medium
ORD_002795,CUST_00652,REST_0138,2025-04-25 13:56:39,Delivered,102.5,2.68,1,UPI,Cloudy,High
ORD_002796,CUST_00193,REST_0014,2025-03-27 18:51:47,Delivered,242.88,9.72,2,UPI,Clear,Low
ORD_002797,CUST_00658,REST_0051,2025-03-23 18:01:28,Delivered,113.79,22.82,1,UPI,Clear,Medium
ORD_002798,CUST_01102,REST_0029,2025-06-08 11:17:08,Delivered,457.02,90.89,2,UPI,Clear,High
ORD_002799,CUST_01029,REST_0023,2025-03-13 21:47:13,Delivered,359.28,43.31,3,UPI,Clear,Medium
ORD_002800,CUST_00422,REST_0109,2025-02-27 20:10:19,Delivered,163.31,25.0,2,UPI,Heavy Rain,High
ORD_002801,CUST_01016,REST_0161,2025-05-31 14:14:29,Delivered,2455.7,21.01,4,UPI,Clear,High
ORD_002802,CUST_01392,REST_0197,2025-02-25 21:58:15,Delivered,551.05,32.07,4,Debit Card,Heavy Rain,Medium
ORD_002803,CUST_00520,REST_0024,2025-04-19 18:50:57,Delivered,1290.45,36.62,5,Debit Card,Cloudy,Medium
ORD_002804,CUST_00494,REST_0005,2025-04-16 01:37:07,Delivered,98.22,13.89,2,UPI,Rain,High
ORD_002805,CUST_00860,REST_0071,2025-02-25 18:11:17,Delivered,405.13,11.26,3,UPI,Clear,Medium
ORD_002806,CUST_00371,REST_0155,2025-06-05 08:20:22,Delivered,351.5,36.52,4,UPI,Clear,Severe
ORD_002807,CUST_00984,REST_0182,2025-05-29 22:55:38,Delivered,205.87,15.35,1,UPI,Rain,Low
ORD_002808,CUST_01248,REST_0023,2025-05-24 21:26:00,Delivered,339.07,112.52,2,Wallet,Cloudy,Medium
ORD_002809,CUST_00691,REST_0134,2025-04-18 21:45:17,Delivered,405.69,33.31,3,UPI,Cloudy,High
ORD_002810,CUST_01024,REST_0021,2025-02-10 11:24:41,Delivered,457.99,8.67,1,UPI,Clear,Low
ORD_002811,CUST_00984,REST_0167,2025-05-23 19:53:03,Delivered,114.07,5.8,2,UPI,Clear,Medium
ORD_002812,CUST_00059,REST_0172,2025-03-18 21:24:02,Delivered,961.63,96.59,1,UPI,Clear,Medium
ORD_002813,CUST_00275,REST_0176,2025-06-12 22:08:13,Delivered,310.39,47.31,2,UPI,Rain,Medium
ORD_002814,CUST_01343,REST_0186,2025-05-30 21:23:22,Delivered,80.0,5.83,1,UPI,Cloudy,Medium
ORD_002815,CUST_01410,REST_0191,2025-06-14 13:56:35,Delivered,1275.92,44.89,6,Wallet,Clear,Low
ORD_002816,CUST_01172,REST_0092,2025-05-07 19:55:19,Delivered,645.31,127.96,2,Wallet,Clear,Medium
ORD_002817,CUST_01383,REST_0059,2025-03-22 18:44:00,Delivered,683.62,6.0,5,Debit Card,Rain,High
ORD_002818,CUST_00462,REST_0089,2025-01-04 22:40:39,Cancelled,440.13,0.0,2,UPI,Cloudy,High
ORD_002819,CUST_00374,REST_0124,2025-02-27 22:35:18,Delivered,211.34,13.85,3,UPI,Cloudy,High
ORD_002820,CUST_00574,REST_0071,2025-03-17 19:11:28,Delivered,1450.04,185.54,7,UPI,Clear,High
ORD_002821,CUST_00085,REST_0002,2025-03-09 18:29:22,Delivered,2060.17,485.45,2,UPI,Clear,Medium
ORD_002822,CUST_01215,REST_0098,2025-05-14 14:21:36,Delivered,1062.34,202.47,5,Debit Card,Clear,Medium
ORD_002823,CUST_01476,REST_0157,2025-03-09 13:40:34,Cancelled,454.51,0.0,2,UPI,Rain,Severe
ORD_002824,CUST_01237,REST_0187,2025-04-08 13:55:56,Delivered,136.61,4.68,2,Cash,Clear,Low
ORD_002825,CUST_00835,REST_0103,2025-06-20 20:10:16,Delivered,3185.58,238.74,5,Debit Card,Clear,Low
ORD_002826,CUST_00445,REST_0170,2025-02-20 22:23:45,Delivered,641.31,35.14,3,Debit Card,Cloudy,Medium
ORD_002827,CUST_00297,REST_0088,2025-05-05 11:02:28,Delivered,320.32,13.7,6,Debit Card,Rain,Medium
ORD_002828,CUST_00544,REST_0171,2025-02-21 19:44:53,Delivered,2286.14,55.04,3,UPI,Heavy Rain,Medium
ORD_002829,CUST_01007,REST_0014,2025-03-18 12:51:52,Delivered,99.08,1.71,1,UPI,Rain,Medium
ORD_002830,CUST_00673,REST_0073,2025-01-31 08:47:47,Delivered,541.22,39.29,3,UPI,Clear,Low
ORD_002831,CUST_01403,REST_0097,2025-03-31 17:37:03,Delivered,471.6,41.66,5,UPI,Rain,Medium
ORD_002832,CUST_01283,REST_0117,2025-06-12 09:18:08,Delivered,681.25,136.56,4,UPI,Clear,Low
ORD_002833,CUST_00157,REST_0117,2025-06-23 11:55:18,Delivered,988.07,153.75,5,Debit Card,Clear,Medium
ORD_002834,CUST_00200,REST_0121,2025-04-06 08:56:00,Delivered,581.37,13.65,4,Debit Card,Rain,Severe
ORD_002835,CUST_01020,REST_0090,2025-05-07 22:07:23,Delivered,1169.08,158.85,3,Debit Card,Cloudy,Medium
ORD_002836,CUST_00349,REST_0030,2025-03-31 22:40:40,Delivered,337.3,53.15,4,Cash,Cloudy,Medium
ORD_002837,CUST_01187,REST_0183,2025-03-04 22:57:02,Delivered,671.32,26.76,3,Wallet,Clear,High
ORD_002838,CUST_00892,REST_0161,2025-05-15 10:55:01,Delivered,2016.1,351.32,4,Wallet,Clear,Low
ORD_002839,CUST_00348,REST_0107,2025-06-10 12:11:52,Delivered,123.51,14.8,2,UPI,Clear,Low
ORD_002840,CUST_00721,REST_0094,2025-05-05 11:26:17,Delivered,905.91,97.46,6,Credit Card,Clear,Medium
ORD_002841,CUST_00609,REST_0024,2025-03-09 21:20:35,Delivered,925.69,163.6,4,Credit Card,Cloudy,Low
ORD_002842,CUST_01312,REST_0056,2025-04-04 13:22:20,Delivered,112.67,2.5,1,Credit Card,Clear,Medium
ORD_002843,CUST_00050,REST_0023,2025-03-13 20:56:55,Delivered,443.53,184.92,3,UPI,Clear,Medium
ORD_002844,CUST_01346,REST_0091,2025-01-13 07:21:06,Delivered,335.88,109.77,4,UPI,Clear,High
ORD_002845,CUST_00985,REST_0176,2025-01-24 11:57:49,Delivered,216.67,32.87,1,UPI,Cloudy,Low
ORD_002846,CUST_01109,REST_0049,2025-01-26 13:10:39,Delivered,404.07,125.11,1,Cash,Cloudy,Medium
ORD_002847,CUST_00004,REST_0035,2025-04-12 10:29:03,Delivered,646.19,199.56,5,UPI,Cloudy,Low
ORD_002848,CUST_00948,REST_0183,2025-01-02 11:16:22,Delivered,1882.27,172.98,8,Wallet,Clear,Medium
ORD_002849,CUST_00887,REST_0152,2025-02-14 21:41:38,Delivered,311.26,36.74,3,UPI,Cloudy,High
ORD_002850,CUST_00808,REST_0014,2025-02-11 12:02:35,Delivered,309.16,17.01,3,UPI,Cloudy,Severe
ORD_002851,CUST_01180,REST_0142,2025-05-12 13:40:05,Delivered,155.97,14.34,3,Debit Card,Clear,Medium
ORD_002852,CUST_00837,REST_0104,2025-02-11 20:27:35,Delivered,577.98,96.61,3,Credit Card,Clear,Severe
ORD_002853,CUST_01287,REST_0001,2025-05-31 13:41:30,Delivered,154.47,9.94,2,UPI,Cloudy,Medium
ORD_002854,CUST_00352,REST_0039,2025-01-12 15:24:57,Delivered,1114.62,84.0,4,UPI,Clear,Low
ORD_002855,CUST_01210,REST_0109,2025-06-28 07:21:23,Delivered,882.09,103.89,5,UPI,Clear,Low
ORD_002856,CUST_00269,REST_0055,2025-04-07 09:39:53,Delivered,321.41,77.1,3,Debit Card,Rain,Medium
ORD_002857,CUST_01221,REST_0143,2025-04-20 09:07:12,Delivered,230.2,35.33,1,UPI,Clear,Low
ORD_002858,CUST_01412,REST_0050,2025-05-20 01:47:13,Delivered,755.13,76.17,3,UPI,Clear,Medium
ORD_002859,CUST_00504,REST_0192,2025-02-11 21:11:39,Delivered,533.93,23.16,3,Wallet,Cloudy,Severe
ORD_002860,CUST_00798,REST_0126,2025-06-25 08:00:16,Cancelled,603.45,0.0,3,Debit Card,Rain,Low
ORD_002861,CUST_00994,REST_0198,2025-02-07 20:23:46,Delivered,351.04,34.7,3,UPI,Rain,Medium
ORD_002862,CUST_00121,REST_0180,2025-05-06 16:20:44,Delivered,200.62,28.31,3,Credit Card,Cloudy,Severe
ORD_002863,CUST_00745,REST_0023,2025-05-12 08:09:56,Delivered,461.38,38.65,3,Credit Card,Rain,Medium
ORD_002864,CUST_00538,REST_0124,2025-02-05 07:47:08,Delivered,80.0,2.04,1,Credit Card,Clear,High
ORD_002865,CUST_01311,REST_0078,2025-06-08 20:19:07,Delivered,262.52,23.3,2,Debit Card,Clear,Low
ORD_002866,CUST_01317,REST_0139,2025-01-27 13:42:23,Delivered,190.52,25.23,4,Wallet,Heavy Rain,Severe
ORD_002867,CUST_01055,REST_0010,2025-06-14 15:29:25,Delivered,696.45,35.74,4,Wallet,Clear,Medium
ORD_002868,CUST_00990,REST_0120,2025-05-12 18:19:27,Delivered,297.08,21.3,4,UPI,Heavy Rain,Severe
ORD_002869,CUST_01104,REST_0178,2025-06-22 14:27:04,Delivered,2438.26,405.32,2,Credit Card,Clear,High
ORD_002870,CUST_00546,REST_0080,2025-04-06 22:29:20,Delivered,434.43,22.0,6,Debit Card,Rain,Medium
ORD_002871,CUST_00606,REST_0064,2025-04-16 19:11:31,Delivered,1467.93,157.55,2,UPI,Cloudy,Medium
ORD_002872,CUST_00833,REST_0019,2025-01-25 10:35:16,Delivered,157.54,27.67,4,Cash,Clear,Low
ORD_002873,CUST_01409,REST_0159,2025-01-27 11:21:53,Delivered,105.18,13.09,1,UPI,Rain,Medium
ORD_002874,CUST_01090,REST_0168,2025-06-22 21:34:45,Delivered,519.12,40.98,3,Debit Card,Cloudy,High
ORD_002875,CUST_00829,REST_0051,2025-05-07 17:05:12,Delivered,258.03,25.19,3,Credit Card,Rain,Medium
ORD_002876,CUST_01157,REST_0014,2025-06-23 14:47:32,Delivered,306.69,93.66,3,UPI,Clear,Medium
ORD_002877,CUST_00554,REST_0096,2025-03-03 12:38:59,Delivered,637.81,236.67,3,UPI,Cloudy,Low
ORD_002878,CUST_01100,REST_0159,2025-04-15 14:18:27,Delivered,400.75,23.49,6,UPI,Clear,Medium
ORD_002879,CUST_00615,REST_0054,2025-06-01 23:32:11,Delivered,592.97,65.54,2,UPI,Heavy Rain,Medium
ORD_002880,CUST_00421,REST_0085,2025-03-15 10:57:00,Delivered,777.8,37.07,4,Credit Card,Cloudy,Low
ORD_002881,CUST_00920,REST_0074,2025-03-20 09:44:19,Delivered,908.54,210.03,2,UPI,Cloudy,Medium
ORD_002882,CUST_01035,REST_0200,2025-03-07 20:15:53,Delivered,523.44,237.03,2,UPI,Clear,Medium
ORD_002883,CUST_00691,REST_0010,2025-05-01 14:53:43,Delivered,724.4,100.2,7,Wallet,Cloudy,Low
ORD_002884,CUST_00851,REST_0047,2025-04-13 18:02:36,Delivered,94.44,30.78,1,UPI,Clear,Medium
ORD_002885,CUST_01046,REST_0108,2025-04-18 10:57:19,Delivered,641.34,85.97,6,UPI,Rain,Severe
ORD_002886,CUST_01153,REST_0019,2025-03-28 12:06:21,Delivered,255.81,42.25,4,UPI,Clear,Low
ORD_002887,CUST_01345,REST_0005,2025-02-13 08:54:15,Delivered,110.88,12.48,2,UPI,Clear,Low
ORD_002888,CUST_00530,REST_0167,2025-03-29 13:51:59,Delivered,363.88,3.61,5,Wallet,Rain,Low
ORD_002889,CUST_01429,REST_0097,2025-06-14 21:04:01,Delivered,512.43,57.64,5,Wallet,Cloudy,Low
ORD_002890,CUST_00961,REST_0191,2025-01-05 21:02:41,Delivered,793.92,48.45,6,UPI,Cloudy,Medium
ORD_002891,CUST_01183,REST_0084,2025-05-16 18:33:45,Delivered,287.18,4.93,5,Wallet,Cloudy,High
ORD_002892,CUST_01054,REST_0006,2025-05-03 17:11:19,Delivered,455.39,13.15,4,Wallet,Clear,Low
ORD_002893,CUST_00310,REST_0065,2025-05-08 18:47:04,Cancelled,539.22,0.0,8,Credit Card,Cloudy,Medium
ORD_002894,CUST_00110,REST_0108,2025-04-22 21:03:28,Delivered,270.41,82.86,3,UPI,Cloudy,Low
ORD_002895,CUST_01093,REST_0111,2025-01-03 22:35:08,Delivered,2567.42,35.71,3,UPI,Cloudy,High
ORD_002896,CUST_00770,REST_0104,2025-01-01 21:02:31,Delivered,1024.53,211.54,6,UPI,Clear,Low
ORD_002897,CUST_01057,REST_0078,2025-03-30 13:16:00,Delivered,500.07,56.39,3,UPI,Clear,Low
ORD_002898,CUST_00718,REST_0148,2025-06-30 16:39:58,Delivered,2358.92,41.83,3,Debit Card,Rain,Severe
ORD_002899,CUST_00470,REST_0189,2025-03-04 12:27:59,Cancelled,102.24,0.0,1,Credit Card,Clear,Medium
ORD_002900,CUST_00429,REST_0137,2025-03-09 21:42:15,Delivered,2337.81,75.2,3,UPI,Rain,Medium
ORD_002901,CUST_01100,REST_0161,2025-01-22 12:54:44,Delivered,1920.04,250.34,4,UPI,Clear,Medium
ORD_002902,CUST_00417,REST_0010,2025-02-10 23:02:51,Delivered,221.13,39.02,2,Wallet,Clear,Medium
ORD_002903,CUST_01076,REST_0117,2025-03-27 19:21:26,Delivered,368.24,51.21,2,Wallet,Clear,Low
ORD_002904,CUST_00574,REST_0187,2025-04-30 21:21:56,Delivered,283.76,40.19,5,UPI,Cloudy,Medium
ORD_002905,CUST_01158,REST_0139,2025-06-30 20:55:19,Cancelled,80.0,0.0,1,UPI,Rain,High
ORD_002906,CUST_00217,REST_0198,2025-06-08 11:07:56,Delivered,507.6,18.41,3,Credit Card,Cloudy,High
ORD_002907,CUST_00309,REST_0142,2025-06-30 22:56:58,Delivered,353.27,95.04,6,UPI,Clear,Medium
ORD_002908,CUST_01033,REST_0068,2025-05-12 19:02:47,Cancelled,1008.4,0.0,3,UPI,Cloudy,Low
ORD_002909,CUST_00843,REST_0104,2025-05-14 09:04:40,Delivered,186.36,45.87,1,Credit Card,Clear,Low
ORD_002910,CUST_00307,REST_0124,2025-02-25 18:54:30,Delivered,301.7,38.23,3,Debit Card,Cloudy,High
ORD_002911,CUST_01356,REST_0099,2025-03-03 09:07:00,Delivered,628.8,69.68,2,UPI,Rain,High
ORD_002912,CUST_00415,REST_0111,2025-03-05 20:15:46,Delivered,3998.43,318.31,3,UPI,Clear,Low
ORD_002913,CUST_00632,REST_0156,2025-05-04 08:10:57,Delivered,469.21,26.22,2,UPI,Cloudy,Medium
ORD_002914,CUST_00305,REST_0147,2025-01-10 14:06:38,Cancelled,205.12,0.0,2,UPI,Cloudy,High
ORD_002915,CUST_00579,REST_0183,2025-03-29 16:58:05,Delivered,571.28,15.0,4,UPI,Clear,Medium
ORD_002916,CUST_00741,REST_0157,2025-03-03 09:51:46,Delivered,231.61,31.95,2,Wallet,Clear,Low
ORD_002917,CUST_00445,REST_0192,2025-02-19 20:53:32,Delivered,158.6,14.81,1,UPI,Cloudy,Medium
ORD_002918,CUST_01155,REST_0030,2025-06-05 18:48:09,Delivered,259.08,11.9,3,UPI,Clear,Medium
ORD_002919,CUST_00589,REST_0147,2025-06-10 22:04:00,Delivered,383.23,45.93,4,UPI,Clear,Severe
ORD_002920,CUST_01098,REST_0162,2025-04-27 21:24:19,Delivered,628.46,81.55,2,UPI,Clear,High
ORD_002921,CUST_00312,REST_0022,2025-06-22 21:27:39,Delivered,185.13,9.28,2,UPI,Cloudy,Low
ORD_002922,CUST_00563,REST_0192,2025-04-20 19:35:38,Delivered,915.64,70.95,5,UPI,Heavy Rain,Medium
ORD_002923,CUST_00012,REST_0039,2025-04-23 14:15:13,Delivered,795.76,161.52,4,UPI,Clear,Medium
ORD_002924,CUST_01141,REST_0192,2025-04-22 13:23:46,Delivered,888.7,133.36,5,Credit Card,Clear,Low
ORD_002925,CUST_00944,REST_0105,2025-04-10 09:46:11,Delivered,712.06,249.65,4,Credit Card,Clear,Low
ORD_002926,CUST_01227,REST_0126,2025-05-29 08:02:15,Delivered,275.33,21.54,2,Credit Card,Cloudy,High
ORD_002927,CUST_00685,REST_0035,2025-03-09 22:45:53,Delivered,632.72,36.18,4,Cash,Clear,Low
ORD_002928,CUST_01199,REST_0015,2025-01-20 13:39:00,Delivered,353.84,68.27,3,Cash,Clear,High
ORD_002929,CUST_00977,REST_0078,2025-05-10 19:24:18,Delivered,762.34,84.41,4,UPI,Clear,Medium
ORD_002930,CUST_00006,REST_0015,2025-05-23 14:48:23,Delivered,438.31,33.79,5,UPI,Cloudy,High
ORD_002931,CUST_00384,REST_0059,2025-01-16 17:15:17,Delivered,860.49,84.03,4,UPI,Cloudy,Low
ORD_002932,CUST_00745,REST_0146,2025-06-26 21:48:48,Delivered,392.27,47.32,2,Debit Card,Clear,Medium
ORD_002933,CUST_00933,REST_0120,2025-06-08 18:01:14,Delivered,602.88,21.23,4,Cash,Rain,High
ORD_002934,CUST_00101,REST_0038,2025-03-01 13:28:33,Delivered,521.22,154.18,3,UPI,Cloudy,Medium
ORD_002935,CUST_01061,REST_0036,2025-06-17 19:29:23,Delivered,724.94,85.11,1,UPI,Clear,Medium
ORD_002936,CUST_00817,REST_0099,2025-06-21 11:13:55,Delivered,1038.82,165.79,4,UPI,Cloudy,Medium
ORD_002937,CUST_00792,REST_0030,2025-04-18 11:54:24,Delivered,138.85,11.69,2,UPI,Clear,Medium
ORD_002938,CUST_00440,REST_0077,2025-01-12 19:40:39,Delivered,352.34,16.2,5,UPI,Cloudy,Low
ORD_002939,CUST_00897,REST_0068,2025-05-28 20:06:14,Delivered,783.35,188.95,3,UPI,Clear,Medium
ORD_002940,CUST_00043,REST_0097,2025-05-01 14:30:22,Delivered,540.35,17.48,4,UPI,Clear,Medium
ORD_002941,CUST_00099,REST_0031,2025-03-11 11:46:50,Delivered,454.17,45.27,3,UPI,Clear,High
ORD_002942,CUST_01104,REST_0098,2025-02-27 18:33:59,Delivered,598.99,35.08,2,Credit Card,Rain,Medium
ORD_002943,CUST_00484,REST_0127,2025-05-27 12:19:51,Delivered,537.39,43.11,2,UPI,Rain,High
ORD_002944,CUST_00519,REST_0038,2025-04-08 07:57:43,Delivered,1874.98,229.45,7,Debit Card,Clear,Low
ORD_002945,CUST_00314,REST_0048,2025-04-03 08:45:35,Cancelled,315.94,0.0,2,Credit Card,Clear,Medium
ORD_002946,CUST_00671,REST_0066,2025-02-23 18:38:44,Delivered,420.08,49.33,3,Debit Card,Clear,Medium
ORD_002947,CUST_00080,REST_0106,2025-01-07 20:19:19,Delivered,762.76,39.74,5,UPI,Clear,High
ORD_002948,CUST_00452,REST_0004,2025-06-02 12:08:26,Cancelled,1384.57,0.0,7,UPI,Rain,Low
ORD_002949,CUST_00794,REST_0159,2025-06-02 18:01:56,Delivered,372.07,34.4,3,UPI,Clear,High
ORD_002950,CUST_00702,REST_0091,2025-01-09 22:52:20,Delivered,83.79,23.09,1,UPI,Cloudy,Medium
ORD_002951,CUST_01500,REST_0116,2025-06-27 22:25:43,Delivered,414.37,2.88,3,UPI,Rain,Medium
ORD_002952,CUST_00580,REST_0117,2025-01-29 13:45:26,Delivered,525.97,4.28,2,Debit Card,Clear,High
ORD_002953,CUST_00578,REST_0059,2025-03-12 16:16:08,Delivered,324.15,8.05,2,Credit Card,Heavy Rain,High
ORD_002954,CUST_00759,REST_0107,2025-02-01 13:31:46,Delivered,428.41,82.13,6,UPI,Cloudy,Medium
ORD_002955,CUST_00285,REST_0042,2025-06-20 03:26:35,Delivered,94.53,37.81,2,Credit Card,Clear,Medium
ORD_002956,CUST_01317,REST_0012,2025-02-28 20:15:54,Failed,2382.79,0.0,6,Cash,Clear,Low
ORD_002957,CUST_00862,REST_0200,2025-06-03 19:33:40,Cancelled,811.72,0.0,3,UPI,Clear,Medium
ORD_002958,CUST_00288,REST_0044,2025-03-30 19:42:00,Delivered,287.84,38.24,3,UPI,Clear,Low
ORD_002959,CUST_01191,REST_0083,2025-05-07 11:22:25,Delivered,1792.19,189.82,4,UPI,Cloudy,Low
ORD_002960,CUST_00053,REST_0076,2025-01-18 09:21:27,Delivered,215.83,11.19,3,UPI,Clear,High
ORD_002961,CUST_01473,REST_0071,2025-04-17 08:06:39,Cancelled,588.62,0.0,3,Credit Card,Clear,Medium
ORD_002962,CUST_01300,REST_0155,2025-03-03 20:34:12,Cancelled,735.57,0.0,5,Debit Card,Clear,Low
ORD_002963,CUST_00873,REST_0063,2025-06-26 20:58:18,Delivered,632.21,20.47,6,Wallet,Cloudy,High
ORD_002964,CUST_00171,REST_0052,2025-04-03 12:20:15,Delivered,2773.89,221.34,5,Debit Card,Clear,Low
ORD_002965,CUST_00325,REST_0116,2025-06-07 15:59:40,Delivered,329.11,32.3,5,Wallet,Clear,Low
ORD_002966,CUST_00421,REST_0028,2025-01-06 22:49:10,Cancelled,758.21,0.0,3,Debit Card,Cloudy,Medium
ORD_002967,CUST_00365,REST_0034,2025-04-25 21:55:00,Delivered,239.15,6.9,2,UPI,Clear,Low
ORD_002968,CUST_00750,REST_0176,2025-04-20 21:46:18,Delivered,362.72,90.08,2,Credit Card,Cloudy,Low
ORD_002969,CUST_01419,REST_0024,2025-06-27 07:02:38,Delivered,1371.08,127.6,5,Credit Card,Clear,Low
ORD_002970,CUST_00669,REST_0180,2025-05-08 08:41:56,Delivered,80.0,7.47,3,UPI,Rain,Low
ORD_002971,CUST_00999,REST_0181,2025-05-04 12:07:16,Delivered,108.57,13.81,2,Cash,Clear,Medium
ORD_002972,CUST_01038,REST_0034,2025-04-09 20:39:44,Delivered,675.75,54.31,5,Credit Card,Cloudy,High
ORD_002973,CUST_01310,REST_0037,2025-04-07 21:10:20,Delivered,1118.82,154.17,5,UPI,Heavy Rain,High
ORD_002974,CUST_00052,REST_0119,2025-04-22 19:50:57,Delivered,1288.86,249.75,4,UPI,Cloudy,High
ORD_002975,CUST_00606,REST_0180,2025-01-28 12:10:45,Delivered,149.31,5.67,3,Credit Card,Clear,Low
ORD_002976,CUST_01178,REST_0003,2025-03-26 21:31:00,Delivered,851.98,131.62,5,UPI,Clear,Low
ORD_002977,CUST_01223,REST_0011,2025-06-02 13:36:53,Delivered,560.49,114.03,5,Debit Card,Clear,Low
ORD_002978,CUST_01392,REST_0064,2025-06-23 22:25:12,Cancelled,397.46,0.0,1,UPI,Clear,Medium
ORD_002979,CUST_01058,REST_0179,2025-03-29 21:13:56,Delivered,1816.64,406.97,2,UPI,Clear,Low
ORD_002980,CUST_00370,REST_0161,2025-03-05 13:53:18,Failed,762.95,0.0,2,UPI,Clear,Low
ORD_002981,CUST_00762,REST_0012,2025-01-06 11:26:21,Delivered,3825.27,484.91,8,UPI,Rain,Medium
ORD_002982,CUST_00051,REST_0191,2025-05-25 14:02:16,Delivered,458.69,27.69,5,UPI,Clear,Medium
ORD_002983,CUST_00976,REST_0053,2025-03-13 09:33:00,Delivered,1324.48,59.16,5,Debit Card,Clear,Medium
ORD_002984,CUST_00834,REST_0188,2025-06-30 15:03:37,Delivered,200.36,20.28,4,UPI,Clear,Low
ORD_002985,CUST_01007,REST_0054,2025-04-27 21:58:22,Delivered,278.18,28.19,1,UPI,Rain,Medium
ORD_002986,CUST_01397,REST_0081,2025-03-05 14:32:33,Delivered,80.0,13.23,1,UPI,Clear,Low
ORD_002987,CUST_01036,REST_0095,2025-06-15 13:57:31,Delivered,202.51,8.37,1,Debit Card,Heavy Rain,Severe
ORD_002988,CUST_00482,REST_0062,2025-05-19 22:20:11,Delivered,1578.55,164.69,4,UPI,Clear,Medium
ORD_002989,CUST_00299,REST_0038,2025-04-13 14:26:55,Delivered,630.99,55.23,3,Cash,Cloudy,Low
ORD_002990,CUST_01283,REST_0109,2025-05-10 22:20:28,Delivered,575.96,39.77,3,UPI,Clear,Medium
ORD_002991,CUST_00292,REST_0079,2025-03-05 22:42:00,Delivered,249.43,16.56,1,Debit Card,Cloudy,High
ORD_002992,CUST_00245,REST_0085,2025-04-23 11:02:38,Delivered,718.3,39.46,4,Debit Card,Clear,Low
ORD_002993,CUST_00311,REST_0200,2025-02-20 07:45:45,Delivered,452.76,103.13,2,UPI,Clear,Low
ORD_002994,CUST_00767,REST_0095,2025-01-06 18:40:57,Delivered,1080.0,67.27,3,Credit Card,Clear,Severe
ORD_002995,CUST_00190,REST_0005,2025-04-25 11:11:40,Delivered,121.2,4.71,2,UPI,Clear,Low
ORD_002996,CUST_01409,REST_0005,2025-02-17 08:51:59,Delivered,265.14,21.81,4,UPI,Clear,Low
ORD_002997,CUST_01450,REST_0141,2025-06-04 14:52:22,Delivered,587.17,26.37,4,UPI,Cloudy,Severe
ORD_002998,CUST_01461,REST_0197,2025-05-22 18:11:24,Delivered,226.73,24.0,2,UPI,Cloudy,Low
ORD_002999,CUST_00060,REST_0050,2025-03-06 14:52:47,Delivered,1344.15,252.28,6,UPI,Clear,Medium
ORD_003000,CUST_01421,REST_0069,2025-04-16 21:00:41,Delivered,493.07,17.46,2,UPI,Heavy Rain,High
ORD_003001,CUST_01497,REST_0096,2025-02-08 14:42:40,Delivered,836.59,78.69,4,Credit Card,Clear,Medium
ORD_003002,CUST_01416,REST_0009,2025-04-04 08:03:51,Delivered,1891.5,97.06,2,UPI,Cloudy,Low
ORD_003003,CUST_01013,REST_0082,2025-05-04 13:15:00,Delivered,425.34,44.9,3,Credit Card,Clear,Medium
ORD_003004,CUST_01056,REST_0064,2025-03-20 14:49:57,Delivered,2870.59,171.49,4,UPI,Rain,Medium
ORD_003005,CUST_00187,REST_0093,2025-01-06 13:50:38,Delivered,307.71,109.41,3,UPI,Cloudy,Low
ORD_003006,CUST_01314,REST_0139,2025-04-15 19:31:28,Delivered,104.46,7.03,2,UPI,Clear,Medium
ORD_003007,CUST_00091,REST_0024,2025-02-15 22:23:54,Delivered,1009.27,29.9,5,UPI,Clear,High
ORD_003008,CUST_00478,REST_0121,2025-05-06 19:19:03,Delivered,249.23,62.56,2,UPI,Cloudy,Medium
ORD_003009,CUST_01487,REST_0162,2025-05-07 15:40:52,Delivered,1662.46,89.94,3,UPI,Clear,Medium
ORD_003010,CUST_00633,REST_0190,2025-03-28 20:11:47,Cancelled,2694.6,0.0,3,UPI,Cloudy,Low
ORD_003011,CUST_00199,REST_0087,2025-05-23 08:06:42,Delivered,681.75,105.85,2,UPI,Rain,Severe
ORD_003012,CUST_01454,REST_0143,2025-01-04 11:50:06,Delivered,1311.6,72.85,5,UPI,Cloudy,High
ORD_003013,CUST_01475,REST_0137,2025-05-06 18:44:40,Delivered,3414.37,525.93,5,UPI,Clear,Medium
ORD_003014,CUST_00280,REST_0109,2025-01-30 12:29:06,Delivered,405.7,45.98,2,Debit Card,Cloudy,Medium
ORD_003015,CUST_01300,REST_0155,2025-02-21 19:59:36,Delivered,155.62,1.06,2,Debit Card,Rain,High
ORD_003016,CUST_00583,REST_0074,2025-03-12 20:33:59,Failed,2867.68,0.0,4,UPI,Clear,Medium
ORD_003017,CUST_00570,REST_0146,2025-04-13 14:40:44,Delivered,809.82,109.61,5,UPI,Rain,Medium
ORD_003018,CUST_00397,REST_0063,2025-06-26 11:17:55,Delivered,272.08,26.23,3,UPI,Rain,High
ORD_003019,CUST_00069,REST_0154,2025-06-24 20:26:26,Delivered,1372.46,113.1,3,Credit Card,Clear,High
ORD_003020,CUST_00404,REST_0073,2025-05-20 20:43:06,Delivered,804.08,270.74,3,UPI,Clear,Low
ORD_003021,CUST_00082,REST_0081,2025-05-05 21:28:59,Delivered,211.82,33.24,4,UPI,Rain,High
ORD_003022,CUST_01387,REST_0020,2025-02-22 21:09:15,Delivered,530.81,159.42,6,Cash,Clear,Low
ORD_003023,CUST_00999,REST_0175,2025-04-17 08:24:01,Delivered,828.76,92.74,3,UPI,Rain,Severe
ORD_003024,CUST_01332,REST_0016,2025-02-19 12:30:39,Delivered,527.37,52.56,3,UPI,Cloudy,Low
ORD_003025,CUST_01080,REST_0154,2025-05-14 21:08:05,Delivered,2857.45,314.47,4,Credit Card,Heavy Rain,Low
ORD_003026,CUST_00199,REST_0160,2025-05-25 17:11:44,Delivered,3073.87,1000.0,3,UPI,Clear,Medium
ORD_003027,CUST_01412,REST_0085,2025-03-23 14:33:45,Delivered,294.88,52.95,2,UPI,Clear,Medium
ORD_003028,CUST_01352,REST_0191,2025-05-09 21:14:17,Delivered,492.34,93.91,4,Wallet,Clear,Medium
ORD_003029,CUST_00521,REST_0122,2025-03-27 17:00:45,Delivered,82.11,2.36,1,Credit Card,Heavy Rain,Medium
ORD_003030,CUST_00171,REST_0068,2025-01-20 14:47:35,Delivered,1629.09,44.7,5,UPI,Cloudy,High
ORD_003031,CUST_01060,REST_0134,2025-02-23 20:15:19,Delivered,729.73,116.5,3,UPI,Clear,Medium
ORD_003032,CUST_01096,REST_0175,2025-02-16 11:06:22,Delivered,745.63,7.49,3,UPI,Clear,High
ORD_003033,CUST_01347,REST_0180,2025-06-10 18:04:44,Delivered,123.2,27.58,3,Cash,Heavy Rain,Low
ORD_003034,CUST_00081,REST_0163,2025-04-21 21:50:16,Delivered,593.79,32.46,2,Credit Card,Clear,Low
ORD_003035,CUST_00215,REST_0006,2025-03-23 16:30:03,Delivered,281.36,18.88,3,Debit Card,Rain,Medium
ORD_003036,CUST_00902,REST_0111,2025-02-25 08:53:59,Delivered,2870.37,549.7,3,UPI,Clear,Medium
ORD_003037,CUST_00934,REST_0091,2025-04-06 11:00:11,Delivered,252.25,34.73,3,Debit Card,Cloudy,Severe
ORD_003038,CUST_00052,REST_0147,2025-03-14 20:06:29,Delivered,368.49,128.06,4,Credit Card,Clear,Low
ORD_003039,CUST_00594,REST_0154,2025-05-05 19:03:05,Delivered,1312.65,112.72,2,Cash,Clear,High
ORD_003040,CUST_00880,REST_0041,2025-02-07 19:34:01,Delivered,2567.55,270.73,5,UPI,Rain,High
ORD_003041,CUST_01110,REST_0188,2025-01-08 12:29:47,Delivered,148.41,11.11,3,UPI,Clear,Low
ORD_003042,CUST_00476,REST_0156,2025-01-19 21:30:15,Delivered,797.77,172.15,4,UPI,Clear,Low
ORD_003043,CUST_00729,REST_0124,2025-04-12 08:49:21,Delivered,388.56,21.04,4,Wallet,Clear,High
ORD_003044,CUST_01222,REST_0113,2025-06-14 10:04:24,Delivered,332.88,3.6,5,UPI,Clear,High
ORD_003045,CUST_01432,REST_0154,2025-01-29 12:25:21,Delivered,1677.66,97.69,3,UPI,Clear,Medium
ORD_003046,CUST_00349,REST_0174,2025-04-03 21:45:42,Delivered,668.42,80.9,7,Wallet,Cloudy,Medium
ORD_003047,CUST_00383,REST_0098,2025-04-02 14:09:47,Delivered,316.1,53.32,1,UPI,Rain,Medium
ORD_003048,CUST_01411,REST_0062,2025-06-19 18:35:58,Delivered,1419.89,95.52,4,UPI,Rain,Medium
ORD_003049,CUST_00592,REST_0111,2025-06-30 21:05:03,Delivered,1784.11,226.05,2,UPI,Rain,Low
ORD_003050,CUST_01082,REST_0050,2025-04-01 12:23:04,Delivered,413.56,65.44,2,UPI,Rain,High
ORD_003051,CUST_00923,REST_0154,2025-05-11 11:21:11,Delivered,1942.22,156.05,3,UPI,Clear,Low
ORD_003052,CUST_00430,REST_0199,2025-04-09 07:10:05,Delivered,216.42,19.48,3,UPI,Clear,Low
ORD_003053,CUST_00987,REST_0118,2025-04-17 19:21:00,Delivered,178.18,51.56,1,UPI,Clear,High
ORD_003054,CUST_00990,REST_0068,2025-04-30 14:34:13,Delivered,308.94,59.59,1,Debit Card,Clear,Medium
ORD_003055,CUST_00893,REST_0182,2025-02-18 19:25:55,Delivered,545.08,49.63,2,UPI,Clear,Low
ORD_003056,CUST_00152,REST_0105,2025-06-20 15:23:18,Delivered,471.4,78.26,4,UPI,Cloudy,Medium
ORD_003057,CUST_01493,REST_0042,2025-02-06 22:55:09,Delivered,80.0,9.59,1,Cash,Clear,High
ORD_003058,CUST_00599,REST_0125,2025-01-18 14:28:12,Delivered,515.46,36.83,2,Wallet,Clear,Medium
ORD_003059,CUST_00963,REST_0175,2025-01-04 13:55:47,Delivered,737.35,101.4,3,UPI,Clear,Medium
ORD_003060,CUST_01331,REST_0143,2025-05-27 08:37:15,Delivered,1589.02,196.04,4,UPI,Rain,Severe
ORD_003061,CUST_00635,REST_0084,2025-06-02 14:09:36,Delivered,285.1,1.66,5,UPI,Clear,Low
ORD_003062,CUST_01162,REST_0154,2025-01-28 14:24:24,Delivered,1285.09,136.83,3,Debit Card,Rain,High
ORD_003063,CUST_01458,REST_0163,2025-06-28 13:35:57,Delivered,774.17,90.48,3,Wallet,Clear,High
ORD_003064,CUST_00536,REST_0158,2025-04-13 18:22:36,Delivered,150.66,4.97,3,UPI,Clear,Medium
ORD_003065,CUST_00607,REST_0182,2025-01-11 19:55:52,Delivered,484.2,42.22,2,Wallet,Cloudy,Medium
ORD_003066,CUST_01360,REST_0188,2025-05-10 18:56:33,Delivered,391.36,13.32,6,UPI,Cloudy,Severe
ORD_003067,CUST_00242,REST_0154,2025-03-19 14:47:46,Delivered,1717.84,309.56,2,Wallet,Clear,Medium
ORD_003068,CUST_00044,REST_0011,2025-04-03 12:59:10,Delivered,318.85,63.59,4,UPI,Clear,Medium
ORD_003069,CUST_01364,REST_0097,2025-02-18 13:36:00,Delivered,568.99,31.46,5,UPI,Clear,Low
ORD_003070,CUST_01233,REST_0012,2025-05-07 11:33:53,Delivered,1508.22,82.62,4,Debit Card,Clear,Low
ORD_003071,CUST_01459,REST_0099,2025-06-30 14:11:48,Delivered,573.82,56.83,2,Credit Card,Heavy Rain,Medium
ORD_003072,CUST_00089,REST_0005,2025-04-16 21:38:00,Delivered,610.62,30.91,8,Cash,Clear,Medium
ORD_003073,CUST_00237,REST_0038,2025-01-24 13:56:07,Delivered,254.67,15.96,1,UPI,Clear,Medium
ORD_003074,CUST_00161,REST_0046,2025-03-10 18:27:11,Delivered,347.31,80.04,5,UPI,Cloudy,Medium
ORD_003075,CUST_01029,REST_0134,2025-02-02 11:15:25,Delivered,248.01,20.05,1,Cash,Rain,High
ORD_003076,CUST_00914,REST_0113,2025-05-20 13:25:40,Delivered,329.15,68.89,4,Wallet,Clear,Medium
ORD_003077,CUST_00536,REST_0083,2025-03-18 18:35:26,Delivered,4169.07,546.98,4,Debit Card,Clear,Low
ORD_003078,CUST_00088,REST_0159,2025-04-12 18:42:00,Delivered,319.75,22.45,4,UPI,Cloudy,High
ORD_003079,CUST_00965,REST_0147,2025-01-03 13:31:14,Delivered,246.83,5.66,3,Credit Card,Cloudy,Medium
ORD_003080,CUST_00858,REST_0066,2025-03-16 16:59:33,Cancelled,289.96,0.0,2,UPI,Clear,Low
ORD_003081,CUST_00173,REST_0127,2025-01-01 19:25:05,Cancelled,946.84,0.0,3,UPI,Cloudy,Low
ORD_003082,CUST_01364,REST_0143,2025-05-13 13:27:18,Delivered,969.28,38.27,5,UPI,Clear,Low
ORD_003083,CUST_00299,REST_0104,2025-03-10 22:43:15,Failed,691.57,0.0,3,Wallet,Clear,Medium
ORD_003084,CUST_01118,REST_0062,2025-05-30 16:22:42,Delivered,1556.78,64.56,3,UPI,Rain,Low
ORD_003085,CUST_01330,REST_0072,2025-03-09 15:40:05,Delivered,522.3,64.47,4,UPI,Cloudy,Medium
ORD_003086,CUST_00873,REST_0139,2025-01-31 11:26:54,Delivered,88.48,13.01,2,UPI,Cloudy,High
ORD_003087,CUST_00373,REST_0044,2025-01-06 13:03:51,Delivered,542.46,77.29,4,Debit Card,Clear,Medium
ORD_003088,CUST_00466,REST_0118,2025-04-17 17:55:17,Delivered,371.23,16.3,2,Debit Card,Clear,Low
ORD_003089,CUST_01331,REST_0187,2025-06-09 20:47:28,Failed,181.1,0.0,3,UPI,Clear,Medium
ORD_003090,CUST_00449,REST_0157,2025-06-09 21:45:08,Delivered,321.56,12.26,2,Cash,Heavy Rain,High
ORD_003091,CUST_01122,REST_0193,2025-01-14 07:09:10,Delivered,130.53,17.91,2,Credit Card,Clear,Low
ORD_003092,CUST_01485,REST_0082,2025-06-16 13:52:42,Delivered,214.37,45.89,2,UPI,Clear,Medium
ORD_003093,CUST_01500,REST_0165,2025-04-24 11:22:00,Delivered,223.33,43.2,3,Cash,Clear,Medium
ORD_003094,CUST_00803,REST_0102,2025-03-01 20:01:35,Delivered,350.0,110.09,4,UPI,Clear,Low
ORD_003095,CUST_01240,REST_0042,2025-04-28 13:01:14,Delivered,212.08,29.16,5,UPI,Clear,Medium
ORD_003096,CUST_01485,REST_0056,2025-01-20 04:29:55,Delivered,352.89,34.65,4,Debit Card,Clear,Severe
ORD_003097,CUST_00559,REST_0197,2025-06-15 22:13:04,Delivered,366.65,52.21,3,Wallet,Clear,Medium
ORD_003098,CUST_00382,REST_0133,2025-01-24 12:45:44,Cancelled,1094.38,0.0,4,UPI,Rain,Medium
ORD_003099,CUST_00175,REST_0198,2025-03-15 21:42:00,Delivered,581.57,55.81,4,Wallet,Clear,Low
ORD_003100,CUST_00214,REST_0155,2025-05-23 21:11:37,Delivered,361.44,123.33,3,UPI,Cloudy,Medium
ORD_003101,CUST_01282,REST_0085,2025-06-28 14:26:18,Delivered,300.55,23.75,2,Debit Card,Cloudy,Low
ORD_003102,CUST_00888,REST_0163,2025-02-18 14:39:23,Delivered,1850.38,368.77,6,UPI,Clear,Low
ORD_003103,CUST_01312,REST_0114,2025-06-01 20:39:19,Delivered,307.75,11.34,2,Credit Card,Clear,Medium
ORD_003104,CUST_01185,REST_0113,2025-04-14 12:34:32,Delivered,628.91,126.13,6,UPI,Clear,Medium
ORD_003105,CUST_01016,REST_0130,2025-04-14 11:53:43,Delivered,957.58,30.38,5,UPI,Rain,High
ORD_003106,CUST_00919,REST_0196,2025-03-22 19:19:10,Delivered,909.09,221.22,6,UPI,Clear,High
ORD_003107,CUST_00074,REST_0098,2025-05-22 13:11:19,Delivered,838.91,7.64,3,Credit Card,Clear,Low
ORD_003108,CUST_01311,REST_0140,2025-03-26 18:36:00,Delivered,151.24,27.87,3,Debit Card,Clear,Medium
ORD_003109,CUST_00627,REST_0023,2025-01-26 16:24:59,Delivered,766.57,185.97,4,Wallet,Clear,Low
ORD_003110,CUST_00843,REST_0180,2025-03-01 22:11:19,Delivered,313.73,85.24,6,UPI,Clear,Low
ORD_003111,CUST_00034,REST_0134,2025-06-02 18:17:09,Delivered,544.57,66.43,2,UPI,Cloudy,High
ORD_003112,CUST_01406,REST_0063,2025-06-27 19:58:53,Delivered,84.87,20.41,2,Credit Card,Rain,Severe
ORD_003113,CUST_01356,REST_0112,2025-03-26 13:57:00,Delivered,2157.67,236.75,3,UPI,Clear,Low
ORD_003114,CUST_00816,REST_0135,2025-03-06 21:24:39,Delivered,219.58,29.5,2,Debit Card,Clear,Medium
ORD_003115,CUST_00870,REST_0077,2025-01-26 14:07:04,Delivered,491.0,10.16,6,Debit Card,Cloudy,High
ORD_003116,CUST_01061,REST_0118,2025-01-01 19:06:45,Delivered,226.3,26.35,1,UPI,Clear,Medium
ORD_003117,CUST_00399,REST_0138,2025-04-18 21:34:59,Delivered,527.38,49.5,4,UPI,Cloudy,Medium
ORD_003118,CUST_00335,REST_0168,2025-05-28 10:59:01,Delivered,676.18,109.21,2,Credit Card,Cloudy,Medium
ORD_003119,CUST_01017,REST_0073,2025-03-12 19:32:39,Delivered,1231.45,143.16,7,Wallet,Cloudy,Low
ORD_003120,CUST_00160,REST_0072,2025-02-25 11:39:00,Delivered,1235.28,60.91,6,UPI,Rain,High
ORD_003121,CUST_00683,REST_0028,2025-03-02 21:15:55,Cancelled,418.51,0.0,2,Credit Card,Clear,Medium
ORD_003122,CUST_00743,REST_0161,2025-03-04 18:08:00,Delivered,1329.34,210.75,4,Cash,Clear,Medium
ORD_003123,CUST_00570,REST_0008,2025-01-03 13:08:27,Failed,580.4,0.0,4,Debit Card,Clear,Low
ORD_003124,CUST_00278,REST_0177,2025-02-15 11:59:10,Delivered,576.23,32.37,8,Credit Card,Rain,Medium
ORD_003125,CUST_00532,REST_0108,2025-01-10 12:01:16,Delivered,566.45,10.76,6,Debit Card,Clear,Medium
ORD_003126,CUST_00507,REST_0144,2025-05-10 15:48:09,Delivered,132.56,5.83,3,UPI,Rain,Medium
ORD_003127,CUST_00752,REST_0099,2025-02-12 11:48:59,Delivered,1061.96,359.64,3,Wallet,Cloudy,Medium
ORD_003128,CUST_01018,REST_0195,2025-05-02 07:20:41,Delivered,470.92,46.51,2,Cash,Clear,High
ORD_003129,CUST_01453,REST_0024,2025-05-24 14:08:05,Delivered,946.44,139.9,3,Wallet,Clear,Low
ORD_003130,CUST_00219,REST_0134,2025-04-18 08:23:09,Delivered,229.65,28.48,1,UPI,Cloudy,Low
ORD_003131,CUST_01312,REST_0069,2025-03-23 19:26:54,Delivered,542.62,107.21,2,UPI,Cloudy,Medium
ORD_003132,CUST_00428,REST_0106,2025-04-10 20:08:09,Delivered,547.7,113.48,2,Wallet,Clear,Medium
ORD_003133,CUST_00892,REST_0130,2025-03-14 10:37:47,Delivered,262.22,15.4,1,Credit Card,Cloudy,Low
ORD_003134,CUST_00822,REST_0143,2025-06-26 14:06:03,Delivered,861.91,57.87,3,UPI,Rain,High
ORD_003135,CUST_00838,REST_0154,2025-05-06 19:13:24,Delivered,845.36,22.27,2,Debit Card,Cloudy,Medium
ORD_003136,CUST_01089,REST_0168,2025-03-22 18:13:51,Delivered,530.03,35.45,2,UPI,Cloudy,Medium
ORD_003137,CUST_00570,REST_0086,2025-01-13 11:40:02,Delivered,632.85,172.66,5,UPI,Cloudy,Medium
ORD_003138,CUST_00479,REST_0087,2025-05-12 12:14:19,Delivered,1589.64,296.85,4,Debit Card,Clear,High
ORD_003139,CUST_01281,REST_0166,2025-01-08 13:01:27,Delivered,232.48,10.11,3,UPI,Cloudy,Low
ORD_003140,CUST_00332,REST_0156,2025-03-27 13:56:45,Delivered,708.63,105.51,3,UPI,Clear,Medium
ORD_003141,CUST_00271,REST_0032,2025-04-26 14:41:01,Delivered,634.41,55.1,3,UPI,Rain,Medium
ORD_003142,CUST_00025,REST_0122,2025-06-03 07:40:50,Delivered,160.34,4.9,2,UPI,Clear,Medium
ORD_003143,CUST_00317,REST_0196,2025-05-27 20:02:37,Failed,574.31,0.0,4,Wallet,Clear,Medium
ORD_003144,CUST_00781,REST_0053,2025-06-22 20:06:40,Delivered,619.54,88.51,2,UPI,Cloudy,Medium
ORD_003145,CUST_00810,REST_0127,2025-06-02 00:00:53,Delivered,1232.67,135.32,6,UPI,Cloudy,Low
ORD_003146,CUST_00385,REST_0165,2025-03-27 07:39:20,Delivered,300.31,89.33,5,UPI,Clear,Medium
ORD_003147,CUST_00112,REST_0162,2025-06-18 13:08:28,Delivered,1426.92,164.41,3,Debit Card,Clear,Low
ORD_003148,CUST_01120,REST_0185,2025-05-05 09:31:10,Delivered,220.71,29.1,3,UPI,Cloudy,Low
ORD_003149,CUST_01140,REST_0193,2025-06-29 02:47:30,Delivered,193.47,3.43,4,UPI,Clear,Medium
ORD_003150,CUST_01497,REST_0168,2025-05-22 18:53:52,Cancelled,1365.8,0.0,5,UPI,Clear,Low
ORD_003151,CUST_01352,REST_0003,2025-02-19 19:53:25,Delivered,1191.09,64.83,6,UPI,Cloudy,High
ORD_003152,CUST_01390,REST_0018,2025-03-14 12:34:19,Delivered,392.2,33.34,3,Wallet,Cloudy,High
ORD_003153,CUST_01198,REST_0044,2025-04-07 18:29:45,Delivered,385.59,100.19,3,UPI,Clear,Medium
ORD_003154,CUST_00929,REST_0083,2025-02-24 19:44:00,Delivered,3003.38,301.39,5,UPI,Rain,High
ORD_003155,CUST_00196,REST_0131,2025-01-15 03:06:15,Delivered,758.38,110.64,3,UPI,Clear,Low
ORD_003156,CUST_00939,REST_0087,2025-02-21 08:00:46,Delivered,657.68,80.45,2,UPI,Cloudy,Low
ORD_003157,CUST_00086,REST_0077,2025-03-25 21:05:37,Delivered,350.29,9.13,5,Debit Card,Rain,Severe
ORD_003158,CUST_01330,REST_0051,2025-05-09 12:15:26,Delivered,296.07,3.86,3,UPI,Clear,Severe
ORD_003159,CUST_00726,REST_0191,2025-04-13 22:33:00,Delivered,490.88,97.05,5,Debit Card,Clear,High
ORD_003160,CUST_01051,REST_0063,2025-03-02 12:22:00,Delivered,546.16,52.27,6,UPI,Cloudy,Medium
ORD_003161,CUST_00080,REST_0110,2025-02-19 18:26:43,Delivered,121.12,32.68,1,UPI,Clear,Medium
ORD_003162,CUST_00804,REST_0035,2025-04-02 12:12:00,Delivered,839.86,191.61,4,Credit Card,Clear,Low
ORD_003163,CUST_00454,REST_0197,2025-05-29 12:05:50,Delivered,476.52,24.9,4,Debit Card,Cloudy,Medium
ORD_003164,CUST_00429,REST_0019,2025-03-03 22:23:00,Delivered,196.69,16.39,4,UPI,Clear,Low
ORD_003165,CUST_00582,REST_0178,2025-02-26 20:51:25,Delivered,2358.68,32.35,2,UPI,Clear,Low
ORD_003166,CUST_00002,REST_0035,2025-02-25 18:52:38,Cancelled,562.75,0.0,3,UPI,Rain,High
ORD_003167,CUST_00703,REST_0122,2025-02-19 13:01:00,Delivered,140.61,7.56,2,UPI,Clear,Low
ORD_003168,CUST_00733,REST_0146,2025-02-24 10:23:56,Delivered,761.79,136.29,3,Wallet,Clear,Medium
ORD_003169,CUST_01297,REST_0015,2025-05-03 19:50:24,Delivered,466.28,102.97,4,UPI,Clear,Low
ORD_003170,CUST_00676,REST_0166,2025-04-24 11:15:02,Delivered,314.99,81.54,3,Credit Card,Cloudy,Low
ORD_003171,CUST_00543,REST_0072,2025-05-29 19:46:19,Delivered,583.09,86.46,3,UPI,Clear,Low
ORD_003172,CUST_01493,REST_0129,2025-04-25 13:10:34,Delivered,1060.4,57.49,5,Credit Card,Cloudy,High
ORD_003173,CUST_00860,REST_0185,2025-02-05 13:59:30,Delivered,382.71,98.41,4,Cash,Clear,Medium
ORD_003174,CUST_00712,REST_0014,2025-04-27 22:29:43,Delivered,475.59,62.15,4,Debit Card,Clear,Medium
ORD_003175,CUST_00748,REST_0185,2025-03-09 22:12:25,Delivered,264.65,22.59,3,Credit Card,Cloudy,Medium
ORD_003176,CUST_01214,REST_0075,2025-01-29 21:27:07,Delivered,838.37,45.61,3,Credit Card,Clear,High
ORD_003177,CUST_00510,REST_0113,2025-05-13 09:13:46,Delivered,204.97,9.22,2,UPI,Cloudy,High
ORD_003178,CUST_00581,REST_0188,2025-05-06 09:09:55,Delivered,154.21,14.51,3,UPI,Clear,Low
ORD_003179,CUST_01137,REST_0109,2025-05-14 20:25:20,Failed,295.77,0.0,2,UPI,Cloudy,High
ORD_003180,CUST_00113,REST_0138,2025-04-10 19:41:29,Failed,508.82,0.0,4,UPI,Rain,Medium
ORD_003181,CUST_01300,REST_0181,2025-05-13 12:30:10,Delivered,97.12,11.27,2,UPI,Clear,Severe
ORD_003182,CUST_00647,REST_0054,2025-05-15 22:58:44,Delivered,209.1,21.58,1,UPI,Clear,Medium
ORD_003183,CUST_00876,REST_0022,2025-04-23 15:07:27,Delivered,80.31,4.23,1,UPI,Cloudy,Medium
ORD_003184,CUST_01139,REST_0027,2025-05-03 21:52:02,Delivered,570.45,48.79,2,Debit Card,Cloudy,Low
ORD_003185,CUST_00401,REST_0166,2025-04-11 09:56:54,Delivered,346.35,24.88,3,UPI,Clear,Medium
ORD_003186,CUST_01337,REST_0068,2025-01-18 12:56:45,Delivered,723.99,228.54,2,Debit Card,Clear,Low
ORD_003187,CUST_01469,REST_0173,2025-04-13 17:12:00,Delivered,2768.92,311.15,5,Credit Card,Rain,Medium
ORD_003188,CUST_00745,REST_0128,2025-06-28 12:40:21,Cancelled,356.54,0.0,4,UPI,Clear,Medium
ORD_003189,CUST_01407,REST_0157,2025-05-07 09:14:10,Delivered,840.28,60.9,3,UPI,Clear,Low
ORD_003190,CUST_00002,REST_0023,2025-05-21 21:24:36,Delivered,948.78,71.0,5,UPI,Cloudy,Low
ORD_003191,CUST_01343,REST_0053,2025-03-05 18:36:32,Delivered,1111.9,66.54,3,Debit Card,Clear,Medium
ORD_003192,CUST_00468,REST_0156,2025-01-25 20:59:55,Delivered,1179.13,25.96,4,UPI,Cloudy,High
ORD_003193,CUST_00469,REST_0106,2025-05-16 12:25:54,Delivered,689.12,117.86,3,UPI,Clear,Low
ORD_003194,CUST_00345,REST_0045,2025-03-16 21:10:02,Delivered,265.36,24.67,2,Cash,Clear,Medium
ORD_003195,CUST_00477,REST_0060,2025-06-17 20:55:52,Delivered,404.86,36.61,2,UPI,Clear,Low
ORD_003196,CUST_00322,REST_0158,2025-03-26 14:21:41,Delivered,324.3,52.57,5,UPI,Cloudy,Low
ORD_003197,CUST_01360,REST_0063,2025-04-25 22:22:25,Delivered,125.51,10.71,4,UPI,Clear,Medium
ORD_003198,CUST_01351,REST_0002,2025-04-09 22:45:10,Delivered,3265.58,1000.0,4,UPI,Clear,Medium
ORD_003199,CUST_00156,REST_0129,2025-04-16 23:00:15,Delivered,263.31,15.1,1,Credit Card,Cloudy,High
ORD_003200,CUST_00217,REST_0099,2025-01-25 13:17:15,Delivered,695.82,112.49,3,UPI,Clear,Medium
ORD_003201,CUST_01295,REST_0076,2025-05-24 19:43:05,Delivered,80.0,1.15,1,Debit Card,Clear,Medium
ORD_003202,CUST_00596,REST_0057,2025-05-01 18:52:22,Delivered,706.75,39.33,3,Credit Card,Clear,Medium
ORD_003203,CUST_00255,REST_0041,2025-06-20 21:42:22,Delivered,674.87,105.07,2,UPI,Clear,Low
ORD_003204,CUST_00769,REST_0055,2025-05-28 13:07:28,Delivered,541.04,75.19,4,Debit Card,Rain,High
ORD_003205,CUST_00625,REST_0176,2025-05-26 11:09:46,Delivered,258.09,27.72,1,Wallet,Clear,Medium
ORD_003206,CUST_00331,REST_0143,2025-03-09 16:27:00,Delivered,701.42,69.07,3,Debit Card,Clear,Low
ORD_003207,CUST_01085,REST_0015,2025-05-08 14:11:17,Delivered,501.07,97.93,4,UPI,Cloudy,Medium
ORD_003208,CUST_00952,REST_0042,2025-01-08 19:48:39,Delivered,108.03,15.27,2,UPI,Clear,Low
ORD_003209,CUST_00152,REST_0021,2025-03-28 01:38:49,Delivered,1510.17,157.59,4,UPI,Heavy Rain,High
ORD_003210,CUST_01389,REST_0160,2025-06-03 12:01:38,Delivered,4085.97,524.53,3,UPI,Heavy Rain,High
ORD_003211,CUST_00840,REST_0044,2025-03-07 08:14:15,Delivered,297.85,89.13,3,UPI,Clear,Medium
ORD_003212,CUST_00378,REST_0094,2025-04-30 19:15:20,Cancelled,226.14,0.0,2,Wallet,Rain,Medium
ORD_003213,CUST_00311,REST_0011,2025-02-08 18:35:17,Cancelled,380.18,0.0,5,UPI,Clear,Low
ORD_003214,CUST_00206,REST_0120,2025-05-31 07:43:49,Delivered,83.52,9.08,1,Debit Card,Clear,Low
ORD_003215,CUST_00638,REST_0028,2025-06-19 09:43:57,Delivered,905.3,57.2,5,Wallet,Cloudy,Medium
ORD_003216,CUST_00206,REST_0023,2025-04-19 12:47:47,Delivered,191.2,4.38,2,UPI,Rain,Medium
ORD_003217,CUST_00623,REST_0078,2025-05-24 11:42:50,Delivered,598.71,139.87,3,Wallet,Clear,Medium
ORD_003218,CUST_00227,REST_0194,2025-04-17 12:38:08,Delivered,194.54,17.05,3,Credit Card,Heavy Rain,Medium
ORD_003219,CUST_00992,REST_0179,2025-02-10 10:57:09,Delivered,2559.89,588.71,3,UPI,Clear,Low
ORD_003220,CUST_01179,REST_0037,2025-03-29 07:55:33,Delivered,763.02,84.87,4,Debit Card,Cloudy,Medium
ORD_003221,CUST_00826,REST_0074,2025-06-05 21:03:54,Delivered,3881.89,87.15,5,UPI,Cloudy,Medium
ORD_003222,CUST_01025,REST_0007,2025-03-11 05:03:49,Delivered,3919.08,1000.0,4,Credit Card,Clear,Low
ORD_003223,CUST_01409,REST_0131,2025-01-05 19:34:18,Delivered,1110.24,251.94,5,UPI,Rain,High
ORD_003224,CUST_00963,REST_0192,2025-04-27 21:53:46,Delivered,405.3,35.6,3,Cash,Heavy Rain,High
ORD_003225,CUST_00544,REST_0171,2025-04-28 20:39:55,Delivered,5000.0,521.05,7,Credit Card,Clear,Medium
ORD_003226,CUST_00677,REST_0160,2025-06-25 09:30:48,Delivered,1870.22,212.11,2,UPI,Clear,Low
ORD_003227,CUST_01293,REST_0093,2025-04-20 20:00:55,Delivered,279.04,5.9,3,Debit Card,Rain,High
ORD_003228,CUST_00199,REST_0160,2025-06-10 14:55:14,Delivered,3726.94,924.69,4,Credit Card,Clear,Medium
ORD_003229,CUST_00489,REST_0001,2025-01-04 16:38:21,Delivered,80.0,1.75,1,UPI,Cloudy,Medium
ORD_003230,CUST_00870,REST_0100,2025-01-24 10:45:05,Delivered,463.35,218.38,2,Cash,Clear,Medium
ORD_003231,CUST_01020,REST_0036,2025-06-04 18:09:45,Delivered,1127.29,66.93,3,UPI,Clear,Low
ORD_003232,CUST_01148,REST_0094,2025-03-31 14:32:50,Failed,481.18,0.0,4,Credit Card,Rain,Medium
ORD_003233,CUST_00478,REST_0025,2025-03-01 20:50:48,Delivered,80.0,9.11,1,Debit Card,Clear,High
ORD_003234,CUST_00222,REST_0167,2025-06-28 16:35:39,Delivered,141.88,22.25,3,Debit Card,Clear,Low
ORD_003235,CUST_01434,REST_0150,2025-06-02 13:59:06,Delivered,507.57,62.01,3,Credit Card,Clear,Medium
ORD_003236,CUST_00117,REST_0163,2025-03-06 03:27:35,Delivered,659.04,82.49,3,Debit Card,Cloudy,Medium
ORD_003237,CUST_00147,REST_0116,2025-03-14 12:46:26,Delivered,148.91,27.18,3,Debit Card,Rain,Medium
ORD_003238,CUST_00746,REST_0028,2025-01-29 13:00:42,Delivered,454.73,15.07,2,Wallet,Clear,Medium
ORD_003239,CUST_01229,REST_0024,2025-04-25 16:53:28,Delivered,759.71,89.34,3,Credit Card,Clear,Medium
ORD_003240,CUST_01163,REST_0118,2025-01-17 09:48:36,Delivered,163.27,26.41,1,Credit Card,Clear,Low
ORD_003241,CUST_01408,REST_0031,2025-03-29 16:26:08,Delivered,656.91,48.32,3,UPI,Clear,Low
ORD_003242,CUST_00215,REST_0087,2025-02-07 22:12:25,Delivered,939.25,82.54,5,UPI,Rain,Low
ORD_003243,CUST_00561,REST_0125,2025-02-22 11:23:54,Delivered,659.48,103.63,2,UPI,Clear,Medium
ORD_003244,CUST_00425,REST_0105,2025-02-18 18:34:15,Delivered,857.3,159.74,5,UPI,Cloudy,High
ORD_003245,CUST_01294,REST_0115,2025-01-13 20:10:22,Delivered,1090.38,72.72,5,Debit Card,Clear,Medium
ORD_003246,CUST_00736,REST_0015,2025-05-10 19:18:39,Delivered,286.7,21.5,3,Credit Card,Clear,Medium
ORD_003247,CUST_00042,REST_0070,2025-02-14 14:48:14,Delivered,260.92,8.65,2,UPI,Clear,Medium
ORD_003248,CUST_01065,REST_0108,2025-04-08 10:52:00,Cancelled,224.17,0.0,3,UPI,Cloudy,High
ORD_003249,CUST_00580,REST_0106,2025-03-27 18:34:18,Delivered,511.78,56.82,3,Cash,Clear,Medium
ORD_003250,CUST_00800,REST_0103,2025-02-08 12:33:33,Delivered,2081.58,52.93,2,UPI,Heavy Rain,Severe
ORD_003251,CUST_01343,REST_0166,2025-06-21 22:06:47,Delivered,569.85,106.16,5,UPI,Clear,Medium
ORD_003252,CUST_00388,REST_0134,2025-01-03 20:48:08,Delivered,1411.73,324.48,6,UPI,Clear,Medium
ORD_003253,CUST_00363,REST_0032,2025-03-02 12:11:38,Delivered,258.22,15.22,1,Debit Card,Clear,Medium
ORD_003254,CUST_00397,REST_0024,2025-04-15 11:05:00,Delivered,389.7,15.74,2,UPI,Clear,Medium
ORD_003255,CUST_00507,REST_0044,2025-05-15 18:13:16,Failed,423.94,0.0,3,Debit Card,Cloudy,High
ORD_003256,CUST_00164,REST_0127,2025-05-27 20:59:44,Delivered,814.76,28.35,3,UPI,Clear,High
ORD_003257,CUST_01051,REST_0124,2025-03-08 23:40:30,Delivered,87.29,5.5,1,Cash,Clear,High
ORD_003258,CUST_00313,REST_0129,2025-06-16 17:51:46,Delivered,607.91,29.64,4,UPI,Cloudy,Low
ORD_003259,CUST_01390,REST_0155,2025-01-20 22:51:30,Delivered,218.18,50.85,2,UPI,Clear,Low
ORD_003260,CUST_00325,REST_0073,2025-03-12 13:56:03,Delivered,903.52,67.25,3,UPI,Cloudy,Medium
ORD_003261,CUST_00386,REST_0077,2025-05-19 14:19:26,Delivered,198.7,15.13,2,UPI,Clear,High
ORD_003262,CUST_00447,REST_0009,2025-01-29 10:51:46,Delivered,4771.17,148.27,5,UPI,Heavy Rain,High
ORD_003263,CUST_01154,REST_0007,2025-03-30 14:35:48,Delivered,5000.0,430.47,5,UPI,Rain,Medium
ORD_003264,CUST_00643,REST_0168,2025-05-23 19:55:24,Delivered,948.73,107.12,4,Debit Card,Cloudy,Medium
ORD_003265,CUST_01229,REST_0124,2025-03-25 21:11:40,Delivered,262.56,12.33,3,Wallet,Heavy Rain,Low
ORD_003266,CUST_01179,REST_0141,2025-04-14 19:46:32,Delivered,464.36,30.88,4,Credit Card,Cloudy,High
ORD_003267,CUST_01396,REST_0074,2025-01-26 11:56:31,Delivered,1974.96,60.91,4,UPI,Rain,High
ORD_003268,CUST_01138,REST_0150,2025-02-27 13:18:09,Delivered,502.66,48.67,3,Debit Card,Rain,Medium
ORD_003269,CUST_00080,REST_0109,2025-03-30 21:57:59,Delivered,306.45,10.56,3,UPI,Heavy Rain,Low
ORD_003270,CUST_01256,REST_0151,2025-04-17 19:50:13,Delivered,336.11,53.17,7,Debit Card,Heavy Rain,Severe
ORD_003271,CUST_01409,REST_0039,2025-02-27 22:53:17,Delivered,377.75,33.86,2,UPI,Rain,Medium
ORD_003272,CUST_01491,REST_0139,2025-04-02 20:55:35,Delivered,238.46,17.92,5,Credit Card,Clear,Medium
ORD_003273,CUST_00192,REST_0060,2025-02-12 19:07:52,Delivered,1713.17,126.76,5,Wallet,Heavy Rain,Severe
ORD_003274,CUST_00925,REST_0075,2025-01-08 14:06:20,Delivered,512.65,85.26,2,Debit Card,Cloudy,Medium
ORD_003275,CUST_00300,REST_0177,2025-02-06 18:47:13,Delivered,80.0,9.92,1,Wallet,Rain,Medium
ORD_003276,CUST_00396,REST_0194,2025-04-11 22:03:55,Delivered,139.19,23.82,2,Credit Card,Cloudy,Medium
ORD_003277,CUST_01121,REST_0104,2025-03-27 21:33:44,Delivered,369.57,25.12,2,UPI,Cloudy,Medium
ORD_003278,CUST_01467,REST_0028,2025-05-24 21:38:15,Delivered,804.84,86.46,7,UPI,Clear,Low
ORD_003279,CUST_00897,REST_0010,2025-04-05 18:04:58,Delivered,365.84,30.37,3,Credit Card,Clear,Low
ORD_003280,CUST_01277,REST_0066,2025-05-07 11:17:58,Delivered,469.91,67.6,3,UPI,Clear,Low
ORD_003281,CUST_00013,REST_0043,2025-05-28 20:39:29,Delivered,991.21,51.18,3,UPI,Cloudy,High
ORD_003282,CUST_00056,REST_0003,2025-01-10 14:10:52,Delivered,529.89,33.71,3,Credit Card,Clear,High
ORD_003283,CUST_00900,REST_0192,2025-04-03 20:15:47,Delivered,325.3,50.11,2,UPI,Clear,Medium
ORD_003284,CUST_00581,REST_0015,2025-05-05 12:16:37,Delivered,566.66,171.38,5,UPI,Clear,Medium
ORD_003285,CUST_01336,REST_0143,2025-04-24 16:14:30,Failed,1423.12,0.0,4,UPI,Clear,Medium
ORD_003286,CUST_00455,REST_0022,2025-03-02 14:45:29,Delivered,356.32,38.55,4,UPI,Clear,Medium
ORD_003287,CUST_00649,REST_0079,2025-06-13 05:25:10,Delivered,727.56,110.32,3,Credit Card,Clear,High
ORD_003288,CUST_00796,REST_0117,2025-05-03 20:28:27,Delivered,713.97,111.06,3,Credit Card,Cloudy,Medium
ORD_003289,CUST_00412,REST_0149,2025-04-03 10:11:50,Delivered,80.0,3.13,1,UPI,Clear,Medium
ORD_003290,CUST_01364,REST_0097,2025-03-21 19:57:08,Delivered,218.29,25.82,2,UPI,Clear,Low
ORD_003291,CUST_00700,REST_0155,2025-01-22 12:53:39,Delivered,376.89,17.89,5,Debit Card,Clear,High
ORD_003292,CUST_00637,REST_0096,2025-05-15 20:39:42,Delivered,864.0,53.13,4,Wallet,Clear,Low
ORD_003293,CUST_01276,REST_0091,2025-05-04 20:40:50,Cancelled,238.84,0.0,4,UPI,Clear,Medium
ORD_003294,CUST_00470,REST_0067,2025-06-16 14:36:18,Delivered,467.64,44.01,4,Cash,Heavy Rain,High
ORD_003295,CUST_01227,REST_0145,2025-06-20 13:58:24,Delivered,312.44,40.49,6,UPI,Clear,Medium
ORD_003296,CUST_00187,REST_0049,2025-04-04 18:08:26,Cancelled,1344.7,0.0,4,Cash,Cloudy,High
ORD_003297,CUST_00274,REST_0055,2025-06-01 11:42:58,Delivered,209.97,16.11,1,Credit Card,Clear,Medium
ORD_003298,CUST_01428,REST_0110,2025-02-23 01:14:37,Delivered,1024.66,34.9,4,Cash,Clear,High
ORD_003299,CUST_01264,REST_0005,2025-06-03 09:29:10,Delivered,124.16,34.31,2,UPI,Clear,Low
ORD_003300,CUST_00579,REST_0096,2025-04-03 19:08:41,Delivered,1657.19,73.91,8,UPI,Heavy Rain,Severe
ORD_003301,CUST_00963,REST_0193,2025-06-06 22:15:57,Delivered,80.0,1.4,1,Cash,Clear,Medium
ORD_003302,CUST_01416,REST_0051,2025-03-27 19:48:42,Delivered,222.41,32.78,2,UPI,Clear,Medium
ORD_003303,CUST_00320,REST_0142,2025-05-19 17:53:29,Delivered,142.0,14.38,4,Credit Card,Heavy Rain,High
ORD_003304,CUST_00090,REST_0180,2025-03-06 09:57:57,Delivered,208.8,63.95,4,UPI,Clear,Low
ORD_003305,CUST_00808,REST_0062,2025-02-06 12:53:08,Delivered,575.54,80.02,1,Wallet,Clear,Medium
ORD_003306,CUST_00217,REST_0006,2025-03-10 16:26:29,Delivered,203.17,15.89,2,UPI,Clear,Medium
ORD_003307,CUST_00281,REST_0122,2025-06-28 19:46:08,Delivered,327.12,17.44,3,UPI,Clear,High
ORD_003308,CUST_01339,REST_0119,2025-06-23 12:48:14,Delivered,296.21,24.91,1,Credit Card,Rain,Severe
ORD_003309,CUST_00011,REST_0116,2025-05-28 21:55:55,Delivered,113.42,14.81,2,UPI,Clear,Low
ORD_003310,CUST_01226,REST_0095,2025-06-02 20:21:12,Delivered,222.56,40.24,1,Debit Card,Clear,Medium
ORD_003311,CUST_00779,REST_0187,2025-06-14 11:13:29,Delivered,128.8,2.08,2,Debit Card,Clear,Low
ORD_003312,CUST_00842,REST_0025,2025-06-16 14:11:34,Delivered,182.86,18.0,3,UPI,Clear,Medium
ORD_003313,CUST_01013,REST_0114,2025-06-18 18:00:45,Delivered,450.41,128.31,3,UPI,Clear,Low
ORD_003314,CUST_00648,REST_0134,2025-04-16 21:59:19,Delivered,228.98,11.21,1,UPI,Clear,High
ORD_003315,CUST_00177,REST_0031,2025-04-08 07:54:23,Delivered,676.83,8.49,3,UPI,Clear,High
ORD_003316,CUST_00157,REST_0165,2025-06-12 15:15:57,Delivered,135.09,1.67,2,Wallet,Clear,Low
ORD_003317,CUST_01135,REST_0130,2025-03-21 19:19:55,Delivered,491.46,3.39,2,UPI,Clear,High
ORD_003318,CUST_00334,REST_0096,2025-05-16 17:32:05,Delivered,353.43,54.61,2,Cash,Cloudy,Medium
ORD_003319,CUST_00044,REST_0031,2025-01-08 19:02:01,Delivered,596.0,43.86,3,UPI,Rain,Medium
ORD_003320,CUST_01469,REST_0190,2025-04-07 15:48:00,Delivered,1564.23,277.56,2,UPI,Clear,Low
ORD_003321,CUST_01470,REST_0062,2025-05-14 21:07:23,Delivered,1273.9,380.6,3,UPI,Clear,Low
ORD_003322,CUST_00565,REST_0140,2025-01-27 13:27:58,Delivered,116.32,32.5,2,Cash,Clear,Medium
ORD_003323,CUST_00040,REST_0058,2025-03-10 19:24:43,Delivered,411.2,35.64,3,UPI,Clear,Low
ORD_003324,CUST_01094,REST_0071,2025-06-24 23:55:12,Delivered,767.23,113.77,3,UPI,Cloudy,Medium
ORD_003325,CUST_01246,REST_0065,2025-06-30 21:01:50,Delivered,467.53,20.42,6,Debit Card,Clear,Medium
ORD_003326,CUST_00191,REST_0015,2025-02-09 07:30:05,Delivered,113.44,6.53,1,UPI,Clear,Medium
ORD_003327,CUST_00205,REST_0109,2025-01-25 21:30:37,Delivered,546.08,129.22,3,UPI,Cloudy,Medium
ORD_003328,CUST_01234,REST_0129,2025-04-01 16:38:15,Delivered,538.28,58.28,3,Credit Card,Cloudy,Low
ORD_003329,CUST_01383,REST_0122,2025-06-13 10:01:54,Delivered,300.64,21.98,4,UPI,Rain,High
ORD_003330,CUST_01187,REST_0127,2025-03-13 11:01:05,Delivered,1207.65,93.99,4,Cash,Clear,Medium
ORD_003331,CUST_00303,REST_0165,2025-05-12 22:37:59,Delivered,80.0,6.0,1,UPI,Cloudy,High
ORD_003332,CUST_00616,REST_0001,2025-03-17 18:14:23,Delivered,234.88,7.15,2,UPI,Clear,Low
ORD_003333,CUST_00906,REST_0118,2025-03-23 19:46:17,Delivered,488.12,92.63,2,Credit Card,Clear,Low
ORD_003334,CUST_00243,REST_0128,2025-02-25 17:17:04,Delivered,374.55,39.69,2,Wallet,Rain,High
ORD_003335,CUST_00317,REST_0133,2025-02-17 21:34:43,Delivered,734.24,272.14,3,UPI,Clear,Medium
ORD_003336,CUST_00426,REST_0126,2025-06-23 15:08:31,Delivered,355.41,62.47,2,UPI,Clear,Medium
ORD_003337,CUST_00768,REST_0014,2025-03-18 18:45:47,Delivered,980.19,71.6,7,UPI,Clear,Low
ORD_003338,CUST_00769,REST_0109,2025-02-12 13:53:41,Delivered,762.01,70.72,5,UPI,Clear,Medium
ORD_003339,CUST_01222,REST_0109,2025-06-03 12:24:39,Delivered,288.02,9.05,3,Debit Card,Rain,Medium
ORD_003340,CUST_01132,REST_0109,2025-01-25 21:48:54,Delivered,335.91,12.4,3,UPI,Heavy Rain,Severe
ORD_003341,CUST_01371,REST_0096,2025-04-18 18:48:02,Delivered,745.33,21.54,3,Credit Card,Clear,Medium
ORD_003342,CUST_01249,REST_0190,2025-02-08 21:48:54,Delivered,3774.18,795.05,3,UPI,Clear,Low
ORD_003343,CUST_00384,REST_0163,2025-06-17 20:21:18,Delivered,1053.33,221.37,3,UPI,Clear,Medium
ORD_003344,CUST_00498,REST_0081,2025-03-10 14:19:00,Delivered,150.96,41.72,3,Credit Card,Cloudy,Medium
ORD_003345,CUST_00754,REST_0037,2025-02-12 12:39:11,Delivered,206.66,38.17,1,UPI,Clear,Medium
ORD_003346,CUST_00022,REST_0137,2025-06-11 14:22:06,Delivered,740.58,106.21,1,UPI,Cloudy,Medium
ORD_003347,CUST_01357,REST_0120,2025-05-15 13:07:24,Delivered,144.8,33.12,1,UPI,Rain,High
ORD_003348,CUST_00068,REST_0123,2025-02-11 12:28:00,Delivered,672.01,155.78,3,UPI,Clear,High
ORD_003349,CUST_00485,REST_0183,2025-03-20 19:35:41,Delivered,313.44,9.83,2,UPI,Rain,Severe
ORD_003350,CUST_00857,REST_0170,2025-02-15 14:48:38,Delivered,904.87,33.5,3,Credit Card,Clear,Severe
ORD_003351,CUST_00780,REST_0038,2025-02-07 14:19:07,Delivered,453.54,14.09,3,Debit Card,Cloudy,Severe
ORD_003352,CUST_00988,REST_0121,2025-01-14 14:34:54,Delivered,207.69,22.95,2,UPI,Rain,High
ORD_003353,CUST_00795,REST_0199,2025-02-14 22:52:40,Delivered,426.35,85.01,7,Credit Card,Clear,Medium
ORD_003354,CUST_00346,REST_0122,2025-03-27 13:05:54,Delivered,282.74,25.99,3,UPI,Clear,Low
ORD_003355,CUST_00303,REST_0055,2025-02-13 17:03:56,Delivered,442.53,115.99,4,Credit Card,Clear,Low
ORD_003356,CUST_01362,REST_0123,2025-03-04 10:26:57,Delivered,398.73,111.33,3,UPI,Cloudy,Medium
ORD_003357,CUST_00398,REST_0052,2025-03-22 21:59:51,Delivered,1507.3,25.48,4,Credit Card,Clear,High
ORD_003358,CUST_00423,REST_0073,2025-06-06 14:07:40,Delivered,247.1,23.46,1,Credit Card,Clear,Medium
ORD_003359,CUST_00619,REST_0012,2025-06-12 11:58:42,Delivered,2828.47,235.84,5,Debit Card,Rain,Medium
ORD_003360,CUST_00212,REST_0148,2025-01-16 13:37:24,Delivered,1497.25,283.76,2,UPI,Clear,Low
ORD_003361,CUST_00764,REST_0061,2025-02-03 15:52:13,Delivered,509.13,11.54,5,UPI,Heavy Rain,High
ORD_003362,CUST_01004,REST_0049,2025-03-02 12:20:12,Delivered,945.7,25.73,3,Debit Card,Cloudy,High
ORD_003363,CUST_01180,REST_0054,2025-05-03 19:32:21,Delivered,542.22,33.12,3,Credit Card,Clear,Medium
ORD_003364,CUST_01071,REST_0185,2025-03-22 20:35:05,Delivered,268.92,47.94,3,UPI,Clear,Medium
ORD_003365,CUST_00225,REST_0040,2025-06-16 19:04:08,Delivered,909.51,29.25,1,Debit Card,Clear,Medium
ORD_003366,CUST_00686,REST_0072,2025-06-01 14:32:58,Delivered,1000.62,77.72,6,UPI,Clear,Low
ORD_003367,CUST_00059,REST_0163,2025-06-07 13:51:54,Delivered,453.08,55.01,2,UPI,Clear,Medium
ORD_003368,CUST_00028,REST_0024,2025-02-01 22:00:33,Delivered,222.98,9.3,1,Credit Card,Clear,Severe
ORD_003369,CUST_00662,REST_0146,2025-03-26 11:13:25,Delivered,1704.79,298.1,6,Debit Card,Clear,Low
ORD_003370,CUST_00383,REST_0136,2025-05-30 21:56:12,Delivered,1062.57,68.47,3,UPI,Cloudy,High
ORD_003371,CUST_01029,REST_0091,2025-02-24 22:21:40,Delivered,159.81,1.24,2,Cash,Clear,High
ORD_003372,CUST_01090,REST_0168,2025-02-25 20:33:48,Delivered,1798.4,611.65,7,UPI,Cloudy,Medium
ORD_003373,CUST_01345,REST_0060,2025-04-04 20:26:19,Delivered,1912.83,170.05,6,Credit Card,Rain,Low
ORD_003374,CUST_01144,REST_0169,2025-05-06 18:39:13,Delivered,442.33,80.41,3,Debit Card,Clear,Severe
ORD_003375,CUST_00074,REST_0136,2025-03-15 19:14:39,Delivered,647.59,125.31,2,UPI,Clear,Low
ORD_003376,CUST_00555,REST_0060,2025-02-12 12:02:14,Delivered,586.36,62.98,2,UPI,Rain,High
ORD_003377,CUST_00412,REST_0045,2025-06-22 18:45:38,Delivered,812.71,70.67,5,Cash,Cloudy,Medium
ORD_003378,CUST_00576,REST_0165,2025-01-19 12:19:21,Delivered,319.91,20.24,4,Debit Card,Clear,Medium
ORD_003379,CUST_00243,REST_0057,2025-02-25 11:03:08,Delivered,2165.89,593.94,6,UPI,Cloudy,Medium
ORD_003380,CUST_00150,REST_0041,2025-06-02 19:36:48,Delivered,409.19,57.73,1,Credit Card,Clear,Medium
ORD_003381,CUST_00786,REST_0057,2025-06-04 15:32:32,Delivered,389.45,47.77,1,UPI,Heavy Rain,High
ORD_003382,CUST_01085,REST_0139,2025-01-16 10:45:10,Delivered,110.2,9.12,2,Credit Card,Clear,Low
ORD_003383,CUST_01057,REST_0101,2025-06-23 20:33:22,Delivered,672.77,234.44,3,UPI,Clear,Medium
ORD_003384,CUST_00679,REST_0037,2025-05-18 19:00:01,Delivered,747.19,120.74,3,Debit Card,Rain,High
ORD_003385,CUST_00787,REST_0007,2025-04-25 22:16:46,Delivered,2053.92,183.88,2,Debit Card,Clear,Low
ORD_003386,CUST_00778,REST_0135,2025-01-24 11:39:28,Delivered,337.32,27.84,3,UPI,Cloudy,Low
ORD_003387,CUST_01042,REST_0077,2025-03-13 15:22:39,Delivered,504.96,60.35,6,UPI,Rain,Medium
ORD_003388,CUST_00074,REST_0195,2025-05-21 20:29:04,Delivered,573.75,27.69,2,UPI,Clear,High
ORD_003389,CUST_01069,REST_0189,2025-03-15 14:13:37,Delivered,259.2,14.01,3,Credit Card,Clear,High
ORD_003390,CUST_00877,REST_0169,2025-05-18 18:39:05,Delivered,139.35,13.5,1,UPI,Clear,High
ORD_003391,CUST_00298,REST_0031,2025-01-17 22:46:09,Delivered,1032.12,231.28,4,UPI,Clear,Low
ORD_003392,CUST_00075,REST_0113,2025-06-26 09:18:06,Delivered,240.82,57.32,2,UPI,Heavy Rain,Medium
ORD_003393,CUST_00166,REST_0009,2025-03-17 22:28:00,Delivered,2646.81,132.49,4,UPI,Cloudy,Medium
ORD_003394,CUST_00791,REST_0016,2025-03-08 21:37:05,Cancelled,550.68,0.0,3,UPI,Cloudy,Medium
ORD_003395,CUST_01141,REST_0049,2025-04-21 17:56:10,Delivered,1030.81,86.08,5,Cash,Rain,Medium
ORD_003396,CUST_00502,REST_0184,2025-03-13 12:28:54,Delivered,3941.98,369.14,5,UPI,Heavy Rain,High
ORD_003397,CUST_00566,REST_0147,2025-04-29 17:28:15,Cancelled,572.49,0.0,5,Debit Card,Rain,Low
ORD_003398,CUST_01403,REST_0081,2025-06-12 18:44:32,Delivered,122.95,12.2,2,UPI,Cloudy,Low
ORD_003399,CUST_00322,REST_0163,2025-01-20 18:49:00,Delivered,501.36,252.68,2,UPI,Clear,Medium
ORD_003400,CUST_00159,REST_0127,2025-03-19 21:13:43,Delivered,807.42,212.36,3,UPI,Clear,Low
ORD_003401,CUST_00514,REST_0103,2025-05-28 21:53:32,Delivered,4485.98,151.42,5,Wallet,Rain,Medium
ORD_003402,CUST_01122,REST_0170,2025-01-05 20:45:06,Delivered,704.92,73.58,2,UPI,Clear,Low
ORD_003403,CUST_00944,REST_0164,2025-06-06 10:08:46,Delivered,449.26,50.56,3,UPI,Clear,Medium
ORD_003404,CUST_00623,REST_0059,2025-04-22 21:06:06,Delivered,292.94,84.21,2,Credit Card,Cloudy,Medium
ORD_003405,CUST_01448,REST_0147,2025-04-23 21:05:45,Delivered,355.99,16.13,5,Debit Card,Rain,Medium
ORD_003406,CUST_01105,REST_0076,2025-04-21 19:39:55,Delivered,194.57,13.44,3,Cash,Cloudy,High
ORD_003407,CUST_00095,REST_0128,2025-03-02 21:30:00,Delivered,403.11,68.18,3,Cash,Clear,Medium
ORD_003408,CUST_01120,REST_0100,2025-03-06 15:18:04,Delivered,980.13,164.38,5,Credit Card,Rain,Medium
ORD_003409,CUST_00037,REST_0094,2025-04-28 11:30:59,Delivered,932.18,195.35,7,Credit Card,Clear,Low
ORD_003410,CUST_00982,REST_0061,2025-03-20 18:52:12,Delivered,733.45,125.11,6,UPI,Clear,Medium
ORD_003411,CUST_00317,REST_0040,2025-05-07 22:26:37,Delivered,3699.42,278.74,5,Wallet,Clear,High
ORD_003412,CUST_01049,REST_0137,2025-06-10 22:12:12,Delivered,2676.28,305.81,3,UPI,Rain,High
ORD_003413,CUST_00467,REST_0138,2025-02-11 09:41:00,Delivered,227.94,40.78,2,Credit Card,Clear,Severe
ORD_003414,CUST_01312,REST_0179,2025-03-22 14:58:51,Delivered,2418.35,323.29,2,Wallet,Clear,Medium
ORD_003415,CUST_00505,REST_0177,2025-05-26 19:14:22,Delivered,376.98,9.08,4,UPI,Clear,High
ORD_003416,CUST_00935,REST_0038,2025-05-09 22:17:00,Delivered,537.33,43.07,2,Wallet,Clear,Low
ORD_003417,CUST_00431,REST_0086,2025-06-16 14:37:06,Delivered,591.51,119.88,5,UPI,Rain,Medium
ORD_003418,CUST_01376,REST_0015,2025-06-15 19:08:24,Delivered,230.14,45.51,2,UPI,Clear,Medium
ORD_003419,CUST_01173,REST_0153,2025-01-27 19:31:08,Delivered,2363.98,283.06,3,Credit Card,Clear,Medium
ORD_003420,CUST_00367,REST_0149,2025-04-09 12:01:42,Delivered,350.31,19.81,3,Debit Card,Clear,Medium
ORD_003421,CUST_01425,REST_0003,2025-01-31 12:32:20,Delivered,1068.81,319.61,5,Debit Card,Clear,Medium
ORD_003422,CUST_00534,REST_0131,2025-05-25 12:53:50,Delivered,883.39,157.84,3,Wallet,Clear,Low
ORD_003423,CUST_00984,REST_0155,2025-06-29 19:28:10,Cancelled,254.71,0.0,3,UPI,Clear,High
ORD_003424,CUST_01118,REST_0104,2025-01-30 21:45:15,Delivered,238.47,18.94,2,Debit Card,Heavy Rain,High
ORD_003425,CUST_00035,REST_0161,2025-03-11 11:42:42,Delivered,2090.29,162.47,4,Cash,Rain,Low
ORD_003426,CUST_01440,REST_0040,2025-04-01 19:17:00,Delivered,1425.06,55.37,2,UPI,Clear,Low
ORD_003427,CUST_00515,REST_0052,2025-03-03 20:41:23,Delivered,739.06,100.51,2,UPI,Clear,Medium
ORD_003428,CUST_00285,REST_0043,2025-01-05 19:34:41,Delivered,540.5,126.33,2,Wallet,Clear,Low
ORD_003429,CUST_01277,REST_0159,2025-04-30 20:31:44,Delivered,525.91,192.32,5,UPI,Clear,High
ORD_003430,CUST_01058,REST_0195,2025-04-30 19:56:10,Delivered,667.09,3.54,2,Wallet,Rain,Severe
ORD_003431,CUST_00133,REST_0154,2025-03-31 22:50:12,Delivered,1579.17,251.53,3,UPI,Clear,Low
ORD_003432,CUST_00179,REST_0170,2025-02-01 07:22:57,Delivered,901.86,33.99,4,UPI,Clear,High
ORD_003433,CUST_01077,REST_0131,2025-02-21 18:29:05,Delivered,1132.21,181.5,4,UPI,Rain,High
ORD_003434,CUST_00115,REST_0018,2025-03-12 08:36:47,Delivered,1734.34,122.65,4,UPI,Heavy Rain,High
ORD_003435,CUST_01376,REST_0124,2025-06-09 12:31:11,Delivered,284.33,13.27,2,Wallet,Clear,Low
ORD_003436,CUST_01116,REST_0115,2025-04-06 15:56:00,Delivered,182.86,17.73,1,Debit Card,Heavy Rain,High
ORD_003437,CUST_00503,REST_0151,2025-04-22 22:50:14,Delivered,141.87,62.64,2,UPI,Clear,Medium
ORD_003438,CUST_00542,REST_0126,2025-04-15 11:05:13,Delivered,1047.55,160.88,6,UPI,Clear,Low
ORD_003439,CUST_00763,REST_0162,2025-06-06 22:17:46,Delivered,2548.4,149.65,5,Wallet,Clear,High
ORD_003440,CUST_00539,REST_0012,2025-01-04 12:54:52,Delivered,1652.23,346.35,4,Debit Card,Clear,Low
ORD_003441,CUST_01177,REST_0100,2025-04-12 15:51:28,Delivered,903.04,113.11,5,UPI,Clear,Low
ORD_003442,CUST_01462,REST_0103,2025-06-11 21:29:22,Delivered,2084.49,479.05,2,Credit Card,Clear,Medium
ORD_003443,CUST_00881,REST_0013,2025-05-07 11:27:00,Delivered,349.95,41.11,2,Cash,Cloudy,Medium
ORD_003444,CUST_00672,REST_0021,2025-03-13 17:14:33,Cancelled,1976.93,0.0,4,UPI,Clear,Low
ORD_003445,CUST_00337,REST_0001,2025-05-27 20:09:43,Delivered,384.35,58.45,5,UPI,Clear,Medium
ORD_003446,CUST_00987,REST_0009,2025-04-27 19:24:08,Delivered,3179.78,420.68,5,UPI,Clear,Medium
ORD_003447,CUST_01033,REST_0132,2025-02-03 20:23:55,Delivered,473.99,24.1,4,UPI,Rain,Medium
ORD_003448,CUST_01032,REST_0097,2025-01-07 19:07:55,Cancelled,363.65,0.0,5,UPI,Cloudy,High
ORD_003449,CUST_00042,REST_0020,2025-02-27 10:04:51,Delivered,250.73,20.67,3,Debit Card,Clear,Low
ORD_003450,CUST_01351,REST_0196,2025-01-08 19:23:41,Delivered,565.42,34.12,2,UPI,Clear,Medium
ORD_003451,CUST_00507,REST_0036,2025-02-23 14:58:29,Delivered,1176.48,108.2,2,UPI,Clear,Medium
ORD_003452,CUST_01119,REST_0167,2025-03-30 20:36:00,Delivered,231.67,18.51,4,Debit Card,Clear,Medium
ORD_003453,CUST_01143,REST_0009,2025-02-06 19:48:10,Delivered,1246.48,93.25,2,UPI,Clear,Low
ORD_003454,CUST_00982,REST_0132,2025-02-27 11:59:16,Delivered,313.8,1.74,2,UPI,Clear,High
ORD_003455,CUST_00590,REST_0095,2025-05-19 14:43:28,Delivered,971.52,119.3,4,UPI,Cloudy,Low
ORD_003456,CUST_00918,REST_0008,2025-05-25 19:55:04,Delivered,1405.27,79.69,4,Credit Card,Clear,Low
ORD_003457,CUST_00062,REST_0070,2025-05-12 16:23:10,Failed,396.61,0.0,3,Wallet,Clear,Low
ORD_003458,CUST_01146,REST_0111,2025-04-14 16:34:43,Delivered,3256.15,73.63,4,Debit Card,Cloudy,High
ORD_003459,CUST_00152,REST_0082,2025-04-19 19:35:20,Delivered,543.5,92.58,3,UPI,Cloudy,High
ORD_003460,CUST_00593,REST_0170,2025-04-12 07:04:20,Delivered,1742.63,258.85,6,UPI,Cloudy,Medium
ORD_003461,CUST_00158,REST_0130,2025-03-30 21:18:31,Delivered,913.28,175.44,5,Credit Card,Clear,Medium
ORD_003462,CUST_01255,REST_0110,2025-05-26 22:47:14,Delivered,203.77,5.53,1,UPI,Rain,Severe
ORD_003463,CUST_00827,REST_0091,2025-06-01 11:52:53,Delivered,276.67,34.06,4,Wallet,Clear,Low
ORD_003464,CUST_01042,REST_0185,2025-04-06 22:04:04,Delivered,116.69,22.0,1,UPI,Clear,Medium
ORD_003465,CUST_01028,REST_0165,2025-05-02 07:33:06,Delivered,153.34,39.73,2,UPI,Clear,Medium
ORD_003466,CUST_01263,REST_0075,2025-03-31 20:33:25,Delivered,389.17,41.63,2,UPI,Cloudy,Medium
ORD_003467,CUST_00201,REST_0127,2025-05-01 20:11:05,Delivered,536.16,65.18,2,UPI,Rain,High
ORD_003468,CUST_00997,REST_0146,2025-03-25 12:03:31,Delivered,996.77,161.67,4,UPI,Clear,High
ORD_003469,CUST_00866,REST_0039,2025-01-05 21:53:49,Delivered,1670.45,122.81,6,UPI,Cloudy,High
ORD_003470,CUST_00048,REST_0102,2025-06-29 12:52:09,Cancelled,300.39,0.0,4,UPI,Clear,High
ORD_003471,CUST_00304,REST_0110,2025-01-23 18:56:17,Delivered,376.54,21.8,2,UPI,Cloudy,Medium
ORD_003472,CUST_00403,REST_0115,2025-06-29 18:05:25,Delivered,381.37,5.9,2,Debit Card,Clear,Low
ORD_003473,CUST_00112,REST_0085,2025-04-09 21:04:13,Delivered,336.08,37.17,3,UPI,Rain,High
ORD_003474,CUST_00531,REST_0035,2025-03-07 21:39:12,Delivered,384.57,20.53,3,UPI,Clear,Severe
ORD_003475,CUST_00043,REST_0041,2025-06-28 13:35:35,Delivered,1130.81,7.01,2,UPI,Clear,Medium
ORD_003476,CUST_00832,REST_0105,2025-06-27 13:19:21,Delivered,296.13,45.24,2,Debit Card,Clear,Low
ORD_003477,CUST_00319,REST_0014,2025-01-31 18:43:03,Delivered,478.24,157.27,6,Cash,Cloudy,Medium
ORD_003478,CUST_00433,REST_0106,2025-04-11 11:36:58,Delivered,969.58,63.92,5,Credit Card,Clear,Medium
ORD_003479,CUST_01367,REST_0200,2025-05-12 19:06:06,Delivered,866.77,62.8,2,Credit Card,Rain,Medium
ORD_003480,CUST_00758,REST_0103,2025-06-26 19:06:46,Delivered,5000.0,1000.0,6,UPI,Clear,Medium
ORD_003481,CUST_00406,REST_0085,2025-04-26 19:53:44,Delivered,294.95,52.74,2,UPI,Clear,Medium
ORD_003482,CUST_00903,REST_0120,2025-04-18 13:46:48,Failed,322.49,0.0,3,UPI,Clear,Medium
ORD_003483,CUST_00304,REST_0055,2025-02-22 19:04:52,Delivered,511.94,11.25,4,Cash,Clear,Medium
ORD_003484,CUST_00114,REST_0075,2025-03-01 18:58:45,Delivered,720.76,76.54,2,UPI,Heavy Rain,Medium
ORD_003485,CUST_00033,REST_0053,2025-02-25 22:46:47,Delivered,808.22,29.84,4,UPI,Cloudy,High
ORD_003486,CUST_01429,REST_0039,2025-05-18 12:23:28,Delivered,713.85,233.11,3,UPI,Clear,Low
ORD_003487,CUST_01091,REST_0035,2025-05-15 15:29:24,Delivered,370.57,76.43,2,UPI,Cloudy,Medium
ORD_003488,CUST_01200,REST_0106,2025-02-05 11:34:55,Delivered,909.23,187.0,5,Credit Card,Clear,Medium
ORD_003489,CUST_01471,REST_0187,2025-02-19 14:55:00,Delivered,137.12,17.76,2,Cash,Cloudy,High
ORD_003490,CUST_01399,REST_0015,2025-02-10 09:07:55,Delivered,380.92,55.79,3,Credit Card,Clear,Low
ORD_003491,CUST_01108,REST_0187,2025-03-25 14:20:26,Delivered,171.54,15.88,3,Debit Card,Heavy Rain,Low
ORD_003492,CUST_01046,REST_0138,2025-01-10 18:10:40,Delivered,395.24,75.18,4,Credit Card,Clear,Low
ORD_003493,CUST_00505,REST_0021,2025-03-24 05:22:04,Delivered,2632.51,266.64,6,UPI,Clear,Low
ORD_003494,CUST_00159,REST_0096,2025-02-22 21:04:17,Delivered,299.97,7.45,2,Wallet,Heavy Rain,Medium
ORD_003495,CUST_00864,REST_0068,2025-03-06 20:33:00,Delivered,1445.3,236.16,5,UPI,Clear,Medium
ORD_003496,CUST_00868,REST_0102,2025-05-02 18:39:22,Delivered,209.55,46.53,3,Credit Card,Clear,Medium
ORD_003497,CUST_01430,REST_0120,2025-01-02 18:20:51,Cancelled,220.41,0.0,2,Debit Card,Cloudy,Low
ORD_003498,CUST_00666,REST_0074,2025-06-01 08:19:49,Delivered,408.89,24.79,1,UPI,Heavy Rain,Medium
ORD_003499,CUST_01041,REST_0024,2025-06-16 01:26:43,Cancelled,1041.12,0.0,4,UPI,Heavy Rain,High
ORD_003500,CUST_00866,REST_0001,2025-02-08 21:32:28,Delivered,216.28,18.64,3,UPI,Clear,High
ORD_003501,CUST_00266,REST_0147,2025-03-15 22:02:02,Delivered,80.0,10.82,1,Debit Card,Clear,Medium
ORD_003502,CUST_00893,REST_0104,2025-04-19 09:05:26,Delivered,177.25,20.11,1,UPI,Cloudy,Medium
ORD_003503,CUST_00812,REST_0122,2025-04-21 09:05:05,Delivered,139.98,4.28,2,UPI,Clear,Low
ORD_003504,CUST_00745,REST_0052,2025-01-26 21:15:40,Delivered,1468.64,305.72,3,UPI,Clear,High
ORD_003505,CUST_00774,REST_0070,2025-01-23 12:28:37,Delivered,204.4,13.47,2,UPI,Cloudy,High
ORD_003506,CUST_00248,REST_0135,2025-02-28 22:19:20,Delivered,246.98,11.15,2,Wallet,Clear,High
ORD_003507,CUST_00698,REST_0136,2025-06-05 04:49:39,Delivered,585.16,48.83,2,UPI,Clear,Low
ORD_003508,CUST_00914,REST_0113,2025-01-10 13:55:35,Delivered,223.21,13.99,3,UPI,Clear,Medium
ORD_003509,CUST_00737,REST_0117,2025-03-16 12:06:50,Delivered,999.83,128.36,4,UPI,Heavy Rain,Low
ORD_003510,CUST_00736,REST_0139,2025-01-16 12:31:30,Delivered,243.35,16.21,5,UPI,Clear,High
ORD_003511,CUST_00119,REST_0087,2025-06-09 14:26:56,Delivered,797.88,38.34,3,UPI,Heavy Rain,Medium
ORD_003512,CUST_00286,REST_0173,2025-01-22 18:03:51,Delivered,1167.72,198.65,3,UPI,Clear,Medium
ORD_003513,CUST_00482,REST_0145,2025-05-16 13:15:47,Delivered,476.46,28.56,5,Cash,Rain,Medium
ORD_003514,CUST_00629,REST_0060,2025-06-11 13:22:56,Delivered,1227.18,36.39,4,Wallet,Clear,High
ORD_003515,CUST_00895,REST_0148,2025-05-13 12:06:36,Delivered,1725.88,336.76,3,Credit Card,Clear,Low
ORD_003516,CUST_01298,REST_0150,2025-05-04 17:03:48,Delivered,511.96,135.0,4,Wallet,Clear,Low
ORD_003517,CUST_00242,REST_0042,2025-06-15 14:35:25,Delivered,112.88,26.12,3,Credit Card,Clear,Low
ORD_003518,CUST_00024,REST_0150,2025-03-16 18:47:47,Delivered,437.37,70.97,3,Debit Card,Clear,High
ORD_003519,CUST_00676,REST_0098,2025-06-15 18:08:32,Delivered,710.91,54.29,3,Debit Card,Cloudy,High
ORD_003520,CUST_00649,REST_0019,2025-03-16 21:55:36,Delivered,200.19,21.49,3,UPI,Clear,Medium
ORD_003521,CUST_00830,REST_0076,2025-02-26 09:49:20,Delivered,109.9,15.62,2,Credit Card,Clear,Severe
ORD_003522,CUST_01249,REST_0181,2025-05-20 14:38:40,Delivered,313.76,37.73,7,UPI,Rain,Severe
ORD_003523,CUST_01204,REST_0200,2025-06-01 18:19:39,Delivered,1108.76,29.7,4,Wallet,Cloudy,High
ORD_003524,CUST_00153,REST_0026,2025-04-15 22:01:41,Failed,688.32,0.0,3,Credit Card,Clear,Low
ORD_003525,CUST_01403,REST_0161,2025-06-10 11:21:00,Delivered,1868.56,482.53,4,Credit Card,Cloudy,Low
ORD_003526,CUST_00169,REST_0173,2025-04-04 13:40:53,Delivered,3386.1,150.35,8,Credit Card,Rain,Medium
ORD_003527,CUST_00957,REST_0120,2025-01-14 23:37:38,Delivered,267.62,21.07,3,UPI,Rain,Medium
ORD_003528,CUST_01015,REST_0085,2025-02-22 19:23:32,Failed,955.22,0.0,4,Credit Card,Clear,Low
ORD_003529,CUST_01025,REST_0061,2025-03-13 22:42:33,Delivered,196.67,19.56,2,Cash,Clear,Low
ORD_003530,CUST_00400,REST_0104,2025-06-11 20:07:52,Delivered,1407.95,194.03,6,Credit Card,Clear,Medium
ORD_003531,CUST_00496,REST_0119,2025-06-02 14:31:55,Delivered,276.5,8.16,1,Wallet,Rain,Severe
ORD_003532,CUST_00825,REST_0012,2025-04-04 19:47:23,Delivered,1420.12,201.62,4,UPI,Clear,Low
ORD_003533,CUST_00300,REST_0065,2025-05-10 20:21:18,Delivered,80.0,20.13,1,UPI,Cloudy,Low
ORD_003534,CUST_00032,REST_0038,2025-04-15 20:06:00,Delivered,467.26,87.84,2,UPI,Cloudy,Medium
ORD_003535,CUST_00846,REST_0107,2025-02-08 22:25:00,Delivered,146.41,18.75,2,Cash,Cloudy,Medium
ORD_003536,CUST_00701,REST_0151,2025-04-01 09:36:00,Delivered,165.27,19.24,3,Cash,Clear,Low
ORD_003537,CUST_00992,REST_0082,2025-01-26 19:23:47,Delivered,164.76,9.03,1,Wallet,Clear,Medium
ORD_003538,CUST_00223,REST_0165,2025-03-06 20:44:54,Cancelled,80.0,0.0,1,Wallet,Clear,Low
ORD_003539,CUST_01262,REST_0095,2025-04-04 11:09:27,Delivered,1101.39,14.12,4,UPI,Cloudy,Low
ORD_003540,CUST_00222,REST_0190,2025-05-20 21:37:46,Delivered,2410.14,191.8,3,Credit Card,Rain,Low
ORD_003541,CUST_01339,REST_0148,2025-06-14 11:40:26,Delivered,510.2,26.22,1,UPI,Clear,High
ORD_003542,CUST_00677,REST_0160,2025-06-19 18:21:03,Delivered,736.5,64.43,1,UPI,Clear,Low
ORD_003543,CUST_00827,REST_0025,2025-06-06 11:56:13,Delivered,80.0,4.99,1,UPI,Cloudy,Medium
ORD_003544,CUST_01347,REST_0038,2025-05-20 19:44:22,Delivered,433.32,27.6,2,Credit Card,Rain,Medium
ORD_003545,CUST_00452,REST_0095,2025-02-03 21:08:09,Delivered,1599.07,131.02,4,Debit Card,Clear,High
ORD_003546,CUST_00273,REST_0118,2025-04-23 21:44:51,Delivered,1250.81,139.85,7,UPI,Clear,Low
ORD_003547,CUST_00671,REST_0115,2025-01-30 11:01:48,Delivered,548.91,216.36,3,Debit Card,Clear,Medium
ORD_003548,CUST_00369,REST_0094,2025-04-06 10:27:44,Delivered,411.72,44.46,5,Debit Card,Cloudy,Medium
ORD_003549,CUST_00796,REST_0073,2025-01-17 22:13:51,Delivered,546.48,71.46,2,UPI,Clear,Medium
ORD_003550,CUST_00414,REST_0069,2025-05-18 09:16:36,Cancelled,814.52,0.0,3,Cash,Cloudy,Low
ORD_003551,CUST_01299,REST_0188,2025-01-18 22:57:50,Delivered,206.64,38.55,3,UPI,Clear,Medium
ORD_003552,CUST_00916,REST_0159,2025-01-18 22:36:39,Delivered,444.41,18.67,5,Credit Card,Clear,Medium
ORD_003553,CUST_00001,REST_0090,2025-01-06 19:34:25,Delivered,1969.51,180.78,5,UPI,Clear,Medium
ORD_003554,CUST_01209,REST_0074,2025-04-15 00:10:51,Delivered,2005.57,87.3,4,Credit Card,Clear,High
ORD_003555,CUST_00496,REST_0082,2025-06-01 22:13:22,Delivered,265.46,85.18,2,UPI,Clear,Low
ORD_003556,CUST_00481,REST_0145,2025-01-09 21:46:17,Delivered,273.3,6.37,3,Credit Card,Cloudy,High
ORD_003557,CUST_00572,REST_0012,2025-02-20 14:04:52,Delivered,3124.54,498.64,5,Cash,Clear,Medium
ORD_003558,CUST_00950,REST_0148,2025-03-23 12:43:37,Delivered,4845.59,87.81,6,UPI,Rain,Medium
ORD_003559,CUST_00665,REST_0083,2025-04-03 19:11:00,Delivered,5000.0,178.31,8,Debit Card,Clear,Medium
ORD_003560,CUST_00948,REST_0183,2025-05-09 20:00:03,Delivered,372.4,59.49,2,UPI,Cloudy,Medium
ORD_003561,CUST_00223,REST_0074,2025-05-15 11:36:54,Delivered,1052.23,146.03,2,Credit Card,Cloudy,Medium
ORD_003562,CUST_01456,REST_0077,2025-02-08 18:30:43,Delivered,189.5,12.94,2,UPI,Cloudy,Severe
ORD_003563,CUST_01098,REST_0084,2025-03-20 12:45:46,Delivered,207.16,52.99,3,Wallet,Clear,Medium
ORD_003564,CUST_00378,REST_0152,2025-04-21 20:42:17,Delivered,214.81,18.07,4,UPI,Clear,Medium
ORD_003565,CUST_01090,REST_0106,2025-01-21 20:55:02,Delivered,363.46,35.24,2,Debit Card,Cloudy,Low
ORD_003566,CUST_00866,REST_0187,2025-05-09 19:15:34,Delivered,135.04,4.68,2,Debit Card,Rain,Medium
ORD_003567,CUST_00167,REST_0052,2025-05-29 11:30:48,Delivered,1143.9,116.16,3,Wallet,Clear,Medium
ORD_003568,CUST_00268,REST_0074,2025-03-06 21:02:59,Delivered,634.85,64.24,2,UPI,Clear,Medium
ORD_003569,CUST_00063,REST_0139,2025-02-11 10:42:36,Delivered,80.0,17.51,1,Wallet,Clear,Medium
ORD_003570,CUST_01215,REST_0147,2025-05-20 20:43:50,Delivered,343.89,51.06,3,UPI,Cloudy,Medium
ORD_003571,CUST_00830,REST_0043,2025-03-14 22:15:27,Delivered,1062.31,4.58,3,UPI,Rain,High
ORD_003572,CUST_00476,REST_0131,2025-05-04 19:31:07,Delivered,1379.19,172.3,8,UPI,Cloudy,Medium
ORD_003573,CUST_00193,REST_0145,2025-01-27 13:58:56,Delivered,221.84,51.1,2,Wallet,Clear,High
ORD_003574,CUST_00729,REST_0042,2025-01-03 21:33:25,Delivered,128.96,17.38,3,Debit Card,Clear,High
ORD_003575,CUST_00792,REST_0026,2025-06-17 08:31:40,Delivered,480.44,8.45,2,UPI,Cloudy,Medium
ORD_003576,CUST_01057,REST_0084,2025-05-10 18:41:06,Delivered,206.28,36.44,4,UPI,Cloudy,Medium
ORD_003577,CUST_01456,REST_0066,2025-01-29 12:16:00,Delivered,354.58,40.15,2,UPI,Clear,Medium
ORD_003578,CUST_00654,REST_0124,2025-01-15 20:58:39,Delivered,166.39,26.83,3,UPI,Clear,Low
ORD_003579,CUST_00609,REST_0124,2025-03-23 12:38:19,Delivered,395.44,35.6,4,UPI,Clear,Low
ORD_003580,CUST_00552,REST_0199,2025-01-01 16:42:50,Delivered,229.65,16.18,2,UPI,Cloudy,High
ORD_003581,CUST_01241,REST_0042,2025-06-15 13:14:19,Delivered,304.63,60.42,6,Wallet,Cloudy,Low
ORD_003582,CUST_00238,REST_0026,2025-04-05 09:02:00,Delivered,493.92,50.98,3,Wallet,Rain,Low
ORD_003583,CUST_00514,REST_0191,2025-04-29 02:16:05,Delivered,101.32,13.31,1,UPI,Cloudy,Medium
ORD_003584,CUST_01091,REST_0086,2025-05-08 19:26:34,Delivered,495.81,85.47,3,Credit Card,Clear,High
ORD_003585,CUST_00025,REST_0084,2025-02-15 16:15:22,Delivered,131.14,18.31,3,UPI,Rain,Severe
ORD_003586,CUST_00436,REST_0141,2025-04-22 16:40:03,Delivered,310.3,12.06,2,Credit Card,Clear,Medium
ORD_003587,CUST_00968,REST_0040,2025-03-03 15:39:23,Delivered,5000.0,649.67,8,Credit Card,Clear,Medium
ORD_003588,CUST_00279,REST_0161,2025-05-14 13:57:13,Delivered,815.18,95.49,2,Wallet,Cloudy,Medium
ORD_003589,CUST_00456,REST_0076,2025-03-19 15:46:34,Delivered,101.21,4.78,2,UPI,Clear,High
ORD_003590,CUST_00732,REST_0011,2025-01-06 12:19:16,Cancelled,216.95,0.0,2,UPI,Cloudy,Low
ORD_003591,CUST_00633,REST_0173,2025-03-25 15:39:27,Delivered,364.31,18.05,1,Credit Card,Rain,Medium
ORD_003592,CUST_00162,REST_0156,2025-05-21 22:44:19,Delivered,1060.1,62.95,4,Credit Card,Rain,High
ORD_003593,CUST_01409,REST_0005,2025-04-27 13:34:44,Delivered,273.64,22.32,4,Debit Card,Rain,Medium
ORD_003594,CUST_00068,REST_0036,2025-03-05 20:42:22,Delivered,1624.67,302.23,3,UPI,Clear,Medium
ORD_003595,CUST_01127,REST_0178,2025-01-18 19:53:59,Delivered,2132.62,276.71,3,UPI,Cloudy,High
ORD_003596,CUST_00110,REST_0142,2025-05-03 08:41:00,Delivered,194.09,15.32,3,Cash,Cloudy,High
ORD_003597,CUST_00705,REST_0059,2025-04-23 18:34:40,Delivered,655.9,89.07,4,Debit Card,Clear,Medium
ORD_003598,CUST_00264,REST_0129,2025-03-05 18:45:00,Delivered,389.66,52.88,2,UPI,Clear,Low
ORD_003599,CUST_00215,REST_0160,2025-02-25 19:24:11,Delivered,2750.6,411.17,3,Cash,Clear,Low
ORD_003600,CUST_00192,REST_0013,2025-03-12 21:03:44,Delivered,473.29,20.73,2,Credit Card,Cloudy,Low
ORD_003601,CUST_00681,REST_0015,2025-04-05 13:38:09,Delivered,306.23,70.53,4,UPI,Cloudy,Medium
ORD_003602,CUST_00777,REST_0055,2025-06-25 21:22:28,Delivered,481.33,26.78,3,UPI,Rain,Medium
ORD_003603,CUST_00203,REST_0101,2025-01-08 18:42:52,Delivered,597.4,34.86,3,Debit Card,Clear,High
ORD_003604,CUST_01469,REST_0064,2025-05-14 07:55:09,Cancelled,3526.14,0.0,5,UPI,Cloudy,High
ORD_003605,CUST_00390,REST_0159,2025-05-04 18:05:03,Delivered,215.51,7.84,2,Credit Card,Cloudy,High
ORD_003606,CUST_00690,REST_0117,2025-04-26 20:47:57,Delivered,480.71,51.89,2,Credit Card,Clear,Low
ORD_003607,CUST_00326,REST_0120,2025-02-08 21:12:01,Cancelled,292.22,0.0,3,Wallet,Cloudy,Medium
ORD_003608,CUST_00745,REST_0103,2025-03-01 19:40:31,Delivered,1791.15,104.98,2,UPI,Cloudy,Medium
ORD_003609,CUST_01137,REST_0032,2025-06-29 22:01:13,Delivered,1233.54,298.88,4,UPI,Clear,Medium
ORD_003610,CUST_00786,REST_0091,2025-06-29 11:48:28,Delivered,201.06,14.64,2,UPI,Heavy Rain,Severe
ORD_003611,CUST_00430,REST_0137,2025-06-15 15:33:07,Delivered,1486.05,422.96,2,Credit Card,Clear,Medium
ORD_003612,CUST_00376,REST_0135,2025-02-24 16:25:16,Delivered,396.55,50.74,6,UPI,Clear,Medium
ORD_003613,CUST_01141,REST_0193,2025-02-28 08:15:57,Delivered,193.81,1.72,3,UPI,Cloudy,Low
ORD_003614,CUST_00181,REST_0172,2025-02-19 15:25:16,Delivered,2740.63,338.24,3,Debit Card,Clear,Medium
ORD_003615,CUST_00552,REST_0008,2025-04-24 14:03:49,Delivered,566.28,44.14,2,UPI,Clear,Low
ORD_003616,CUST_00230,REST_0125,2025-06-20 18:03:58,Delivered,266.59,14.74,1,Debit Card,Clear,Low
ORD_003617,CUST_00390,REST_0130,2025-05-27 20:07:17,Delivered,501.51,140.51,2,Credit Card,Cloudy,Low
ORD_003618,CUST_00232,REST_0042,2025-02-20 22:57:06,Delivered,162.65,6.42,5,Wallet,Clear,High
ORD_003619,CUST_01332,REST_0146,2025-05-25 02:21:14,Delivered,535.0,63.59,2,Credit Card,Cloudy,High
ORD_003620,CUST_01102,REST_0151,2025-04-10 14:13:57,Delivered,173.58,13.69,2,UPI,Clear,Severe
ORD_003621,CUST_00844,REST_0073,2025-04-14 20:11:00,Delivered,633.74,139.18,3,UPI,Clear,Low
ORD_003622,CUST_00339,REST_0129,2025-05-20 20:43:43,Delivered,592.93,32.16,3,UPI,Cloudy,High
ORD_003623,CUST_00768,REST_0018,2025-05-16 17:41:11,Delivered,1215.17,162.35,3,Wallet,Clear,Medium
ORD_003624,CUST_00785,REST_0018,2025-06-14 12:08:46,Delivered,1239.88,210.22,4,UPI,Cloudy,High
ORD_003625,CUST_00891,REST_0160,2025-01-24 22:35:03,Delivered,5000.0,47.08,8,UPI,Clear,Low
ORD_003626,CUST_00092,REST_0131,2025-06-06 18:15:07,Delivered,481.46,126.68,2,Wallet,Clear,Low
ORD_003627,CUST_01460,REST_0149,2025-04-01 21:11:43,Delivered,223.88,26.59,2,Cash,Cloudy,High
ORD_003628,CUST_00701,REST_0048,2025-04-03 12:07:00,Delivered,281.74,15.73,3,Cash,Clear,Low
ORD_003629,CUST_01390,REST_0180,2025-06-16 16:20:05,Delivered,161.14,6.44,3,UPI,Clear,Low
ORD_003630,CUST_00015,REST_0103,2025-04-07 21:47:02,Delivered,2063.48,218.2,3,UPI,Clear,Medium
ORD_003631,CUST_00374,REST_0154,2025-05-04 20:39:55,Delivered,1799.27,200.93,3,UPI,Clear,Medium
ORD_003632,CUST_00159,REST_0110,2025-04-13 12:20:50,Cancelled,404.03,0.0,2,UPI,Clear,Medium
ORD_003633,CUST_01156,REST_0012,2025-02-04 22:02:59,Delivered,3210.71,76.46,5,Credit Card,Rain,Medium
ORD_003634,CUST_00481,REST_0181,2025-05-31 12:22:21,Delivered,85.13,13.67,2,UPI,Cloudy,Medium
ORD_003635,CUST_01261,REST_0145,2025-05-03 11:01:57,Delivered,304.03,42.81,5,UPI,Rain,Medium
ORD_003636,CUST_01249,REST_0142,2025-03-22 21:19:08,Delivered,334.0,13.52,7,Debit Card,Heavy Rain,High
ORD_003637,CUST_01008,REST_0132,2025-02-26 16:16:13,Delivered,362.55,16.5,2,Debit Card,Cloudy,Low
ORD_003638,CUST_01005,REST_0186,2025-03-14 16:47:00,Delivered,389.74,8.41,3,Wallet,Heavy Rain,Severe
ORD_003639,CUST_01054,REST_0046,2025-02-22 17:17:00,Delivered,210.92,44.52,2,Debit Card,Clear,Medium
ORD_003640,CUST_01016,REST_0039,2025-02-15 14:11:00,Delivered,565.41,66.77,2,Credit Card,Clear,Medium
ORD_003641,CUST_00578,REST_0101,2025-01-26 18:03:24,Delivered,787.4,155.31,3,UPI,Clear,Low
ORD_003642,CUST_01028,REST_0102,2025-01-07 22:59:21,Delivered,90.91,18.55,1,UPI,Clear,Low
ORD_003643,CUST_01348,REST_0151,2025-05-08 18:49:05,Failed,80.0,0.0,1,Debit Card,Rain,Medium
ORD_003644,CUST_00499,REST_0168,2025-06-07 11:55:38,Delivered,1031.6,38.15,3,UPI,Clear,Medium
ORD_003645,CUST_01419,REST_0012,2025-05-22 09:41:21,Delivered,2564.46,391.75,5,Wallet,Rain,Medium
ORD_003646,CUST_00021,REST_0138,2025-03-18 13:34:00,Delivered,919.7,69.05,6,Wallet,Clear,Medium
ORD_003647,CUST_00523,REST_0140,2025-02-17 12:10:09,Delivered,91.05,6.07,1,Credit Card,Cloudy,Medium
ORD_003648,CUST_00201,REST_0096,2025-05-20 14:29:40,Delivered,1012.01,45.46,5,Wallet,Clear,Low
ORD_003649,CUST_00193,REST_0193,2025-03-01 21:37:10,Delivered,164.01,8.46,3,UPI,Cloudy,High
ORD_003650,CUST_01224,REST_0155,2025-03-06 09:38:42,Delivered,487.92,65.14,4,UPI,Rain,High
ORD_003651,CUST_01378,REST_0116,2025-06-26 21:57:47,Delivered,316.62,42.42,3,Wallet,Clear,Severe
ORD_003652,CUST_01168,REST_0041,2025-04-17 11:16:05,Delivered,838.75,205.89,2,UPI,Clear,Medium
ORD_003653,CUST_01465,REST_0027,2025-05-23 03:30:27,Delivered,1840.44,255.2,7,Debit Card,Clear,Medium
ORD_003654,CUST_00326,REST_0134,2025-06-21 06:47:39,Delivered,818.87,57.25,3,Wallet,Cloudy,High
ORD_003655,CUST_00214,REST_0190,2025-06-09 09:04:43,Delivered,3232.04,516.27,4,UPI,Cloudy,High
ORD_003656,CUST_00785,REST_0180,2025-03-11 18:57:46,Delivered,130.0,12.21,3,UPI,Clear,Medium
ORD_003657,CUST_01243,REST_0122,2025-05-06 22:38:58,Delivered,199.4,61.11,4,Debit Card,Clear,Medium
ORD_003658,CUST_00061,REST_0048,2025-05-15 22:56:10,Delivered,194.33,39.46,2,UPI,Clear,Low
ORD_003659,CUST_01494,REST_0195,2025-06-11 22:13:17,Delivered,482.32,54.86,2,UPI,Clear,Medium
ORD_003660,CUST_00908,REST_0124,2025-06-25 20:08:38,Delivered,496.06,149.48,4,UPI,Clear,Medium
ORD_003661,CUST_01468,REST_0176,2025-01-04 13:10:29,Delivered,739.94,141.18,3,UPI,Clear,Low
ORD_003662,CUST_00545,REST_0168,2025-04-17 18:51:31,Delivered,479.61,44.27,2,Credit Card,Clear,Medium
ORD_003663,CUST_00689,REST_0085,2025-04-23 22:25:29,Delivered,440.39,90.34,2,Credit Card,Clear,Medium
ORD_003664,CUST_01131,REST_0151,2025-06-28 08:32:33,Delivered,298.7,28.29,4,Credit Card,Clear,High
ORD_003665,CUST_01190,REST_0124,2025-06-16 22:03:09,Delivered,230.75,17.24,2,UPI,Clear,Low
ORD_003666,CUST_00352,REST_0131,2025-04-02 22:08:21,Cancelled,1348.49,0.0,3,Credit Card,Clear,Low
ORD_003667,CUST_01396,REST_0183,2025-01-10 20:42:12,Delivered,712.15,12.21,5,Credit Card,Rain,High
ORD_003668,CUST_01304,REST_0039,2025-05-21 16:24:43,Delivered,712.39,17.11,4,Cash,Rain,Low
ORD_003669,CUST_00029,REST_0053,2025-04-03 19:39:05,Delivered,945.6,197.77,4,UPI,Cloudy,Medium
ORD_003670,CUST_00196,REST_0185,2025-04-30 20:17:42,Delivered,294.66,1.5,3,Credit Card,Heavy Rain,Low
ORD_003671,CUST_00748,REST_0187,2025-02-01 19:33:22,Delivered,131.23,18.65,2,Debit Card,Cloudy,Medium
ORD_003672,CUST_00694,REST_0157,2025-05-03 18:51:51,Delivered,244.18,56.75,1,UPI,Clear,Low
ORD_003673,CUST_01066,REST_0131,2025-02-03 18:16:43,Delivered,606.28,33.89,2,UPI,Cloudy,Medium
ORD_003674,CUST_00137,REST_0007,2025-05-06 12:40:33,Cancelled,1825.32,0.0,3,Debit Card,Cloudy,High
ORD_003675,CUST_00973,REST_0198,2025-03-20 20:18:00,Failed,678.23,0.0,3,UPI,Rain,Medium
ORD_003676,CUST_00930,REST_0063,2025-04-02 12:38:47,Delivered,318.22,7.7,4,Wallet,Clear,High
ORD_003677,CUST_00353,REST_0095,2025-03-21 22:14:00,Delivered,1184.47,131.06,4,Wallet,Cloudy,Medium
ORD_003678,CUST_00815,REST_0099,2025-01-03 22:18:17,Delivered,1114.76,13.81,4,UPI,Clear,Low
ORD_003679,CUST_00336,REST_0014,2025-03-24 13:12:33,Delivered,424.02,18.62,4,Debit Card,Clear,Low
ORD_003680,CUST_00223,REST_0095,2025-01-18 23:07:42,Delivered,408.96,46.18,2,UPI,Cloudy,Severe
ORD_003681,CUST_00863,REST_0170,2025-06-18 10:37:12,Delivered,931.16,42.77,3,UPI,Rain,Low
ORD_003682,CUST_01466,REST_0193,2025-05-05 14:08:26,Cancelled,158.16,0.0,3,Wallet,Clear,Medium
ORD_003683,CUST_00359,REST_0090,2025-04-20 18:39:16,Delivered,726.0,60.36,2,UPI,Clear,High
ORD_003684,CUST_00532,REST_0193,2025-06-14 12:03:39,Delivered,285.18,39.12,4,UPI,Clear,Low
ORD_003685,CUST_00388,REST_0003,2025-05-24 16:25:58,Delivered,352.21,23.46,2,UPI,Rain,Low
ORD_003686,CUST_00402,REST_0183,2025-04-05 00:38:00,Delivered,337.06,64.32,2,UPI,Cloudy,Medium
ORD_003687,CUST_00605,REST_0156,2025-05-05 09:26:44,Delivered,993.39,146.04,4,Credit Card,Clear,Low
ORD_003688,CUST_01057,REST_0122,2025-06-20 14:15:00,Delivered,294.88,43.39,3,Cash,Rain,High
ORD_003689,CUST_00059,REST_0050,2025-03-05 20:21:47,Delivered,388.11,95.05,2,UPI,Clear,Medium
ORD_003690,CUST_01437,REST_0183,2025-06-09 19:05:45,Delivered,306.47,22.76,2,Cash,Rain,Medium
ORD_003691,CUST_00071,REST_0167,2025-04-28 18:56:50,Delivered,150.67,9.23,2,Wallet,Heavy Rain,High
ORD_003692,CUST_01324,REST_0050,2025-05-01 21:20:44,Delivered,471.11,61.73,2,Credit Card,Rain,Low
ORD_003693,CUST_01344,REST_0134,2025-01-20 23:28:42,Delivered,1391.13,326.48,6,UPI,Clear,Medium
ORD_003694,CUST_00790,REST_0085,2025-06-22 21:02:31,Cancelled,800.65,0.0,4,UPI,Clear,Medium
ORD_003695,CUST_00208,REST_0073,2025-01-20 11:37:48,Delivered,555.91,34.65,3,Debit Card,Clear,Low
ORD_003696,CUST_00850,REST_0128,2025-03-05 10:03:00,Delivered,526.71,117.38,4,Wallet,Clear,Low
ORD_003697,CUST_00948,REST_0168,2025-04-06 17:59:03,Delivered,1343.09,122.57,4,Cash,Clear,Medium
ORD_003698,CUST_01289,REST_0074,2025-04-26 20:17:10,Cancelled,2412.23,0.0,4,Wallet,Clear,Low
ORD_003699,CUST_00828,REST_0100,2025-04-16 20:50:40,Delivered,681.01,45.38,4,Wallet,Cloudy,High
ORD_003700,CUST_00616,REST_0131,2025-04-11 15:02:00,Delivered,612.37,35.81,2,Debit Card,Heavy Rain,High
ORD_003701,CUST_01258,REST_0098,2025-03-24 11:09:36,Delivered,792.62,75.54,4,Debit Card,Clear,Low
ORD_003702,CUST_01471,REST_0013,2025-01-12 19:26:01,Delivered,493.68,69.03,3,UPI,Cloudy,High
ORD_003703,CUST_00973,REST_0092,2025-04-15 19:39:00,Delivered,696.74,23.78,3,UPI,Clear,Medium
ORD_003704,CUST_01314,REST_0024,2025-06-05 08:36:16,Delivered,707.45,12.29,3,UPI,Cloudy,High
ORD_003705,CUST_00903,REST_0044,2025-03-10 11:57:18,Delivered,403.0,75.46,4,UPI,Clear,Medium
ORD_003706,CUST_01040,REST_0084,2025-01-04 22:48:42,Delivered,315.03,20.75,5,UPI,Clear,Severe
ORD_003707,CUST_01037,REST_0156,2025-02-07 20:29:31,Delivered,877.17,88.95,4,UPI,Clear,High
ORD_003708,CUST_01061,REST_0199,2025-02-06 12:31:41,Delivered,129.59,16.04,2,Credit Card,Cloudy,Medium
ORD_003709,CUST_00482,REST_0181,2025-05-19 18:57:12,Delivered,276.26,27.45,5,UPI,Clear,Medium
ORD_003710,CUST_00867,REST_0095,2025-06-12 14:17:36,Delivered,598.16,151.08,3,UPI,Clear,Medium
ORD_003711,CUST_00896,REST_0112,2025-01-30 13:15:10,Delivered,843.91,20.09,3,Debit Card,Clear,Low
ORD_003712,CUST_00474,REST_0108,2025-04-08 18:11:00,Delivered,437.24,12.3,4,UPI,Rain,Medium
ORD_003713,CUST_00523,REST_0059,2025-06-04 21:34:58,Delivered,359.23,27.28,2,UPI,Rain,Medium
ORD_003714,CUST_01146,REST_0116,2025-04-14 15:18:00,Delivered,582.26,119.81,4,UPI,Cloudy,Low
ORD_003715,CUST_00878,REST_0126,2025-02-08 14:32:49,Delivered,392.64,40.34,3,Cash,Cloudy,Medium
ORD_003716,CUST_00227,REST_0176,2025-04-18 15:46:00,Delivered,459.02,21.25,2,UPI,Cloudy,High
ORD_003717,CUST_01256,REST_0176,2025-03-27 20:10:26,Delivered,636.22,20.17,3,Debit Card,Cloudy,High
ORD_003718,CUST_01327,REST_0151,2025-04-29 10:27:26,Cancelled,304.29,0.0,5,Credit Card,Heavy Rain,High
ORD_003719,CUST_00702,REST_0068,2025-01-08 11:23:50,Delivered,253.2,14.98,1,UPI,Heavy Rain,Severe
ORD_003720,CUST_00315,REST_0126,2025-06-17 21:35:54,Delivered,508.43,37.45,3,UPI,Rain,Severe
ORD_003721,CUST_01424,REST_0019,2025-01-24 12:09:03,Delivered,119.89,14.88,2,UPI,Clear,Low
ORD_003722,CUST_01326,REST_0165,2025-05-16 12:14:07,Delivered,298.42,23.48,4,UPI,Rain,Medium
ORD_003723,CUST_00369,REST_0094,2025-06-19 11:50:34,Delivered,478.95,148.05,4,Credit Card,Cloudy,Medium
ORD_003724,CUST_00146,REST_0076,2025-06-18 09:31:06,Delivered,132.19,16.03,3,Debit Card,Clear,Low
ORD_003725,CUST_00663,REST_0024,2025-04-19 17:12:00,Delivered,834.38,126.8,4,UPI,Clear,Low
ORD_003726,CUST_01020,REST_0044,2025-03-11 13:06:07,Delivered,740.78,66.02,5,Credit Card,Clear,Medium
ORD_003727,CUST_00264,REST_0076,2025-03-21 19:21:52,Delivered,238.61,20.09,5,UPI,Clear,Medium
ORD_003728,CUST_00773,REST_0064,2025-03-09 00:52:12,Delivered,1995.21,569.61,3,UPI,Clear,Medium
ORD_003729,CUST_00639,REST_0037,2025-03-22 22:22:06,Delivered,702.42,77.7,4,UPI,Cloudy,High
ORD_003730,CUST_01338,REST_0188,2025-06-09 18:46:46,Delivered,195.82,39.97,4,Wallet,Cloudy,Medium
ORD_003731,CUST_00646,REST_0001,2025-06-28 13:05:41,Delivered,341.38,142.76,5,Debit Card,Clear,Medium
ORD_003732,CUST_00803,REST_0074,2025-03-17 20:03:05,Delivered,1869.95,51.2,3,UPI,Rain,Medium
ORD_003733,CUST_01434,REST_0039,2025-04-20 12:24:30,Delivered,157.62,7.28,1,UPI,Rain,High
ORD_003734,CUST_00451,REST_0129,2025-01-22 14:20:14,Delivered,198.74,19.31,1,Credit Card,Clear,Medium
ORD_003735,CUST_00436,REST_0031,2025-06-14 21:57:46,Delivered,302.71,44.42,2,UPI,Cloudy,Low
ORD_003736,CUST_01199,REST_0042,2025-06-27 21:40:07,Delivered,89.74,20.82,2,Credit Card,Clear,Medium
ORD_003737,CUST_00418,REST_0183,2025-04-26 08:23:42,Failed,516.45,0.0,4,Credit Card,Rain,Low
ORD_003738,CUST_01248,REST_0134,2025-05-16 22:29:00,Delivered,1241.97,67.46,5,Cash,Clear,Low
ORD_003739,CUST_00146,REST_0024,2025-01-20 20:56:33,Delivered,1321.17,197.0,5,Wallet,Clear,Low
ORD_003740,CUST_00171,REST_0019,2025-05-21 23:52:51,Delivered,232.01,23.2,4,UPI,Cloudy,Medium
ORD_003741,CUST_01354,REST_0054,2025-05-14 19:26:57,Delivered,676.92,203.34,3,UPI,Clear,Low
ORD_003742,CUST_00813,REST_0185,2025-04-05 14:57:03,Delivered,497.53,99.99,8,UPI,Cloudy,Medium
ORD_003743,CUST_01083,REST_0175,2025-06-15 11:12:46,Delivered,303.26,40.29,2,UPI,Clear,Medium
ORD_003744,CUST_00340,REST_0171,2025-01-05 20:23:50,Delivered,1859.7,57.64,3,Debit Card,Rain,Severe
ORD_003745,CUST_00251,REST_0169,2025-04-12 11:30:27,Delivered,336.86,28.87,2,Wallet,Clear,Medium
ORD_003746,CUST_01252,REST_0004,2025-06-10 15:03:17,Failed,233.21,0.0,1,Wallet,Clear,Medium
ORD_003747,CUST_00536,REST_0125,2025-02-24 19:08:46,Delivered,888.46,53.12,3,UPI,Clear,Low
ORD_003748,CUST_00685,REST_0103,2025-05-24 22:02:32,Delivered,2694.44,160.99,2,Debit Card,Clear,Medium
ORD_003749,CUST_00044,REST_0200,2025-06-08 21:13:05,Delivered,397.12,96.28,1,UPI,Clear,Low
ORD_003750,CUST_00576,REST_0165,2025-06-06 19:58:35,Delivered,116.06,5.01,2,Debit Card,Rain,Medium
ORD_003751,CUST_01157,REST_0126,2025-04-20 12:13:42,Cancelled,329.05,0.0,3,UPI,Clear,Low
ORD_003752,CUST_01232,REST_0170,2025-04-28 20:59:26,Delivered,638.63,177.08,3,UPI,Clear,Medium
ORD_003753,CUST_01053,REST_0032,2025-02-27 12:06:16,Delivered,501.21,25.6,2,Debit Card,Clear,Medium
ORD_003754,CUST_01043,REST_0109,2025-04-30 14:07:55,Delivered,252.03,37.71,2,Credit Card,Clear,Medium
ORD_003755,CUST_00763,REST_0101,2025-06-13 17:38:37,Delivered,819.95,51.78,4,Credit Card,Rain,High
ORD_003756,CUST_00810,REST_0183,2025-03-22 19:24:02,Delivered,318.81,57.03,3,Credit Card,Heavy Rain,High
ORD_003757,CUST_01117,REST_0022,2025-04-15 21:25:46,Cancelled,194.96,0.0,2,UPI,Clear,High
ORD_003758,CUST_00374,REST_0015,2025-05-16 12:54:57,Delivered,217.73,15.59,2,UPI,Rain,Severe
ORD_003759,CUST_00350,REST_0010,2025-03-20 10:22:35,Delivered,860.85,15.6,5,UPI,Clear,Severe
ORD_003760,CUST_01427,REST_0178,2025-03-25 18:06:00,Delivered,2066.51,266.77,3,Credit Card,Clear,Low
ORD_003761,CUST_00043,REST_0039,2025-06-13 21:29:35,Delivered,354.1,36.27,2,Debit Card,Clear,Low
ORD_003762,CUST_00212,REST_0147,2025-01-16 15:43:09,Delivered,492.41,14.06,4,Credit Card,Rain,Medium
ORD_003763,CUST_00859,REST_0157,2025-05-01 20:15:54,Delivered,613.77,59.99,4,UPI,Cloudy,Medium
ORD_003764,CUST_01110,REST_0012,2025-03-24 20:48:43,Delivered,1341.65,348.78,2,Credit Card,Cloudy,Medium
ORD_003765,CUST_00809,REST_0051,2025-06-08 14:33:25,Cancelled,100.95,0.0,1,UPI,Clear,High
ORD_003766,CUST_00531,REST_0036,2025-04-13 12:46:26,Delivered,3762.0,587.72,6,Credit Card,Clear,Medium
ORD_003767,CUST_01467,REST_0163,2025-01-12 20:08:00,Delivered,579.37,39.24,2,Debit Card,Heavy Rain,Medium
ORD_003768,CUST_01060,REST_0057,2025-05-13 13:53:39,Delivered,925.05,24.08,4,UPI,Rain,Medium
ORD_003769,CUST_01247,REST_0083,2025-06-01 13:39:43,Delivered,1790.85,45.45,3,UPI,Heavy Rain,High
ORD_003770,CUST_00062,REST_0152,2025-04-22 11:21:26,Delivered,183.23,9.58,2,UPI,Clear,Severe
ORD_003771,CUST_00357,REST_0161,2025-03-23 10:24:51,Delivered,2079.11,91.89,4,Debit Card,Cloudy,Medium
ORD_003772,CUST_00559,REST_0138,2025-04-22 22:37:47,Delivered,296.06,78.3,3,UPI,Clear,Low
ORD_003773,CUST_00274,REST_0111,2025-02-07 14:42:00,Delivered,2134.06,238.82,2,Cash,Clear,Low
ORD_003774,CUST_00113,REST_0126,2025-04-20 21:52:40,Delivered,646.91,45.46,5,Debit Card,Clear,Medium
ORD_003775,CUST_00340,REST_0087,2025-03-25 13:04:30,Delivered,1146.89,108.39,4,Debit Card,Cloudy,High
ORD_003776,CUST_00803,REST_0109,2025-01-29 10:12:43,Delivered,514.12,85.86,3,UPI,Rain,High
ORD_003777,CUST_01049,REST_0144,2025-03-20 05:25:18,Delivered,122.61,3.24,3,Debit Card,Clear,Medium
ORD_003778,CUST_01162,REST_0024,2025-02-26 19:41:16,Delivered,476.42,18.99,2,UPI,Clear,Low
ORD_003779,CUST_00066,REST_0073,2025-04-22 14:03:55,Delivered,483.39,72.31,2,UPI,Clear,Medium
ORD_003780,CUST_00643,REST_0116,2025-05-30 18:24:05,Delivered,468.66,27.75,4,UPI,Clear,Medium
ORD_003781,CUST_00187,REST_0014,2025-06-07 19:10:58,Delivered,332.82,34.06,3,Cash,Clear,Low
ORD_003782,CUST_00648,REST_0137,2025-02-17 10:18:21,Delivered,1756.74,216.87,5,Credit Card,Heavy Rain,Severe
ORD_003783,CUST_00653,REST_0178,2025-04-02 21:03:36,Delivered,493.49,35.85,1,UPI,Clear,Medium
ORD_003784,CUST_00751,REST_0026,2025-03-24 19:39:35,Delivered,743.53,48.0,3,Credit Card,Clear,High
ORD_003785,CUST_01341,REST_0098,2025-03-28 19:10:57,Delivered,787.36,148.32,5,Debit Card,Clear,Low
ORD_003786,CUST_01208,REST_0110,2025-01-14 20:57:15,Delivered,274.73,33.25,1,Debit Card,Cloudy,Medium
ORD_003787,CUST_00960,REST_0163,2025-06-05 20:40:38,Delivered,290.15,16.55,1,UPI,Clear,High
ORD_003788,CUST_01331,REST_0156,2025-04-16 12:16:49,Delivered,469.05,46.67,2,Debit Card,Clear,Medium
ORD_003789,CUST_01023,REST_0190,2025-06-03 11:34:14,Delivered,2780.37,532.53,3,UPI,Clear,Medium
ORD_003790,CUST_01229,REST_0139,2025-02-16 13:54:00,Delivered,359.23,55.94,6,Debit Card,Clear,Low
ORD_003791,CUST_00848,REST_0049,2025-06-12 18:19:22,Delivered,1433.45,189.82,3,UPI,Rain,High
ORD_003792,CUST_00792,REST_0075,2025-03-27 09:19:00,Delivered,1119.96,301.25,4,UPI,Clear,Low
ORD_003793,CUST_01090,REST_0168,2025-06-25 23:01:22,Delivered,1165.37,189.05,4,UPI,Clear,Low
ORD_003794,CUST_00031,REST_0004,2025-05-18 12:58:03,Delivered,1468.02,65.49,5,UPI,Cloudy,Medium
ORD_003795,CUST_01041,REST_0188,2025-03-26 19:54:42,Delivered,148.04,39.53,3,UPI,Clear,Medium
ORD_003796,CUST_01404,REST_0076,2025-01-12 18:52:45,Delivered,423.8,22.18,7,UPI,Clear,Severe
ORD_003797,CUST_01075,REST_0073,2025-05-22 11:46:07,Delivered,299.15,24.83,1,Credit Card,Clear,Medium
ORD_003798,CUST_00056,REST_0157,2025-03-02 18:47:55,Delivered,579.99,65.25,2,Wallet,Rain,Low
ORD_003799,CUST_00564,REST_0119,2025-02-04 20:48:14,Delivered,1005.88,216.67,4,UPI,Clear,High
ORD_003800,CUST_01215,REST_0065,2025-05-20 11:07:59,Delivered,231.38,18.72,4,UPI,Clear,Low
ORD_003801,CUST_01440,REST_0026,2025-04-11 21:29:28,Delivered,976.56,78.71,3,UPI,Clear,Low
ORD_003802,CUST_00553,REST_0041,2025-05-09 22:41:30,Delivered,3588.27,1000.0,7,UPI,Clear,Low
ORD_003803,CUST_01262,REST_0095,2025-05-02 18:42:25,Delivered,1058.66,41.95,3,UPI,Rain,Medium
ORD_003804,CUST_01298,REST_0013,2025-01-12 20:58:04,Delivered,935.95,26.1,5,UPI,Cloudy,Medium
ORD_003805,CUST_00188,REST_0125,2025-03-14 19:22:16,Delivered,701.89,59.75,2,Credit Card,Clear,Low
ORD_003806,CUST_01270,REST_0183,2025-06-20 13:22:58,Delivered,587.88,16.83,4,UPI,Clear,Medium
ORD_003807,CUST_00487,REST_0083,2025-06-16 13:54:17,Delivered,3681.95,208.38,4,Wallet,Rain,Low
ORD_003808,CUST_00894,REST_0147,2025-04-04 11:25:17,Delivered,354.0,75.57,4,UPI,Cloudy,Medium
ORD_003809,CUST_00811,REST_0034,2025-05-08 19:41:32,Delivered,349.52,24.17,3,Debit Card,Clear,Medium
ORD_003810,CUST_01001,REST_0080,2025-02-12 19:57:09,Delivered,217.77,13.52,3,Credit Card,Clear,High
ORD_003811,CUST_01114,REST_0077,2025-01-28 13:25:09,Delivered,355.9,48.82,4,Debit Card,Clear,Medium
ORD_003812,CUST_00663,REST_0124,2025-05-25 22:13:25,Delivered,169.56,5.24,2,UPI,Rain,Medium
ORD_003813,CUST_01335,REST_0095,2025-06-11 21:23:30,Delivered,1084.39,55.92,3,Credit Card,Rain,High
ORD_003814,CUST_01215,REST_0195,2025-04-14 20:38:56,Delivered,298.5,24.26,1,Wallet,Clear,Low
ORD_003815,CUST_01179,REST_0048,2025-06-22 09:06:32,Delivered,216.58,65.36,2,UPI,Cloudy,Medium
ORD_003816,CUST_00689,REST_0125,2025-01-06 12:44:22,Delivered,857.01,1.03,3,Credit Card,Rain,Medium
ORD_003817,CUST_00057,REST_0060,2025-05-26 12:35:14,Delivered,765.33,84.8,3,UPI,Clear,Low
ORD_003818,CUST_00742,REST_0154,2025-01-05 22:47:14,Delivered,1623.41,111.11,4,UPI,Clear,Medium
ORD_003819,CUST_01350,REST_0169,2025-01-11 11:23:17,Delivered,646.61,39.42,5,Wallet,Clear,Medium
ORD_003820,CUST_00285,REST_0063,2025-03-09 15:58:58,Cancelled,326.11,0.0,4,Cash,Clear,Medium
ORD_003821,CUST_01473,REST_0187,2025-03-08 14:20:47,Delivered,128.67,14.48,2,UPI,Heavy Rain,High
ORD_003822,CUST_01212,REST_0170,2025-05-02 18:11:43,Delivered,376.93,57.32,2,UPI,Cloudy,Medium
ORD_003823,CUST_01069,REST_0112,2025-02-28 14:13:48,Delivered,502.65,85.74,1,Credit Card,Cloudy,Medium
ORD_003824,CUST_01021,REST_0183,2025-02-10 19:09:42,Delivered,446.84,35.4,3,UPI,Clear,High
ORD_003825,CUST_00885,REST_0151,2025-05-10 17:15:58,Delivered,144.95,38.68,2,Credit Card,Clear,Low
ORD_003826,CUST_01085,REST_0188,2025-05-09 20:00:30,Failed,271.18,0.0,4,UPI,Cloudy,Severe
ORD_003827,CUST_00633,REST_0180,2025-01-22 18:58:54,Delivered,400.8,19.46,8,Credit Card,Clear,Medium
ORD_003828,CUST_01269,REST_0049,2025-01-28 21:11:26,Delivered,558.7,143.71,3,Credit Card,Cloudy,Medium
ORD_003829,CUST_01049,REST_0057,2025-03-28 16:58:42,Delivered,630.44,36.99,2,Wallet,Rain,Severe
ORD_003830,CUST_01158,REST_0188,2025-05-10 14:01:48,Delivered,189.0,39.16,2,UPI,Cloudy,Medium
ORD_003831,CUST_01190,REST_0124,2025-01-19 22:38:18,Delivered,288.55,51.19,3,UPI,Rain,Medium
ORD_003832,CUST_00141,REST_0015,2025-05-07 19:57:16,Delivered,441.6,115.4,4,UPI,Cloudy,Low
ORD_003833,CUST_00086,REST_0071,2025-03-20 21:33:04,Delivered,354.29,29.1,2,UPI,Rain,Severe
ORD_003834,CUST_01201,REST_0151,2025-01-23 14:09:03,Delivered,401.51,3.57,4,Credit Card,Heavy Rain,Severe
ORD_003835,CUST_00392,REST_0155,2025-05-20 13:59:29,Delivered,501.1,35.52,4,UPI,Clear,Low
ORD_003836,CUST_00877,REST_0031,2025-04-24 14:12:35,Delivered,588.91,123.55,3,UPI,Clear,High
ORD_003837,CUST_00668,REST_0019,2025-02-22 13:42:00,Delivered,230.12,51.55,5,Wallet,Clear,Low
ORD_003838,CUST_00035,REST_0150,2025-05-12 13:43:57,Delivered,314.0,73.64,2,Cash,Clear,Medium
ORD_003839,CUST_00062,REST_0034,2025-06-19 21:41:08,Delivered,412.07,72.03,4,UPI,Cloudy,Medium
ORD_003840,CUST_01241,REST_0015,2025-02-18 09:28:00,Cancelled,509.6,0.0,4,Credit Card,Cloudy,Low
ORD_003841,CUST_00917,REST_0029,2025-05-21 21:13:39,Delivered,395.76,73.9,2,Credit Card,Cloudy,Low
ORD_003842,CUST_00790,REST_0059,2025-03-28 11:17:27,Delivered,1069.88,54.59,5,UPI,Cloudy,Low
ORD_003843,CUST_01419,REST_0076,2025-05-03 18:11:26,Delivered,99.05,8.58,2,UPI,Clear,High
ORD_003844,CUST_00261,REST_0015,2025-04-17 19:03:24,Failed,269.15,0.0,3,UPI,Rain,High
ORD_003845,CUST_00390,REST_0161,2025-02-26 21:21:44,Delivered,1336.29,114.37,3,Wallet,Cloudy,High
ORD_003846,CUST_01138,REST_0161,2025-02-07 22:52:02,Delivered,259.94,38.45,1,UPI,Cloudy,High
ORD_003847,CUST_01164,REST_0028,2025-05-01 18:10:33,Delivered,905.01,72.42,4,Credit Card,Cloudy,Medium
ORD_003848,CUST_00607,REST_0182,2025-06-04 11:57:59,Delivered,608.12,72.87,3,Credit Card,Clear,High
ORD_003849,CUST_01428,REST_0073,2025-04-08 04:04:58,Delivered,2056.04,410.36,7,Credit Card,Clear,Low
ORD_003850,CUST_01409,REST_0150,2025-03-22 20:00:06,Delivered,421.29,23.12,2,UPI,Clear,Low
ORD_003851,CUST_00019,REST_0137,2025-05-05 14:15:15,Delivered,3359.05,402.01,5,UPI,Clear,Medium
ORD_003852,CUST_00259,REST_0062,2025-02-27 20:40:00,Delivered,580.79,156.74,1,UPI,Clear,Medium
ORD_003853,CUST_01231,REST_0056,2025-04-01 13:16:43,Delivered,167.14,10.39,2,Credit Card,Cloudy,Medium
ORD_003854,CUST_00503,REST_0048,2025-05-12 12:29:56,Delivered,449.07,4.76,4,UPI,Clear,Medium
ORD_003855,CUST_00146,REST_0129,2025-03-26 21:50:54,Delivered,1030.46,121.58,5,Debit Card,Clear,Medium
ORD_003856,CUST_01179,REST_0151,2025-06-07 22:33:40,Delivered,203.53,32.71,3,UPI,Cloudy,Medium
ORD_003857,CUST_00684,REST_0033,2025-04-02 12:30:44,Delivered,501.39,6.17,4,Debit Card,Clear,High
ORD_003858,CUST_00742,REST_0129,2025-01-16 20:12:22,Delivered,819.26,88.78,4,Credit Card,Clear,Low
ORD_003859,CUST_00279,REST_0187,2025-05-22 13:11:57,Delivered,179.34,6.44,3,UPI,Rain,High
ORD_003860,CUST_00998,REST_0200,2025-05-08 11:55:48,Delivered,1424.75,110.37,4,UPI,Clear,Low
ORD_003861,CUST_00829,REST_0022,2025-01-24 19:51:41,Delivered,141.15,23.49,2,UPI,Clear,Medium
ORD_003862,CUST_00312,REST_0007,2025-03-21 11:44:00,Delivered,3820.61,1000.0,4,UPI,Clear,Low
ORD_003863,CUST_00510,REST_0074,2025-06-06 20:27:47,Delivered,1171.3,126.75,2,Cash,Clear,High
ORD_003864,CUST_00900,REST_0038,2025-01-04 19:38:40,Delivered,402.43,39.8,2,Wallet,Rain,High
ORD_003865,CUST_01388,REST_0092,2025-01-05 11:53:55,Cancelled,922.21,0.0,3,Credit Card,Clear,Low
ORD_003866,CUST_01381,REST_0086,2025-06-02 16:51:06,Delivered,663.11,52.82,4,UPI,Cloudy,Severe
ORD_003867,CUST_00434,REST_0014,2025-03-15 14:07:00,Delivered,309.21,25.61,4,Cash,Rain,Medium
ORD_003868,CUST_01106,REST_0137,2025-05-13 10:57:49,Delivered,1694.71,251.85,3,UPI,Cloudy,Low
ORD_003869,CUST_01164,REST_0028,2025-06-15 19:53:43,Cancelled,976.0,0.0,4,Credit Card,Clear,Low
ORD_003870,CUST_01214,REST_0040,2025-06-01 12:59:32,Delivered,1962.24,443.48,2,UPI,Cloudy,Medium
ORD_003871,CUST_00859,REST_0023,2025-06-16 13:38:08,Delivered,552.73,105.37,4,UPI,Clear,Low
ORD_003872,CUST_00016,REST_0124,2025-04-04 21:38:00,Delivered,406.34,35.95,4,Debit Card,Cloudy,Medium
ORD_003873,CUST_01146,REST_0183,2025-04-13 10:06:00,Delivered,676.57,34.19,3,UPI,Cloudy,Low
ORD_003874,CUST_00163,REST_0148,2025-06-06 23:50:14,Delivered,1458.16,161.14,2,UPI,Clear,Low
ORD_003875,CUST_00179,REST_0167,2025-01-26 19:38:28,Delivered,242.78,20.23,3,UPI,Cloudy,Severe
ORD_003876,CUST_00914,REST_0109,2025-03-27 20:58:47,Cancelled,369.78,0.0,2,UPI,Cloudy,High
ORD_003877,CUST_01474,REST_0167,2025-04-21 14:45:32,Delivered,171.78,4.23,3,UPI,Cloudy,High
ORD_003878,CUST_00367,REST_0148,2025-03-12 07:23:24,Delivered,3248.93,20.49,4,UPI,Clear,Low
ORD_003879,CUST_00974,REST_0047,2025-06-25 20:49:05,Delivered,173.01,40.36,1,Cash,Cloudy,Medium
ORD_003880,CUST_00457,REST_0063,2025-05-03 08:07:20,Delivered,145.78,35.36,2,UPI,Clear,Low
ORD_003881,CUST_01350,REST_0176,2025-02-10 18:38:42,Delivered,417.02,28.24,2,Cash,Clear,High
ORD_003882,CUST_00895,REST_0178,2025-05-31 21:46:52,Delivered,1290.43,175.69,2,Wallet,Clear,High
ORD_003883,CUST_00313,REST_0043,2025-03-27 13:08:00,Delivered,1471.07,160.4,5,Debit Card,Rain,Medium
ORD_003884,CUST_00396,REST_0029,2025-01-20 15:44:07,Delivered,872.2,63.11,3,Credit Card,Cloudy,Medium
ORD_003885,CUST_00650,REST_0142,2025-06-03 21:34:43,Delivered,254.35,7.24,5,UPI,Rain,Severe
ORD_003886,CUST_00187,REST_0167,2025-04-15 12:37:01,Delivered,80.0,18.1,1,Debit Card,Clear,Medium
ORD_003887,CUST_00120,REST_0115,2025-02-28 08:06:00,Delivered,296.09,56.58,2,UPI,Cloudy,Medium
ORD_003888,CUST_01025,REST_0036,2025-02-19 08:11:52,Delivered,1851.04,114.72,3,Credit Card,Clear,High
ORD_003889,CUST_00610,REST_0197,2025-03-16 09:54:34,Delivered,254.38,36.31,2,Wallet,Clear,High
ORD_003890,CUST_01093,REST_0113,2025-03-09 13:43:27,Delivered,359.49,42.62,3,Credit Card,Cloudy,Low
ORD_003891,CUST_00169,REST_0170,2025-04-17 14:13:57,Delivered,678.29,184.91,4,UPI,Clear,Medium
ORD_003892,CUST_00920,REST_0004,2025-04-03 14:33:32,Cancelled,651.67,0.0,3,UPI,Clear,Medium
ORD_003893,CUST_00667,REST_0141,2025-05-28 18:53:41,Delivered,743.78,139.61,5,Credit Card,Clear,Medium
ORD_003894,CUST_00089,REST_0185,2025-03-30 21:10:00,Delivered,575.19,97.8,6,UPI,Clear,Medium
ORD_003895,CUST_00819,REST_0073,2025-04-07 12:59:59,Delivered,396.46,57.48,2,Credit Card,Rain,Severe
ORD_003896,CUST_00127,REST_0074,2025-04-18 22:54:00,Delivered,677.87,129.35,1,UPI,Clear,Medium
ORD_003897,CUST_01242,REST_0110,2025-04-09 20:21:00,Delivered,1235.31,114.09,6,UPI,Cloudy,Medium
ORD_003898,CUST_00953,REST_0144,2025-03-31 13:59:58,Delivered,413.05,134.36,8,UPI,Clear,Medium
ORD_003899,CUST_00838,REST_0154,2025-05-14 12:24:46,Delivered,1975.67,23.68,3,Wallet,Cloudy,Low
ORD_003900,CUST_00203,REST_0050,2025-01-17 11:28:22,Delivered,260.62,25.81,1,Debit Card,Rain,Medium
ORD_003901,CUST_00433,REST_0127,2025-05-24 11:32:57,Delivered,1172.3,125.96,4,Wallet,Rain,Medium
ORD_003902,CUST_00743,REST_0013,2025-06-25 12:40:16,Delivered,894.11,202.03,4,UPI,Clear,Medium
ORD_003903,CUST_00954,REST_0063,2025-04-12 21:17:20,Delivered,373.6,65.11,3,UPI,Clear,Low
ORD_003904,CUST_00275,REST_0037,2025-06-23 22:38:41,Cancelled,598.34,0.0,3,Credit Card,Cloudy,Low
ORD_003905,CUST_00013,REST_0042,2025-02-17 22:19:59,Delivered,136.19,26.57,2,Credit Card,Clear,High
ORD_003906,CUST_00516,REST_0041,2025-05-14 19:05:38,Delivered,569.06,83.68,1,UPI,Clear,High
ORD_003907,CUST_00727,REST_0019,2025-03-01 21:39:01,Delivered,106.79,10.14,3,UPI,Cloudy,Low
ORD_003908,CUST_00277,REST_0150,2025-04-25 08:53:06,Delivered,1130.38,97.76,6,UPI,Clear,Medium
ORD_003909,CUST_00742,REST_0063,2025-02-13 21:56:35,Delivered,130.95,8.55,2,UPI,Rain,Medium
ORD_003910,CUST_00508,REST_0157,2025-02-26 22:43:50,Delivered,518.73,15.16,2,Debit Card,Clear,Medium
ORD_003911,CUST_00685,REST_0144,2025-03-24 14:10:12,Delivered,216.39,13.74,3,Wallet,Cloudy,Low
ORD_003912,CUST_00520,REST_0063,2025-04-30 14:53:56,Delivered,86.8,13.79,1,Wallet,Clear,Low
ORD_003913,CUST_00948,REST_0096,2025-04-22 10:55:22,Delivered,819.42,18.64,5,UPI,Cloudy,High
ORD_003914,CUST_00066,REST_0032,2025-06-26 21:50:29,Delivered,527.57,92.71,2,UPI,Clear,Medium
ORD_003915,CUST_00257,REST_0170,2025-01-15 19:24:03,Cancelled,1087.9,0.0,3,UPI,Clear,Medium
ORD_003916,CUST_00650,REST_0104,2025-04-14 15:21:00,Delivered,999.06,192.28,6,UPI,Clear,Medium
ORD_003917,CUST_00533,REST_0184,2025-03-22 10:29:00,Delivered,2254.2,1000.0,2,UPI,Clear,Medium
ORD_003918,CUST_00585,REST_0096,2025-06-09 17:27:15,Failed,180.6,0.0,1,UPI,Clear,Medium
ORD_003919,CUST_01206,REST_0101,2025-02-11 21:35:11,Delivered,738.99,87.81,3,UPI,Clear,Medium
ORD_003920,CUST_01332,REST_0068,2025-02-03 10:19:46,Delivered,520.02,70.04,2,UPI,Clear,High
ORD_003921,CUST_00376,REST_0152,2025-01-22 07:02:00,Delivered,186.87,44.71,2,Credit Card,Clear,Low
ORD_003922,CUST_01254,REST_0050,2025-02-22 14:46:50,Delivered,1209.64,114.1,5,Cash,Clear,Medium
ORD_003923,CUST_00690,REST_0111,2025-06-15 22:16:40,Delivered,1162.06,56.6,2,Wallet,Clear,Low
ORD_003924,CUST_00412,REST_0186,2025-05-29 21:47:12,Delivered,325.02,40.98,4,UPI,Clear,High
ORD_003925,CUST_01477,REST_0159,2025-03-07 11:24:27,Delivered,273.94,55.82,3,UPI,Rain,Medium
ORD_003926,CUST_01238,REST_0075,2025-06-25 18:34:27,Delivered,471.48,10.0,2,Cash,Clear,Low
ORD_003927,CUST_01492,REST_0001,2025-03-02 18:58:54,Delivered,148.65,26.47,2,Credit Card,Clear,Low
ORD_003928,CUST_00253,REST_0051,2025-03-03 13:13:53,Delivered,246.1,80.96,2,Credit Card,Clear,Medium
ORD_003929,CUST_00219,REST_0123,2025-06-18 12:43:55,Delivered,1101.84,53.57,5,UPI,Clear,High
ORD_003930,CUST_00759,REST_0075,2025-01-03 14:26:58,Delivered,1736.48,84.52,4,UPI,Rain,Medium
ORD_003931,CUST_00963,REST_0173,2025-03-14 12:52:59,Delivered,449.89,95.08,1,Credit Card,Clear,Low
ORD_003932,CUST_00258,REST_0094,2025-06-28 16:58:04,Delivered,403.77,19.87,3,UPI,Clear,Low
ORD_003933,CUST_01293,REST_0190,2025-04-20 22:27:02,Delivered,720.48,119.38,1,UPI,Clear,High
ORD_003934,CUST_00801,REST_0115,2025-02-10 19:00:50,Cancelled,357.33,0.0,2,UPI,Cloudy,Medium
ORD_003935,CUST_00616,REST_0041,2025-03-11 20:49:45,Delivered,2669.66,155.3,5,UPI,Rain,High
ORD_003936,CUST_00908,REST_0015,2025-03-21 16:58:31,Delivered,288.96,38.91,3,UPI,Rain,Medium
ORD_003937,CUST_00957,REST_0052,2025-03-15 22:09:12,Delivered,467.24,50.04,1,UPI,Heavy Rain,High
ORD_003938,CUST_00066,REST_0096,2025-05-04 13:13:20,Delivered,905.64,101.07,5,Wallet,Clear,Low
ORD_003939,CUST_01500,REST_0095,2025-04-26 11:22:00,Delivered,1050.19,33.69,3,Credit Card,Clear,High
ORD_003940,CUST_00543,REST_0057,2025-02-13 20:44:57,Delivered,561.64,65.12,2,UPI,Clear,Medium
ORD_003941,CUST_00094,REST_0132,2025-02-26 21:39:44,Delivered,233.18,23.35,1,Credit Card,Clear,Medium
ORD_003942,CUST_01280,REST_0017,2025-03-01 14:46:45,Cancelled,1184.48,0.0,6,UPI,Clear,High
ORD_003943,CUST_01490,REST_0095,2025-04-25 13:50:29,Delivered,1243.17,184.03,5,UPI,Cloudy,Medium
ORD_003944,CUST_01225,REST_0095,2025-04-20 13:38:03,Delivered,423.63,53.37,2,UPI,Rain,Low
ORD_003945,CUST_01279,REST_0073,2025-02-09 19:32:25,Delivered,529.39,52.43,3,Credit Card,Cloudy,Low
ORD_003946,CUST_00944,REST_0056,2025-04-14 22:20:47,Delivered,474.11,42.18,6,UPI,Cloudy,High
ORD_003947,CUST_01384,REST_0179,2025-04-23 08:58:36,Delivered,3208.13,74.21,3,UPI,Clear,Medium
ORD_003948,CUST_00055,REST_0077,2025-05-15 18:19:14,Delivered,530.99,19.3,6,Cash,Rain,High
ORD_003949,CUST_01152,REST_0141,2025-06-11 12:45:56,Delivered,181.1,18.12,1,UPI,Rain,Severe
ORD_003950,CUST_01012,REST_0081,2025-04-10 11:37:00,Delivered,80.0,13.47,1,UPI,Rain,High
ORD_003951,CUST_00076,REST_0085,2025-04-02 18:37:06,Cancelled,333.21,0.0,2,Credit Card,Rain,High
ORD_003952,CUST_00817,REST_0153,2025-01-13 22:16:35,Delivered,2606.43,87.76,3,UPI,Clear,High
ORD_003953,CUST_00776,REST_0007,2025-03-24 11:44:08,Delivered,5000.0,731.81,7,UPI,Clear,Medium
ORD_003954,CUST_01042,REST_0161,2025-01-02 12:22:17,Delivered,510.39,100.58,1,UPI,Clear,Medium
ORD_003955,CUST_00119,REST_0006,2025-03-31 07:16:38,Delivered,103.86,16.72,1,Credit Card,Rain,Low
ORD_003956,CUST_01208,REST_0004,2025-01-10 14:45:27,Delivered,516.62,12.54,2,Debit Card,Rain,High
ORD_003957,CUST_00212,REST_0094,2025-03-02 14:48:18,Cancelled,166.52,0.0,2,UPI,Cloudy,High
ORD_003958,CUST_00628,REST_0075,2025-05-31 13:16:14,Cancelled,1640.58,0.0,5,UPI,Clear,High
ORD_003959,CUST_01324,REST_0084,2025-03-26 14:18:31,Cancelled,167.43,0.0,2,Debit Card,Clear,Low
ORD_003960,CUST_00844,REST_0074,2025-04-16 15:16:00,Cancelled,4767.13,0.0,7,UPI,Rain,Severe
ORD_003961,CUST_00567,REST_0152,2025-06-20 22:33:35,Delivered,306.59,67.69,3,UPI,Clear,Medium
ORD_003962,CUST_00074,REST_0065,2025-05-14 21:21:52,Delivered,288.89,7.07,4,UPI,Cloudy,Medium
ORD_003963,CUST_01014,REST_0087,2025-03-14 18:59:28,Cancelled,1413.78,0.0,5,UPI,Rain,Medium
ORD_003964,CUST_01479,REST_0011,2025-03-05 18:16:59,Delivered,242.05,10.65,3,Credit Card,Cloudy,High
ORD_003965,CUST_01368,REST_0058,2025-03-18 18:53:57,Delivered,425.35,22.16,3,UPI,Heavy Rain,High
ORD_003966,CUST_01080,REST_0012,2025-05-18 18:17:48,Delivered,2145.34,127.73,3,UPI,Cloudy,Medium
ORD_003967,CUST_00161,REST_0046,2025-03-20 04:58:57,Delivered,132.4,6.63,2,Credit Card,Cloudy,High
ORD_003968,CUST_00362,REST_0188,2025-03-02 19:14:44,Delivered,115.49,35.29,2,Debit Card,Cloudy,Medium
ORD_003969,CUST_00280,REST_0110,2025-03-12 11:51:15,Delivered,458.54,35.24,3,UPI,Clear,High
ORD_003970,CUST_00532,REST_0049,2025-03-29 21:23:04,Delivered,621.22,18.2,3,UPI,Cloudy,Medium
ORD_003971,CUST_00356,REST_0095,2025-02-08 22:15:19,Cancelled,1213.1,0.0,3,UPI,Rain,Medium
ORD_003972,CUST_00369,REST_0056,2025-03-22 19:25:14,Delivered,172.41,11.82,2,UPI,Rain,Medium
ORD_003973,CUST_00930,REST_0024,2025-06-02 19:19:29,Delivered,765.51,33.04,4,UPI,Clear,Medium
ORD_003974,CUST_00479,REST_0099,2025-05-29 13:43:58,Delivered,1262.21,49.27,4,UPI,Rain,Severe
ORD_003975,CUST_01021,REST_0183,2025-05-14 15:10:22,Delivered,100.41,20.67,1,UPI,Clear,Medium
ORD_003976,CUST_01424,REST_0007,2025-02-08 14:45:35,Delivered,2063.86,144.98,3,Debit Card,Cloudy,Low
ORD_003977,CUST_00963,REST_0049,2025-06-17 18:27:18,Delivered,647.26,57.53,2,UPI,Clear,Medium
ORD_003978,CUST_01130,REST_0039,2025-04-04 09:50:14,Delivered,474.48,13.92,4,UPI,Clear,Low
ORD_003979,CUST_01130,REST_0100,2025-06-21 22:01:08,Delivered,426.39,61.68,3,UPI,Heavy Rain,Medium
ORD_003980,CUST_00497,REST_0170,2025-02-04 10:59:30,Delivered,829.72,153.67,3,Debit Card,Rain,Medium
ORD_003981,CUST_00023,REST_0082,2025-02-14 18:36:06,Delivered,361.4,55.59,2,UPI,Clear,High
ORD_003982,CUST_00084,REST_0068,2025-04-20 18:13:32,Failed,440.01,0.0,2,UPI,Clear,Severe
ORD_003983,CUST_00425,REST_0164,2025-05-14 20:09:31,Delivered,289.74,55.5,2,Debit Card,Clear,High
ORD_003984,CUST_01039,REST_0117,2025-05-14 13:48:26,Cancelled,875.83,0.0,4,UPI,Clear,Low
ORD_003985,CUST_01361,REST_0081,2025-02-25 19:38:53,Delivered,103.98,12.99,2,Credit Card,Clear,Medium
ORD_003986,CUST_01440,REST_0088,2025-05-02 20:50:29,Delivered,100.1,11.64,4,Debit Card,Clear,Medium
ORD_003987,CUST_00040,REST_0018,2025-01-25 22:10:34,Delivered,543.06,26.07,2,UPI,Cloudy,Low
ORD_003988,CUST_01485,REST_0089,2025-02-06 12:08:27,Delivered,129.72,19.04,1,UPI,Clear,Low
ORD_003989,CUST_00485,REST_0127,2025-02-24 11:53:05,Delivered,734.82,237.0,3,Debit Card,Clear,Medium
ORD_003990,CUST_01265,REST_0132,2025-01-27 20:20:25,Delivered,935.68,107.48,5,Credit Card,Clear,Low
ORD_003991,CUST_00271,REST_0004,2025-06-22 18:58:42,Delivered,886.34,105.21,4,UPI,Cloudy,Low
ORD_003992,CUST_00096,REST_0165,2025-04-09 14:41:32,Delivered,80.0,11.31,1,UPI,Clear,Medium
ORD_003993,CUST_00565,REST_0125,2025-01-21 15:38:00,Delivered,648.84,32.99,3,UPI,Rain,Medium
ORD_003994,CUST_01291,REST_0117,2025-05-25 15:48:08,Cancelled,541.84,0.0,3,Wallet,Cloudy,Medium
ORD_003995,CUST_00333,REST_0177,2025-05-16 16:36:35,Delivered,460.51,63.77,6,UPI,Clear,Low
ORD_003996,CUST_00234,REST_0181,2025-02-24 20:04:04,Delivered,80.0,14.13,1,UPI,Clear,Medium
ORD_003997,CUST_01366,REST_0090,2025-01-17 22:57:26,Delivered,2709.19,647.3,5,UPI,Cloudy,Medium
ORD_003998,CUST_01409,REST_0130,2025-04-14 22:11:27,Delivered,721.73,177.52,4,UPI,Clear,Medium
ORD_003999,CUST_00019,REST_0128,2025-03-09 18:24:57,Delivered,211.86,29.03,2,UPI,Clear,Low
ORD_004000,CUST_01095,REST_0159,2025-06-27 19:02:57,Failed,583.35,0.0,7,UPI,Rain,Medium
ORD_004001,CUST_00466,REST_0072,2025-06-08 11:54:36,Delivered,1666.84,175.12,8,Debit Card,Cloudy,Low
ORD_004002,CUST_00559,REST_0192,2025-04-11 22:56:37,Delivered,570.41,71.19,3,UPI,Clear,Low
ORD_004003,CUST_00707,REST_0070,2025-03-02 12:09:00,Delivered,191.57,4.67,2,UPI,Clear,High
ORD_004004,CUST_00641,REST_0161,2025-01-01 12:37:19,Delivered,1084.07,200.56,3,UPI,Clear,Medium
ORD_004005,CUST_00776,REST_0079,2025-01-18 02:11:16,Delivered,238.02,50.62,1,UPI,Clear,Low
ORD_004006,CUST_00877,REST_0141,2025-06-30 03:09:23,Delivered,387.18,50.97,4,Credit Card,Rain,High
ORD_004007,CUST_00702,REST_0010,2025-05-20 19:04:25,Delivered,323.06,37.37,3,Credit Card,Rain,Medium
ORD_004008,CUST_01056,REST_0062,2025-03-21 22:18:55,Delivered,386.42,117.34,1,UPI,Clear,Low
ORD_004009,CUST_01082,REST_0140,2025-01-14 16:55:00,Delivered,321.46,60.44,5,UPI,Clear,Medium
ORD_004010,CUST_00662,REST_0007,2025-01-07 21:21:13,Delivered,3283.33,315.59,3,UPI,Clear,Low
ORD_004011,CUST_00217,REST_0112,2025-06-05 13:51:21,Delivered,1392.63,522.44,2,UPI,Clear,Low
ORD_004012,CUST_00967,REST_0080,2025-02-26 11:13:30,Delivered,96.13,3.42,2,UPI,Clear,Medium
ORD_004013,CUST_01160,REST_0139,2025-01-04 14:53:28,Delivered,116.1,28.37,3,Cash,Clear,Medium
ORD_004014,CUST_00962,REST_0054,2025-04-09 11:19:18,Cancelled,838.76,0.0,3,UPI,Clear,Medium
ORD_004015,CUST_00887,REST_0177,2025-04-25 07:19:35,Delivered,292.82,55.72,4,UPI,Rain,Severe
ORD_004016,CUST_00347,REST_0181,2025-05-14 14:03:05,Delivered,192.64,18.28,4,Credit Card,Cloudy,Medium
ORD_004017,CUST_00973,REST_0198,2025-03-20 11:25:00,Delivered,426.02,71.23,3,UPI,Clear,Medium
ORD_004018,CUST_00502,REST_0133,2025-02-09 21:06:21,Delivered,940.52,24.77,3,UPI,Cloudy,High
ORD_004019,CUST_01380,REST_0039,2025-03-13 12:10:01,Delivered,936.2,207.13,4,Debit Card,Clear,Medium
ORD_004020,CUST_00987,REST_0079,2025-01-30 20:24:20,Delivered,764.43,154.38,3,UPI,Clear,High
ORD_004021,CUST_00419,REST_0147,2025-06-02 12:04:45,Delivered,338.23,56.64,3,Debit Card,Cloudy,Medium
ORD_004022,CUST_00713,REST_0024,2025-03-07 21:48:07,Delivered,885.34,184.14,3,Wallet,Cloudy,Low
ORD_004023,CUST_01271,REST_0013,2025-06-04 19:10:45,Delivered,432.24,28.01,3,UPI,Cloudy,Low
ORD_004024,CUST_00503,REST_0011,2025-05-06 18:31:31,Delivered,511.1,77.59,5,UPI,Clear,Medium
ORD_004025,CUST_00792,REST_0040,2025-05-30 14:20:21,Delivered,857.37,260.76,1,UPI,Clear,Medium
ORD_004026,CUST_01024,REST_0065,2025-02-03 09:00:23,Delivered,265.57,10.4,4,UPI,Clear,Medium
ORD_004027,CUST_01135,REST_0005,2025-03-08 04:50:40,Delivered,297.04,55.48,5,Credit Card,Clear,Medium
ORD_004028,CUST_00262,REST_0081,2025-05-21 07:51:22,Failed,116.53,0.0,2,Cash,Clear,Medium
ORD_004029,CUST_00850,REST_0023,2025-03-11 14:17:55,Delivered,722.2,36.01,7,Debit Card,Clear,Low
ORD_004030,CUST_01369,REST_0085,2025-03-31 20:32:24,Delivered,444.67,63.04,2,Debit Card,Clear,Medium
ORD_004031,CUST_01453,REST_0015,2025-02-21 12:02:54,Delivered,312.59,22.9,3,UPI,Clear,Medium
ORD_004032,CUST_00991,REST_0097,2025-04-29 19:56:03,Delivered,233.4,27.05,2,Credit Card,Clear,High
ORD_004033,CUST_01475,REST_0068,2025-04-02 10:12:29,Delivered,1049.64,143.97,4,Credit Card,Clear,Low
ORD_004034,CUST_00859,REST_0086,2025-06-24 13:20:39,Delivered,306.26,21.51,2,Wallet,Rain,Medium
ORD_004035,CUST_00666,REST_0168,2025-03-06 21:06:12,Delivered,708.89,24.1,3,Credit Card,Rain,High
ORD_004036,CUST_00829,REST_0086,2025-04-19 21:44:29,Delivered,657.92,142.79,4,Credit Card,Clear,Low
ORD_004037,CUST_00178,REST_0002,2025-01-14 22:07:30,Delivered,1869.71,236.61,3,UPI,Cloudy,Medium
ORD_004038,CUST_00601,REST_0196,2025-01-15 15:17:00,Delivered,672.33,29.99,4,Credit Card,Clear,Medium
ORD_004039,CUST_00689,REST_0172,2025-04-27 09:49:57,Delivered,644.74,42.1,1,Wallet,Clear,Medium
ORD_004040,CUST_01274,REST_0150,2025-03-23 11:08:58,Delivered,495.71,16.38,3,UPI,Rain,High
ORD_004041,CUST_01141,REST_0064,2025-05-14 22:39:28,Delivered,1439.92,122.83,2,UPI,Clear,Severe
ORD_004042,CUST_00907,REST_0076,2025-06-26 10:29:34,Delivered,229.76,3.17,4,UPI,Cloudy,Medium
ORD_004043,CUST_00520,REST_0076,2025-03-18 12:05:00,Delivered,170.72,22.24,3,UPI,Clear,Medium
ORD_004044,CUST_00280,REST_0073,2025-05-26 15:53:59,Delivered,949.83,67.39,3,UPI,Clear,Low
ORD_004045,CUST_00520,REST_0076,2025-06-11 02:32:03,Delivered,138.21,28.25,2,UPI,Clear,Low
ORD_004046,CUST_01024,REST_0070,2025-05-22 21:19:19,Cancelled,421.15,0.0,3,Debit Card,Rain,High
ORD_004047,CUST_00397,REST_0024,2025-06-26 21:03:17,Delivered,677.27,267.26,3,Wallet,Clear,High
ORD_004048,CUST_00641,REST_0005,2025-06-01 18:24:04,Delivered,263.75,75.71,4,Debit Card,Rain,Low
ORD_004049,CUST_00577,REST_0011,2025-05-26 11:19:34,Cancelled,212.84,0.0,3,Wallet,Clear,Low
ORD_004050,CUST_01150,REST_0163,2025-05-14 20:10:08,Delivered,503.14,28.34,2,Wallet,Rain,High
ORD_004051,CUST_01328,REST_0085,2025-06-29 12:38:53,Delivered,665.86,6.85,4,UPI,Rain,Medium
ORD_004052,CUST_01053,REST_0095,2025-03-26 11:41:06,Delivered,1113.48,187.21,3,UPI,Clear,Low
ORD_004053,CUST_00512,REST_0087,2025-02-06 18:35:16,Delivered,1001.95,67.9,3,UPI,Heavy Rain,Severe
ORD_004054,CUST_00651,REST_0025,2025-03-31 19:16:59,Delivered,182.66,35.38,4,UPI,Clear,Medium
ORD_004055,CUST_00218,REST_0101,2025-02-18 13:55:33,Delivered,1059.19,167.2,3,Wallet,Rain,High
ORD_004056,CUST_00253,REST_0191,2025-06-07 12:08:19,Delivered,477.0,20.51,3,UPI,Heavy Rain,Medium
ORD_004057,CUST_00248,REST_0179,2025-06-24 20:44:03,Delivered,2878.17,639.97,3,Wallet,Clear,Medium
ORD_004058,CUST_00199,REST_0189,2025-03-18 20:08:14,Delivered,258.69,47.38,2,UPI,Cloudy,Low
ORD_004059,CUST_00270,REST_0003,2025-03-20 17:04:04,Delivered,413.93,51.84,3,Wallet,Clear,Medium
ORD_004060,CUST_00305,REST_0114,2025-01-25 21:52:30,Delivered,144.87,44.37,1,Wallet,Cloudy,Medium
ORD_004061,CUST_00171,REST_0019,2025-06-23 13:40:13,Delivered,80.0,7.15,1,Credit Card,Clear,Medium
ORD_004062,CUST_00966,REST_0142,2025-03-09 14:37:45,Delivered,274.84,30.59,4,UPI,Clear,Medium
ORD_004063,CUST_01485,REST_0179,2025-03-10 11:52:13,Delivered,4019.36,342.33,4,Wallet,Clear,Medium
ORD_004064,CUST_01321,REST_0028,2025-02-14 13:56:01,Delivered,373.6,24.35,2,UPI,Clear,Low
ORD_004065,CUST_00070,REST_0058,2025-06-18 19:28:57,Delivered,369.84,59.31,3,Wallet,Rain,Severe
ORD_004066,CUST_00635,REST_0084,2025-02-07 21:53:56,Delivered,221.54,18.76,4,Wallet,Cloudy,Low
ORD_004067,CUST_01291,REST_0110,2025-05-22 21:08:29,Delivered,576.66,86.37,5,Debit Card,Clear,Medium
ORD_004068,CUST_00204,REST_0025,2025-06-29 13:15:49,Delivered,111.85,12.95,2,Wallet,Clear,Medium
ORD_004069,CUST_01272,REST_0180,2025-01-08 20:31:36,Delivered,192.29,26.98,3,UPI,Cloudy,Medium
ORD_004070,CUST_00893,REST_0038,2025-02-03 17:17:44,Delivered,2386.82,335.95,7,Debit Card,Rain,Severe
ORD_004071,CUST_01399,REST_0024,2025-02-13 12:14:28,Delivered,1024.99,32.3,5,UPI,Cloudy,High
ORD_004072,CUST_01316,REST_0032,2025-05-07 11:22:00,Delivered,899.97,249.23,3,UPI,Clear,Medium
ORD_004073,CUST_01021,REST_0111,2025-03-12 13:27:49,Delivered,706.26,48.04,1,Wallet,Rain,High
ORD_004074,CUST_00993,REST_0188,2025-06-09 16:12:51,Delivered,256.93,24.74,4,UPI,Clear,High
ORD_004075,CUST_00322,REST_0028,2025-05-17 13:47:42,Cancelled,1555.55,0.0,7,Debit Card,Cloudy,Medium
ORD_004076,CUST_00179,REST_0142,2025-03-08 22:31:08,Delivered,94.3,4.39,1,UPI,Clear,Low
ORD_004077,CUST_00623,REST_0125,2025-04-15 10:00:56,Delivered,1171.52,84.7,5,Debit Card,Cloudy,High
ORD_004078,CUST_00280,REST_0102,2025-04-23 17:04:39,Failed,166.89,0.0,2,UPI,Clear,Low
ORD_004079,CUST_00157,REST_0106,2025-03-10 22:07:24,Delivered,662.09,85.06,3,UPI,Clear,Medium
ORD_004080,CUST_00455,REST_0061,2025-01-07 22:31:16,Delivered,93.27,6.85,1,Credit Card,Rain,Low
ORD_004081,CUST_01293,REST_0138,2025-06-05 22:47:53,Delivered,383.67,9.66,3,UPI,Cloudy,Low
ORD_004082,CUST_00027,REST_0049,2025-06-19 16:30:00,Delivered,1034.99,132.61,4,UPI,Clear,Low
ORD_004083,CUST_00442,REST_0052,2025-01-03 15:30:28,Delivered,1464.18,99.5,3,UPI,Cloudy,High
ORD_004084,CUST_00637,REST_0055,2025-02-26 12:52:09,Delivered,289.59,79.7,2,UPI,Rain,High
ORD_004085,CUST_00769,REST_0073,2025-03-04 11:43:36,Delivered,868.66,115.29,3,Debit Card,Cloudy,Low
ORD_004086,CUST_00273,REST_0009,2025-04-06 16:45:01,Cancelled,1287.02,0.0,2,Wallet,Clear,Medium
ORD_004087,CUST_01448,REST_0056,2025-05-03 13:51:37,Delivered,269.96,3.49,3,UPI,Cloudy,High
ORD_004088,CUST_00872,REST_0070,2025-02-06 22:41:39,Delivered,356.89,13.31,3,Debit Card,Clear,Low
ORD_004089,CUST_00787,REST_0146,2025-02-24 09:14:00,Delivered,939.32,160.15,4,UPI,Cloudy,High
ORD_004090,CUST_00013,REST_0024,2025-01-27 18:33:43,Delivered,1358.22,55.37,4,Debit Card,Clear,Severe
ORD_004091,CUST_00732,REST_0141,2025-03-13 21:29:51,Delivered,926.11,119.04,5,Cash,Clear,Low
ORD_004092,CUST_01256,REST_0200,2025-02-24 13:40:11,Delivered,453.37,60.28,2,Credit Card,Clear,Medium
ORD_004093,CUST_00331,REST_0013,2025-05-22 16:05:46,Delivered,151.58,24.9,1,Debit Card,Clear,Medium
ORD_004094,CUST_00525,REST_0073,2025-05-31 18:00:58,Delivered,297.55,25.95,1,Debit Card,Clear,High
ORD_004095,CUST_00033,REST_0177,2025-05-17 19:47:54,Delivered,203.71,5.42,4,UPI,Cloudy,Medium
ORD_004096,CUST_01465,REST_0157,2025-03-25 10:03:00,Cancelled,597.18,0.0,3,UPI,Rain,Low
ORD_004097,CUST_00103,REST_0032,2025-06-30 19:27:41,Cancelled,803.77,0.0,3,UPI,Clear,Medium
ORD_004098,CUST_01349,REST_0172,2025-04-20 12:30:03,Cancelled,3609.6,0.0,4,UPI,Rain,Medium
ORD_004099,CUST_00471,REST_0074,2025-02-17 22:24:55,Delivered,776.17,85.55,2,Credit Card,Rain,Medium
ORD_004100,CUST_00886,REST_0163,2025-03-18 11:21:00,Delivered,989.56,51.51,4,Wallet,Cloudy,Medium
ORD_004101,CUST_01024,REST_0034,2025-04-05 21:37:19,Delivered,284.6,15.34,2,Wallet,Cloudy,Low
ORD_004102,CUST_00214,REST_0182,2025-05-24 15:18:01,Delivered,426.9,58.74,2,Wallet,Cloudy,High
ORD_004103,CUST_00668,REST_0016,2025-03-09 18:06:46,Delivered,298.79,52.07,2,UPI,Clear,Medium
ORD_004104,CUST_00489,REST_0001,2025-06-26 22:31:16,Delivered,399.15,49.48,5,Credit Card,Cloudy,High
ORD_004105,CUST_00087,REST_0074,2025-05-08 11:16:31,Delivered,4595.34,815.95,6,UPI,Cloudy,High
ORD_004106,CUST_01249,REST_0180,2025-02-21 21:38:03,Delivered,155.09,3.85,3,UPI,Clear,Medium
ORD_004107,CUST_00070,REST_0192,2025-02-02 09:32:35,Cancelled,308.79,0.0,2,UPI,Cloudy,Medium
ORD_004108,CUST_00986,REST_0121,2025-03-05 15:36:13,Delivered,230.53,33.36,2,Wallet,Rain,High
ORD_004109,CUST_00473,REST_0047,2025-05-06 19:39:23,Delivered,464.72,66.49,2,UPI,Clear,Medium
ORD_004110,CUST_00288,REST_0091,2025-04-24 19:54:56,Delivered,350.12,53.86,5,Credit Card,Clear,Low
ORD_004111,CUST_01007,REST_0173,2025-05-03 23:22:35,Delivered,3561.34,435.23,6,Debit Card,Clear,Medium
ORD_004112,CUST_00866,REST_0097,2025-04-29 13:21:24,Delivered,156.25,19.38,2,UPI,Clear,High
ORD_004113,CUST_00474,REST_0181,2025-06-01 18:51:32,Delivered,172.0,32.27,4,UPI,Clear,High
ORD_004114,CUST_00773,REST_0142,2025-03-19 11:51:50,Delivered,211.88,23.29,4,Cash,Clear,Medium
ORD_004115,CUST_00372,REST_0144,2025-04-11 21:58:22,Delivered,183.06,16.2,4,UPI,Cloudy,Medium
ORD_004116,CUST_01298,REST_0187,2025-01-06 12:25:28,Delivered,161.73,59.24,3,Cash,Cloudy,Medium
ORD_004117,CUST_00472,REST_0074,2025-05-03 19:13:16,Delivered,532.88,135.86,1,Debit Card,Clear,Medium
ORD_004118,CUST_00370,REST_0077,2025-06-07 07:00:48,Delivered,85.34,17.6,2,UPI,Clear,High
ORD_004119,CUST_01130,REST_0150,2025-04-12 16:07:17,Delivered,142.45,18.4,1,UPI,Clear,Medium
ORD_004120,CUST_00028,REST_0024,2025-03-01 20:30:30,Delivered,877.57,178.09,4,Wallet,Clear,Low
ORD_004121,CUST_00404,REST_0117,2025-06-05 12:36:02,Cancelled,1377.67,0.0,5,Debit Card,Cloudy,Medium
ORD_004122,CUST_00560,REST_0179,2025-04-19 10:34:58,Delivered,2301.87,153.21,3,Debit Card,Cloudy,High
ORD_004123,CUST_01326,REST_0032,2025-04-08 19:56:05,Failed,466.76,0.0,2,Debit Card,Clear,Low
ORD_004124,CUST_01427,REST_0065,2025-05-12 21:38:17,Delivered,142.89,65.86,2,UPI,Clear,Medium
ORD_004125,CUST_01079,REST_0110,2025-03-01 21:48:28,Delivered,312.33,9.6,2,Credit Card,Cloudy,Low
ORD_004126,CUST_00743,REST_0187,2025-02-22 17:23:00,Delivered,80.0,15.18,1,UPI,Cloudy,Medium
ORD_004127,CUST_00967,REST_0125,2025-02-01 08:55:00,Delivered,861.99,144.2,3,UPI,Rain,High
ORD_004128,CUST_00620,REST_0063,2025-03-09 18:30:00,Delivered,128.11,16.02,2,UPI,Clear,Medium
ORD_004129,CUST_00450,REST_0131,2025-02-11 19:02:51,Failed,944.47,0.0,4,Debit Card,Cloudy,Medium
ORD_004130,CUST_01428,REST_0073,2025-04-12 13:13:07,Delivered,759.15,51.82,3,UPI,Cloudy,Medium
ORD_004131,CUST_00177,REST_0029,2025-04-16 21:41:42,Delivered,207.98,27.5,1,UPI,Clear,Medium
ORD_004132,CUST_00519,REST_0062,2025-02-02 13:13:54,Delivered,4115.12,83.3,6,UPI,Cloudy,High
ORD_004133,CUST_01351,REST_0075,2025-02-26 13:59:51,Delivered,1475.17,447.0,4,UPI,Cloudy,Medium
ORD_004134,CUST_01089,REST_0055,2025-03-13 22:35:17,Delivered,843.27,46.48,5,UPI,Rain,Low
ORD_004135,CUST_00045,REST_0111,2025-06-04 07:02:08,Delivered,896.64,61.84,1,UPI,Cloudy,Medium
ORD_004136,CUST_00036,REST_0076,2025-02-08 22:55:05,Delivered,192.96,11.62,3,Credit Card,Heavy Rain,High
ORD_004137,CUST_00778,REST_0065,2025-01-28 07:28:47,Delivered,212.34,13.09,3,UPI,Rain,High
ORD_004138,CUST_00729,REST_0139,2025-05-06 11:34:10,Delivered,89.88,15.64,2,Cash,Clear,Medium
ORD_004139,CUST_00667,REST_0011,2025-04-17 23:47:04,Delivered,586.43,96.74,8,UPI,Rain,High
ORD_004140,CUST_00455,REST_0035,2025-04-26 22:42:49,Delivered,612.68,92.55,4,UPI,Clear,Medium
ORD_004141,CUST_01479,REST_0200,2025-06-28 20:35:59,Delivered,538.35,99.07,4,Cash,Cloudy,Medium
ORD_004142,CUST_00410,REST_0193,2025-01-10 19:36:46,Delivered,80.0,2.26,1,Credit Card,Clear,Medium
ORD_004143,CUST_00738,REST_0085,2025-02-25 17:29:18,Delivered,187.51,16.3,1,UPI,Heavy Rain,High
ORD_004144,CUST_00607,REST_0170,2025-06-29 19:48:13,Delivered,578.65,17.03,2,Debit Card,Cloudy,Low
ORD_004145,CUST_00257,REST_0014,2025-05-19 14:44:30,Delivered,337.3,58.95,3,UPI,Cloudy,Medium
ORD_004146,CUST_00305,REST_0164,2025-04-18 19:23:50,Delivered,1018.53,23.29,6,Debit Card,Cloudy,High
ORD_004147,CUST_01378,REST_0168,2025-01-10 20:51:12,Delivered,1439.84,131.06,6,UPI,Clear,Low
ORD_004148,CUST_01289,REST_0096,2025-02-05 19:08:57,Delivered,752.84,97.12,4,Credit Card,Clear,Medium
ORD_004149,CUST_00300,REST_0114,2025-05-27 22:53:06,Delivered,545.22,39.73,3,Credit Card,Clear,Low
ORD_004150,CUST_01316,REST_0113,2025-01-15 22:13:40,Delivered,156.41,20.03,4,UPI,Cloudy,Low
ORD_004151,CUST_00315,REST_0104,2025-02-17 21:03:02,Delivered,607.84,55.41,3,UPI,Clear,Severe
ORD_004152,CUST_00945,REST_0142,2025-01-03 19:47:54,Delivered,273.54,2.69,5,Credit Card,Rain,Medium
ORD_004153,CUST_00124,REST_0004,2025-04-03 20:29:22,Delivered,224.19,32.79,1,UPI,Cloudy,High
ORD_004154,CUST_01323,REST_0151,2025-02-20 18:42:11,Delivered,202.92,24.82,5,UPI,Clear,High
ORD_004155,CUST_00079,REST_0060,2025-04-01 14:39:45,Delivered,830.77,28.72,4,Wallet,Cloudy,Medium
ORD_004156,CUST_00835,REST_0009,2025-03-03 13:14:46,Delivered,1198.91,52.63,2,Debit Card,Rain,Low
ORD_004157,CUST_01171,REST_0183,2025-01-23 21:43:18,Delivered,334.07,46.66,2,Debit Card,Clear,Low
ORD_004158,CUST_00179,REST_0145,2025-06-21 21:37:39,Delivered,80.0,14.29,1,UPI,Clear,High
ORD_004159,CUST_00606,REST_0180,2025-01-03 13:37:08,Delivered,283.01,20.42,5,UPI,Heavy Rain,Severe
ORD_004160,CUST_00064,REST_0183,2025-02-10 13:00:34,Delivered,784.62,125.49,5,Debit Card,Clear,High
ORD_004161,CUST_01028,REST_0111,2025-05-07 20:35:20,Delivered,4527.03,310.79,4,UPI,Cloudy,High
ORD_004162,CUST_00464,REST_0067,2025-02-17 18:26:08,Delivered,516.1,182.0,5,Wallet,Clear,Low
ORD_004163,CUST_00842,REST_0009,2025-06-07 20:28:25,Delivered,1937.64,739.32,3,UPI,Clear,Medium
ORD_004164,CUST_01401,REST_0055,2025-05-23 18:25:16,Delivered,537.02,63.95,3,Debit Card,Rain,Medium
ORD_004165,CUST_00461,REST_0141,2025-03-08 18:12:25,Cancelled,402.02,0.0,4,UPI,Clear,Medium
ORD_004166,CUST_00075,REST_0106,2025-04-06 19:56:35,Delivered,412.12,55.45,2,UPI,Rain,High
ORD_004167,CUST_01019,REST_0159,2025-05-04 11:40:49,Delivered,407.4,92.01,4,Cash,Clear,Medium
ORD_004168,CUST_01181,REST_0011,2025-04-20 20:35:32,Delivered,661.95,115.82,5,Credit Card,Clear,Medium
ORD_004169,CUST_01439,REST_0142,2025-03-06 14:26:00,Delivered,282.95,17.52,5,Wallet,Rain,Low
ORD_004170,CUST_00240,REST_0151,2025-06-26 08:08:47,Delivered,242.16,41.55,4,UPI,Clear,Medium
ORD_004171,CUST_00585,REST_0111,2025-04-30 14:51:31,Delivered,4030.17,613.84,3,Wallet,Clear,Medium
ORD_004172,CUST_01267,REST_0054,2025-06-25 07:43:54,Delivered,502.71,38.59,2,UPI,Clear,Low
ORD_004173,CUST_01211,REST_0161,2025-06-27 14:27:50,Delivered,2449.83,763.6,6,UPI,Clear,Medium
ORD_004174,CUST_00943,REST_0038,2025-01-06 21:37:57,Delivered,1095.92,59.47,5,Debit Card,Cloudy,Low
ORD_004175,CUST_00406,REST_0084,2025-04-15 12:26:27,Delivered,81.18,4.68,1,Credit Card,Clear,Medium
ORD_004176,CUST_00428,REST_0032,2025-03-21 14:51:14,Delivered,1901.76,113.41,5,Cash,Cloudy,Medium
ORD_004177,CUST_00190,REST_0097,2025-06-11 20:59:57,Delivered,161.8,28.2,2,UPI,Clear,Severe
ORD_004178,CUST_01383,REST_0078,2025-03-16 10:01:49,Cancelled,359.36,0.0,2,Cash,Clear,Low
ORD_004179,CUST_00260,REST_0046,2025-05-22 12:04:43,Delivered,369.67,37.82,4,UPI,Clear,High
ORD_004180,CUST_00863,REST_0155,2025-06-23 12:38:38,Delivered,466.74,12.14,4,Credit Card,Clear,Medium
ORD_004181,CUST_00881,REST_0071,2025-04-03 09:26:15,Delivered,819.38,72.65,4,UPI,Cloudy,Low
ORD_004182,CUST_00552,REST_0146,2025-02-08 22:44:50,Delivered,251.15,76.47,1,UPI,Clear,Medium
ORD_004183,CUST_00527,REST_0009,2025-02-02 21:38:53,Delivered,1892.71,31.22,3,UPI,Cloudy,Severe
ORD_004184,CUST_01009,REST_0185,2025-01-27 14:14:21,Delivered,91.64,4.6,1,UPI,Cloudy,High
ORD_004185,CUST_00579,REST_0073,2025-05-27 18:35:48,Delivered,724.81,37.43,3,UPI,Rain,High
ORD_004186,CUST_00386,REST_0071,2025-06-16 19:58:19,Delivered,585.84,202.09,3,UPI,Clear,Low
ORD_004187,CUST_00597,REST_0016,2025-04-21 11:52:22,Cancelled,647.5,0.0,4,Debit Card,Clear,Medium
ORD_004188,CUST_01212,REST_0142,2025-05-15 11:50:10,Failed,114.58,0.0,2,UPI,Cloudy,Low
ORD_004189,CUST_01451,REST_0145,2025-06-03 15:53:30,Delivered,407.37,92.07,4,UPI,Clear,Medium
ORD_004190,CUST_00959,REST_0012,2025-06-18 12:05:33,Cancelled,1030.4,0.0,2,Debit Card,Cloudy,Medium
ORD_004191,CUST_01174,REST_0034,2025-04-02 12:46:08,Delivered,285.48,62.07,3,UPI,Clear,Medium
ORD_004192,CUST_00802,REST_0014,2025-04-03 22:15:06,Delivered,80.0,52.52,1,Debit Card,Clear,Low
ORD_004193,CUST_00943,REST_0126,2025-06-08 13:06:02,Delivered,535.88,26.7,4,Debit Card,Cloudy,High
ORD_004194,CUST_01481,REST_0173,2025-05-28 18:46:37,Delivered,841.37,114.71,2,UPI,Clear,Medium
ORD_004195,CUST_00660,REST_0111,2025-03-20 21:22:32,Delivered,3505.0,238.74,5,Cash,Rain,Medium
ORD_004196,CUST_00102,REST_0189,2025-01-02 11:13:13,Delivered,227.9,37.93,2,Wallet,Cloudy,Low
ORD_004197,CUST_01437,REST_0106,2025-05-19 12:51:29,Delivered,938.96,111.57,4,UPI,Rain,High
ORD_004198,CUST_01190,REST_0024,2025-04-10 20:15:33,Delivered,391.94,120.14,2,UPI,Cloudy,Medium
ORD_004199,CUST_00595,REST_0134,2025-06-22 14:19:20,Delivered,227.95,12.07,1,UPI,Cloudy,High
ORD_004200,CUST_01473,REST_0039,2025-03-05 09:35:04,Delivered,1025.05,93.09,4,Credit Card,Clear,High
ORD_004201,CUST_00517,REST_0115,2025-03-21 18:29:00,Delivered,648.75,39.01,4,UPI,Heavy Rain,High
ORD_004202,CUST_00555,REST_0081,2025-05-21 14:30:41,Delivered,287.78,19.55,5,UPI,Clear,High
ORD_004203,CUST_00920,REST_0004,2025-06-21 22:41:50,Failed,970.78,0.0,4,UPI,Clear,Medium
ORD_004204,CUST_00413,REST_0081,2025-04-23 12:04:07,Delivered,298.31,32.47,4,UPI,Rain,Medium
ORD_004205,CUST_01052,REST_0026,2025-02-06 21:24:44,Failed,472.52,0.0,3,Cash,Cloudy,High
ORD_004206,CUST_00232,REST_0076,2025-05-13 15:21:46,Delivered,285.71,22.74,4,Debit Card,Clear,High
ORD_004207,CUST_00165,REST_0071,2025-01-25 14:49:28,Delivered,323.23,74.76,2,Wallet,Clear,Medium
ORD_004208,CUST_00805,REST_0006,2025-06-22 21:29:47,Delivered,162.44,10.28,2,Credit Card,Rain,High
ORD_004209,CUST_00836,REST_0129,2025-06-28 23:43:54,Delivered,989.25,145.01,5,Debit Card,Rain,Medium
ORD_004210,CUST_00163,REST_0148,2025-02-15 21:27:09,Delivered,2885.29,441.43,5,Wallet,Rain,Medium
ORD_004211,CUST_01448,REST_0017,2025-06-10 12:57:56,Delivered,582.6,24.13,2,UPI,Cloudy,Medium
ORD_004212,CUST_00863,REST_0155,2025-01-17 10:06:16,Delivered,424.13,100.31,4,UPI,Clear,Medium
ORD_004213,CUST_00229,REST_0132,2025-04-02 16:20:00,Delivered,248.31,12.49,1,UPI,Rain,Medium
ORD_004214,CUST_00469,REST_0073,2025-03-22 14:50:25,Delivered,542.58,30.22,2,UPI,Rain,Medium
ORD_004215,CUST_01200,REST_0165,2025-01-04 19:55:48,Delivered,254.31,21.75,4,Wallet,Clear,High
ORD_004216,CUST_00789,REST_0113,2025-02-25 14:22:32,Delivered,479.26,110.67,6,UPI,Cloudy,Medium
ORD_004217,CUST_00282,REST_0025,2025-01-31 20:04:36,Delivered,207.61,9.65,4,UPI,Clear,High
ORD_004218,CUST_00157,REST_0106,2025-01-01 12:46:03,Delivered,360.78,148.18,2,Wallet,Cloudy,Medium
ORD_004219,CUST_00647,REST_0142,2025-01-30 20:55:23,Delivered,227.67,24.64,3,Wallet,Cloudy,Medium
ORD_004220,CUST_00506,REST_0114,2025-01-31 19:42:03,Cancelled,465.36,0.0,4,UPI,Clear,Low
ORD_004221,CUST_00991,REST_0013,2025-04-03 21:26:00,Delivered,550.07,88.1,3,Wallet,Clear,High
ORD_004222,CUST_01389,REST_0006,2025-06-30 11:08:21,Failed,412.68,0.0,4,UPI,Clear,Medium
ORD_004223,CUST_00374,REST_0012,2025-05-07 21:26:15,Delivered,386.76,36.93,1,Credit Card,Cloudy,Low
ORD_004224,CUST_01284,REST_0042,2025-01-05 19:25:14,Delivered,80.0,25.29,1,Wallet,Cloudy,High
ORD_004225,CUST_01381,REST_0007,2025-03-08 17:27:38,Delivered,2596.34,285.12,3,UPI,Clear,Medium
ORD_004226,CUST_01355,REST_0176,2025-03-04 21:40:27,Failed,258.03,0.0,2,Credit Card,Clear,High
ORD_004227,CUST_01429,REST_0130,2025-04-21 11:28:24,Delivered,610.37,184.75,3,Debit Card,Cloudy,Low
ORD_004228,CUST_01264,REST_0001,2025-03-02 19:10:18,Delivered,268.3,17.99,4,Debit Card,Clear,Low
ORD_004229,CUST_00895,REST_0021,2025-03-16 08:31:20,Delivered,1949.81,389.42,4,UPI,Clear,High
ORD_004230,CUST_00615,REST_0170,2025-04-19 12:16:50,Delivered,468.58,76.11,2,Debit Card,Clear,Medium
ORD_004231,CUST_00741,REST_0003,2025-04-21 13:41:58,Delivered,602.69,53.41,4,Credit Card,Clear,Low
ORD_004232,CUST_01311,REST_0125,2025-04-25 19:30:01,Delivered,128.08,6.92,1,UPI,Clear,Low
ORD_004233,CUST_00454,REST_0192,2025-04-16 18:49:29,Delivered,854.14,187.43,4,UPI,Heavy Rain,High
ORD_004234,CUST_00242,REST_0043,2025-04-13 22:52:58,Delivered,1506.17,319.44,4,UPI,Clear,Medium
ORD_004235,CUST_00214,REST_0108,2025-05-01 16:30:01,Delivered,838.02,132.83,8,Credit Card,Rain,Medium
ORD_004236,CUST_01241,REST_0063,2025-05-29 18:00:13,Delivered,501.1,29.67,4,Debit Card,Clear,High
ORD_004237,CUST_01145,REST_0124,2025-01-16 20:48:07,Delivered,164.66,25.2,2,UPI,Clear,Medium
ORD_004238,CUST_00750,REST_0151,2025-06-11 19:21:29,Delivered,213.99,60.91,3,UPI,Clear,Low
ORD_004239,CUST_00414,REST_0089,2025-01-07 12:04:06,Delivered,712.81,38.24,3,Debit Card,Rain,High
ORD_004240,CUST_01022,REST_0076,2025-05-20 22:57:23,Failed,226.66,0.0,5,UPI,Clear,High
ORD_004241,CUST_00059,REST_0172,2025-06-14 13:44:15,Delivered,3381.22,489.42,4,Debit Card,Cloudy,High
ORD_004242,CUST_00855,REST_0129,2025-01-25 19:54:41,Delivered,640.24,59.59,3,UPI,Clear,Severe
ORD_004243,CUST_00596,REST_0008,2025-04-18 14:41:59,Delivered,1046.37,113.7,4,Cash,Heavy Rain,High
ORD_004244,CUST_01467,REST_0122,2025-03-13 11:15:07,Delivered,255.87,16.26,3,UPI,Cloudy,Low
ORD_004245,CUST_00765,REST_0145,2025-04-06 12:35:21,Delivered,478.88,10.65,5,UPI,Cloudy,High
ORD_004246,CUST_00831,REST_0195,2025-04-06 17:44:05,Delivered,853.07,24.31,3,UPI,Clear,High
ORD_004247,CUST_01073,REST_0124,2025-01-22 17:38:11,Cancelled,337.89,0.0,4,UPI,Cloudy,Medium
ORD_004248,CUST_00730,REST_0134,2025-01-27 11:09:32,Delivered,594.75,40.74,3,Debit Card,Rain,Medium
ORD_004249,CUST_00339,REST_0063,2025-03-21 12:51:05,Delivered,213.27,68.01,4,Wallet,Clear,Medium
ORD_004250,CUST_00808,REST_0190,2025-06-02 12:35:22,Delivered,5000.0,450.89,4,Wallet,Rain,Medium
ORD_004251,CUST_01418,REST_0175,2025-05-09 07:26:51,Delivered,476.88,23.11,2,UPI,Clear,Low
ORD_004252,CUST_00615,REST_0155,2025-05-10 21:08:46,Delivered,895.15,52.31,6,UPI,Heavy Rain,Low
ORD_004253,CUST_01024,REST_0114,2025-03-29 20:38:41,Delivered,698.22,124.77,5,UPI,Clear,Medium
ORD_004254,CUST_01467,REST_0125,2025-04-04 22:11:12,Delivered,183.37,7.74,1,Credit Card,Rain,High
ORD_004255,CUST_01245,REST_0113,2025-06-20 13:42:17,Delivered,493.03,25.84,3,Debit Card,Cloudy,High
ORD_004256,CUST_00995,REST_0013,2025-02-08 18:59:41,Delivered,600.77,19.72,4,Cash,Rain,Medium
ORD_004257,CUST_01107,REST_0055,2025-06-29 20:51:14,Delivered,317.84,7.74,3,Debit Card,Clear,Medium
ORD_004258,CUST_01407,REST_0036,2025-03-26 08:27:00,Delivered,902.56,107.34,2,Wallet,Rain,Low
ORD_004259,CUST_01441,REST_0057,2025-06-24 11:19:17,Delivered,1877.95,254.11,4,Debit Card,Clear,Low
ORD_004260,CUST_01454,REST_0130,2025-04-11 11:37:00,Delivered,549.64,63.21,3,UPI,Clear,High
ORD_004261,CUST_00944,REST_0186,2025-03-17 22:58:26,Delivered,448.06,42.45,5,UPI,Cloudy,Medium
ORD_004262,CUST_00575,REST_0034,2025-04-13 12:39:18,Delivered,315.48,28.68,2,UPI,Rain,High
ORD_004263,CUST_00202,REST_0126,2025-03-22 19:10:00,Delivered,456.82,26.5,3,Credit Card,Rain,High
ORD_004264,CUST_00576,REST_0127,2025-05-19 19:19:27,Delivered,317.93,47.64,1,UPI,Clear,Low
ORD_004265,CUST_01416,REST_0199,2025-01-22 08:37:15,Delivered,361.15,17.12,4,UPI,Clear,Medium
ORD_004266,CUST_01336,REST_0077,2025-01-25 15:22:31,Delivered,245.53,9.17,3,UPI,Clear,Low
ORD_004267,CUST_00789,REST_0127,2025-05-25 18:29:58,Delivered,1023.99,41.85,5,Credit Card,Heavy Rain,High
ORD_004268,CUST_00808,REST_0190,2025-01-28 19:52:22,Delivered,3783.24,488.63,3,Credit Card,Clear,Low
ORD_004269,CUST_00465,REST_0042,2025-03-24 15:23:00,Delivered,106.65,17.49,2,UPI,Clear,High
ORD_004270,CUST_00684,REST_0045,2025-01-29 22:49:34,Failed,679.92,0.0,5,Credit Card,Clear,Medium
ORD_004271,CUST_01076,REST_0183,2025-02-06 19:06:25,Delivered,788.01,143.66,7,UPI,Clear,Medium
ORD_004272,CUST_00602,REST_0003,2025-03-28 21:28:38,Delivered,204.12,10.77,1,Wallet,Rain,Medium
ORD_004273,CUST_00281,REST_0101,2025-04-24 21:37:53,Delivered,524.25,48.66,2,UPI,Rain,High
ORD_004274,CUST_00813,REST_0071,2025-03-13 19:57:48,Delivered,994.11,143.43,5,Cash,Clear,Low
ORD_004275,CUST_00340,REST_0099,2025-02-05 20:15:52,Delivered,1646.94,286.07,5,UPI,Clear,Medium
ORD_004276,CUST_01462,REST_0008,2025-01-15 13:16:50,Delivered,758.92,120.04,3,UPI,Clear,Medium
ORD_004277,CUST_00582,REST_0177,2025-05-21 19:32:25,Delivered,538.29,82.85,5,Cash,Cloudy,Medium
ORD_004278,CUST_01365,REST_0043,2025-05-23 12:01:50,Delivered,328.95,40.56,1,UPI,Clear,Medium
ORD_004279,CUST_00341,REST_0116,2025-03-19 21:00:12,Delivered,396.66,12.31,4,UPI,Cloudy,Medium
ORD_004280,CUST_00284,REST_0186,2025-03-01 14:55:53,Delivered,192.13,43.31,2,UPI,Clear,Medium
ORD_004281,CUST_00931,REST_0007,2025-04-29 19:37:49,Delivered,1613.4,298.94,2,Credit Card,Clear,Low
ORD_004282,CUST_01171,REST_0127,2025-02-20 20:38:05,Delivered,982.28,101.83,3,UPI,Clear,Low
ORD_004283,CUST_00853,REST_0099,2025-06-29 19:38:17,Delivered,681.11,20.75,3,UPI,Heavy Rain,Severe
ORD_004284,CUST_00348,REST_0133,2025-01-27 21:30:11,Delivered,1437.85,146.32,5,UPI,Clear,Low
ORD_004285,CUST_00058,REST_0143,2025-06-19 19:15:29,Delivered,709.0,35.62,3,Wallet,Rain,High
ORD_004286,CUST_00933,REST_0027,2025-03-24 22:44:19,Delivered,378.97,75.73,1,Credit Card,Clear,Medium
ORD_004287,CUST_00199,REST_0171,2025-03-12 22:57:56,Delivered,1251.19,548.78,2,Wallet,Clear,Medium
ORD_004288,CUST_00514,REST_0191,2025-06-19 13:55:11,Delivered,499.81,33.42,3,Credit Card,Clear,Medium
ORD_004289,CUST_01019,REST_0100,2025-04-03 14:38:57,Delivered,276.91,19.53,2,Credit Card,Cloudy,Medium
ORD_004290,CUST_00150,REST_0013,2025-02-22 12:27:26,Cancelled,558.46,0.0,3,UPI,Clear,Medium
ORD_004291,CUST_00194,REST_0024,2025-03-27 21:44:00,Delivered,374.76,55.48,2,UPI,Clear,Medium
ORD_004292,CUST_00094,REST_0121,2025-04-25 22:34:05,Delivered,380.28,65.49,3,UPI,Cloudy,Low
ORD_004293,CUST_01495,REST_0196,2025-06-01 11:37:13,Delivered,611.79,45.22,4,UPI,Rain,Severe
ORD_004294,CUST_00578,REST_0122,2025-06-28 20:29:54,Failed,366.11,0.0,4,UPI,Heavy Rain,Severe
ORD_004295,CUST_01360,REST_0129,2025-01-27 22:30:52,Failed,763.16,0.0,3,UPI,Rain,Medium
ORD_004296,CUST_00443,REST_0173,2025-04-16 18:44:55,Delivered,1249.32,202.4,4,UPI,Clear,Low
ORD_004297,CUST_01133,REST_0110,2025-03-23 16:58:19,Delivered,485.64,38.88,3,Wallet,Cloudy,High
ORD_004298,CUST_00330,REST_0192,2025-04-28 18:52:36,Delivered,123.18,11.27,2,UPI,Cloudy,Low
ORD_004299,CUST_00751,REST_0196,2025-03-04 15:26:00,Delivered,641.09,81.77,3,UPI,Clear,Low
ORD_004300,CUST_01237,REST_0081,2025-04-30 10:07:29,Delivered,326.69,7.11,4,UPI,Rain,Medium
ORD_004301,CUST_01225,REST_0117,2025-03-25 09:44:00,Delivered,1784.88,188.48,6,Credit Card,Cloudy,Low
ORD_004302,CUST_01192,REST_0134,2025-05-11 14:01:56,Delivered,472.67,72.03,2,Wallet,Clear,Low
ORD_004303,CUST_01236,REST_0024,2025-06-23 20:40:04,Delivered,1124.13,149.41,4,Credit Card,Clear,Medium
ORD_004304,CUST_00319,REST_0190,2025-01-30 21:32:23,Delivered,2561.76,250.21,3,UPI,Clear,Low
ORD_004305,CUST_00726,REST_0025,2025-04-08 12:24:00,Delivered,80.0,0.65,1,UPI,Clear,Medium
ORD_004306,CUST_00730,REST_0128,2025-05-25 21:12:51,Delivered,367.02,41.28,3,UPI,Cloudy,Medium
ORD_004307,CUST_01338,REST_0129,2025-01-26 18:46:13,Delivered,1256.37,250.98,5,UPI,Clear,Medium
ORD_004308,CUST_00447,REST_0137,2025-02-20 11:11:49,Delivered,1573.05,137.39,2,Credit Card,Clear,Low
ORD_004309,CUST_01399,REST_0129,2025-02-15 08:07:58,Delivered,295.44,144.96,2,Wallet,Clear,Medium
ORD_004310,CUST_00679,REST_0151,2025-04-05 02:03:49,Delivered,219.73,13.01,2,Cash,Cloudy,Severe
ORD_004311,CUST_01011,REST_0141,2025-01-25 08:35:10,Delivered,1080.25,211.39,6,UPI,Clear,Medium
ORD_004312,CUST_00406,REST_0140,2025-02-06 19:37:35,Delivered,184.37,2.99,2,UPI,Cloudy,Medium
ORD_004313,CUST_00615,REST_0175,2025-01-27 15:08:34,Cancelled,487.56,0.0,2,UPI,Clear,Severe
ORD_004314,CUST_01068,REST_0103,2025-05-17 08:53:29,Delivered,2973.91,103.07,4,UPI,Clear,Medium
ORD_004315,CUST_00772,REST_0058,2025-01-19 01:22:19,Delivered,483.87,56.01,4,UPI,Clear,Medium
ORD_004316,CUST_01398,REST_0126,2025-04-02 22:49:00,Delivered,801.81,166.35,4,Debit Card,Clear,Medium
ORD_004317,CUST_01109,REST_0049,2025-05-30 10:23:41,Delivered,580.25,32.3,2,Debit Card,Rain,Medium
ORD_004318,CUST_00849,REST_0188,2025-05-30 21:35:51,Delivered,213.35,19.45,4,Cash,Clear,Low
ORD_004319,CUST_01332,REST_0072,2025-05-21 14:51:23,Cancelled,271.64,0.0,2,UPI,Clear,Low
ORD_004320,CUST_01005,REST_0069,2025-05-05 19:19:26,Delivered,737.17,28.63,4,UPI,Rain,High
ORD_004321,CUST_00977,REST_0163,2025-01-17 08:20:26,Delivered,1179.15,78.04,5,Wallet,Cloudy,Medium
ORD_004322,CUST_00372,REST_0068,2025-01-01 06:23:45,Delivered,1328.94,117.67,4,Credit Card,Heavy Rain,High
ORD_004323,CUST_00590,REST_0032,2025-01-02 20:34:12,Delivered,684.9,146.19,4,UPI,Cloudy,Low
ORD_004324,CUST_01029,REST_0009,2025-03-06 12:15:42,Delivered,2000.61,96.42,3,Credit Card,Clear,High
ORD_004325,CUST_01340,REST_0131,2025-01-03 12:30:04,Delivered,721.28,35.35,3,UPI,Clear,Low
ORD_004326,CUST_00475,REST_0199,2025-06-03 18:08:54,Delivered,192.95,18.42,3,Debit Card,Clear,Severe
ORD_004327,CUST_00325,REST_0004,2025-05-30 03:41:56,Delivered,945.8,135.46,4,UPI,Clear,Medium
ORD_004328,CUST_00895,REST_0119,2025-06-06 13:59:10,Delivered,684.05,74.83,2,Credit Card,Cloudy,High
ORD_004329,CUST_00103,REST_0102,2025-04-10 22:19:26,Delivered,440.17,10.03,6,UPI,Clear,Medium
ORD_004330,CUST_01076,REST_0113,2025-02-02 14:49:33,Cancelled,423.62,0.0,4,UPI,Cloudy,Low
ORD_004331,CUST_01059,REST_0135,2025-05-13 22:11:10,Delivered,206.83,39.87,2,UPI,Clear,Low
ORD_004332,CUST_00531,REST_0052,2025-02-21 19:06:57,Delivered,849.06,71.91,2,UPI,Clear,Medium
ORD_004333,CUST_01341,REST_0017,2025-04-08 12:28:05,Delivered,497.75,34.5,3,UPI,Clear,Low
ORD_004334,CUST_00757,REST_0018,2025-06-26 09:09:15,Cancelled,659.48,0.0,2,UPI,Clear,Low
ORD_004335,CUST_00974,REST_0030,2025-02-25 11:01:44,Delivered,300.23,0.74,6,UPI,Clear,Medium
ORD_004336,CUST_00316,REST_0142,2025-03-28 01:15:09,Delivered,243.61,24.55,3,UPI,Clear,Medium
ORD_004337,CUST_00626,REST_0007,2025-05-29 22:11:12,Delivered,1027.43,92.52,1,UPI,Clear,Low
ORD_004338,CUST_01296,REST_0089,2025-03-22 21:09:57,Delivered,181.26,10.37,1,UPI,Cloudy,High
ORD_004339,CUST_00321,REST_0110,2025-05-21 18:48:05,Delivered,637.87,6.64,4,UPI,Heavy Rain,Severe
ORD_004340,CUST_00583,REST_0109,2025-01-12 16:59:25,Delivered,104.35,18.57,1,UPI,Cloudy,Low
ORD_004341,CUST_00478,REST_0144,2025-03-09 09:52:18,Delivered,191.79,5.09,4,UPI,Rain,High
ORD_004342,CUST_00229,REST_0057,2025-06-24 21:05:51,Delivered,759.93,177.62,2,UPI,Clear,Medium
ORD_004343,CUST_00437,REST_0031,2025-01-05 21:51:01,Delivered,592.2,100.0,3,UPI,Cloudy,Low
ORD_004344,CUST_00352,REST_0039,2025-01-27 16:33:00,Delivered,549.65,179.56,2,Credit Card,Clear,Medium
ORD_004345,CUST_01386,REST_0074,2025-06-27 11:26:23,Delivered,339.94,27.08,2,UPI,Rain,High
ORD_004346,CUST_01115,REST_0032,2025-03-28 17:05:00,Delivered,689.13,77.56,3,UPI,Rain,High
ORD_004347,CUST_00476,REST_0039,2025-04-22 18:42:39,Delivered,542.0,3.59,2,Debit Card,Heavy Rain,High
ORD_004348,CUST_01148,REST_0082,2025-01-16 18:40:45,Delivered,692.02,104.45,5,UPI,Clear,Medium
ORD_004349,CUST_00035,REST_0060,2025-03-13 10:53:26,Delivered,1070.85,132.2,4,Debit Card,Heavy Rain,High
ORD_004350,CUST_00794,REST_0161,2025-01-20 11:19:18,Delivered,374.21,116.53,1,UPI,Clear,Low
ORD_004351,CUST_00379,REST_0125,2025-05-06 13:12:16,Delivered,752.99,46.4,4,Credit Card,Rain,Low
ORD_004352,CUST_00175,REST_0189,2025-04-07 22:27:04,Delivered,335.15,19.34,3,Credit Card,Cloudy,High
ORD_004353,CUST_01328,REST_0162,2025-06-05 21:20:12,Delivered,2476.31,301.43,4,UPI,Rain,Severe
ORD_004354,CUST_00300,REST_0098,2025-01-06 12:54:08,Delivered,1183.79,33.28,5,Debit Card,Cloudy,High
ORD_004355,CUST_01234,REST_0076,2025-01-29 19:55:29,Delivered,330.04,22.05,5,UPI,Clear,Low
ORD_004356,CUST_00619,REST_0063,2025-04-24 11:58:22,Delivered,94.08,12.89,1,UPI,Cloudy,Medium
ORD_004357,CUST_00022,REST_0044,2025-02-27 18:20:55,Delivered,202.33,11.3,2,Debit Card,Clear,High
ORD_004358,CUST_01103,REST_0061,2025-01-26 20:34:24,Delivered,248.94,29.44,2,UPI,Clear,Medium
ORD_004359,CUST_00899,REST_0197,2025-01-15 01:23:05,Delivered,280.13,79.31,2,UPI,Clear,Medium
ORD_004360,CUST_00515,REST_0123,2025-06-05 21:47:57,Delivered,165.19,13.94,1,UPI,Clear,Low
ORD_004361,CUST_00424,REST_0096,2025-05-29 12:26:20,Cancelled,316.39,0.0,2,UPI,Rain,High
ORD_004362,CUST_00113,REST_0192,2025-03-20 12:09:21,Delivered,1248.81,83.91,6,Credit Card,Clear,Low
ORD_004363,CUST_01414,REST_0095,2025-06-21 22:18:27,Delivered,1622.41,103.68,5,Debit Card,Clear,Medium
ORD_004364,CUST_00745,REST_0091,2025-02-19 21:43:00,Delivered,102.12,10.73,1,Cash,Cloudy,Low
ORD_004365,CUST_00131,REST_0141,2025-06-11 14:29:11,Delivered,395.41,5.35,2,UPI,Clear,Medium
ORD_004366,CUST_01306,REST_0075,2025-06-17 13:36:00,Delivered,1222.19,27.85,3,Debit Card,Clear,Medium
ORD_004367,CUST_00420,REST_0078,2025-05-23 08:54:44,Delivered,493.56,41.21,3,UPI,Rain,High
ORD_004368,CUST_00306,REST_0109,2025-01-04 12:43:39,Delivered,192.84,21.45,1,Credit Card,Clear,Low
ORD_004369,CUST_00423,REST_0073,2025-06-25 21:24:26,Delivered,266.33,21.3,1,Credit Card,Clear,High
ORD_004370,CUST_00850,REST_0025,2025-05-23 14:22:14,Delivered,233.07,21.76,6,UPI,Heavy Rain,Severe
ORD_004371,CUST_00114,REST_0075,2025-03-01 14:42:03,Delivered,916.21,57.18,3,UPI,Cloudy,High
ORD_004372,CUST_00726,REST_0137,2025-04-04 19:45:00,Delivered,1444.44,136.84,2,Credit Card,Rain,High
ORD_004373,CUST_01345,REST_0130,2025-05-31 12:34:53,Cancelled,525.89,0.0,3,Debit Card,Clear,High
ORD_004374,CUST_00282,REST_0009,2025-03-03 20:06:54,Delivered,3373.67,816.94,5,Debit Card,Clear,Medium
ORD_004375,CUST_00497,REST_0180,2025-06-22 11:50:49,Delivered,141.57,18.85,3,UPI,Cloudy,Medium
ORD_004376,CUST_00592,REST_0113,2025-02-08 15:28:55,Delivered,183.35,25.01,2,Credit Card,Cloudy,Low
ORD_004377,CUST_00884,REST_0109,2025-05-26 20:40:52,Delivered,256.11,31.15,2,Debit Card,Clear,Medium
ORD_004378,CUST_01380,REST_0115,2025-04-22 12:02:28,Delivered,427.36,53.86,3,Debit Card,Clear,Medium
ORD_004379,CUST_00590,REST_0111,2025-03-14 19:11:45,Delivered,3688.83,369.08,5,UPI,Heavy Rain,High
ORD_004380,CUST_00106,REST_0013,2025-04-02 16:52:48,Delivered,423.9,28.24,2,UPI,Clear,Medium
ORD_004381,CUST_00521,REST_0059,2025-02-12 13:56:01,Delivered,379.74,52.29,3,Credit Card,Cloudy,Medium
ORD_004382,CUST_00285,REST_0129,2025-03-06 22:15:41,Delivered,458.12,39.58,2,UPI,Clear,Medium
ORD_004383,CUST_00984,REST_0138,2025-01-10 13:06:00,Delivered,534.21,65.16,5,Credit Card,Clear,High
ORD_004384,CUST_00046,REST_0099,2025-06-03 12:34:12,Delivered,789.23,11.3,2,Credit Card,Rain,Medium
ORD_004385,CUST_00440,REST_0071,2025-01-27 09:49:31,Delivered,408.49,74.21,2,UPI,Cloudy,Low
ORD_004386,CUST_00819,REST_0073,2025-06-08 19:01:37,Delivered,664.16,121.37,3,Credit Card,Clear,Low
ORD_004387,CUST_00417,REST_0121,2025-01-03 19:41:42,Delivered,275.96,7.05,2,Wallet,Cloudy,Low
ORD_004388,CUST_00829,REST_0019,2025-01-21 14:47:19,Delivered,153.3,5.93,3,UPI,Cloudy,Low
ORD_004389,CUST_00176,REST_0043,2025-06-20 12:42:32,Delivered,1258.36,45.66,4,Credit Card,Cloudy,Medium
ORD_004390,CUST_01416,REST_0027,2025-01-24 12:59:31,Delivered,402.46,55.1,1,Credit Card,Rain,High
ORD_004391,CUST_00439,REST_0128,2025-05-02 20:25:24,Delivered,440.83,88.06,3,Debit Card,Clear,Medium
ORD_004392,CUST_01385,REST_0024,2025-06-27 21:21:10,Delivered,462.19,74.33,2,UPI,Clear,Low
ORD_004393,CUST_00489,REST_0013,2025-01-11 11:44:03,Delivered,1570.36,209.6,6,Credit Card,Clear,Medium
ORD_004394,CUST_01174,REST_0136,2025-04-07 15:43:57,Delivered,953.06,80.98,3,UPI,Clear,Medium
ORD_004395,CUST_00372,REST_0090,2025-06-05 11:21:39,Cancelled,1624.67,0.0,3,UPI,Clear,Medium
ORD_004396,CUST_01011,REST_0048,2025-03-03 06:06:56,Delivered,205.34,10.64,2,Wallet,Clear,Low
ORD_004397,CUST_00486,REST_0054,2025-01-20 17:06:28,Cancelled,978.66,0.0,4,Debit Card,Cloudy,Medium
ORD_004398,CUST_00767,REST_0183,2025-06-03 09:42:16,Delivered,699.33,150.66,4,UPI,Cloudy,Medium
ORD_004399,CUST_01016,REST_0100,2025-03-25 17:51:32,Failed,617.47,0.0,3,Wallet,Clear,Medium
ORD_004400,CUST_00888,REST_0050,2025-03-01 14:55:40,Delivered,891.28,28.09,4,UPI,Clear,High
ORD_004401,CUST_00868,REST_0073,2025-05-16 21:56:24,Delivered,1136.92,120.02,4,Debit Card,Cloudy,Medium
ORD_004402,CUST_00101,REST_0064,2025-04-21 22:32:40,Delivered,5000.0,658.64,5,UPI,Clear,Medium
ORD_004403,CUST_00377,REST_0162,2025-06-10 22:43:38,Delivered,2678.06,361.76,5,UPI,Clear,Medium
ORD_004404,CUST_00861,REST_0143,2025-04-15 19:43:28,Delivered,699.58,87.53,2,UPI,Clear,Medium
ORD_004405,CUST_00029,REST_0136,2025-03-05 21:49:57,Delivered,1689.04,224.68,5,Debit Card,Clear,Low
ORD_004406,CUST_00379,REST_0085,2025-01-09 20:09:59,Delivered,354.67,26.06,2,Debit Card,Clear,High
ORD_004407,CUST_00347,REST_0054,2025-06-05 12:45:38,Delivered,672.91,61.96,3,Credit Card,Clear,High
ORD_004408,CUST_00378,REST_0065,2025-03-17 16:53:05,Delivered,277.28,17.75,3,Wallet,Cloudy,High
ORD_004409,CUST_00806,REST_0018,2025-04-12 17:45:00,Delivered,905.3,47.86,3,Wallet,Clear,Medium
ORD_004410,CUST_00877,REST_0169,2025-06-19 14:09:46,Delivered,423.48,38.03,3,UPI,Cloudy,Medium
ORD_004411,CUST_01364,REST_0066,2025-05-29 19:10:20,Delivered,954.44,168.0,5,UPI,Clear,Low
ORD_004412,CUST_00576,REST_0168,2025-01-25 13:33:53,Delivered,856.8,153.1,2,Cash,Clear,Medium
ORD_004413,CUST_01391,REST_0047,2025-03-28 10:59:00,Delivered,207.55,39.3,1,Credit Card,Clear,Medium
ORD_004414,CUST_00984,REST_0181,2025-06-21 16:46:25,Delivered,158.07,45.53,5,UPI,Clear,Low
ORD_004415,CUST_01370,REST_0101,2025-03-01 16:55:59,Delivered,397.3,20.74,2,Cash,Heavy Rain,Severe
ORD_004416,CUST_01250,REST_0108,2025-06-10 13:35:12,Delivered,578.71,48.98,5,UPI,Rain,High
ORD_004417,CUST_01036,REST_0111,2025-05-22 20:36:42,Delivered,3856.99,506.57,4,UPI,Clear,Medium
ORD_004418,CUST_00532,REST_0064,2025-05-02 20:04:29,Delivered,1955.19,186.1,3,UPI,Clear,Medium
ORD_004419,CUST_00365,REST_0195,2025-04-27 14:36:55,Delivered,2211.95,386.76,6,UPI,Cloudy,Low
ORD_004420,CUST_00336,REST_0182,2025-04-05 09:19:00,Delivered,705.88,99.34,3,Credit Card,Clear,Medium
ORD_004421,CUST_01430,REST_0057,2025-06-15 13:58:10,Delivered,558.05,54.54,2,UPI,Cloudy,High
ORD_004422,CUST_01440,REST_0174,2025-04-04 21:30:00,Delivered,150.9,21.9,2,Credit Card,Clear,Medium
ORD_004423,CUST_01091,REST_0137,2025-05-19 11:37:29,Failed,903.22,0.0,1,UPI,Rain,High
ORD_004424,CUST_01328,REST_0122,2025-06-18 22:37:49,Delivered,277.4,62.95,3,Debit Card,Clear,Medium
ORD_004425,CUST_01379,REST_0148,2025-04-08 16:59:33,Delivered,1427.29,121.11,3,UPI,Cloudy,High
ORD_004426,CUST_00770,REST_0038,2025-04-10 20:16:55,Delivered,919.88,47.59,6,Cash,Rain,High
ORD_004427,CUST_00949,REST_0029,2025-03-21 21:07:28,Cancelled,1240.62,0.0,4,UPI,Cloudy,High
ORD_004428,CUST_00628,REST_0174,2025-05-14 18:54:57,Delivered,374.98,55.51,3,Debit Card,Cloudy,Medium
ORD_004429,CUST_00628,REST_0026,2025-04-21 19:24:22,Delivered,876.4,65.02,4,Debit Card,Heavy Rain,Medium
ORD_004430,CUST_00058,REST_0071,2025-05-29 08:42:45,Delivered,672.75,86.87,4,Debit Card,Cloudy,Medium
ORD_004431,CUST_00652,REST_0167,2025-01-08 19:52:54,Cancelled,301.98,0.0,4,UPI,Clear,Medium
ORD_004432,CUST_01016,REST_0077,2025-04-01 11:35:59,Delivered,234.03,42.91,3,Debit Card,Clear,Medium
ORD_004433,CUST_00633,REST_0126,2025-03-04 22:42:32,Delivered,620.06,88.23,4,UPI,Clear,Medium
ORD_004434,CUST_01311,REST_0084,2025-03-27 22:49:00,Delivered,163.07,38.24,3,UPI,Clear,Low
ORD_004435,CUST_00499,REST_0004,2025-03-29 13:00:00,Delivered,1144.59,153.84,5,Wallet,Cloudy,Medium
ORD_004436,CUST_00201,REST_0116,2025-01-10 14:28:01,Delivered,98.71,30.36,1,Wallet,Clear,Medium
ORD_004437,CUST_01218,REST_0032,2025-05-28 21:03:27,Delivered,415.42,32.21,2,UPI,Clear,Medium
ORD_004438,CUST_01016,REST_0150,2025-03-13 11:34:01,Delivered,165.09,42.5,1,Credit Card,Clear,Medium
ORD_004439,CUST_00365,REST_0053,2025-06-18 14:35:08,Delivered,267.29,1.9,1,UPI,Rain,High
ORD_004440,CUST_00807,REST_0188,2025-04-12 18:26:02,Delivered,80.0,9.35,1,UPI,Rain,High
ORD_004441,CUST_00601,REST_0133,2025-06-16 01:27:20,Delivered,1308.31,144.67,4,Credit Card,Clear,High
ORD_004442,CUST_01410,REST_0022,2025-04-02 19:17:50,Delivered,229.26,52.53,2,UPI,Clear,Low
ORD_004443,CUST_00916,REST_0066,2025-02-25 19:23:51,Delivered,377.24,118.42,3,Credit Card,Clear,Medium
ORD_004444,CUST_00241,REST_0042,2025-05-05 16:52:11,Delivered,91.47,15.74,2,Debit Card,Clear,Low
ORD_004445,CUST_00757,REST_0104,2025-03-04 11:09:02,Delivered,218.69,12.53,1,UPI,Clear,Low
ORD_004446,CUST_01296,REST_0053,2025-03-06 15:04:00,Delivered,498.67,20.33,2,UPI,Heavy Rain,High
ORD_004447,CUST_01013,REST_0098,2025-02-04 19:21:15,Delivered,1561.62,11.57,4,UPI,Cloudy,Severe
ORD_004448,CUST_01264,REST_0115,2025-03-07 14:29:06,Delivered,589.71,14.77,4,Credit Card,Rain,Medium
ORD_004449,CUST_00379,REST_0085,2025-04-05 03:48:54,Delivered,585.29,211.3,3,UPI,Cloudy,Medium
ORD_004450,CUST_01335,REST_0106,2025-03-11 12:15:00,Delivered,1218.64,89.4,7,UPI,Rain,Severe
ORD_004451,CUST_01137,REST_0106,2025-03-08 14:16:46,Delivered,965.22,112.64,4,Credit Card,Clear,Low
ORD_004452,CUST_01097,REST_0043,2025-02-22 18:03:48,Delivered,920.23,165.36,3,UPI,Cloudy,Low
ORD_004453,CUST_00519,REST_0180,2025-04-06 22:43:54,Delivered,329.57,41.54,5,Wallet,Clear,Low
ORD_004454,CUST_01334,REST_0099,2025-04-20 18:22:41,Delivered,1520.8,94.24,5,Credit Card,Rain,High
ORD_004455,CUST_00962,REST_0155,2025-06-14 20:33:37,Delivered,229.65,19.66,3,UPI,Cloudy,Medium
ORD_004456,CUST_01279,REST_0127,2025-03-16 08:55:20,Delivered,541.31,83.28,2,Debit Card,Cloudy,Medium
ORD_004457,CUST_00539,REST_0124,2025-02-12 18:02:01,Delivered,313.38,9.59,3,Credit Card,Clear,High
ORD_004458,CUST_00221,REST_0116,2025-05-13 21:39:28,Delivered,441.32,23.92,4,Cash,Rain,Low
ORD_004459,CUST_00499,REST_0183,2025-03-14 16:13:00,Delivered,300.74,23.12,2,UPI,Heavy Rain,Severe
ORD_004460,CUST_00685,REST_0068,2025-02-01 13:09:42,Delivered,996.06,40.72,4,Credit Card,Rain,Medium
ORD_004461,CUST_00803,REST_0127,2025-04-29 22:45:54,Delivered,1124.6,126.35,4,UPI,Clear,Medium
ORD_004462,CUST_00769,REST_0074,2025-03-08 16:33:17,Delivered,1558.8,94.76,3,UPI,Clear,Medium
ORD_004463,CUST_00821,REST_0197,2025-04-07 21:05:12,Delivered,751.26,12.74,6,UPI,Clear,High
ORD_004464,CUST_01263,REST_0002,2025-01-21 21:55:20,Delivered,2584.25,318.2,3,UPI,Clear,Low
ORD_004465,CUST_00257,REST_0054,2025-06-05 19:07:12,Delivered,812.36,55.1,3,Credit Card,Clear,High
ORD_004466,CUST_00475,REST_0023,2025-04-08 22:21:00,Delivered,579.08,54.47,4,Credit Card,Clear,High
ORD_004467,CUST_01335,REST_0096,2025-03-18 20:59:04,Delivered,1095.05,281.4,4,UPI,Clear,High
ORD_004468,CUST_00844,REST_0109,2025-05-28 20:57:36,Delivered,774.52,18.41,5,Credit Card,Clear,Medium
ORD_004469,CUST_00879,REST_0164,2025-01-10 22:33:29,Delivered,339.24,33.4,2,Cash,Heavy Rain,Medium
ORD_004470,CUST_00720,REST_0152,2025-06-14 12:31:20,Delivered,442.89,63.47,4,Credit Card,Clear,Medium
ORD_004471,CUST_00826,REST_0117,2025-02-27 13:08:40,Delivered,886.08,36.85,3,UPI,Clear,High
ORD_004472,CUST_00298,REST_0048,2025-06-01 04:07:49,Delivered,354.28,45.14,3,Debit Card,Cloudy,Medium
ORD_004473,CUST_00822,REST_0100,2025-04-15 20:58:34,Delivered,325.52,8.89,2,UPI,Rain,High
ORD_004474,CUST_01496,REST_0115,2025-02-07 21:18:31,Delivered,864.13,110.5,4,Cash,Clear,Medium
ORD_004475,CUST_00852,REST_0168,2025-04-11 18:50:27,Delivered,679.78,35.78,2,UPI,Rain,High
ORD_004476,CUST_00068,REST_0079,2025-04-09 21:53:22,Delivered,1314.1,22.62,4,UPI,Clear,Medium
ORD_004477,CUST_01196,REST_0025,2025-01-23 12:16:34,Delivered,153.78,28.42,2,UPI,Rain,High
ORD_004478,CUST_00593,REST_0190,2025-04-09 13:35:28,Failed,1597.17,0.0,2,Debit Card,Rain,Medium
ORD_004479,CUST_00233,REST_0004,2025-06-26 18:30:33,Delivered,933.22,90.4,3,UPI,Cloudy,Medium
ORD_004480,CUST_01296,REST_0166,2025-03-17 20:53:24,Delivered,640.28,70.35,7,Wallet,Cloudy,Low
ORD_004481,CUST_00298,REST_0037,2025-06-07 21:22:08,Delivered,839.22,86.04,4,UPI,Cloudy,High
ORD_004482,CUST_01382,REST_0012,2025-05-09 18:22:17,Delivered,1563.91,56.67,3,Debit Card,Clear,Medium
ORD_004483,CUST_00664,REST_0092,2025-03-26 08:50:00,Delivered,494.71,22.99,2,Debit Card,Clear,Medium
ORD_004484,CUST_01118,REST_0138,2025-03-06 11:29:04,Delivered,368.44,47.04,3,UPI,Clear,High
ORD_004485,CUST_00822,REST_0005,2025-06-27 19:59:12,Cancelled,192.47,0.0,4,Debit Card,Clear,Low
ORD_004486,CUST_00388,REST_0051,2025-06-04 14:44:51,Delivered,205.44,47.36,2,UPI,Rain,High
ORD_004487,CUST_01013,REST_0082,2025-03-03 18:26:12,Delivered,1016.54,147.6,4,Debit Card,Cloudy,Medium
ORD_004488,CUST_01439,REST_0018,2025-03-01 18:14:30,Delivered,545.62,107.27,2,UPI,Clear,Low
ORD_004489,CUST_01156,REST_0076,2025-01-07 13:50:34,Delivered,318.39,71.57,5,Credit Card,Clear,Medium
ORD_004490,CUST_00911,REST_0073,2025-02-16 14:51:00,Delivered,510.13,39.34,2,UPI,Cloudy,Severe
ORD_004491,CUST_01486,REST_0142,2025-06-16 22:32:11,Delivered,360.36,8.09,5,Debit Card,Cloudy,Severe
ORD_004492,CUST_00400,REST_0170,2025-05-06 19:21:17,Failed,1030.88,0.0,4,Credit Card,Clear,High
ORD_004493,CUST_00095,REST_0134,2025-06-23 21:36:06,Delivered,250.2,39.22,1,UPI,Cloudy,Medium
ORD_004494,CUST_00050,REST_0008,2025-03-09 15:21:59,Delivered,183.54,48.26,1,Wallet,Clear,Medium
ORD_004495,CUST_01070,REST_0008,2025-02-17 20:19:30,Delivered,1176.63,41.66,5,Debit Card,Clear,Low
ORD_004496,CUST_01245,REST_0168,2025-02-21 12:12:51,Delivered,996.76,141.01,4,UPI,Clear,Low
ORD_004497,CUST_00958,REST_0001,2025-03-25 16:41:37,Delivered,342.27,16.79,4,Wallet,Cloudy,Medium
ORD_004498,CUST_01359,REST_0113,2025-05-30 10:47:48,Delivered,248.8,7.79,3,UPI,Cloudy,Low
ORD_004499,CUST_01051,REST_0129,2025-04-30 19:40:29,Delivered,492.81,121.12,2,Wallet,Clear,High
ORD_004500,CUST_00554,REST_0074,2025-02-16 20:07:56,Delivered,2406.33,226.63,7,Cash,Clear,Medium
ORD_004501,CUST_00272,REST_0049,2025-03-03 14:03:50,Cancelled,802.17,0.0,3,Credit Card,Clear,Medium
ORD_004502,CUST_01388,REST_0067,2025-03-13 08:21:24,Delivered,499.84,4.45,6,Cash,Cloudy,Low
ORD_004503,CUST_00158,REST_0159,2025-06-17 11:15:47,Delivered,323.66,47.04,3,UPI,Clear,Medium
ORD_004504,CUST_00816,REST_0089,2025-06-25 13:14:16,Delivered,453.13,84.44,3,Wallet,Clear,Low
ORD_004505,CUST_00472,REST_0127,2025-02-04 13:38:17,Delivered,1293.39,51.08,4,UPI,Clear,High
ORD_004506,CUST_00409,REST_0183,2025-06-07 17:46:06,Delivered,877.91,327.35,4,Wallet,Clear,Low
ORD_004507,CUST_00974,REST_0002,2025-03-15 19:22:33,Delivered,3387.58,291.39,4,UPI,Heavy Rain,High
ORD_004508,CUST_00350,REST_0061,2025-02-07 11:02:00,Delivered,301.41,15.98,3,UPI,Clear,Medium
ORD_004509,CUST_01375,REST_0125,2025-01-31 17:01:28,Delivered,1420.52,50.02,5,Cash,Rain,Severe
ORD_004510,CUST_00609,REST_0076,2025-06-27 23:32:47,Delivered,94.97,11.17,3,Cash,Rain,Severe
ORD_004511,CUST_01021,REST_0055,2025-06-21 19:41:19,Delivered,160.41,2.87,1,Cash,Cloudy,High
ORD_004512,CUST_01095,REST_0187,2025-02-04 19:54:46,Delivered,138.45,4.91,2,Credit Card,Heavy Rain,High
ORD_004513,CUST_01029,REST_0025,2025-04-20 16:38:26,Delivered,117.92,5.83,3,UPI,Cloudy,Medium
ORD_004514,CUST_01357,REST_0022,2025-06-12 18:32:24,Cancelled,283.86,0.0,4,UPI,Clear,Low
ORD_004515,CUST_00350,REST_0144,2025-06-13 21:45:08,Cancelled,299.36,0.0,7,Credit Card,Cloudy,Medium
ORD_004516,CUST_00131,REST_0194,2025-04-09 22:48:46,Delivered,184.34,51.22,4,UPI,Cloudy,Medium
ORD_004517,CUST_00085,REST_0047,2025-06-21 20:09:04,Delivered,612.82,75.01,4,UPI,Cloudy,High
ORD_004518,CUST_01319,REST_0026,2025-01-31 19:31:48,Delivered,494.84,51.64,2,Credit Card,Clear,Medium
ORD_004519,CUST_01460,REST_0082,2025-04-23 19:56:40,Delivered,594.24,70.91,4,Credit Card,Clear,High
ORD_004520,CUST_00455,REST_0134,2025-04-18 22:51:47,Delivered,415.55,31.98,2,Wallet,Rain,Medium
ORD_004521,CUST_01045,REST_0005,2025-03-28 22:54:37,Delivered,154.91,4.36,2,Wallet,Rain,High
ORD_004522,CUST_00013,REST_0012,2025-05-10 13:17:53,Delivered,3822.24,317.21,7,UPI,Rain,Severe
ORD_004523,CUST_00282,REST_0035,2025-02-22 13:09:41,Delivered,446.21,36.34,4,Wallet,Clear,Medium
ORD_004524,CUST_01039,REST_0096,2025-04-16 18:15:22,Cancelled,228.64,0.0,1,Debit Card,Clear,High
ORD_004525,CUST_00101,REST_0145,2025-04-04 11:59:35,Delivered,80.0,5.37,1,UPI,Heavy Rain,Medium
ORD_004526,CUST_00706,REST_0050,2025-05-24 21:56:25,Delivered,1032.71,22.82,3,UPI,Rain,Medium
ORD_004527,CUST_01000,REST_0125,2025-03-27 15:00:04,Delivered,532.54,64.65,2,Credit Card,Cloudy,Medium
ORD_004528,CUST_01151,REST_0193,2025-06-20 22:41:35,Delivered,99.01,12.22,2,UPI,Clear,High
ORD_004529,CUST_00683,REST_0101,2025-03-07 09:26:25,Delivered,604.11,45.36,4,UPI,Clear,Medium
ORD_004530,CUST_00950,REST_0082,2025-05-21 10:37:41,Delivered,312.65,43.53,2,Debit Card,Cloudy,Low
ORD_004531,CUST_00811,REST_0114,2025-01-06 09:27:24,Delivered,457.3,16.2,2,Debit Card,Clear,Low
ORD_004532,CUST_00081,REST_0028,2025-01-05 18:46:43,Delivered,667.63,148.71,3,UPI,Rain,Low
ORD_004533,CUST_01118,REST_0064,2025-02-14 12:01:48,Delivered,3055.57,70.76,3,Debit Card,Clear,Medium
ORD_004534,CUST_00259,REST_0054,2025-03-31 14:27:05,Delivered,426.41,5.84,2,UPI,Clear,Low
ORD_004535,CUST_00050,REST_0121,2025-01-04 10:46:17,Delivered,306.6,44.71,3,UPI,Clear,Medium
ORD_004536,CUST_00679,REST_0176,2025-04-18 20:51:48,Delivered,1403.82,243.65,4,Wallet,Cloudy,Medium
ORD_004537,CUST_01301,REST_0056,2025-06-07 18:11:16,Delivered,504.49,35.09,7,UPI,Clear,High
ORD_004538,CUST_00229,REST_0044,2025-04-02 20:40:00,Delivered,316.63,66.79,3,UPI,Clear,Low
ORD_004539,CUST_00020,REST_0058,2025-01-14 21:48:57,Delivered,207.49,46.77,2,Debit Card,Clear,Medium
ORD_004540,CUST_00169,REST_0170,2025-02-18 11:02:20,Delivered,829.43,131.75,5,UPI,Clear,Medium
ORD_004541,CUST_00543,REST_0191,2025-02-20 22:25:05,Delivered,83.17,16.94,1,UPI,Clear,Medium
ORD_004542,CUST_00874,REST_0109,2025-04-22 22:49:00,Delivered,512.71,57.41,3,UPI,Clear,Low
ORD_004543,CUST_00290,REST_0067,2025-02-26 22:47:23,Delivered,325.29,39.93,3,UPI,Clear,Low
ORD_004544,CUST_01203,REST_0030,2025-06-07 21:42:07,Delivered,80.0,4.56,1,UPI,Rain,Medium
ORD_004545,CUST_01133,REST_0165,2025-03-11 11:44:06,Delivered,116.15,13.78,2,UPI,Rain,Low
ORD_004546,CUST_01049,REST_0120,2025-04-16 22:44:36,Delivered,304.76,56.81,3,Wallet,Cloudy,Medium
ORD_004547,CUST_00735,REST_0109,2025-05-29 18:43:53,Delivered,666.06,27.14,4,Credit Card,Rain,Severe
ORD_004548,CUST_00545,REST_0183,2025-06-07 19:07:04,Delivered,818.47,49.33,4,UPI,Clear,Medium
ORD_004549,CUST_00561,REST_0172,2025-01-08 20:14:37,Delivered,666.59,77.89,1,UPI,Clear,Medium
ORD_004550,CUST_00758,REST_0057,2025-02-25 18:02:40,Delivered,293.25,72.74,1,UPI,Clear,Low
ORD_004551,CUST_00118,REST_0161,2025-05-18 12:50:23,Delivered,1581.74,67.18,6,UPI,Rain,High
ORD_004552,CUST_01028,REST_0113,2025-06-03 13:59:07,Delivered,378.33,20.11,4,UPI,Clear,Medium
ORD_004553,CUST_00526,REST_0137,2025-06-16 20:35:42,Delivered,2893.43,113.95,3,UPI,Cloudy,Medium
ORD_004554,CUST_00339,REST_0012,2025-06-03 14:09:32,Delivered,3305.33,1000.0,6,UPI,Cloudy,Medium
ORD_004555,CUST_00419,REST_0114,2025-04-10 13:37:49,Delivered,1023.93,62.17,6,UPI,Clear,Medium
ORD_004556,CUST_00271,REST_0168,2025-01-25 19:00:35,Delivered,614.39,117.33,3,Credit Card,Rain,Severe
ORD_004557,CUST_01354,REST_0167,2025-06-27 18:17:49,Delivered,80.0,0.77,1,UPI,Cloudy,Low
ORD_004558,CUST_00255,REST_0100,2025-06-27 11:28:04,Delivered,806.86,238.51,4,UPI,Clear,Medium
ORD_004559,CUST_01327,REST_0141,2025-01-11 22:33:16,Delivered,389.16,62.86,3,UPI,Cloudy,Medium
ORD_004560,CUST_00862,REST_0151,2025-02-02 22:56:30,Delivered,210.25,26.44,4,UPI,Rain,High
ORD_004561,CUST_01304,REST_0150,2025-01-18 20:04:29,Delivered,226.78,22.82,2,Cash,Rain,Low
ORD_004562,CUST_00715,REST_0127,2025-02-14 09:37:44,Delivered,628.21,10.31,3,Debit Card,Rain,Medium
ORD_004563,CUST_01392,REST_0014,2025-04-06 22:35:08,Delivered,202.45,55.78,2,Debit Card,Clear,Medium
ORD_004564,CUST_00319,REST_0108,2025-01-23 22:55:55,Delivered,556.59,32.77,7,Credit Card,Clear,Low
ORD_004565,CUST_00835,REST_0025,2025-06-17 12:57:30,Delivered,242.31,10.32,5,UPI,Clear,Low
ORD_004566,CUST_00192,REST_0001,2025-01-11 02:42:02,Cancelled,302.25,0.0,3,Credit Card,Clear,Medium
ORD_004567,CUST_00673,REST_0110,2025-01-14 13:18:59,Delivered,392.44,35.44,3,Wallet,Cloudy,Medium
ORD_004568,CUST_00858,REST_0013,2025-03-01 19:31:25,Delivered,216.37,7.8,2,Debit Card,Clear,Low
ORD_004569,CUST_00914,REST_0127,2025-03-06 21:44:13,Delivered,844.23,84.05,3,Wallet,Clear,Medium
ORD_004570,CUST_00546,REST_0028,2025-06-02 13:45:33,Delivered,287.41,29.22,2,Wallet,Heavy Rain,High
ORD_004571,CUST_00117,REST_0084,2025-01-12 18:32:52,Delivered,476.43,62.16,8,Debit Card,Clear,Low
ORD_004572,CUST_00990,REST_0044,2025-06-20 11:16:34,Delivered,316.06,34.29,3,UPI,Rain,Low
ORD_004573,CUST_00736,REST_0076,2025-02-16 14:12:57,Delivered,80.0,1.63,1,UPI,Clear,Medium
ORD_004574,CUST_00208,REST_0127,2025-05-08 11:00:58,Delivered,1070.66,228.21,6,Credit Card,Clear,Low
ORD_004575,CUST_01406,REST_0012,2025-04-08 11:36:24,Delivered,2278.83,171.03,5,UPI,Clear,Low
ORD_004576,CUST_01435,REST_0044,2025-01-10 18:39:44,Delivered,388.77,26.22,3,UPI,Clear,Medium
ORD_004577,CUST_01287,REST_0077,2025-06-27 22:39:04,Delivered,274.39,13.31,4,Debit Card,Clear,Low
ORD_004578,CUST_01267,REST_0180,2025-06-06 07:04:59,Delivered,260.1,73.82,5,UPI,Clear,Low
ORD_004579,CUST_00151,REST_0115,2025-03-06 22:18:35,Delivered,1178.51,104.94,5,UPI,Cloudy,High
ORD_004580,CUST_01490,REST_0032,2025-05-09 13:35:31,Cancelled,919.56,0.0,3,Credit Card,Clear,Medium
ORD_004581,CUST_00599,REST_0078,2025-03-05 09:45:08,Delivered,905.75,24.91,4,UPI,Clear,Low
ORD_004582,CUST_00247,REST_0134,2025-05-19 20:03:40,Cancelled,395.35,0.0,2,Debit Card,Clear,Low
ORD_004583,CUST_01219,REST_0085,2025-02-16 17:25:00,Delivered,798.31,100.22,4,Credit Card,Clear,Medium
ORD_004584,CUST_00341,REST_0073,2025-04-19 20:09:26,Delivered,292.58,32.36,1,Credit Card,Rain,Severe
ORD_004585,CUST_00793,REST_0194,2025-04-27 20:10:13,Delivered,80.0,12.99,1,UPI,Rain,Medium
ORD_004586,CUST_00195,REST_0043,2025-04-06 17:28:37,Delivered,936.54,54.6,3,UPI,Clear,High
ORD_004587,CUST_00716,REST_0131,2025-04-08 10:18:38,Delivered,1383.3,222.61,5,UPI,Rain,High
ORD_004588,CUST_00840,REST_0144,2025-04-02 21:36:43,Delivered,321.3,36.9,6,UPI,Clear,Low
ORD_004589,CUST_00672,REST_0147,2025-06-04 05:11:02,Delivered,142.92,16.38,1,Wallet,Cloudy,Low
ORD_004590,CUST_00107,REST_0076,2025-05-02 19:46:10,Delivered,212.89,11.4,5,UPI,Cloudy,High
ORD_004591,CUST_00731,REST_0023,2025-06-11 15:17:45,Delivered,407.34,120.81,5,UPI,Clear,High
ORD_004592,CUST_00707,REST_0056,2025-06-11 12:07:41,Delivered,82.06,21.16,1,UPI,Clear,Medium
ORD_004593,CUST_00395,REST_0110,2025-05-07 19:19:42,Cancelled,403.57,0.0,2,Cash,Cloudy,Severe
ORD_004594,CUST_01383,REST_0083,2025-03-23 01:04:06,Delivered,1808.31,28.2,2,Debit Card,Cloudy,High
ORD_004595,CUST_00627,REST_0036,2025-05-30 20:12:51,Delivered,880.64,331.74,2,Debit Card,Cloudy,Low
ORD_004596,CUST_01299,REST_0129,2025-05-04 18:13:38,Delivered,511.46,33.04,2,Wallet,Cloudy,Medium
ORD_004597,CUST_00168,REST_0019,2025-04-18 22:32:54,Delivered,90.87,9.93,2,UPI,Rain,Medium
ORD_004598,CUST_00479,REST_0067,2025-05-14 10:12:04,Delivered,527.62,35.5,5,Debit Card,Rain,Severe
ORD_004599,CUST_00265,REST_0154,2025-06-01 14:45:55,Delivered,789.77,58.94,1,UPI,Clear,Low
ORD_004600,CUST_00612,REST_0051,2025-04-06 09:34:43,Delivered,253.78,26.1,2,Credit Card,Clear,Medium
ORD_004601,CUST_00171,REST_0035,2025-01-27 15:40:00,Delivered,524.18,85.26,3,UPI,Cloudy,Medium
ORD_004602,CUST_00663,REST_0012,2025-05-18 11:00:11,Delivered,1809.24,772.05,4,Debit Card,Clear,Low
ORD_004603,CUST_00530,REST_0180,2025-03-24 20:06:00,Delivered,80.0,5.12,1,Wallet,Clear,High
ORD_004604,CUST_00337,REST_0071,2025-05-30 18:12:02,Delivered,949.39,256.96,4,Credit Card,Clear,Medium
ORD_004605,CUST_00969,REST_0131,2025-03-04 14:37:03,Delivered,906.64,39.05,4,Credit Card,Rain,Severe
ORD_004606,CUST_01428,REST_0116,2025-02-01 19:43:53,Delivered,513.59,63.64,5,UPI,Clear,Medium
ORD_004607,CUST_00312,REST_0022,2025-03-23 12:54:22,Cancelled,362.15,0.0,4,UPI,Clear,High
ORD_004608,CUST_01072,REST_0055,2025-03-23 18:00:16,Delivered,646.33,16.08,4,UPI,Cloudy,High
ORD_004609,CUST_01117,REST_0035,2025-02-11 13:56:56,Delivered,378.93,52.8,3,Debit Card,Clear,Medium
ORD_004610,CUST_00751,REST_0075,2025-05-19 10:27:38,Delivered,2086.54,60.28,6,UPI,Rain,Medium
ORD_004611,CUST_01349,REST_0172,2025-04-10 18:40:57,Delivered,3710.04,47.69,3,Wallet,Rain,Severe
ORD_004612,CUST_01450,REST_0151,2025-04-27 13:03:47,Delivered,164.55,6.64,2,UPI,Clear,High
ORD_004613,CUST_00541,REST_0061,2025-03-24 12:42:24,Delivered,671.7,99.02,6,UPI,Clear,Low
ORD_004614,CUST_00983,REST_0138,2025-02-10 18:10:45,Delivered,301.85,49.1,2,Debit Card,Clear,Medium
ORD_004615,CUST_01000,REST_0125,2025-02-09 22:41:54,Delivered,1377.23,204.55,6,UPI,Clear,Low
ORD_004616,CUST_00604,REST_0182,2025-05-29 19:01:10,Delivered,885.0,146.73,4,Debit Card,Clear,Low
ORD_004617,CUST_00476,REST_0060,2025-01-24 21:20:24,Cancelled,838.94,0.0,3,UPI,Clear,Low
ORD_004618,CUST_01402,REST_0007,2025-05-12 11:42:46,Delivered,4123.22,289.34,7,UPI,Rain,Low
ORD_004619,CUST_01186,REST_0020,2025-01-23 18:20:01,Cancelled,147.81,0.0,2,Cash,Rain,Medium
ORD_004620,CUST_00176,REST_0063,2025-06-28 21:57:25,Delivered,194.64,27.25,3,UPI,Cloudy,High
ORD_004621,CUST_00184,REST_0030,2025-02-28 13:01:34,Failed,173.77,0.0,2,Credit Card,Clear,Medium
ORD_004622,CUST_01385,REST_0063,2025-04-04 19:19:57,Delivered,246.79,18.04,3,Wallet,Clear,High
ORD_004623,CUST_00124,REST_0109,2025-03-18 21:57:15,Delivered,105.35,14.91,1,Credit Card,Cloudy,Low
ORD_004624,CUST_01037,REST_0150,2025-06-08 21:37:44,Delivered,397.54,97.39,3,UPI,Clear,Medium
ORD_004625,CUST_00343,REST_0135,2025-05-08 12:55:01,Delivered,183.53,37.94,2,UPI,Cloudy,Medium
ORD_004626,CUST_00054,REST_0029,2025-04-23 12:31:14,Delivered,236.1,19.02,1,UPI,Clear,Low
ORD_004627,CUST_00091,REST_0154,2025-04-14 21:39:07,Delivered,1127.11,61.78,2,UPI,Cloudy,Low
ORD_004628,CUST_00557,REST_0024,2025-04-24 11:54:37,Delivered,972.83,71.15,4,Credit Card,Clear,Low
ORD_004629,CUST_00119,REST_0046,2025-04-19 21:34:00,Delivered,351.8,97.74,3,UPI,Cloudy,Low
ORD_004630,CUST_00900,REST_0038,2025-01-16 14:23:47,Delivered,484.77,66.48,3,UPI,Cloudy,Low
ORD_004631,CUST_00977,REST_0163,2025-01-14 21:17:19,Delivered,1159.82,35.2,5,UPI,Clear,Low
ORD_004632,CUST_00557,REST_0188,2025-06-18 22:23:25,Delivered,106.33,2.75,2,UPI,Clear,Severe
ORD_004633,CUST_01118,REST_0175,2025-01-29 04:10:40,Delivered,916.66,116.43,3,UPI,Cloudy,Medium
ORD_004634,CUST_00738,REST_0172,2025-06-26 09:51:02,Delivered,938.96,103.21,1,Debit Card,Clear,Medium
ORD_004635,CUST_00647,REST_0138,2025-03-26 21:07:30,Delivered,239.93,23.05,2,Credit Card,Heavy Rain,High
ORD_004636,CUST_00610,REST_0182,2025-05-03 18:16:37,Delivered,827.46,292.61,3,UPI,Clear,Medium
ORD_004637,CUST_00648,REST_0144,2025-01-13 20:26:56,Delivered,128.61,28.74,2,Credit Card,Clear,Medium
ORD_004638,CUST_01453,REST_0015,2025-02-14 22:03:36,Delivered,450.06,35.14,3,UPI,Cloudy,High
ORD_004639,CUST_01027,REST_0015,2025-01-21 20:17:55,Delivered,226.07,45.17,2,UPI,Cloudy,Low
ORD_004640,CUST_00474,REST_0138,2025-03-16 20:21:00,Delivered,369.68,83.68,3,UPI,Clear,Low
ORD_004641,CUST_01104,REST_0045,2025-05-25 18:28:19,Delivered,403.64,129.08,4,Debit Card,Cloudy,Low
ORD_004642,CUST_00496,REST_0056,2025-01-30 12:04:53,Delivered,319.37,34.62,4,UPI,Clear,Medium
ORD_004643,CUST_00192,REST_0143,2025-01-06 19:50:09,Delivered,649.49,116.91,2,Wallet,Cloudy,Medium
ORD_004644,CUST_00716,REST_0161,2025-03-11 18:20:43,Delivered,567.51,26.51,1,UPI,Clear,High
ORD_004645,CUST_01129,REST_0055,2025-02-25 00:57:09,Delivered,151.8,30.72,1,UPI,Clear,Medium
ORD_004646,CUST_00564,REST_0164,2025-01-19 19:08:45,Delivered,701.71,57.51,4,Credit Card,Rain,High
ORD_004647,CUST_01306,REST_0002,2025-02-25 19:02:48,Delivered,1490.19,378.88,2,Credit Card,Rain,High
ORD_004648,CUST_00578,REST_0122,2025-03-24 12:45:59,Delivered,454.11,29.05,4,Credit Card,Clear,Medium
ORD_004649,CUST_00523,REST_0050,2025-05-14 16:49:43,Delivered,1124.5,46.22,4,Debit Card,Clear,High
ORD_004650,CUST_01498,REST_0100,2025-05-23 21:20:43,Delivered,723.68,56.01,3,Credit Card,Cloudy,High
ORD_004651,CUST_00727,REST_0019,2025-02-20 05:19:41,Delivered,171.84,32.59,3,UPI,Rain,High
ORD_004652,CUST_01208,REST_0111,2025-01-02 20:46:27,Delivered,1592.91,592.69,3,UPI,Clear,Medium
ORD_004653,CUST_01208,REST_0055,2025-05-12 23:24:47,Delivered,718.27,26.64,6,Debit Card,Rain,Medium
ORD_004654,CUST_01390,REST_0126,2025-01-09 05:48:25,Delivered,619.45,42.64,5,UPI,Clear,Low
ORD_004655,CUST_00129,REST_0003,2025-04-03 18:26:00,Delivered,395.98,63.31,5,UPI,Clear,Medium
ORD_004656,CUST_00409,REST_0127,2025-01-24 15:13:00,Delivered,232.53,7.68,1,Debit Card,Rain,High
ORD_004657,CUST_01153,REST_0051,2025-06-13 13:25:05,Delivered,155.97,17.38,2,Cash,Cloudy,Low
ORD_004658,CUST_00847,REST_0108,2025-01-26 15:57:00,Delivered,472.46,59.51,5,Wallet,Cloudy,Medium
ORD_004659,CUST_00842,REST_0191,2025-02-18 09:04:00,Delivered,440.85,35.15,4,UPI,Cloudy,High
ORD_004660,CUST_00251,REST_0151,2025-01-03 11:01:59,Delivered,187.94,7.35,3,Cash,Clear,Low
ORD_004661,CUST_00423,REST_0055,2025-03-29 13:23:00,Failed,258.21,0.0,2,UPI,Rain,High
ORD_004662,CUST_00786,REST_0072,2025-05-02 07:37:40,Delivered,1324.16,180.09,5,UPI,Clear,High
ORD_004663,CUST_00417,REST_0090,2025-02-11 13:39:03,Delivered,476.87,52.35,1,UPI,Clear,Medium
ORD_004664,CUST_00317,REST_0026,2025-04-09 22:40:42,Cancelled,816.5,0.0,4,Credit Card,Cloudy,Low
ORD_004665,CUST_00134,REST_0078,2025-05-27 22:57:29,Delivered,162.37,22.57,1,UPI,Clear,Medium
ORD_004666,CUST_00237,REST_0062,2025-04-26 19:01:50,Delivered,432.52,33.72,1,Wallet,Rain,High
ORD_004667,CUST_01155,REST_0030,2025-05-08 18:36:54,Delivered,172.72,8.34,2,UPI,Cloudy,Low
ORD_004668,CUST_01083,REST_0175,2025-03-15 18:13:53,Delivered,799.32,128.21,4,UPI,Cloudy,Medium
ORD_004669,CUST_00070,REST_0104,2025-05-04 09:15:19,Delivered,1148.68,206.12,7,UPI,Clear,Medium
ORD_004670,CUST_00306,REST_0117,2025-04-12 21:44:56,Delivered,928.99,104.69,3,Credit Card,Cloudy,High
ORD_004671,CUST_00844,REST_0111,2025-05-16 13:12:17,Delivered,1256.34,170.62,1,Credit Card,Clear,High
ORD_004672,CUST_00485,REST_0127,2025-02-19 19:35:49,Delivered,858.52,80.06,3,UPI,Cloudy,Low
ORD_004673,CUST_01236,REST_0124,2025-03-22 22:12:10,Cancelled,80.0,0.0,1,Wallet,Clear,Medium
ORD_004674,CUST_01179,REST_0031,2025-06-19 04:58:52,Delivered,593.82,60.39,3,UPI,Clear,Medium
ORD_004675,CUST_01339,REST_0082,2025-06-28 13:16:08,Delivered,382.04,33.53,4,UPI,Cloudy,High
ORD_004676,CUST_00847,REST_0192,2025-01-03 20:17:58,Delivered,436.44,122.07,3,UPI,Clear,Medium
ORD_004677,CUST_00527,REST_0144,2025-01-30 12:33:58,Delivered,116.23,29.67,3,Cash,Clear,Medium
ORD_004678,CUST_00914,REST_0102,2025-02-12 12:24:29,Delivered,95.22,10.98,2,UPI,Clear,Medium
ORD_004679,CUST_00136,REST_0194,2025-03-12 20:28:50,Delivered,238.8,16.65,4,Wallet,Clear,Medium
ORD_004680,CUST_00014,REST_0152,2025-02-12 18:08:00,Delivered,305.74,57.25,4,Wallet,Clear,Low
ORD_004681,CUST_00027,REST_0138,2025-02-11 12:56:06,Delivered,276.46,55.21,3,UPI,Clear,Low
ORD_004682,CUST_00611,REST_0003,2025-01-18 18:40:39,Delivered,170.26,11.58,1,Credit Card,Clear,Low
ORD_004683,CUST_00345,REST_0164,2025-03-14 21:09:00,Delivered,395.25,31.31,3,UPI,Rain,High
ORD_004684,CUST_00239,REST_0005,2025-06-01 17:33:21,Delivered,263.34,79.42,5,UPI,Clear,Low
ORD_004685,CUST_00928,REST_0044,2025-04-19 20:07:00,Delivered,339.57,53.46,4,Credit Card,Clear,Medium
ORD_004686,CUST_01493,REST_0042,2025-02-11 18:09:08,Delivered,85.59,2.48,2,UPI,Clear,Low
ORD_004687,CUST_00267,REST_0058,2025-04-29 21:46:49,Delivered,317.27,20.92,2,UPI,Clear,Low
ORD_004688,CUST_00821,REST_0138,2025-05-02 11:30:30,Delivered,483.64,42.55,3,UPI,Rain,Low
ORD_004689,CUST_00183,REST_0106,2025-04-08 21:40:50,Delivered,163.86,5.35,1,UPI,Cloudy,High
ORD_004690,CUST_01403,REST_0143,2025-06-23 12:19:42,Delivered,1792.21,313.1,7,Wallet,Clear,Medium
ORD_004691,CUST_00440,REST_0001,2025-03-27 02:20:08,Delivered,171.82,43.11,3,UPI,Clear,Low
ORD_004692,CUST_01320,REST_0101,2025-04-03 20:39:23,Delivered,645.95,39.05,3,UPI,Clear,Medium
ORD_004693,CUST_00427,REST_0152,2025-06-04 22:43:28,Delivered,125.21,4.43,2,UPI,Clear,High
ORD_004694,CUST_01210,REST_0096,2025-03-24 12:33:55,Delivered,1235.53,55.41,4,UPI,Clear,Low
ORD_004695,CUST_00315,REST_0170,2025-03-01 20:45:50,Delivered,1565.83,501.03,6,Credit Card,Clear,Medium
ORD_004696,CUST_00442,REST_0061,2025-05-12 19:30:08,Delivered,216.58,26.35,2,UPI,Clear,Medium
ORD_004697,CUST_00289,REST_0077,2025-03-31 22:47:25,Delivered,251.07,6.65,4,UPI,Clear,High
ORD_004698,CUST_00399,REST_0175,2025-01-01 10:08:30,Delivered,1242.56,281.29,5,UPI,Clear,Low
ORD_004699,CUST_01252,REST_0032,2025-03-29 22:48:59,Delivered,206.56,15.89,1,Cash,Cloudy,Medium
ORD_004700,CUST_00964,REST_0191,2025-03-27 18:38:22,Delivered,192.62,22.03,2,Debit Card,Cloudy,Low
ORD_004701,CUST_00608,REST_0101,2025-04-29 18:26:57,Cancelled,220.45,0.0,1,UPI,Heavy Rain,Medium
ORD_004702,CUST_01457,REST_0157,2025-03-22 21:33:09,Delivered,654.01,44.02,4,UPI,Clear,Medium
ORD_004703,CUST_00700,REST_0155,2025-05-03 14:46:24,Delivered,314.75,55.05,3,UPI,Cloudy,Medium
ORD_004704,CUST_01455,REST_0091,2025-01-03 19:27:08,Delivered,87.52,30.06,1,UPI,Cloudy,Medium
ORD_004705,CUST_00296,REST_0013,2025-01-11 14:59:15,Delivered,121.64,12.03,1,UPI,Cloudy,High
ORD_004706,CUST_01358,REST_0045,2025-06-16 15:34:10,Delivered,399.18,62.75,3,UPI,Clear,Low
ORD_004707,CUST_00021,REST_0167,2025-03-12 20:17:00,Delivered,131.43,5.57,2,Cash,Heavy Rain,Medium
ORD_004708,CUST_00820,REST_0186,2025-03-11 18:59:34,Delivered,402.25,46.52,4,UPI,Clear,Medium
ORD_004709,CUST_00635,REST_0059,2025-01-11 12:55:20,Failed,897.88,0.0,7,UPI,Clear,Medium
ORD_004710,CUST_00791,REST_0022,2025-02-18 00:23:35,Delivered,319.41,27.27,4,UPI,Cloudy,Medium
ORD_004711,CUST_00833,REST_0025,2025-06-18 22:05:09,Delivered,80.0,7.97,1,UPI,Clear,Medium
ORD_004712,CUST_00581,REST_0063,2025-03-25 07:20:44,Delivered,281.43,34.36,5,UPI,Cloudy,Medium
ORD_004713,CUST_01498,REST_0161,2025-05-31 11:54:12,Delivered,1138.36,41.2,3,Debit Card,Clear,High
ORD_004714,CUST_01465,REST_0022,2025-03-15 21:11:24,Delivered,103.44,35.06,1,UPI,Cloudy,Low
ORD_004715,CUST_01444,REST_0038,2025-05-10 19:39:50,Delivered,512.02,125.24,2,UPI,Clear,Low
ORD_004716,CUST_01469,REST_0018,2025-04-08 16:23:00,Delivered,714.78,187.35,2,Credit Card,Clear,Low
ORD_004717,CUST_01190,REST_0139,2025-06-16 21:50:10,Delivered,277.56,18.48,5,UPI,Clear,Medium
ORD_004718,CUST_01482,REST_0124,2025-04-12 12:24:58,Delivered,173.84,55.32,2,UPI,Clear,Medium
ORD_004719,CUST_01341,REST_0082,2025-01-19 20:02:16,Delivered,614.13,222.05,4,UPI,Clear,Low
ORD_004720,CUST_00624,REST_0136,2025-05-22 19:30:30,Delivered,1027.61,139.32,3,UPI,Clear,Medium
ORD_004721,CUST_01179,REST_0176,2025-06-25 20:11:43,Delivered,308.31,19.76,2,UPI,Clear,Low
ORD_004722,CUST_01369,REST_0125,2025-05-04 11:01:41,Delivered,229.07,44.09,1,Debit Card,Clear,Medium
ORD_004723,CUST_01073,REST_0024,2025-01-23 16:27:00,Delivered,501.71,66.53,3,Credit Card,Cloudy,Medium
ORD_004724,CUST_00634,REST_0118,2025-06-05 18:54:45,Delivered,610.1,103.69,5,UPI,Rain,Medium
ORD_004725,CUST_00101,REST_0181,2025-02-05 20:04:28,Delivered,80.0,3.35,1,Debit Card,Clear,High
ORD_004726,CUST_01215,REST_0098,2025-04-10 14:21:58,Delivered,729.35,110.09,2,UPI,Clear,Medium
ORD_004727,CUST_01430,REST_0132,2025-04-20 13:13:09,Delivered,798.13,151.18,4,UPI,Clear,Medium
ORD_004728,CUST_00541,REST_0191,2025-06-25 10:58:07,Delivered,279.71,64.74,2,UPI,Rain,Medium
ORD_004729,CUST_00231,REST_0156,2025-01-21 22:14:19,Delivered,812.15,134.7,3,Debit Card,Rain,Medium
ORD_004730,CUST_00490,REST_0158,2025-02-27 12:09:22,Delivered,93.97,8.16,2,UPI,Rain,Medium
ORD_004731,CUST_00878,REST_0126,2025-03-29 11:14:28,Delivered,307.41,16.75,2,UPI,Clear,Low
ORD_004732,CUST_00476,REST_0060,2025-03-23 19:02:07,Delivered,286.07,56.25,1,UPI,Clear,Medium
ORD_004733,CUST_00921,REST_0175,2025-02-08 10:46:07,Delivered,1860.23,65.25,6,Wallet,Clear,Low
ORD_004734,CUST_01451,REST_0180,2025-05-03 20:04:43,Delivered,306.39,80.34,5,Debit Card,Clear,Medium
ORD_004735,CUST_01012,REST_0097,2025-04-21 15:52:00,Delivered,387.94,58.66,4,UPI,Rain,Medium
ORD_004736,CUST_00541,REST_0051,2025-03-04 18:43:36,Delivered,205.76,47.18,2,UPI,Cloudy,Low
ORD_004737,CUST_01405,REST_0181,2025-04-05 19:44:00,Delivered,251.4,15.98,4,UPI,Rain,Low
ORD_004738,CUST_00851,REST_0088,2025-02-19 19:45:43,Delivered,251.15,60.8,6,UPI,Clear,Medium
ORD_004739,CUST_00196,REST_0039,2025-05-13 22:57:47,Delivered,368.35,62.55,2,Wallet,Clear,Low
ORD_004740,CUST_00752,REST_0189,2025-05-17 21:46:35,Cancelled,301.23,0.0,3,Wallet,Clear,Severe
ORD_004741,CUST_00987,REST_0091,2025-01-31 22:55:06,Delivered,324.99,67.1,3,Credit Card,Clear,Medium
ORD_004742,CUST_01257,REST_0043,2025-06-23 11:35:03,Delivered,258.06,74.22,1,Cash,Clear,Medium
ORD_004743,CUST_01407,REST_0079,2025-03-29 17:24:06,Delivered,1176.32,129.82,6,Credit Card,Rain,Severe
ORD_004744,CUST_00477,REST_0097,2025-06-21 19:18:11,Cancelled,153.91,0.0,2,Debit Card,Clear,High
ORD_004745,CUST_00236,REST_0161,2025-04-22 18:32:14,Delivered,1205.85,223.52,3,UPI,Clear,High
ORD_004746,CUST_00114,REST_0088,2025-06-14 20:24:52,Delivered,107.47,2.08,2,Wallet,Cloudy,Medium
ORD_004747,CUST_01111,REST_0158,2025-03-22 20:35:49,Delivered,132.17,11.53,2,UPI,Cloudy,Low
ORD_004748,CUST_01194,REST_0068,2025-06-23 21:27:34,Delivered,319.14,7.81,1,Wallet,Heavy Rain,Severe
ORD_004749,CUST_00614,REST_0190,2025-01-11 13:53:29,Delivered,2315.76,248.53,3,Credit Card,Rain,Medium
ORD_004750,CUST_00592,REST_0073,2025-04-11 18:55:11,Delivered,808.13,67.96,3,UPI,Clear,Low
ORD_004751,CUST_01433,REST_0137,2025-04-10 18:33:03,Delivered,2712.72,822.96,4,UPI,Clear,Low
ORD_004752,CUST_01376,REST_0124,2025-03-29 21:27:38,Cancelled,94.57,0.0,1,UPI,Cloudy,High
ORD_004753,CUST_00353,REST_0127,2025-03-15 19:46:00,Delivered,703.18,70.17,3,UPI,Clear,High
ORD_004754,CUST_01172,REST_0092,2025-03-15 10:01:00,Delivered,841.92,62.48,3,Debit Card,Clear,High
ORD_004755,CUST_00939,REST_0160,2025-04-13 11:17:33,Delivered,1665.81,447.37,3,UPI,Clear,Low
ORD_004756,CUST_00234,REST_0173,2025-03-26 21:22:33,Delivered,1597.94,188.79,4,UPI,Clear,High
ORD_004757,CUST_00533,REST_0047,2025-04-10 13:57:49,Delivered,273.99,97.55,1,UPI,Cloudy,Low
ORD_004758,CUST_00267,REST_0142,2025-04-04 11:35:17,Delivered,309.39,17.25,4,Credit Card,Heavy Rain,Severe
ORD_004759,CUST_00445,REST_0126,2025-04-27 09:55:35,Delivered,911.14,36.9,5,Credit Card,Rain,Severe
ORD_004760,CUST_00928,REST_0128,2025-04-13 18:46:00,Delivered,104.78,12.28,1,UPI,Rain,Medium
ORD_004761,CUST_00560,REST_0195,2025-06-07 08:32:59,Delivered,1352.38,167.29,6,UPI,Heavy Rain,High
ORD_004762,CUST_00589,REST_0136,2025-04-25 13:52:38,Delivered,641.86,36.56,2,Cash,Clear,Medium
ORD_004763,CUST_00811,REST_0082,2025-05-09 12:12:21,Delivered,633.72,46.42,3,Debit Card,Clear,Medium
ORD_004764,CUST_00134,REST_0125,2025-01-05 08:28:02,Delivered,661.64,48.25,3,UPI,Clear,Low
ORD_004765,CUST_01111,REST_0163,2025-03-02 22:46:44,Delivered,933.33,198.01,3,Credit Card,Clear,Medium
ORD_004766,CUST_00601,REST_0088,2025-03-16 22:28:40,Delivered,80.0,15.94,1,Credit Card,Clear,Medium
ORD_004767,CUST_00724,REST_0081,2025-04-17 19:43:00,Delivered,196.87,7.26,3,UPI,Cloudy,Medium
ORD_004768,CUST_01462,REST_0191,2025-05-18 11:12:40,Delivered,552.26,82.82,4,UPI,Clear,Medium
ORD_004769,CUST_00515,REST_0007,2025-04-18 21:29:21,Delivered,4871.86,171.23,6,UPI,Rain,Low
ORD_004770,CUST_00978,REST_0148,2025-06-30 12:06:00,Delivered,1265.88,184.25,3,UPI,Clear,Medium
ORD_004771,CUST_00586,REST_0089,2025-02-27 18:03:29,Delivered,470.05,19.69,3,UPI,Clear,High
ORD_004772,CUST_01343,REST_0094,2025-05-16 13:50:03,Delivered,650.9,53.32,4,UPI,Clear,Severe
ORD_004773,CUST_01271,REST_0161,2025-01-04 18:25:28,Delivered,1952.58,150.54,4,UPI,Clear,Medium
ORD_004774,CUST_00365,REST_0045,2025-04-11 08:33:00,Delivered,1279.65,331.87,6,Cash,Clear,Medium
ORD_004775,CUST_01043,REST_0004,2025-04-22 18:29:05,Delivered,188.68,16.57,1,UPI,Rain,Medium
ORD_004776,CUST_00100,REST_0154,2025-02-05 14:01:54,Delivered,2220.95,38.4,6,Wallet,Rain,Medium
ORD_004777,CUST_01446,REST_0113,2025-01-08 11:26:33,Cancelled,216.9,0.0,2,UPI,Cloudy,Low
ORD_004778,CUST_00522,REST_0196,2025-01-28 21:18:41,Delivered,774.22,204.37,4,UPI,Clear,Low
ORD_004779,CUST_01248,REST_0057,2025-04-18 12:10:08,Delivered,1104.7,119.48,4,UPI,Clear,Severe
ORD_004780,CUST_00479,REST_0087,2025-02-26 23:13:30,Delivered,349.24,40.32,1,UPI,Clear,Low
ORD_004781,CUST_00954,REST_0076,2025-01-11 15:01:38,Delivered,249.65,26.18,3,UPI,Clear,Medium
ORD_004782,CUST_01475,REST_0132,2025-03-05 09:05:00,Delivered,647.53,39.47,4,UPI,Clear,Low
ORD_004783,CUST_01317,REST_0076,2025-02-12 14:13:37,Delivered,522.23,10.06,8,Debit Card,Heavy Rain,Medium
ORD_004784,CUST_00243,REST_0137,2025-01-29 08:16:58,Delivered,2413.48,428.3,4,UPI,Clear,Medium
ORD_004785,CUST_00823,REST_0142,2025-06-26 17:27:53,Delivered,374.67,92.7,6,Credit Card,Cloudy,Medium
ORD_004786,CUST_00522,REST_0047,2025-04-19 19:40:28,Delivered,183.28,25.76,1,UPI,Cloudy,Low
ORD_004787,CUST_00653,REST_0148,2025-01-25 18:21:08,Delivered,1395.11,104.55,2,Debit Card,Rain,Medium
ORD_004788,CUST_00503,REST_0048,2025-03-31 21:08:00,Delivered,329.53,44.8,3,Wallet,Clear,Low
ORD_004789,CUST_00504,REST_0182,2025-03-08 11:39:54,Delivered,998.92,27.29,3,UPI,Clear,Medium
ORD_004790,CUST_00815,REST_0099,2025-03-11 09:01:15,Delivered,1214.99,250.68,4,UPI,Cloudy,Low
ORD_004791,CUST_00288,REST_0191,2025-03-23 13:04:00,Delivered,174.55,32.96,2,Credit Card,Clear,High
ORD_004792,CUST_00808,REST_0192,2025-03-20 18:46:53,Delivered,1118.85,187.75,5,UPI,Cloudy,Medium
ORD_004793,CUST_00420,REST_0059,2025-06-20 12:30:14,Delivered,130.74,25.26,1,Debit Card,Clear,Medium
ORD_004794,CUST_00436,REST_0176,2025-06-25 10:05:02,Delivered,316.33,72.56,2,Wallet,Cloudy,Low
ORD_004795,CUST_01111,REST_0158,2025-06-15 19:02:52,Delivered,224.33,21.63,4,Wallet,Rain,High
ORD_004796,CUST_00046,REST_0189,2025-02-14 06:01:06,Delivered,188.49,17.82,2,Wallet,Clear,Severe
ORD_004797,CUST_00569,REST_0156,2025-01-17 18:35:46,Delivered,345.85,49.12,2,UPI,Clear,Low
ORD_004798,CUST_00611,REST_0199,2025-03-09 22:20:17,Delivered,98.87,10.92,2,Debit Card,Clear,Medium
ORD_004799,CUST_00731,REST_0091,2025-02-15 12:42:59,Delivered,157.11,7.02,2,Credit Card,Clear,Medium
ORD_004800,CUST_01010,REST_0077,2025-01-16 20:05:29,Delivered,201.79,1.88,3,UPI,Rain,High
ORD_004801,CUST_00552,REST_0036,2025-02-14 21:16:35,Delivered,2484.9,161.67,4,UPI,Cloudy,Medium
ORD_004802,CUST_00322,REST_0083,2025-02-08 21:19:00,Delivered,1828.14,20.69,2,Wallet,Clear,High
ORD_004803,CUST_01330,REST_0061,2025-02-09 12:28:29,Delivered,413.09,48.25,4,Cash,Clear,Low
ORD_004804,CUST_01471,REST_0081,2025-04-18 19:21:09,Delivered,80.0,9.81,1,Debit Card,Clear,Medium
ORD_004805,CUST_00032,REST_0145,2025-05-07 21:59:08,Delivered,150.98,12.46,2,UPI,Clear,Low
ORD_004806,CUST_00821,REST_0126,2025-04-15 11:33:38,Failed,172.96,0.0,1,Credit Card,Clear,High
ORD_004807,CUST_00512,REST_0087,2025-02-10 19:11:06,Delivered,451.81,43.37,2,UPI,Clear,Low
ORD_004808,CUST_00417,REST_0128,2025-04-06 13:55:15,Delivered,443.82,118.6,3,UPI,Clear,Low
ORD_004809,CUST_00504,REST_0145,2025-06-28 08:33:28,Delivered,243.64,17.53,3,UPI,Clear,Medium
ORD_004810,CUST_00964,REST_0068,2025-05-03 19:52:42,Delivered,293.22,29.69,1,UPI,Rain,High
ORD_004811,CUST_00286,REST_0173,2025-02-21 18:19:55,Delivered,1611.1,257.83,4,UPI,Clear,Medium
ORD_004812,CUST_01370,REST_0080,2025-03-08 16:34:07,Cancelled,237.26,0.0,5,UPI,Cloudy,Medium
ORD_004813,CUST_00702,REST_0025,2025-03-17 19:42:31,Delivered,164.27,17.65,3,UPI,Rain,Severe
ORD_004814,CUST_00489,REST_0001,2025-02-14 07:02:37,Delivered,513.83,32.91,7,UPI,Rain,High
ORD_004815,CUST_01150,REST_0101,2025-01-27 21:56:57,Delivered,856.9,175.21,3,UPI,Cloudy,Medium
ORD_004816,CUST_00026,REST_0037,2025-05-28 20:40:00,Delivered,681.85,97.45,3,Cash,Clear,Medium
ORD_004817,CUST_00649,REST_0019,2025-03-15 18:03:06,Delivered,132.44,20.38,2,UPI,Clear,Low
ORD_004818,CUST_00532,REST_0182,2025-01-10 19:24:28,Delivered,630.16,109.16,2,UPI,Clear,Low
ORD_004819,CUST_00507,REST_0027,2025-01-15 22:57:45,Delivered,501.58,54.81,2,Wallet,Clear,Medium
ORD_004820,CUST_00506,REST_0147,2025-06-30 20:41:02,Delivered,343.84,27.79,4,UPI,Clear,Medium
ORD_004821,CUST_00049,REST_0195,2025-03-11 08:54:53,Delivered,1012.15,59.92,3,Debit Card,Clear,High
ORD_004822,CUST_00231,REST_0039,2025-02-10 14:30:20,Delivered,1455.69,303.98,5,UPI,Clear,High
ORD_004823,CUST_00216,REST_0039,2025-05-16 22:28:53,Cancelled,333.82,0.0,2,UPI,Cloudy,High
ORD_004824,CUST_01482,REST_0043,2025-03-11 11:41:54,Delivered,513.52,47.95,2,Wallet,Cloudy,High
ORD_004825,CUST_00035,REST_0187,2025-04-27 14:30:22,Delivered,367.5,11.67,6,UPI,Rain,High
ORD_004826,CUST_00252,REST_0104,2025-05-16 12:50:45,Delivered,613.14,190.38,3,UPI,Clear,High
ORD_004827,CUST_01462,REST_0090,2025-03-03 19:48:59,Delivered,1223.75,213.13,2,Debit Card,Rain,Low
ORD_004828,CUST_00948,REST_0074,2025-03-21 22:21:18,Delivered,2616.55,72.36,4,UPI,Rain,Low
ORD_004829,CUST_00679,REST_0176,2025-03-09 16:24:23,Delivered,834.56,129.48,3,UPI,Clear,Medium
ORD_004830,CUST_00120,REST_0001,2025-05-09 18:46:20,Delivered,336.61,21.66,8,UPI,Clear,High
ORD_004831,CUST_01011,REST_0048,2025-01-19 20:58:05,Delivered,444.61,53.47,5,Wallet,Rain,Medium
ORD_004832,CUST_00209,REST_0119,2025-04-24 08:36:21,Delivered,1154.85,163.9,4,Debit Card,Rain,Low
ORD_004833,CUST_01013,REST_0033,2025-03-13 11:09:02,Delivered,867.0,294.43,5,Credit Card,Clear,Low
ORD_004834,CUST_01469,REST_0197,2025-05-21 16:29:03,Delivered,857.93,205.81,6,Debit Card,Cloudy,Low
ORD_004835,CUST_00801,REST_0131,2025-02-14 11:21:26,Delivered,589.44,71.37,2,UPI,Clear,Medium
ORD_004836,CUST_00323,REST_0151,2025-01-21 11:29:23,Delivered,405.43,23.32,5,Wallet,Clear,High
ORD_004837,CUST_00943,REST_0193,2025-03-05 10:25:33,Delivered,114.56,14.73,2,UPI,Clear,Low
ORD_004838,CUST_00773,REST_0058,2025-01-20 12:50:05,Delivered,101.79,16.66,1,UPI,Clear,Medium
ORD_004839,CUST_00802,REST_0062,2025-06-20 12:36:36,Delivered,1171.06,86.35,3,UPI,Clear,Medium
ORD_004840,CUST_00720,REST_0135,2025-01-16 17:19:28,Cancelled,385.27,0.0,4,Cash,Rain,High
ORD_004841,CUST_01016,REST_0130,2025-05-08 22:40:24,Cancelled,498.75,0.0,2,Credit Card,Clear,Medium
ORD_004842,CUST_00861,REST_0131,2025-03-04 17:45:00,Delivered,219.97,3.47,1,UPI,Rain,High
ORD_004843,CUST_01480,REST_0092,2025-02-21 20:22:51,Delivered,563.01,52.13,2,UPI,Clear,Low
ORD_004844,CUST_01239,REST_0075,2025-02-25 15:57:00,Delivered,1161.87,148.91,3,Debit Card,Rain,Low
ORD_004845,CUST_00399,REST_0145,2025-02-19 13:23:05,Delivered,291.85,32.7,3,UPI,Clear,Medium
ORD_004846,CUST_01092,REST_0177,2025-03-20 01:03:13,Delivered,382.59,21.23,4,Credit Card,Clear,High
ORD_004847,CUST_00323,REST_0141,2025-05-12 20:17:57,Delivered,120.56,5.08,1,UPI,Heavy Rain,Severe
ORD_004848,CUST_01175,REST_0099,2025-06-25 21:07:42,Delivered,2324.54,164.08,7,UPI,Clear,Medium
ORD_004849,CUST_00224,REST_0164,2025-04-20 18:39:45,Delivered,1013.8,114.19,7,UPI,Clear,Low
ORD_004850,CUST_00714,REST_0083,2025-02-12 09:45:46,Delivered,2608.82,105.74,5,Credit Card,Clear,Medium
ORD_004851,CUST_01186,REST_0082,2025-02-27 19:11:36,Delivered,1062.17,26.66,5,UPI,Clear,Medium
ORD_004852,CUST_00422,REST_0032,2025-01-25 17:53:15,Delivered,1130.7,160.76,3,UPI,Clear,Low
ORD_004853,CUST_01255,REST_0073,2025-06-28 21:38:34,Delivered,890.93,68.53,4,Credit Card,Rain,Severe
ORD_004854,CUST_00972,REST_0112,2025-06-30 13:02:59,Delivered,2245.95,174.79,3,UPI,Clear,High
ORD_004855,CUST_00595,REST_0016,2025-01-24 11:13:21,Delivered,1159.29,101.55,5,UPI,Heavy Rain,High
ORD_004856,CUST_00635,REST_0163,2025-05-08 20:58:57,Delivered,249.49,13.84,1,Debit Card,Rain,Medium
ORD_004857,CUST_01389,REST_0160,2025-04-02 22:11:00,Delivered,3916.5,160.81,6,Credit Card,Cloudy,High
ORD_004858,CUST_00328,REST_0191,2025-01-02 02:46:50,Cancelled,516.11,0.0,4,UPI,Clear,Medium
ORD_004859,CUST_01045,REST_0060,2025-02-22 19:33:24,Delivered,3097.47,294.81,8,UPI,Cloudy,High
ORD_004860,CUST_01064,REST_0024,2025-03-25 19:40:00,Delivered,539.44,40.06,2,UPI,Clear,Low
ORD_004861,CUST_01384,REST_0135,2025-04-20 21:48:55,Delivered,255.65,28.21,4,Wallet,Rain,Medium
ORD_004862,CUST_01074,REST_0076,2025-05-11 11:13:02,Delivered,125.72,6.39,2,Credit Card,Cloudy,High
ORD_004863,CUST_00881,REST_0187,2025-02-07 18:50:23,Delivered,227.39,15.21,4,UPI,Clear,Low
ORD_004864,CUST_01356,REST_0046,2025-04-06 04:32:43,Delivered,525.46,83.41,4,Credit Card,Cloudy,Severe
ORD_004865,CUST_01244,REST_0166,2025-04-13 15:20:00,Delivered,222.84,40.64,3,Credit Card,Clear,Low
ORD_004866,CUST_01080,REST_0188,2025-02-08 11:59:09,Delivered,135.49,6.38,2,UPI,Cloudy,Medium
ORD_004867,CUST_00051,REST_0022,2025-06-17 13:44:38,Failed,377.57,0.0,3,UPI,Clear,Medium
ORD_004868,CUST_00557,REST_0188,2025-06-04 19:38:00,Delivered,147.22,5.86,2,Debit Card,Heavy Rain,High
ORD_004869,CUST_00953,REST_0079,2025-06-10 20:32:47,Delivered,787.15,243.69,3,UPI,Cloudy,Medium
ORD_004870,CUST_00787,REST_0146,2025-02-13 17:21:00,Delivered,652.32,46.21,3,UPI,Clear,Medium
ORD_004871,CUST_00480,REST_0145,2025-05-25 17:19:58,Delivered,229.33,63.71,3,UPI,Cloudy,High
ORD_004872,CUST_00220,REST_0081,2025-03-24 13:20:00,Delivered,136.92,53.39,2,UPI,Clear,Medium
ORD_004873,CUST_00832,REST_0147,2025-06-28 17:47:01,Delivered,333.76,15.8,5,Cash,Rain,Low
ORD_004874,CUST_00431,REST_0121,2025-02-02 18:36:26,Delivered,298.28,24.79,3,Debit Card,Rain,Low
ORD_004875,CUST_00352,REST_0159,2025-02-16 14:01:42,Delivered,83.16,4.45,1,UPI,Rain,High
ORD_004876,CUST_00596,REST_0146,2025-03-21 19:09:53,Delivered,462.55,72.02,2,UPI,Clear,Low
ORD_004877,CUST_01180,REST_0142,2025-04-10 12:22:00,Delivered,150.8,3.9,3,Credit Card,Clear,Low
ORD_004878,CUST_00735,REST_0165,2025-04-18 14:15:18,Delivered,184.51,13.45,3,UPI,Cloudy,Low
ORD_004879,CUST_00326,REST_0008,2025-06-07 19:26:14,Delivered,851.17,62.15,4,Credit Card,Cloudy,Low
ORD_004880,CUST_00179,REST_0062,2025-06-08 13:11:09,Delivered,3183.79,607.04,5,Credit Card,Clear,Medium
ORD_004881,CUST_00752,REST_0189,2025-05-29 20:58:30,Delivered,343.05,29.41,3,Credit Card,Rain,Severe
ORD_004882,CUST_01192,REST_0057,2025-06-13 11:57:18,Delivered,713.37,101.05,2,Credit Card,Clear,Medium
ORD_004883,CUST_00986,REST_0051,2025-04-20 14:53:58,Delivered,624.25,78.39,6,UPI,Clear,Medium
ORD_004884,CUST_00352,REST_0161,2025-05-10 12:18:56,Delivered,1779.85,89.2,3,UPI,Cloudy,High
ORD_004885,CUST_00657,REST_0104,2025-05-22 18:42:57,Delivered,886.5,27.35,4,UPI,Rain,Low
ORD_004886,CUST_01284,REST_0076,2025-01-26 18:52:44,Delivered,295.89,43.88,4,Wallet,Cloudy,Medium
ORD_004887,CUST_00267,REST_0181,2025-01-30 09:19:41,Delivered,166.84,8.96,3,Wallet,Cloudy,High
ORD_004888,CUST_00801,REST_0161,2025-03-31 11:11:07,Delivered,1377.08,156.51,3,Wallet,Rain,High
ORD_004889,CUST_00533,REST_0184,2025-04-03 12:55:06,Delivered,1014.41,94.42,1,UPI,Clear,Low
ORD_004890,CUST_00190,REST_0013,2025-03-03 22:09:38,Delivered,800.09,184.73,5,Cash,Cloudy,Low
ORD_004891,CUST_00077,REST_0141,2025-02-19 19:13:11,Delivered,331.43,57.28,2,UPI,Clear,Medium
ORD_004892,CUST_00837,REST_0145,2025-01-08 18:04:00,Delivered,498.06,64.59,6,UPI,Cloudy,High
ORD_004893,CUST_00033,REST_0136,2025-04-21 14:53:17,Delivered,1860.43,392.97,6,UPI,Cloudy,High
ORD_004894,CUST_00158,REST_0041,2025-04-16 09:57:00,Failed,1005.12,0.0,3,Credit Card,Clear,Low
ORD_004895,CUST_00520,REST_0015,2025-05-28 13:28:01,Delivered,285.69,67.92,3,Credit Card,Cloudy,Severe
ORD_004896,CUST_00067,REST_0072,2025-06-03 13:33:58,Delivered,256.87,49.1,2,Debit Card,Clear,Low
ORD_004897,CUST_00599,REST_0085,2025-04-15 11:54:30,Delivered,149.03,38.29,1,Wallet,Cloudy,Medium
ORD_004898,CUST_00198,REST_0053,2025-02-07 18:46:00,Delivered,1399.21,87.61,4,Credit Card,Clear,Medium
ORD_004899,CUST_00523,REST_0078,2025-03-29 22:44:35,Delivered,375.45,87.73,2,Credit Card,Clear,Low
ORD_004900,CUST_01187,REST_0102,2025-06-11 13:11:45,Delivered,80.0,2.37,1,UPI,Rain,High
ORD_004901,CUST_00945,REST_0197,2025-03-25 21:03:04,Delivered,381.58,30.87,4,UPI,Clear,Low
ORD_004902,CUST_00671,REST_0060,2025-05-18 17:39:35,Failed,889.24,0.0,3,UPI,Clear,High
ORD_004903,CUST_00140,REST_0091,2025-02-04 07:17:51,Delivered,132.31,7.61,2,UPI,Rain,Medium
ORD_004904,CUST_00934,REST_0157,2025-02-20 10:37:00,Delivered,509.89,27.98,3,UPI,Clear,Low
ORD_004905,CUST_00248,REST_0034,2025-04-16 18:41:56,Delivered,400.63,4.16,3,UPI,Rain,Medium
ORD_004906,CUST_00117,REST_0078,2025-01-30 19:32:49,Delivered,503.95,31.48,2,UPI,Clear,Low
ORD_004907,CUST_01003,REST_0088,2025-06-08 20:03:31,Delivered,371.18,25.6,5,UPI,Cloudy,Low
ORD_004908,CUST_01369,REST_0078,2025-03-23 19:53:50,Delivered,416.57,30.41,2,Debit Card,Clear,High
ORD_004909,CUST_00693,REST_0147,2025-03-22 22:03:56,Delivered,273.89,24.16,4,UPI,Clear,High
ORD_004910,CUST_00063,REST_0129,2025-02-06 19:50:07,Delivered,464.73,130.52,2,Debit Card,Cloudy,Low
ORD_004911,CUST_01323,REST_0169,2025-02-19 14:55:00,Delivered,474.35,119.31,4,Debit Card,Clear,Low
ORD_004912,CUST_00103,REST_0032,2025-04-15 21:47:08,Delivered,215.79,6.85,1,UPI,Cloudy,Medium
ORD_004913,CUST_01304,REST_0066,2025-06-28 17:57:58,Delivered,111.61,7.11,1,Credit Card,Clear,Medium
ORD_004914,CUST_00585,REST_0168,2025-02-14 14:26:01,Delivered,808.63,54.94,3,UPI,Clear,Low
ORD_004915,CUST_00545,REST_0109,2025-02-05 19:34:30,Delivered,158.32,73.47,1,UPI,Clear,Low
ORD_004916,CUST_00815,REST_0067,2025-06-30 09:25:53,Delivered,267.38,28.55,3,UPI,Cloudy,Severe
ORD_004917,CUST_01437,REST_0165,2025-04-10 14:42:30,Delivered,149.45,13.45,2,Debit Card,Clear,Medium
ORD_004918,CUST_01350,REST_0029,2025-05-02 13:52:42,Delivered,315.67,42.68,2,UPI,Rain,Severe
ORD_004919,CUST_00709,REST_0146,2025-04-13 18:03:39,Delivered,446.53,65.89,2,UPI,Cloudy,Medium
ORD_004920,CUST_01049,REST_0191,2025-05-21 22:08:01,Delivered,190.8,23.13,2,Credit Card,Rain,Low
ORD_004921,CUST_00874,REST_0113,2025-04-20 15:00:00,Delivered,384.17,49.47,4,Debit Card,Rain,Medium
ORD_004922,CUST_01045,REST_0115,2025-05-06 20:40:07,Delivered,467.31,13.55,3,UPI,Heavy Rain,High
ORD_004923,CUST_01244,REST_0045,2025-04-07 22:27:02,Delivered,363.83,15.55,2,Credit Card,Clear,Medium
ORD_004924,CUST_00053,REST_0076,2025-03-19 20:05:35,Delivered,129.89,27.97,2,UPI,Clear,Medium
ORD_004925,CUST_00489,REST_0041,2025-03-25 22:09:12,Delivered,1508.97,45.61,3,Debit Card,Rain,High
ORD_004926,CUST_01441,REST_0079,2025-05-20 19:16:46,Delivered,1117.7,54.91,3,UPI,Cloudy,Severe
ORD_004927,CUST_01426,REST_0177,2025-02-22 13:28:09,Delivered,282.03,47.26,3,Debit Card,Clear,Medium
ORD_004928,CUST_00017,REST_0003,2025-02-15 11:03:56,Delivered,747.02,100.28,4,Debit Card,Rain,High
ORD_004929,CUST_00304,REST_0106,2025-02-07 13:57:01,Delivered,240.05,85.82,1,Debit Card,Clear,Medium
ORD_004930,CUST_01491,REST_0024,2025-05-09 14:04:47,Delivered,440.85,48.45,2,UPI,Rain,Medium
ORD_004931,CUST_00743,REST_0060,2025-05-22 21:20:24,Delivered,807.75,128.16,3,Wallet,Rain,High
ORD_004932,CUST_00863,REST_0049,2025-04-09 13:17:55,Delivered,406.76,50.17,2,UPI,Clear,Medium
ORD_004933,CUST_00251,REST_0029,2025-04-29 04:38:32,Delivered,240.22,25.02,1,UPI,Clear,Medium
ORD_004934,CUST_01343,REST_0186,2025-05-25 13:33:25,Delivered,111.87,8.35,1,UPI,Rain,Medium
ORD_004935,CUST_00350,REST_0132,2025-06-19 08:50:27,Delivered,864.44,38.7,4,Wallet,Clear,Medium
ORD_004936,CUST_00284,REST_0186,2025-02-05 15:58:25,Delivered,323.96,39.38,4,UPI,Cloudy,Severe
ORD_004937,CUST_00345,REST_0105,2025-03-21 16:40:00,Delivered,214.82,61.19,2,UPI,Cloudy,Medium
ORD_004938,CUST_01380,REST_0060,2025-06-18 21:41:47,Delivered,934.31,92.26,4,UPI,Clear,Medium
ORD_004939,CUST_01058,REST_0094,2025-06-20 14:55:04,Delivered,245.63,38.26,4,UPI,Rain,Medium
ORD_004940,CUST_01154,REST_0025,2025-01-11 04:48:27,Cancelled,80.0,0.0,1,Wallet,Cloudy,Medium
ORD_004941,CUST_00563,REST_0190,2025-03-17 10:37:00,Delivered,1971.82,161.3,2,UPI,Clear,Medium
ORD_004942,CUST_01365,REST_0042,2025-05-24 18:34:41,Delivered,81.63,16.53,2,Credit Card,Clear,Medium
ORD_004943,CUST_01185,REST_0096,2025-04-05 17:40:00,Delivered,473.63,100.96,2,Debit Card,Clear,Medium
ORD_004944,CUST_01128,REST_0167,2025-01-13 12:32:21,Cancelled,140.17,0.0,3,UPI,Cloudy,Medium
ORD_004945,CUST_01457,REST_0191,2025-02-22 13:06:16,Failed,250.21,0.0,3,Credit Card,Clear,Medium
ORD_004946,CUST_00547,REST_0094,2025-01-10 12:38:50,Delivered,248.67,8.64,3,UPI,Clear,Medium
ORD_004947,CUST_00921,REST_0155,2025-04-20 14:29:29,Delivered,427.29,39.55,3,Wallet,Rain,Medium
ORD_004948,CUST_01366,REST_0199,2025-04-17 20:31:57,Delivered,318.43,41.68,5,UPI,Clear,Medium
ORD_004949,CUST_01187,REST_0110,2025-01-12 12:57:28,Delivered,1321.56,177.37,6,Credit Card,Cloudy,High
ORD_004950,CUST_00848,REST_0182,2025-04-17 11:09:18,Delivered,767.12,78.52,2,UPI,Clear,Medium
ORD_004951,CUST_00117,REST_0050,2025-01-23 13:56:42,Delivered,476.37,72.94,2,UPI,Clear,High
ORD_004952,CUST_00986,REST_0003,2025-04-09 14:31:53,Delivered,369.27,41.88,2,Wallet,Cloudy,Low
ORD_004953,CUST_00794,REST_0077,2025-03-15 18:35:47,Delivered,80.0,9.06,1,UPI,Heavy Rain,High
ORD_004954,CUST_00276,REST_0041,2025-01-06 19:14:53,Delivered,1445.67,198.91,4,UPI,Clear,Medium
ORD_004955,CUST_01326,REST_0032,2025-06-13 04:39:55,Delivered,809.37,170.03,3,Debit Card,Clear,Low
ORD_004956,CUST_00514,REST_0118,2025-01-29 18:57:01,Cancelled,1348.19,0.0,5,UPI,Cloudy,Medium
ORD_004957,CUST_00578,REST_0158,2025-06-30 18:11:41,Cancelled,322.93,0.0,6,Credit Card,Clear,Medium
ORD_004958,CUST_01015,REST_0140,2025-02-08 18:54:39,Delivered,161.33,7.53,2,UPI,Clear,High
ORD_004959,CUST_00736,REST_0063,2025-02-28 11:09:10,Delivered,264.62,18.96,3,UPI,Cloudy,Medium
ORD_004960,CUST_00137,REST_0023,2025-04-01 11:04:12,Delivered,812.17,64.75,4,UPI,Cloudy,Low
ORD_004961,CUST_00578,REST_0085,2025-04-24 11:56:48,Delivered,409.86,10.76,2,Credit Card,Cloudy,High
ORD_004962,CUST_00144,REST_0058,2025-06-28 00:49:15,Delivered,307.29,61.57,3,UPI,Rain,High
ORD_004963,CUST_00286,REST_0049,2025-01-07 12:43:25,Delivered,431.8,18.41,2,UPI,Cloudy,Low
ORD_004964,CUST_00011,REST_0109,2025-02-05 21:43:11,Delivered,556.3,103.59,4,Credit Card,Cloudy,Low
ORD_004965,CUST_00272,REST_0054,2025-03-31 18:22:39,Delivered,495.71,23.69,2,Wallet,Clear,Medium
ORD_004966,CUST_00496,REST_0177,2025-03-29 09:29:02,Delivered,146.29,9.08,2,UPI,Cloudy,Medium
ORD_004967,CUST_00809,REST_0134,2025-06-11 08:48:43,Delivered,768.41,88.83,4,UPI,Cloudy,Medium
ORD_004968,CUST_01380,REST_0039,2025-06-18 21:07:06,Cancelled,489.36,0.0,2,Debit Card,Clear,Low
ORD_004969,CUST_00812,REST_0078,2025-02-06 00:49:17,Delivered,764.17,49.94,4,UPI,Cloudy,High
ORD_004970,CUST_01062,REST_0039,2025-04-22 10:33:48,Delivered,569.94,16.37,2,Credit Card,Rain,High
ORD_004971,CUST_00534,REST_0115,2025-01-27 12:17:50,Delivered,323.41,9.03,2,UPI,Clear,High
ORD_004972,CUST_01130,REST_0143,2025-05-20 22:39:21,Delivered,450.78,17.81,2,UPI,Clear,High
ORD_004973,CUST_00936,REST_0189,2025-05-16 00:49:46,Delivered,100.18,3.67,1,Credit Card,Cloudy,High
ORD_004974,CUST_00692,REST_0135,2025-04-01 21:03:00,Delivered,322.42,1.61,3,Credit Card,Clear,Low
ORD_004975,CUST_00291,REST_0050,2025-05-22 15:11:35,Delivered,323.33,11.07,1,Debit Card,Clear,Medium
ORD_004976,CUST_00457,REST_0139,2025-02-10 19:26:00,Delivered,115.44,11.68,3,Debit Card,Clear,Low
ORD_004977,CUST_00937,REST_0017,2025-02-08 21:50:45,Delivered,358.29,46.26,2,UPI,Clear,Medium
ORD_004978,CUST_00640,REST_0180,2025-03-24 17:22:00,Delivered,80.0,7.91,1,UPI,Clear,High
ORD_004979,CUST_01336,REST_0039,2025-05-18 21:07:08,Delivered,1088.13,29.39,4,UPI,Cloudy,High
ORD_004980,CUST_00355,REST_0077,2025-05-02 08:56:32,Delivered,257.5,26.73,3,Debit Card,Clear,Low
ORD_004981,CUST_00113,REST_0093,2025-01-19 14:18:46,Delivered,295.62,20.92,3,Cash,Clear,Medium
ORD_004982,CUST_00889,REST_0070,2025-06-23 12:02:33,Delivered,415.1,76.75,4,Debit Card,Clear,Low
ORD_004983,CUST_01331,REST_0041,2025-06-02 13:58:17,Delivered,1127.9,392.69,3,UPI,Cloudy,Medium
ORD_004984,CUST_00544,REST_0092,2025-06-10 21:29:12,Delivered,2342.18,278.15,6,Debit Card,Clear,Low
ORD_004985,CUST_00977,REST_0083,2025-03-22 13:41:59,Delivered,2790.65,386.48,3,Debit Card,Clear,Medium
ORD_004986,CUST_00350,REST_0134,2025-04-11 08:42:04,Delivered,238.64,18.29,1,Debit Card,Clear,Medium
ORD_004987,CUST_00840,REST_0123,2025-02-05 19:44:55,Delivered,197.39,32.36,1,UPI,Clear,Low
ORD_004988,CUST_01181,REST_0141,2025-03-28 19:56:27,Delivered,869.52,48.93,5,Debit Card,Heavy Rain,High
ORD_004989,CUST_01303,REST_0085,2025-03-28 20:30:06,Delivered,216.84,27.51,1,UPI,Clear,Medium
ORD_004990,CUST_00161,REST_0198,2025-01-07 20:31:27,Delivered,871.89,47.39,4,UPI,Rain,High
ORD_004991,CUST_00533,REST_0047,2025-04-11 08:31:00,Delivered,1022.41,75.86,5,UPI,Clear,High
ORD_004992,CUST_00965,REST_0152,2025-05-22 18:01:09,Delivered,434.38,33.34,5,Wallet,Cloudy,Medium
ORD_004993,CUST_00053,REST_0124,2025-03-11 14:15:05,Delivered,322.32,19.52,3,Credit Card,Cloudy,High
ORD_004994,CUST_01041,REST_0024,2025-04-01 11:21:14,Delivered,304.11,23.13,2,Wallet,Cloudy,High
ORD_004995,CUST_00796,REST_0004,2025-05-30 19:59:47,Delivered,320.38,26.56,1,UPI,Rain,High
ORD_004996,CUST_00435,REST_0041,2025-04-12 20:01:48,Delivered,440.85,21.28,1,UPI,Cloudy,Medium
ORD_004997,CUST_01223,REST_0151,2025-05-27 18:27:17,Delivered,219.25,15.15,3,UPI,Heavy Rain,Severe
ORD_004998,CUST_00437,REST_0048,2025-04-14 16:54:57,Delivered,147.87,27.36,2,UPI,Clear,Low
ORD_004999,CUST_01487,REST_0059,2025-06-08 19:10:47,Delivered,169.28,27.02,1,UPI,Cloudy,Severe
ORD_005000,CUST_01225,REST_0032,2025-03-21 12:20:40,Delivered,500.66,58.76,2,UPI,Rain,Medium
ORD_005001,CUST_01066,REST_0143,2025-02-14 16:07:42,Delivered,1035.41,56.26,5,UPI,Cloudy,Low
ORD_005002,CUST_00094,REST_0007,2025-04-27 22:30:51,Delivered,1378.58,19.34,2,Credit Card,Clear,Medium
ORD_005003,CUST_01358,REST_0065,2025-02-04 11:17:18,Delivered,144.94,15.15,2,Wallet,Rain,Medium
ORD_005004,CUST_01186,REST_0119,2025-06-18 11:21:47,Delivered,313.52,64.42,1,UPI,Clear,Medium
ORD_005005,CUST_00347,REST_0155,2025-05-22 09:28:21,Delivered,485.78,136.78,5,UPI,Cloudy,Low
ORD_005006,CUST_00586,REST_0053,2025-01-30 18:25:35,Delivered,798.9,87.1,3,Credit Card,Clear,Low
ORD_005007,CUST_00405,REST_0163,2025-01-12 14:57:38,Delivered,265.0,54.62,1,UPI,Clear,Low
ORD_005008,CUST_01476,REST_0023,2025-02-04 13:19:46,Delivered,805.42,180.43,5,UPI,Cloudy,Medium
ORD_005009,CUST_01283,REST_0111,2025-04-14 16:54:00,Delivered,2121.9,552.55,3,UPI,Cloudy,Low
ORD_005010,CUST_01397,REST_0159,2025-04-14 18:36:55,Delivered,316.14,27.1,4,Wallet,Clear,Low
ORD_005011,CUST_01184,REST_0076,2025-04-15 06:51:22,Delivered,270.88,23.0,4,UPI,Clear,Low
ORD_005012,CUST_00686,REST_0137,2025-04-07 17:10:00,Delivered,1824.89,72.07,3,UPI,Rain,Medium
ORD_005013,CUST_00309,REST_0058,2025-04-10 09:49:27,Delivered,126.3,6.3,1,UPI,Cloudy,Medium
ORD_005014,CUST_00314,REST_0200,2025-05-28 17:36:57,Delivered,1102.97,209.56,3,UPI,Clear,High
ORD_005015,CUST_00230,REST_0050,2025-01-26 17:58:06,Delivered,405.23,23.72,2,Cash,Rain,Medium
ORD_005016,CUST_00822,REST_0150,2025-02-12 20:42:31,Delivered,357.23,11.92,3,UPI,Cloudy,Severe
ORD_005017,CUST_01381,REST_0044,2025-01-07 21:19:19,Delivered,387.84,35.92,4,UPI,Rain,Medium
ORD_005018,CUST_01488,REST_0113,2025-02-01 18:58:23,Cancelled,480.72,0.0,4,Cash,Rain,Low
ORD_005019,CUST_00433,REST_0110,2025-03-06 12:27:25,Delivered,295.51,33.59,3,UPI,Cloudy,Low
ORD_005020,CUST_01051,REST_0015,2025-03-13 20:41:00,Delivered,280.95,32.57,2,Debit Card,Clear,Medium
ORD_005021,CUST_00900,REST_0175,2025-03-07 11:49:29,Delivered,397.07,32.14,2,UPI,Cloudy,Severe
ORD_005022,CUST_00737,REST_0055,2025-01-24 11:02:52,Delivered,466.38,4.84,3,UPI,Clear,High
ORD_005023,CUST_01005,REST_0017,2025-04-24 12:05:33,Delivered,220.04,29.44,2,UPI,Clear,Low
ORD_005024,CUST_00554,REST_0116,2025-02-21 11:45:57,Delivered,183.25,22.29,2,Cash,Cloudy,Low
ORD_005025,CUST_01419,REST_0012,2025-06-29 23:58:38,Delivered,513.93,17.38,1,Debit Card,Rain,High
ORD_005026,CUST_01062,REST_0013,2025-02-22 10:31:09,Delivered,755.4,114.16,3,UPI,Clear,High
ORD_005027,CUST_01134,REST_0035,2025-06-03 14:12:53,Delivered,381.64,43.1,2,Cash,Cloudy,Medium
ORD_005028,CUST_00367,REST_0020,2025-06-11 10:39:17,Delivered,312.38,5.33,3,UPI,Clear,High
ORD_005029,CUST_00254,REST_0015,2025-05-01 15:07:15,Delivered,368.68,16.47,4,Credit Card,Cloudy,Medium
ORD_005030,CUST_00589,REST_0082,2025-04-14 22:12:25,Delivered,526.61,118.46,3,Cash,Clear,Low
ORD_005031,CUST_01152,REST_0194,2025-04-13 13:03:40,Delivered,134.58,3.93,2,Credit Card,Rain,Medium
ORD_005032,CUST_01410,REST_0134,2025-02-20 08:22:01,Delivered,979.74,95.95,3,UPI,Clear,Medium
ORD_005033,CUST_00642,REST_0147,2025-05-24 21:43:17,Delivered,298.79,36.24,4,Debit Card,Clear,Medium
ORD_005034,CUST_01162,REST_0043,2025-01-02 19:19:55,Delivered,1110.77,44.07,4,Wallet,Rain,Medium
ORD_005035,CUST_00709,REST_0121,2025-04-30 15:53:59,Delivered,430.22,102.95,4,Cash,Clear,Medium
ORD_005036,CUST_00445,REST_0182,2025-06-22 18:36:07,Delivered,1421.24,107.36,4,Cash,Clear,Low
ORD_005037,CUST_01112,REST_0134,2025-05-13 21:09:48,Delivered,589.64,35.44,3,UPI,Clear,Low
ORD_005038,CUST_01198,REST_0010,2025-01-27 11:00:06,Delivered,461.2,46.23,3,Debit Card,Clear,Medium
ORD_005039,CUST_00306,REST_0055,2025-04-25 11:33:51,Delivered,388.18,76.56,2,Debit Card,Cloudy,Low
ORD_005040,CUST_00460,REST_0139,2025-06-05 09:19:27,Delivered,115.48,30.79,3,UPI,Rain,High
ORD_005041,CUST_00746,REST_0083,2025-06-26 21:36:02,Delivered,5000.0,357.48,6,Credit Card,Clear,Low
ORD_005042,CUST_00280,REST_0183,2025-01-09 21:24:01,Cancelled,631.48,0.0,3,Credit Card,Clear,Low
ORD_005043,CUST_01394,REST_0111,2025-01-23 05:56:24,Delivered,5000.0,1000.0,6,UPI,Clear,Medium
ORD_005044,CUST_00892,REST_0071,2025-06-04 21:22:35,Delivered,569.91,80.14,2,Wallet,Rain,High
ORD_005045,CUST_00185,REST_0063,2025-06-05 20:28:52,Delivered,202.02,20.62,3,UPI,Clear,High
ORD_005046,CUST_00276,REST_0130,2025-04-30 12:53:31,Cancelled,591.97,0.0,4,UPI,Cloudy,High
ORD_005047,CUST_01433,REST_0008,2025-05-20 22:10:36,Delivered,676.57,118.68,3,UPI,Cloudy,Medium
ORD_005048,CUST_01110,REST_0154,2025-05-19 11:37:44,Delivered,1970.22,464.54,4,Cash,Clear,Low
ORD_005049,CUST_01105,REST_0076,2025-03-21 19:49:00,Delivered,80.0,5.79,2,UPI,Clear,Low
ORD_005050,CUST_00112,REST_0101,2025-03-30 20:51:31,Delivered,1273.96,205.44,5,UPI,Clear,Medium
ORD_005051,CUST_01345,REST_0097,2025-01-06 13:38:22,Delivered,141.43,0.71,1,UPI,Clear,High
ORD_005052,CUST_00668,REST_0061,2025-06-07 11:10:25,Delivered,727.26,48.79,6,Wallet,Rain,High
ORD_005053,CUST_00997,REST_0132,2025-05-11 07:06:43,Delivered,559.26,82.34,2,Debit Card,Heavy Rain,Severe
ORD_005054,CUST_01441,REST_0025,2025-03-19 21:14:00,Delivered,202.24,6.32,3,UPI,Rain,High
ORD_005055,CUST_00153,REST_0174,2025-03-02 11:02:29,Delivered,253.03,108.77,3,Credit Card,Clear,Low
ORD_005056,CUST_00726,REST_0123,2025-06-01 14:43:39,Delivered,487.51,47.5,2,Wallet,Clear,Medium
ORD_005057,CUST_00076,REST_0050,2025-03-11 20:36:00,Delivered,1857.75,319.64,5,UPI,Clear,Medium
ORD_005058,CUST_00753,REST_0128,2025-03-24 18:08:00,Delivered,322.16,17.49,2,UPI,Clear,Medium
ORD_005059,CUST_00382,REST_0088,2025-04-15 21:36:42,Delivered,80.0,21.71,1,UPI,Clear,Medium
ORD_005060,CUST_01368,REST_0145,2025-04-03 11:09:35,Delivered,411.58,53.86,4,Wallet,Clear,Low
ORD_005061,CUST_00596,REST_0025,2025-02-26 20:42:40,Delivered,135.43,8.25,3,UPI,Clear,Low
ORD_005062,CUST_00956,REST_0188,2025-03-06 18:23:01,Delivered,191.49,22.4,3,UPI,Rain,Low
ORD_005063,CUST_01293,REST_0175,2025-06-24 20:19:15,Delivered,414.02,69.67,2,Wallet,Cloudy,Medium
ORD_005064,CUST_01475,REST_0068,2025-06-11 13:28:53,Delivered,1145.86,261.74,4,Credit Card,Cloudy,Medium
ORD_005065,CUST_00759,REST_0075,2025-02-20 12:29:57,Delivered,282.1,11.57,1,Wallet,Cloudy,Medium
ORD_005066,CUST_00685,REST_0016,2025-06-12 17:36:45,Delivered,729.31,63.31,3,Wallet,Cloudy,Severe
ORD_005067,CUST_00116,REST_0190,2025-04-13 20:17:10,Delivered,3359.57,127.72,4,Credit Card,Clear,Low
ORD_005068,CUST_00020,REST_0182,2025-01-27 13:42:49,Delivered,1053.09,47.72,4,UPI,Clear,High
ORD_005069,CUST_00918,REST_0068,2025-04-08 13:46:07,Delivered,2111.71,65.67,6,UPI,Rain,Severe
ORD_005070,CUST_00101,REST_0014,2025-03-12 14:51:11,Delivered,287.35,35.5,3,UPI,Cloudy,Medium
ORD_005071,CUST_00568,REST_0005,2025-04-15 14:18:53,Delivered,247.89,21.96,5,UPI,Clear,High
ORD_005072,CUST_00006,REST_0154,2025-01-01 20:54:12,Delivered,1969.24,430.94,4,UPI,Clear,Medium
ORD_005073,CUST_00928,REST_0118,2025-04-23 19:14:00,Delivered,671.26,82.48,3,UPI,Rain,High
ORD_005074,CUST_00639,REST_0029,2025-06-02 18:33:34,Delivered,832.92,85.62,4,Debit Card,Clear,Low
ORD_005075,CUST_00194,REST_0012,2025-03-22 07:50:11,Delivered,981.4,161.73,2,UPI,Heavy Rain,Severe
ORD_005076,CUST_00447,REST_0134,2025-03-21 12:19:53,Delivered,1282.6,212.26,5,UPI,Clear,Medium
ORD_005077,CUST_00858,REST_0039,2025-05-18 21:46:29,Delivered,852.64,95.67,4,Wallet,Cloudy,Low
ORD_005078,CUST_00992,REST_0148,2025-02-28 08:04:11,Delivered,1152.88,69.88,2,Wallet,Clear,High
ORD_005079,CUST_00696,REST_0049,2025-06-19 20:59:53,Delivered,838.34,45.18,3,UPI,Clear,Low
ORD_005080,CUST_01206,REST_0158,2025-01-12 20:52:52,Cancelled,95.34,0.0,2,UPI,Clear,Low
ORD_005081,CUST_00172,REST_0042,2025-05-25 18:41:57,Delivered,288.32,54.51,5,UPI,Clear,High
ORD_005082,CUST_00129,REST_0137,2025-04-09 13:58:00,Delivered,1301.35,66.98,2,Wallet,Clear,Medium
ORD_005083,CUST_00068,REST_0044,2025-06-17 20:37:37,Delivered,179.33,40.13,2,UPI,Cloudy,Low
ORD_005084,CUST_00806,REST_0155,2025-04-09 13:57:00,Delivered,180.41,14.33,2,Wallet,Clear,Low
ORD_005085,CUST_01063,REST_0131,2025-05-24 12:39:34,Delivered,497.19,119.52,2,UPI,Clear,Medium
ORD_005086,CUST_00199,REST_0092,2025-06-17 12:16:50,Delivered,1124.46,71.43,4,UPI,Rain,High
ORD_005087,CUST_00964,REST_0010,2025-05-28 11:59:37,Delivered,329.34,12.45,3,UPI,Clear,Medium
ORD_005088,CUST_00718,REST_0119,2025-03-04 11:36:18,Delivered,903.09,243.89,3,Debit Card,Clear,Medium
ORD_005089,CUST_01480,REST_0099,2025-01-21 20:38:40,Delivered,1058.54,92.73,4,Debit Card,Clear,Medium
ORD_005090,CUST_01080,REST_0043,2025-01-12 19:14:27,Delivered,796.89,65.94,2,UPI,Rain,Medium
ORD_005091,CUST_00993,REST_0043,2025-04-30 18:22:51,Delivered,478.17,11.1,2,Debit Card,Clear,Severe
ORD_005092,CUST_00859,REST_0199,2025-01-15 17:03:34,Delivered,368.17,6.59,4,UPI,Rain,Low
ORD_005093,CUST_01497,REST_0116,2025-04-05 19:31:32,Delivered,570.17,66.72,5,UPI,Clear,Medium
ORD_005094,CUST_01470,REST_0018,2025-01-20 21:54:00,Delivered,834.56,14.54,3,Debit Card,Cloudy,Medium
ORD_005095,CUST_00809,REST_0051,2025-03-21 14:10:00,Cancelled,420.73,0.0,5,UPI,Cloudy,High
ORD_005096,CUST_00685,REST_0191,2025-01-18 14:01:48,Delivered,734.45,71.75,5,UPI,Cloudy,Low
ORD_005097,CUST_00696,REST_0197,2025-04-16 13:13:50,Delivered,364.62,7.6,4,UPI,Cloudy,Severe
ORD_005098,CUST_00644,REST_0012,2025-03-04 19:30:00,Delivered,1446.62,173.9,3,UPI,Heavy Rain,High
ORD_005099,CUST_00800,REST_0123,2025-03-10 04:04:55,Cancelled,610.25,0.0,4,Credit Card,Clear,Medium
ORD_005100,CUST_00412,REST_0179,2025-02-25 19:43:07,Delivered,5000.0,443.3,5,Credit Card,Cloudy,Low
ORD_005101,CUST_01391,REST_0107,2025-05-21 18:10:14,Delivered,216.65,38.8,3,UPI,Cloudy,Medium
ORD_005102,CUST_00739,REST_0012,2025-04-30 20:19:00,Delivered,1314.07,197.14,3,Credit Card,Clear,Low
ORD_005103,CUST_01264,REST_0066,2025-05-19 19:28:23,Delivered,583.3,61.96,3,Cash,Clear,High
ORD_005104,CUST_00716,REST_0060,2025-03-25 14:37:04,Delivered,786.48,181.78,3,UPI,Cloudy,Medium
ORD_005105,CUST_01082,REST_0085,2025-02-14 20:03:03,Delivered,262.02,6.2,2,UPI,Clear,Medium
ORD_005106,CUST_00505,REST_0195,2025-03-03 10:12:00,Delivered,839.61,148.87,3,UPI,Cloudy,Low
ORD_005107,CUST_00943,REST_0054,2025-06-24 16:59:51,Delivered,123.53,47.87,1,UPI,Clear,Medium
ORD_005108,CUST_00751,REST_0184,2025-05-04 14:57:32,Failed,4225.48,0.0,5,UPI,Cloudy,High
ORD_005109,CUST_00548,REST_0098,2025-02-17 11:26:40,Cancelled,490.47,0.0,2,UPI,Cloudy,High
ORD_005110,CUST_01325,REST_0187,2025-01-01 22:34:35,Delivered,309.16,44.0,3,UPI,Heavy Rain,High
ORD_005111,CUST_00173,REST_0127,2025-06-09 22:46:22,Delivered,388.66,80.25,2,UPI,Clear,Severe
ORD_005112,CUST_00734,REST_0011,2025-01-15 09:24:54,Delivered,491.14,29.58,4,Credit Card,Clear,Medium
ORD_005113,CUST_00292,REST_0027,2025-05-10 17:58:31,Delivered,617.29,58.83,2,Wallet,Rain,Low
ORD_005114,CUST_01294,REST_0005,2025-02-24 08:34:55,Delivered,257.78,18.58,6,Credit Card,Clear,Low
ORD_005115,CUST_00383,REST_0017,2025-01-29 18:19:46,Delivered,829.35,149.4,4,Credit Card,Clear,Medium
ORD_005116,CUST_00955,REST_0006,2025-06-13 13:21:17,Delivered,395.4,12.8,4,Wallet,Clear,Medium
ORD_005117,CUST_00250,REST_0002,2025-02-22 18:38:11,Delivered,3854.93,349.36,4,Cash,Cloudy,Medium
ORD_005118,CUST_00607,REST_0018,2025-01-11 22:25:29,Cancelled,639.28,0.0,3,UPI,Clear,High
ORD_005119,CUST_01351,REST_0196,2025-03-20 22:52:17,Delivered,515.46,102.01,3,Credit Card,Cloudy,Medium
ORD_005120,CUST_00250,REST_0002,2025-05-16 19:19:11,Delivered,2626.18,273.2,3,UPI,Clear,Low
ORD_005121,CUST_01001,REST_0158,2025-03-08 18:11:53,Delivered,128.97,11.64,3,Credit Card,Rain,High
ORD_005122,CUST_00308,REST_0039,2025-03-21 12:09:18,Delivered,370.19,26.16,2,UPI,Heavy Rain,High
ORD_005123,CUST_00623,REST_0140,2025-05-22 07:21:03,Delivered,143.51,24.4,3,UPI,Clear,Medium
ORD_005124,CUST_00813,REST_0081,2025-04-26 21:57:17,Delivered,143.98,3.18,3,Credit Card,Rain,High
ORD_005125,CUST_00870,REST_0081,2025-03-23 09:41:19,Failed,183.38,0.0,3,Credit Card,Clear,High
ORD_005126,CUST_00909,REST_0163,2025-03-25 13:56:00,Delivered,177.19,5.27,1,UPI,Cloudy,Medium
ORD_005127,CUST_00966,REST_0108,2025-01-10 12:22:11,Delivered,353.94,36.04,4,Wallet,Rain,Medium
ORD_005128,CUST_00409,REST_0096,2025-01-13 12:12:32,Delivered,200.05,42.31,2,Debit Card,Clear,Severe
ORD_005129,CUST_00600,REST_0068,2025-04-05 14:27:18,Delivered,422.5,10.86,2,UPI,Cloudy,High
ORD_005130,CUST_00057,REST_0156,2025-04-06 09:12:28,Delivered,736.46,89.78,5,Credit Card,Cloudy,Medium
ORD_005131,CUST_01155,REST_0026,2025-06-24 12:31:35,Delivered,2055.04,87.72,7,UPI,Clear,Medium
ORD_005132,CUST_01255,REST_0096,2025-04-28 12:10:55,Delivered,501.53,60.95,3,UPI,Clear,Low
ORD_005133,CUST_00300,REST_0179,2025-01-19 07:46:51,Delivered,2909.72,684.41,4,Wallet,Cloudy,Medium
ORD_005134,CUST_00304,REST_0116,2025-06-27 00:48:30,Delivered,376.13,63.31,3,Wallet,Clear,Medium
ORD_005135,CUST_00065,REST_0099,2025-06-23 16:35:52,Delivered,495.98,63.68,2,UPI,Rain,High
ORD_005136,CUST_01456,REST_0097,2025-06-08 11:58:19,Delivered,214.02,15.13,2,UPI,Heavy Rain,High
ORD_005137,CUST_01211,REST_0001,2025-05-30 21:44:18,Delivered,80.0,3.68,2,Debit Card,Rain,High
ORD_005138,CUST_00538,REST_0063,2025-01-31 22:54:38,Delivered,327.48,37.92,4,Debit Card,Clear,Low
ORD_005139,CUST_00726,REST_0072,2025-06-08 08:57:31,Delivered,613.07,55.02,3,UPI,Clear,Medium
ORD_005140,CUST_00440,REST_0041,2025-04-02 13:45:39,Delivered,1761.89,549.52,4,UPI,Cloudy,Medium
ORD_005141,CUST_00901,REST_0049,2025-02-12 23:33:04,Delivered,1848.17,48.95,6,Credit Card,Clear,Severe
ORD_005142,CUST_01080,REST_0024,2025-03-16 09:16:43,Delivered,1209.42,275.55,4,Wallet,Rain,High
ORD_005143,CUST_00674,REST_0119,2025-06-27 21:40:50,Delivered,716.18,199.16,3,UPI,Clear,Medium
ORD_005144,CUST_01312,REST_0119,2025-03-19 17:57:50,Delivered,839.33,111.33,2,Debit Card,Clear,Medium
ORD_005145,CUST_00779,REST_0039,2025-02-21 13:14:52,Delivered,523.53,142.62,2,UPI,Clear,Low
ORD_005146,CUST_00219,REST_0008,2025-06-30 22:04:30,Delivered,473.43,73.29,2,Credit Card,Cloudy,Low
ORD_005147,CUST_00939,REST_0189,2025-03-17 22:09:29,Delivered,191.36,21.84,2,Credit Card,Cloudy,High
ORD_005148,CUST_00696,REST_0181,2025-06-21 15:19:27,Delivered,203.89,23.21,3,Cash,Cloudy,Severe
ORD_005149,CUST_01405,REST_0104,2025-04-12 19:17:00,Delivered,330.79,67.22,2,UPI,Clear,Medium
ORD_005150,CUST_00585,REST_0127,2025-02-18 02:50:04,Delivered,968.21,117.49,3,UPI,Cloudy,Low
ORD_005151,CUST_00603,REST_0059,2025-03-05 21:07:29,Cancelled,307.45,0.0,2,Credit Card,Clear,High
ORD_005152,CUST_00982,REST_0068,2025-01-17 11:15:31,Delivered,1264.45,57.36,4,Cash,Rain,Low
ORD_005153,CUST_00794,REST_0161,2025-01-27 14:41:15,Delivered,1297.58,58.2,3,Credit Card,Cloudy,Medium
ORD_005154,CUST_00559,REST_0145,2025-06-22 21:39:19,Delivered,160.68,44.07,3,UPI,Cloudy,Medium
ORD_005155,CUST_01484,REST_0041,2025-01-07 21:28:51,Delivered,1065.41,261.32,2,Debit Card,Clear,Severe
ORD_005156,CUST_00455,REST_0132,2025-05-11 12:31:29,Delivered,139.27,11.38,1,Credit Card,Clear,Medium
ORD_005157,CUST_00418,REST_0110,2025-01-11 20:49:24,Delivered,183.68,12.01,1,UPI,Clear,Medium
ORD_005158,CUST_01299,REST_0129,2025-01-09 18:14:18,Delivered,811.77,91.16,4,UPI,Clear,High
ORD_005159,CUST_00005,REST_0113,2025-05-23 22:55:39,Cancelled,482.33,0.0,4,Credit Card,Rain,Medium
ORD_005160,CUST_00303,REST_0110,2025-05-21 22:52:30,Delivered,293.3,35.85,2,Debit Card,Cloudy,Medium
ORD_005161,CUST_00891,REST_0092,2025-02-24 13:15:00,Delivered,972.78,131.85,4,Wallet,Heavy Rain,High
ORD_005162,CUST_00246,REST_0116,2025-06-27 20:06:22,Delivered,170.42,9.53,1,UPI,Clear,Medium
ORD_005163,CUST_01478,REST_0002,2025-04-09 11:21:15,Delivered,2008.8,251.39,2,UPI,Cloudy,Low
ORD_005164,CUST_00699,REST_0065,2025-04-03 21:28:24,Delivered,128.47,11.14,2,UPI,Rain,Medium
ORD_005165,CUST_00901,REST_0138,2025-01-02 10:31:35,Delivered,309.99,32.33,3,UPI,Clear,Low
ORD_005166,CUST_00243,REST_0144,2025-04-06 11:54:36,Delivered,252.48,18.65,4,Cash,Clear,Severe
ORD_005167,CUST_00436,REST_0037,2025-04-12 16:04:05,Delivered,500.68,109.14,3,UPI,Cloudy,Medium
ORD_005168,CUST_00927,REST_0194,2025-05-30 20:42:14,Delivered,129.76,10.52,3,UPI,Cloudy,Low
ORD_005169,CUST_00826,REST_0095,2025-04-08 13:16:43,Delivered,335.09,37.76,1,Debit Card,Rain,Low
ORD_005170,CUST_01178,REST_0144,2025-04-18 18:38:01,Delivered,97.32,15.16,2,UPI,Rain,High
ORD_005171,CUST_00406,REST_0101,2025-02-14 19:46:27,Delivered,868.21,318.73,3,UPI,Clear,Medium
ORD_005172,CUST_00987,REST_0003,2025-05-02 17:52:51,Delivered,821.33,281.18,6,UPI,Clear,Low
ORD_005173,CUST_00439,REST_0035,2025-05-29 21:27:02,Delivered,471.34,25.67,3,UPI,Clear,Low
ORD_005174,CUST_00885,REST_0200,2025-04-04 19:50:51,Cancelled,1291.68,0.0,4,UPI,Rain,Medium
ORD_005175,CUST_00913,REST_0181,2025-02-16 23:48:32,Delivered,189.73,2.86,3,UPI,Clear,Medium
ORD_005176,CUST_00186,REST_0127,2025-05-23 22:59:33,Delivered,1423.48,83.43,5,UPI,Cloudy,Medium
ORD_005177,CUST_00825,REST_0015,2025-03-31 10:21:15,Delivered,538.45,157.89,5,UPI,Cloudy,Medium
ORD_005178,CUST_00018,REST_0115,2025-04-14 14:04:50,Delivered,576.1,21.43,4,UPI,Cloudy,Medium
ORD_005179,CUST_00755,REST_0102,2025-05-14 19:29:36,Failed,173.74,0.0,2,Debit Card,Rain,High
ORD_005180,CUST_01051,REST_0012,2025-06-09 18:50:44,Delivered,564.86,144.26,1,UPI,Clear,Low
ORD_005181,CUST_00113,REST_0054,2025-06-05 22:42:00,Delivered,1824.58,253.21,6,Credit Card,Cloudy,Medium
ORD_005182,CUST_01410,REST_0025,2025-05-30 12:57:26,Delivered,80.0,3.61,1,Credit Card,Cloudy,Low
ORD_005183,CUST_00690,REST_0055,2025-02-25 20:23:00,Delivered,449.94,77.25,3,Credit Card,Clear,Low
ORD_005184,CUST_01409,REST_0097,2025-05-01 19:23:17,Cancelled,103.38,0.0,1,Debit Card,Clear,Medium
ORD_005185,CUST_00164,REST_0074,2025-04-29 23:15:32,Delivered,3189.74,13.0,6,UPI,Cloudy,High
ORD_005186,CUST_01426,REST_0082,2025-03-15 20:44:18,Delivered,1591.99,514.9,8,UPI,Clear,Medium
ORD_005187,CUST_00167,REST_0123,2025-04-01 21:30:20,Delivered,312.87,64.82,2,UPI,Clear,Low
ORD_005188,CUST_00695,REST_0130,2025-01-16 06:22:40,Delivered,589.66,191.07,3,Debit Card,Clear,Low
ORD_005189,CUST_01409,REST_0039,2025-05-26 21:55:36,Delivered,998.01,6.23,4,UPI,Cloudy,High
ORD_005190,CUST_00352,REST_0013,2025-03-16 18:20:31,Delivered,324.33,31.52,2,Debit Card,Rain,Medium
ORD_005191,CUST_00054,REST_0011,2025-03-12 19:26:05,Delivered,390.46,100.59,3,UPI,Clear,Low
ORD_005192,CUST_01190,REST_0124,2025-06-15 14:45:34,Delivered,444.77,58.08,6,Wallet,Clear,Low
ORD_005193,CUST_00898,REST_0105,2025-02-19 17:08:15,Delivered,214.04,33.06,1,UPI,Clear,Medium
ORD_005194,CUST_00774,REST_0070,2025-06-29 13:28:27,Delivered,301.18,22.66,4,UPI,Cloudy,Low
ORD_005195,CUST_00053,REST_0043,2025-05-19 11:31:23,Delivered,1856.13,68.75,5,UPI,Clear,High
ORD_005196,CUST_00986,REST_0052,2025-02-20 22:06:17,Delivered,1105.5,346.55,2,UPI,Clear,Medium
ORD_005197,CUST_00258,REST_0152,2025-01-03 22:43:45,Delivered,497.15,35.91,5,Credit Card,Clear,Medium
ORD_005198,CUST_01398,REST_0093,2025-04-05 15:13:00,Delivered,137.93,29.55,2,Credit Card,Clear,Low
ORD_005199,CUST_01033,REST_0036,2025-05-03 22:14:32,Delivered,1297.21,74.24,2,Credit Card,Rain,Medium
ORD_005200,CUST_01064,REST_0124,2025-05-21 19:54:21,Delivered,483.94,104.36,6,Cash,Cloudy,Medium
ORD_005201,CUST_00352,REST_0187,2025-03-21 12:07:19,Delivered,128.65,16.02,2,UPI,Cloudy,Medium
ORD_005202,CUST_01324,REST_0122,2025-02-16 20:17:22,Delivered,80.0,7.41,2,UPI,Rain,Medium
ORD_005203,CUST_00809,REST_0010,2025-05-09 20:01:04,Delivered,235.0,43.33,3,Debit Card,Rain,Medium
ORD_005204,CUST_01287,REST_0077,2025-01-18 17:52:28,Cancelled,89.59,0.0,1,Cash,Clear,Medium
ORD_005205,CUST_00409,REST_0095,2025-02-04 18:56:23,Delivered,997.24,116.03,3,Credit Card,Cloudy,Medium
ORD_005206,CUST_01136,REST_0018,2025-05-21 16:42:38,Delivered,764.7,83.46,3,Wallet,Rain,Severe
ORD_005207,CUST_00866,REST_0066,2025-06-11 13:26:49,Delivered,707.39,231.0,4,Wallet,Clear,Medium
ORD_005208,CUST_00074,REST_0186,2025-05-19 17:19:11,Delivered,349.13,54.43,4,Debit Card,Cloudy,Medium
ORD_005209,CUST_00607,REST_0167,2025-02-26 22:56:00,Delivered,132.26,3.04,3,Wallet,Heavy Rain,High
ORD_005210,CUST_00276,REST_0100,2025-05-30 07:39:26,Delivered,833.83,136.68,4,Credit Card,Clear,Low
ORD_005211,CUST_00536,REST_0163,2025-05-17 19:53:47,Delivered,1014.3,68.74,3,UPI,Cloudy,High
ORD_005212,CUST_00573,REST_0006,2025-06-15 21:42:04,Delivered,198.35,29.78,2,UPI,Clear,Medium
ORD_005213,CUST_00716,REST_0131,2025-03-22 13:34:50,Delivered,414.33,30.0,2,Credit Card,Cloudy,Medium
ORD_005214,CUST_00906,REST_0132,2025-03-13 07:02:00,Failed,246.26,0.0,1,Cash,Clear,Low
ORD_005215,CUST_00860,REST_0185,2025-03-03 11:29:41,Delivered,467.24,105.57,5,UPI,Clear,Low
ORD_005216,CUST_00059,REST_0125,2025-03-31 11:39:50,Delivered,489.5,55.81,2,Credit Card,Rain,Medium
ORD_005217,CUST_01128,REST_0104,2025-04-17 18:43:49,Delivered,848.79,68.17,5,UPI,Cloudy,High
ORD_005218,CUST_01426,REST_0105,2025-03-08 16:40:47,Delivered,650.23,9.95,3,UPI,Heavy Rain,High
ORD_005219,CUST_00522,REST_0133,2025-05-20 11:43:07,Delivered,1074.57,73.14,5,UPI,Cloudy,High
ORD_005220,CUST_00270,REST_0128,2025-04-27 22:10:55,Delivered,395.56,10.29,4,Debit Card,Rain,Medium
ORD_005221,CUST_00812,REST_0140,2025-05-14 17:45:38,Delivered,171.32,20.17,2,Cash,Rain,Medium
ORD_005222,CUST_01061,REST_0052,2025-05-08 08:48:35,Delivered,1715.74,53.59,3,UPI,Clear,Low
ORD_005223,CUST_01023,REST_0014,2025-03-25 13:09:23,Delivered,150.34,17.91,1,UPI,Rain,High
ORD_005224,CUST_00923,REST_0063,2025-06-06 20:35:44,Delivered,261.29,83.06,3,UPI,Clear,Medium
ORD_005225,CUST_00222,REST_0138,2025-05-14 21:13:56,Delivered,374.01,21.56,3,Debit Card,Rain,High
ORD_005226,CUST_01255,REST_0004,2025-05-11 17:37:33,Delivered,797.31,122.34,4,UPI,Cloudy,Medium
ORD_005227,CUST_00639,REST_0048,2025-04-02 08:57:00,Delivered,80.0,12.66,1,Debit Card,Clear,Medium
ORD_005228,CUST_00334,REST_0055,2025-06-21 22:03:59,Delivered,342.45,5.63,3,Debit Card,Rain,Medium
ORD_005229,CUST_00132,REST_0188,2025-05-31 21:43:54,Delivered,95.22,6.78,2,UPI,Clear,Medium
ORD_005230,CUST_00625,REST_0194,2025-03-16 12:57:58,Delivered,127.42,5.4,2,UPI,Cloudy,Medium
ORD_005231,CUST_00932,REST_0023,2025-04-16 03:04:41,Delivered,180.57,33.8,1,UPI,Clear,Medium
ORD_005232,CUST_01004,REST_0167,2025-04-02 11:26:15,Delivered,80.0,15.44,2,Wallet,Clear,Low
ORD_005233,CUST_01445,REST_0083,2025-05-10 12:40:13,Delivered,3180.13,1000.0,4,UPI,Cloudy,Medium
ORD_005234,CUST_00233,REST_0116,2025-06-24 12:25:07,Delivered,298.14,129.41,3,UPI,Clear,Low
ORD_005235,CUST_01478,REST_0030,2025-03-16 14:32:00,Delivered,87.1,21.18,1,Credit Card,Clear,Medium
ORD_005236,CUST_00989,REST_0103,2025-05-03 17:10:43,Delivered,2910.21,372.18,4,Credit Card,Clear,Low
ORD_005237,CUST_00684,REST_0119,2025-06-01 09:17:48,Delivered,147.78,15.1,1,Credit Card,Rain,Medium
ORD_005238,CUST_01334,REST_0198,2025-06-03 14:12:37,Delivered,568.18,28.95,4,Wallet,Clear,Medium
ORD_005239,CUST_01046,REST_0197,2025-05-22 11:27:58,Delivered,524.13,34.65,3,Wallet,Rain,High
ORD_005240,CUST_00522,REST_0088,2025-04-28 11:42:39,Delivered,126.12,5.16,3,Debit Card,Clear,Low
ORD_005241,CUST_01329,REST_0093,2025-01-04 13:55:09,Delivered,98.78,18.41,1,UPI,Clear,Low
ORD_005242,CUST_01006,REST_0067,2025-03-22 19:12:21,Delivered,471.74,56.77,4,UPI,Clear,Low
ORD_005243,CUST_01053,REST_0127,2025-02-25 20:27:32,Delivered,231.39,6.77,1,Debit Card,Clear,Low
ORD_005244,CUST_01347,REST_0173,2025-05-21 14:54:57,Delivered,773.63,322.14,2,UPI,Clear,Medium
ORD_005245,CUST_00676,REST_0135,2025-06-02 20:32:56,Delivered,479.69,37.19,3,Debit Card,Clear,Medium
ORD_005246,CUST_00992,REST_0114,2025-02-06 21:33:02,Delivered,668.69,79.45,4,UPI,Clear,Medium
ORD_005247,CUST_01120,REST_0060,2025-01-30 13:17:22,Delivered,489.12,122.65,2,UPI,Cloudy,Medium
ORD_005248,CUST_00683,REST_0101,2025-03-07 20:26:47,Delivered,1229.67,294.42,6,UPI,Clear,Medium
ORD_005249,CUST_00128,REST_0004,2025-03-04 19:00:21,Delivered,697.15,58.03,2,UPI,Clear,High
ORD_005250,CUST_01158,REST_0024,2025-03-15 20:58:14,Failed,1203.09,0.0,3,Credit Card,Clear,Medium
ORD_005251,CUST_00074,REST_0098,2025-06-27 21:17:24,Delivered,339.99,62.25,2,UPI,Rain,High
ORD_005252,CUST_01081,REST_0146,2025-01-22 07:36:06,Delivered,1018.92,158.03,3,Debit Card,Clear,Medium
ORD_005253,CUST_01367,REST_0011,2025-01-24 19:05:20,Delivered,107.24,3.8,1,UPI,Rain,Medium
ORD_005254,CUST_00519,REST_0058,2025-03-12 14:07:59,Delivered,441.82,47.93,3,Debit Card,Cloudy,High
ORD_005255,CUST_00156,REST_0042,2025-06-29 18:02:44,Delivered,126.05,3.97,3,UPI,Cloudy,High
ORD_005256,CUST_00352,REST_0071,2025-05-17 10:25:25,Delivered,1817.55,50.71,6,UPI,Clear,Low
ORD_005257,CUST_00846,REST_0075,2025-02-14 18:38:00,Delivered,515.71,58.68,2,UPI,Clear,Medium
ORD_005258,CUST_01416,REST_0157,2025-05-12 21:33:05,Delivered,1188.02,145.67,5,UPI,Cloudy,Medium
ORD_005259,CUST_00772,REST_0180,2025-03-20 21:41:35,Delivered,96.48,5.44,2,UPI,Cloudy,Low
ORD_005260,CUST_00173,REST_0032,2025-02-15 01:43:39,Delivered,1170.05,100.57,6,Credit Card,Cloudy,High
ORD_005261,CUST_00947,REST_0139,2025-03-11 11:24:18,Delivered,113.23,10.92,3,UPI,Cloudy,Medium
ORD_005262,CUST_01103,REST_0137,2025-01-03 18:45:13,Delivered,5000.0,288.33,7,Credit Card,Clear,Medium
ORD_005263,CUST_00587,REST_0188,2025-06-16 13:54:10,Delivered,80.0,24.38,1,UPI,Clear,Medium
ORD_005264,CUST_01086,REST_0182,2025-04-24 08:29:43,Delivered,1468.63,146.88,5,UPI,Clear,Medium
ORD_005265,CUST_00488,REST_0025,2025-03-22 20:28:16,Delivered,94.01,19.78,2,UPI,Rain,High
ORD_005266,CUST_01184,REST_0188,2025-02-02 18:46:50,Delivered,88.0,29.18,1,Credit Card,Cloudy,Medium
ORD_005267,CUST_00511,REST_0183,2025-01-10 21:22:38,Delivered,406.03,12.41,3,UPI,Clear,Low
ORD_005268,CUST_00387,REST_0031,2025-02-08 19:21:51,Delivered,168.36,31.49,1,Debit Card,Heavy Rain,Severe
ORD_005269,CUST_01321,REST_0083,2025-02-10 21:08:22,Delivered,2764.77,496.32,4,UPI,Cloudy,Medium
ORD_005270,CUST_00825,REST_0024,2025-03-29 19:58:08,Cancelled,398.22,0.0,2,UPI,Rain,Medium
ORD_005271,CUST_00430,REST_0090,2025-03-05 14:59:22,Delivered,985.53,16.11,2,Credit Card,Rain,Medium
ORD_005272,CUST_01404,REST_0076,2025-06-02 13:50:21,Cancelled,196.64,0.0,3,UPI,Cloudy,High
ORD_005273,CUST_01041,REST_0043,2025-06-20 21:05:35,Cancelled,696.33,0.0,3,Wallet,Clear,Severe
ORD_005274,CUST_00333,REST_0017,2025-02-15 23:48:46,Delivered,783.62,176.04,4,UPI,Clear,Low
ORD_005275,CUST_00927,REST_0176,2025-02-02 12:12:55,Delivered,985.21,26.67,5,Cash,Clear,Low
ORD_005276,CUST_01308,REST_0172,2025-03-08 20:55:40,Delivered,1129.95,120.92,2,UPI,Cloudy,High
ORD_005277,CUST_01049,REST_0072,2025-01-28 14:31:22,Delivered,316.51,24.2,2,UPI,Clear,Medium
ORD_005278,CUST_00369,REST_0098,2025-03-29 19:02:16,Delivered,770.6,122.73,3,UPI,Clear,Medium
ORD_005279,CUST_00979,REST_0098,2025-01-07 16:23:08,Delivered,258.8,52.44,1,UPI,Clear,Low
ORD_005280,CUST_00934,REST_0025,2025-04-24 19:55:57,Delivered,173.97,30.82,4,UPI,Rain,High
ORD_005281,CUST_01232,REST_0193,2025-03-27 11:16:18,Delivered,88.21,15.12,2,UPI,Clear,Low
ORD_005282,CUST_00268,REST_0168,2025-01-09 22:37:18,Delivered,1122.14,35.47,3,UPI,Clear,Medium
ORD_005283,CUST_01054,REST_0198,2025-05-16 19:37:44,Delivered,402.32,67.3,2,Credit Card,Cloudy,Medium
ORD_005284,CUST_00043,REST_0001,2025-05-29 19:33:11,Delivered,126.67,5.31,3,Credit Card,Clear,Medium
ORD_005285,CUST_01049,REST_0057,2025-02-08 20:16:31,Delivered,1397.77,143.76,4,Debit Card,Clear,Medium
ORD_005286,CUST_01442,REST_0114,2025-05-16 10:30:18,Delivered,140.62,12.62,1,Credit Card,Clear,Low
ORD_005287,CUST_00262,REST_0066,2025-01-09 23:47:49,Delivered,305.95,12.77,2,Debit Card,Clear,Low
ORD_005288,CUST_00469,REST_0110,2025-06-16 11:30:18,Delivered,1163.28,271.9,7,Wallet,Clear,Medium
ORD_005289,CUST_00878,REST_0126,2025-02-02 19:44:00,Delivered,244.69,15.77,2,UPI,Rain,High
ORD_005290,CUST_01102,REST_0176,2025-06-12 21:33:33,Delivered,1147.17,12.41,4,Wallet,Cloudy,Low
ORD_005291,CUST_00515,REST_0051,2025-04-06 18:32:17,Delivered,241.01,24.62,2,Wallet,Rain,Medium
ORD_005292,CUST_01003,REST_0002,2025-03-10 11:26:41,Delivered,826.08,29.86,1,UPI,Cloudy,Medium
ORD_005293,CUST_01351,REST_0174,2025-04-12 04:45:55,Delivered,322.41,41.45,3,UPI,Cloudy,Medium
ORD_005294,CUST_01093,REST_0110,2025-02-17 12:20:39,Delivered,626.28,85.72,4,UPI,Clear,High
ORD_005295,CUST_01071,REST_0041,2025-05-01 21:21:53,Delivered,406.28,32.86,1,Credit Card,Clear,Medium
ORD_005296,CUST_00571,REST_0173,2025-03-06 14:14:13,Delivered,877.18,92.63,2,UPI,Cloudy,Low
ORD_005297,CUST_01368,REST_0170,2025-03-10 11:05:40,Delivered,573.32,71.07,2,Debit Card,Clear,Low
ORD_005298,CUST_00417,REST_0061,2025-06-08 13:57:24,Delivered,551.65,75.33,5,Debit Card,Clear,High
ORD_005299,CUST_00309,REST_0182,2025-06-28 14:52:57,Delivered,2001.23,539.99,5,UPI,Cloudy,Medium
ORD_005300,CUST_00544,REST_0087,2025-06-26 06:14:05,Delivered,477.22,8.87,2,UPI,Cloudy,Medium
ORD_005301,CUST_00982,REST_0019,2025-01-07 16:51:50,Delivered,178.31,5.08,3,UPI,Cloudy,Medium
ORD_005302,CUST_01295,REST_0139,2025-01-04 22:01:47,Cancelled,242.45,0.0,5,UPI,Rain,Medium
ORD_005303,CUST_00201,REST_0004,2025-06-12 13:16:09,Delivered,1161.58,146.36,4,UPI,Clear,Severe
ORD_005304,CUST_01221,REST_0161,2025-03-09 23:42:37,Delivered,493.21,70.6,1,UPI,Cloudy,Medium
ORD_005305,CUST_01220,REST_0106,2025-02-20 18:54:09,Delivered,376.25,42.04,2,UPI,Clear,Medium
ORD_005306,CUST_00885,REST_0151,2025-06-21 18:00:40,Delivered,221.04,40.6,3,UPI,Clear,High
ORD_005307,CUST_01144,REST_0194,2025-03-22 18:59:01,Delivered,106.98,27.45,2,UPI,Clear,Low
ORD_005308,CUST_00273,REST_0199,2025-03-14 19:24:56,Delivered,450.42,60.46,5,Credit Card,Clear,Low
ORD_005309,CUST_00256,REST_0112,2025-04-28 13:49:34,Delivered,1915.67,405.26,3,UPI,Clear,Medium
ORD_005310,CUST_01297,REST_0015,2025-01-22 21:49:55,Delivered,670.87,26.04,6,Debit Card,Clear,Severe
ORD_005311,CUST_00751,REST_0002,2025-05-29 13:50:21,Delivered,2258.44,367.01,3,UPI,Clear,Medium
ORD_005312,CUST_00371,REST_0193,2025-06-05 19:25:22,Delivered,80.0,17.75,1,UPI,Clear,Medium
ORD_005313,CUST_01038,REST_0164,2025-04-22 14:59:22,Delivered,634.84,144.63,3,Debit Card,Clear,Medium
ORD_005314,CUST_01340,REST_0143,2025-06-18 22:51:31,Delivered,719.99,66.89,2,UPI,Cloudy,High
ORD_005315,CUST_00953,REST_0121,2025-02-20 19:43:00,Delivered,533.51,12.33,4,Cash,Clear,Low
ORD_005316,CUST_00520,REST_0024,2025-04-30 14:16:22,Delivered,675.46,62.64,3,UPI,Clear,High
ORD_005317,CUST_00728,REST_0013,2025-04-12 20:21:04,Delivered,360.81,113.44,2,UPI,Clear,Low
ORD_005318,CUST_01131,REST_0037,2025-03-30 12:53:57,Delivered,460.79,73.9,3,Debit Card,Clear,High
ORD_005319,CUST_00104,REST_0125,2025-05-30 19:36:33,Delivered,586.16,30.54,2,Credit Card,Rain,Low
ORD_005320,CUST_00327,REST_0150,2025-04-10 13:56:39,Delivered,674.01,67.12,3,Credit Card,Cloudy,Severe
ORD_005321,CUST_00696,REST_0108,2025-01-20 13:51:03,Delivered,243.69,22.65,3,UPI,Clear,Low
ORD_005322,CUST_00912,REST_0165,2025-03-24 08:23:00,Delivered,240.54,8.68,4,UPI,Clear,Medium
ORD_005323,CUST_00509,REST_0100,2025-03-13 22:17:53,Cancelled,256.22,0.0,1,UPI,Clear,Medium
ORD_005324,CUST_00449,REST_0137,2025-02-19 14:15:29,Delivered,3512.75,533.07,5,UPI,Rain,Severe
ORD_005325,CUST_00063,REST_0188,2025-02-18 20:20:21,Delivered,113.19,13.67,2,UPI,Cloudy,Low
ORD_005326,CUST_00051,REST_0072,2025-06-24 11:55:27,Delivered,1146.43,83.43,5,UPI,Clear,Low
ORD_005327,CUST_00420,REST_0158,2025-06-10 11:15:11,Delivered,106.61,8.38,2,UPI,Clear,Medium
ORD_005328,CUST_00799,REST_0032,2025-05-25 10:15:38,Failed,786.24,0.0,2,UPI,Clear,Medium
ORD_005329,CUST_00837,REST_0155,2025-05-31 19:08:13,Delivered,246.74,65.48,2,Debit Card,Cloudy,Low
ORD_005330,CUST_00745,REST_0007,2025-02-24 10:46:52,Cancelled,1649.09,0.0,2,UPI,Clear,Medium
ORD_005331,CUST_00615,REST_0170,2025-03-31 07:53:09,Delivered,539.31,100.55,2,Credit Card,Clear,Low
ORD_005332,CUST_00382,REST_0196,2025-03-30 07:49:10,Delivered,550.33,41.05,4,Debit Card,Clear,Medium
ORD_005333,CUST_00599,REST_0028,2025-02-20 21:12:56,Delivered,547.3,26.43,3,UPI,Clear,Low
ORD_005334,CUST_00211,REST_0037,2025-05-11 18:09:37,Delivered,301.37,33.28,2,UPI,Clear,Low
ORD_005335,CUST_00177,REST_0029,2025-03-13 17:24:00,Delivered,551.42,46.36,2,UPI,Clear,Medium
ORD_005336,CUST_00452,REST_0127,2025-06-30 21:50:27,Delivered,273.63,9.72,1,UPI,Clear,High
ORD_005337,CUST_01494,REST_0017,2025-03-31 18:07:26,Delivered,615.19,74.61,4,UPI,Clear,Medium
ORD_005338,CUST_00490,REST_0080,2025-05-22 20:05:19,Delivered,194.21,13.55,4,Credit Card,Cloudy,Medium
ORD_005339,CUST_01407,REST_0010,2025-03-23 22:18:00,Delivered,413.77,12.67,3,UPI,Rain,Low
ORD_005340,CUST_00586,REST_0098,2025-04-18 10:25:21,Delivered,1695.95,338.74,8,UPI,Cloudy,Medium
ORD_005341,CUST_00660,REST_0113,2025-02-27 17:47:29,Delivered,343.64,39.66,3,Cash,Cloudy,High
ORD_005342,CUST_01196,REST_0191,2025-03-09 19:46:01,Delivered,298.43,53.37,2,UPI,Rain,Low
ORD_005343,CUST_00143,REST_0015,2025-06-08 18:46:30,Delivered,421.16,231.74,4,UPI,Clear,Low
ORD_005344,CUST_00274,REST_0074,2025-03-30 22:53:57,Delivered,3558.14,969.33,7,Debit Card,Clear,Medium
ORD_005345,CUST_01461,REST_0155,2025-05-10 23:58:31,Cancelled,693.51,0.0,6,UPI,Clear,Medium
ORD_005346,CUST_00762,REST_0154,2025-03-04 21:16:53,Delivered,1509.88,250.42,3,Debit Card,Clear,High
ORD_005347,CUST_00068,REST_0027,2025-05-05 01:32:51,Delivered,1535.89,156.42,5,Wallet,Clear,Low
ORD_005348,CUST_00073,REST_0075,2025-01-29 00:53:01,Delivered,501.2,32.37,2,Debit Card,Rain,Severe
ORD_005349,CUST_01362,REST_0090,2025-02-14 13:42:00,Delivered,1745.89,228.21,3,Debit Card,Clear,Medium
ORD_005350,CUST_01312,REST_0166,2025-03-18 18:30:14,Delivered,476.27,219.55,4,Debit Card,Cloudy,Low
ORD_005351,CUST_00689,REST_0125,2025-04-15 09:49:40,Cancelled,815.26,0.0,3,UPI,Cloudy,Medium
ORD_005352,CUST_00247,REST_0008,2025-04-30 21:40:04,Delivered,1967.08,101.0,6,UPI,Cloudy,High
ORD_005353,CUST_01245,REST_0183,2025-04-19 19:18:19,Delivered,823.24,150.97,4,UPI,Cloudy,Low
ORD_005354,CUST_00487,REST_0122,2025-04-17 20:38:12,Delivered,197.93,19.83,3,Wallet,Rain,High
ORD_005355,CUST_00629,REST_0005,2025-04-29 14:05:46,Cancelled,95.92,0.0,2,UPI,Cloudy,Medium
ORD_005356,CUST_01028,REST_0165,2025-01-08 07:09:40,Delivered,197.47,32.47,3,UPI,Rain,Medium
ORD_005357,CUST_00529,REST_0059,2025-05-12 11:23:46,Delivered,698.35,30.25,5,Credit Card,Cloudy,Medium
ORD_005358,CUST_00948,REST_0055,2025-01-21 18:24:05,Cancelled,379.13,0.0,3,UPI,Rain,Medium
ORD_005359,CUST_01330,REST_0052,2025-05-01 14:35:32,Delivered,1099.27,169.67,2,UPI,Cloudy,High
ORD_005360,CUST_01197,REST_0188,2025-04-04 19:12:38,Cancelled,409.14,0.0,6,Credit Card,Clear,Medium
ORD_005361,CUST_00570,REST_0003,2025-06-15 18:49:03,Delivered,1058.18,268.32,5,Wallet,Clear,Medium
ORD_005362,CUST_00434,REST_0173,2025-03-14 11:43:00,Delivered,1780.1,156.49,4,Wallet,Rain,High
ORD_005363,CUST_00430,REST_0009,2025-06-13 12:13:24,Delivered,2093.81,229.92,4,Credit Card,Clear,Medium
ORD_005364,CUST_00522,REST_0002,2025-04-13 21:06:07,Delivered,3790.89,277.15,5,Debit Card,Rain,Medium
ORD_005365,CUST_00744,REST_0068,2025-02-13 22:55:47,Delivered,566.83,108.2,3,Wallet,Cloudy,Medium
ORD_005366,CUST_00625,REST_0037,2025-03-03 20:25:53,Delivered,1281.24,247.36,6,UPI,Cloudy,Low
ORD_005367,CUST_00202,REST_0145,2025-04-23 22:03:16,Delivered,192.89,18.01,3,Cash,Clear,Low
ORD_005368,CUST_00248,REST_0053,2025-02-25 08:54:00,Delivered,319.86,71.72,1,UPI,Clear,Medium
ORD_005369,CUST_00513,REST_0165,2025-01-03 20:16:53,Delivered,80.0,9.86,1,UPI,Cloudy,Low
ORD_005370,CUST_00846,REST_0133,2025-02-05 12:22:00,Delivered,1259.59,314.79,4,Debit Card,Clear,Low
ORD_005371,CUST_00893,REST_0181,2025-04-10 19:50:53,Delivered,151.92,28.24,3,Debit Card,Clear,Low
ORD_005372,CUST_00733,REST_0009,2025-01-29 12:06:40,Delivered,2942.94,239.71,3,UPI,Cloudy,Severe
ORD_005373,CUST_01111,REST_0028,2025-06-05 20:20:03,Delivered,247.36,15.04,2,UPI,Clear,High
ORD_005374,CUST_01109,REST_0145,2025-05-06 21:14:56,Cancelled,157.68,0.0,2,Credit Card,Cloudy,Medium
ORD_005375,CUST_00643,REST_0106,2025-06-30 13:06:17,Delivered,775.55,181.41,3,Credit Card,Heavy Rain,High
ORD_005376,CUST_00190,REST_0143,2025-03-30 08:51:07,Delivered,714.31,21.41,3,Wallet,Clear,Low
ORD_005377,CUST_00798,REST_0058,2025-01-20 13:18:51,Delivered,396.59,39.49,3,UPI,Clear,Medium
ORD_005378,CUST_00570,REST_0121,2025-03-08 20:37:17,Delivered,89.31,1.15,1,Wallet,Clear,Severe
ORD_005379,CUST_00210,REST_0167,2025-04-01 18:55:20,Delivered,326.25,16.31,4,Credit Card,Clear,Medium
ORD_005380,CUST_01472,REST_0160,2025-05-30 11:42:11,Failed,3802.79,0.0,5,UPI,Clear,Medium
ORD_005381,CUST_00552,REST_0057,2025-06-25 19:26:34,Delivered,1328.59,334.66,5,UPI,Clear,Low
ORD_005382,CUST_00944,REST_0094,2025-05-10 19:07:19,Cancelled,471.2,0.0,4,UPI,Rain,Medium
ORD_005383,CUST_00738,REST_0163,2025-01-08 20:30:54,Cancelled,659.85,0.0,3,UPI,Rain,Medium
ORD_005384,CUST_00217,REST_0087,2025-06-09 20:25:16,Delivered,362.33,39.55,2,UPI,Rain,Medium
ORD_005385,CUST_00085,REST_0047,2025-06-06 11:21:17,Delivered,759.79,52.62,6,Debit Card,Rain,Severe
ORD_005386,CUST_00944,REST_0119,2025-03-10 22:41:06,Delivered,261.68,11.86,1,Debit Card,Cloudy,Low
ORD_005387,CUST_00373,REST_0061,2025-02-16 22:53:38,Delivered,321.43,13.24,3,Credit Card,Rain,Medium
ORD_005388,CUST_00368,REST_0094,2025-01-15 16:57:32,Delivered,341.01,52.98,2,UPI,Clear,High
ORD_005389,CUST_01437,REST_0074,2025-06-25 14:00:35,Delivered,2904.44,329.5,5,Credit Card,Cloudy,High
ORD_005390,CUST_00695,REST_0066,2025-01-17 22:28:59,Delivered,613.43,153.52,4,UPI,Rain,Medium
ORD_005391,CUST_00046,REST_0198,2025-05-14 08:23:10,Cancelled,706.65,0.0,4,Credit Card,Clear,Medium
ORD_005392,CUST_00509,REST_0150,2025-01-05 21:36:26,Delivered,361.97,27.39,2,Wallet,Rain,Severe
ORD_005393,CUST_00881,REST_0159,2025-04-01 12:57:53,Delivered,130.09,18.87,2,UPI,Clear,High
ORD_005394,CUST_00493,REST_0105,2025-03-02 18:44:47,Delivered,681.85,139.52,4,UPI,Cloudy,Medium
ORD_005395,CUST_00042,REST_0020,2025-02-08 20:37:41,Delivered,260.06,15.77,4,UPI,Rain,Medium
ORD_005396,CUST_00669,REST_0126,2025-02-17 22:24:23,Delivered,433.64,89.73,3,UPI,Rain,Medium
ORD_005397,CUST_00162,REST_0150,2025-02-25 11:15:42,Delivered,507.9,80.71,3,Debit Card,Cloudy,Low
ORD_005398,CUST_00934,REST_0008,2025-03-16 17:20:30,Delivered,469.93,48.34,2,Wallet,Clear,Low
ORD_005399,CUST_00935,REST_0064,2025-06-30 18:35:42,Cancelled,2111.67,0.0,3,UPI,Clear,Medium
ORD_005400,CUST_00057,REST_0041,2025-05-05 09:32:02,Delivered,2018.51,213.3,4,Credit Card,Heavy Rain,High
ORD_005401,CUST_00438,REST_0043,2025-04-29 07:31:22,Delivered,704.19,35.3,3,UPI,Cloudy,High
ORD_005402,CUST_00620,REST_0076,2025-05-06 19:47:16,Delivered,92.49,2.17,2,UPI,Clear,Medium
ORD_005403,CUST_00827,REST_0091,2025-03-10 12:05:46,Delivered,178.53,9.87,3,Wallet,Rain,High
ORD_005404,CUST_00446,REST_0103,2025-04-15 20:50:20,Delivered,3113.76,223.66,3,Credit Card,Clear,Severe
ORD_005405,CUST_00434,REST_0197,2025-06-22 19:34:51,Delivered,887.59,37.92,7,UPI,Heavy Rain,High
ORD_005406,CUST_01474,REST_0192,2025-03-01 12:45:00,Delivered,450.05,46.8,3,UPI,Clear,Medium
ORD_005407,CUST_00064,REST_0116,2025-03-18 14:15:04,Delivered,208.06,9.43,2,Credit Card,Rain,High
ORD_005408,CUST_01483,REST_0084,2025-01-01 18:47:45,Delivered,289.97,43.31,4,UPI,Rain,High
ORD_005409,CUST_00074,REST_0094,2025-05-02 08:49:57,Delivered,449.35,135.97,6,Credit Card,Clear,Low
ORD_005410,CUST_00435,REST_0039,2025-05-15 12:11:30,Delivered,706.7,104.17,4,UPI,Clear,Medium
ORD_005411,CUST_00744,REST_0051,2025-01-27 21:53:16,Delivered,409.96,43.12,5,Debit Card,Cloudy,Low
ORD_005412,CUST_00218,REST_0172,2025-03-16 14:59:50,Delivered,3793.0,334.35,5,UPI,Rain,High
ORD_005413,CUST_00205,REST_0032,2025-06-14 22:47:59,Delivered,956.04,173.63,3,UPI,Clear,Medium
ORD_005414,CUST_00387,REST_0048,2025-01-26 22:44:44,Delivered,96.15,21.4,1,Debit Card,Clear,Medium
ORD_005415,CUST_01460,REST_0033,2025-02-01 08:19:50,Delivered,696.23,228.23,4,Debit Card,Clear,Low
ORD_005416,CUST_00568,REST_0150,2025-03-12 13:00:38,Delivered,326.26,100.35,2,Debit Card,Clear,Low
ORD_005417,CUST_00852,REST_0055,2025-06-22 15:05:30,Delivered,394.42,45.32,2,UPI,Clear,Medium
ORD_005418,CUST_01060,REST_0079,2025-02-23 19:14:35,Delivered,663.52,39.04,2,UPI,Clear,High
ORD_005419,CUST_01117,REST_0052,2025-05-13 22:24:31,Delivered,2048.83,336.28,5,UPI,Clear,Low
ORD_005420,CUST_01037,REST_0100,2025-05-29 20:08:25,Delivered,721.1,80.81,4,UPI,Rain,Medium
ORD_005421,CUST_00505,REST_0136,2025-03-20 13:53:00,Delivered,1860.92,31.3,5,UPI,Rain,High
ORD_005422,CUST_00171,REST_0146,2025-03-16 10:22:04,Delivered,440.46,82.04,2,UPI,Clear,Medium
ORD_005423,CUST_00424,REST_0074,2025-02-24 13:42:26,Delivered,2584.19,68.75,5,Wallet,Rain,Medium
ORD_005424,CUST_00317,REST_0174,2025-05-06 14:49:31,Delivered,265.03,32.67,3,UPI,Clear,Low
ORD_005425,CUST_00207,REST_0076,2025-05-05 22:06:52,Delivered,199.9,29.61,3,UPI,Cloudy,Medium
ORD_005426,CUST_00038,REST_0052,2025-03-22 17:42:00,Delivered,1221.68,359.47,3,Cash,Clear,Low
ORD_005427,CUST_01405,REST_0167,2025-04-13 20:48:00,Delivered,193.05,42.44,4,UPI,Clear,Medium
ORD_005428,CUST_01382,REST_0015,2025-02-06 18:53:00,Delivered,334.21,3.44,4,Wallet,Clear,Low
ORD_005429,CUST_00077,REST_0194,2025-03-16 21:17:21,Delivered,150.59,10.37,3,Debit Card,Rain,Medium
ORD_005430,CUST_00261,REST_0043,2025-05-20 17:16:35,Delivered,515.44,146.09,2,UPI,Clear,Low
ORD_005431,CUST_00212,REST_0105,2025-04-03 22:40:10,Delivered,322.28,26.8,2,Credit Card,Clear,Medium
ORD_005432,CUST_00423,REST_0102,2025-04-03 14:45:00,Cancelled,296.8,0.0,4,UPI,Clear,Medium
ORD_005433,CUST_00307,REST_0124,2025-01-08 00:45:15,Delivered,205.3,48.54,3,UPI,Clear,Medium
ORD_005434,CUST_01421,REST_0178,2025-04-28 18:07:29,Delivered,946.17,73.01,1,Credit Card,Clear,Severe
ORD_005435,CUST_00128,REST_0116,2025-02-07 22:16:39,Cancelled,469.11,0.0,4,UPI,Rain,High
ORD_005436,CUST_00319,REST_0064,2025-04-17 12:01:58,Delivered,1332.62,201.03,2,UPI,Clear,High
ORD_005437,CUST_00123,REST_0179,2025-02-11 16:20:45,Delivered,2586.06,413.98,3,Debit Card,Clear,Medium
ORD_005438,CUST_01470,REST_0192,2025-05-10 19:23:07,Delivered,335.08,29.8,2,UPI,Cloudy,Medium
ORD_005439,CUST_01378,REST_0168,2025-06-07 21:58:23,Delivered,745.56,64.19,3,Credit Card,Cloudy,High
ORD_005440,CUST_01080,REST_0042,2025-01-26 13:11:13,Delivered,137.56,19.52,2,Credit Card,Clear,Medium
ORD_005441,CUST_00640,REST_0126,2025-03-31 09:39:00,Delivered,749.69,17.67,5,UPI,Clear,High
ORD_005442,CUST_00285,REST_0154,2025-01-27 22:40:13,Delivered,622.94,144.89,1,UPI,Clear,Low
ORD_005443,CUST_00334,REST_0127,2025-03-15 19:06:39,Delivered,208.83,6.19,1,Credit Card,Clear,Medium
ORD_005444,CUST_00667,REST_0194,2025-01-14 14:10:41,Delivered,234.27,22.34,5,Cash,Clear,High
ORD_005445,CUST_01154,REST_0086,2025-02-18 20:09:53,Delivered,467.96,152.13,4,Credit Card,Clear,Low
ORD_005446,CUST_00399,REST_0145,2025-01-07 12:51:11,Delivered,295.79,26.67,3,Wallet,Clear,Low
ORD_005447,CUST_00468,REST_0115,2025-04-11 11:57:06,Delivered,486.19,110.46,2,Debit Card,Clear,Low
ORD_005448,CUST_00905,REST_0075,2025-06-01 13:00:28,Delivered,1176.92,34.41,4,UPI,Rain,Low
ORD_005449,CUST_00359,REST_0079,2025-04-10 08:34:00,Delivered,937.24,10.71,3,UPI,Clear,Low
ORD_005450,CUST_00880,REST_0156,2025-06-13 18:22:28,Delivered,385.29,16.2,3,Credit Card,Clear,Medium
ORD_005451,CUST_00578,REST_0085,2025-03-07 18:52:46,Delivered,768.27,9.59,4,Debit Card,Clear,High
ORD_005452,CUST_00053,REST_0012,2025-02-11 20:10:06,Delivered,1411.05,138.28,2,UPI,Rain,High
ORD_005453,CUST_00603,REST_0158,2025-02-12 13:55:14,Delivered,98.86,20.47,2,UPI,Clear,Medium
ORD_005454,CUST_01380,REST_0001,2025-06-08 08:55:56,Delivered,223.42,39.44,3,Credit Card,Clear,Low
ORD_005455,CUST_00442,REST_0003,2025-06-25 12:00:01,Delivered,234.74,35.9,1,UPI,Cloudy,Low
ORD_005456,CUST_00485,REST_0106,2025-04-03 19:41:08,Delivered,577.86,50.48,3,UPI,Clear,Medium
ORD_005457,CUST_00102,REST_0092,2025-04-24 20:01:23,Delivered,534.16,38.98,2,Debit Card,Cloudy,High
ORD_005458,CUST_00928,REST_0044,2025-06-20 13:39:24,Delivered,552.76,84.26,5,UPI,Cloudy,Medium
ORD_005459,CUST_01275,REST_0140,2025-02-12 22:45:10,Delivered,117.48,33.06,2,Wallet,Clear,Low
ORD_005460,CUST_00528,REST_0156,2025-04-09 03:58:52,Delivered,685.98,128.94,4,Debit Card,Clear,Low
ORD_005461,CUST_00363,REST_0004,2025-03-28 11:00:53,Delivered,546.58,112.72,2,UPI,Cloudy,High
ORD_005462,CUST_01437,REST_0110,2025-03-04 11:37:39,Delivered,602.97,119.48,4,Wallet,Clear,Medium
ORD_005463,CUST_01121,REST_0018,2025-04-05 11:27:20,Delivered,1009.5,77.96,4,UPI,Cloudy,Medium
ORD_005464,CUST_00854,REST_0024,2025-05-19 13:04:55,Delivered,664.94,71.22,3,Cash,Rain,Severe
ORD_005465,CUST_00461,REST_0029,2025-01-07 12:38:41,Cancelled,215.62,0.0,1,UPI,Cloudy,Medium
ORD_005466,CUST_00333,REST_0152,2025-03-13 08:26:20,Delivered,305.35,6.93,3,UPI,Clear,Low
ORD_005467,CUST_01078,REST_0186,2025-01-30 11:00:44,Delivered,413.6,101.96,3,Credit Card,Clear,Medium
ORD_005468,CUST_00786,REST_0068,2025-01-24 19:05:52,Delivered,591.97,97.69,2,Wallet,Clear,Low
ORD_005469,CUST_00785,REST_0018,2025-02-04 18:14:34,Delivered,187.6,91.35,1,Cash,Clear,Medium
ORD_005470,CUST_00113,REST_0058,2025-02-17 13:07:42,Delivered,879.46,117.33,5,UPI,Clear,High
ORD_005471,CUST_00772,REST_0182,2025-02-04 13:41:30,Delivered,1986.36,402.09,6,UPI,Clear,Medium
ORD_005472,CUST_01235,REST_0098,2025-04-11 07:22:52,Delivered,1559.13,113.93,6,UPI,Cloudy,Medium
ORD_005473,CUST_01422,REST_0027,2025-03-21 19:07:03,Delivered,475.05,90.03,2,Debit Card,Rain,High
ORD_005474,CUST_00163,REST_0166,2025-02-01 22:02:49,Delivered,470.02,56.51,5,Credit Card,Rain,High
ORD_005475,CUST_00952,REST_0042,2025-03-18 10:30:23,Delivered,96.6,8.0,2,UPI,Clear,High
ORD_005476,CUST_00855,REST_0043,2025-01-26 09:00:00,Cancelled,254.82,0.0,1,UPI,Clear,Low
ORD_005477,CUST_01337,REST_0120,2025-02-20 22:34:24,Delivered,446.68,26.66,4,Debit Card,Clear,Low
ORD_005478,CUST_01129,REST_0055,2025-01-28 13:25:55,Delivered,606.25,128.73,4,UPI,Clear,Low
ORD_005479,CUST_01449,REST_0021,2025-05-16 13:14:48,Delivered,1256.22,94.08,3,UPI,Clear,Severe
ORD_005480,CUST_01441,REST_0079,2025-04-21 19:20:57,Delivered,2513.54,206.56,6,UPI,Cloudy,Low
ORD_005481,CUST_00341,REST_0110,2025-05-11 18:13:37,Delivered,313.85,69.19,2,UPI,Clear,Low
ORD_005482,CUST_01091,REST_0016,2025-04-01 11:03:23,Delivered,458.82,89.48,2,UPI,Cloudy,High
ORD_005483,CUST_00799,REST_0106,2025-03-17 14:23:30,Delivered,268.47,26.81,2,UPI,Cloudy,High
ORD_005484,CUST_00324,REST_0188,2025-03-08 11:26:52,Delivered,105.84,13.63,2,Wallet,Clear,Low
ORD_005485,CUST_00293,REST_0034,2025-03-01 11:18:00,Delivered,440.0,50.43,4,UPI,Heavy Rain,Severe
ORD_005486,CUST_00124,REST_0096,2025-03-22 18:36:41,Delivered,570.7,12.07,4,UPI,Rain,High
ORD_005487,CUST_01194,REST_0072,2025-06-11 09:42:55,Delivered,288.76,19.95,2,Debit Card,Clear,Medium
ORD_005488,CUST_00487,REST_0028,2025-06-23 20:27:53,Delivered,630.84,66.13,3,UPI,Cloudy,High
ORD_005489,CUST_01287,REST_0013,2025-05-30 16:41:53,Delivered,627.69,24.66,5,UPI,Cloudy,High
ORD_005490,CUST_00918,REST_0118,2025-03-17 14:25:12,Delivered,720.94,32.28,3,Cash,Clear,High
ORD_005491,CUST_01016,REST_0185,2025-06-01 13:31:22,Delivered,659.51,41.93,5,Credit Card,Clear,High
ORD_005492,CUST_00440,REST_0081,2025-06-26 08:54:37,Delivered,105.96,11.34,2,Credit Card,Clear,Medium
ORD_005493,CUST_00688,REST_0115,2025-04-19 19:14:01,Delivered,221.34,48.96,1,Credit Card,Clear,Low
ORD_005494,CUST_00618,REST_0013,2025-05-19 13:33:09,Cancelled,674.32,0.0,4,UPI,Clear,High
ORD_005495,CUST_00357,REST_0097,2025-03-18 21:07:06,Delivered,209.24,11.12,2,Credit Card,Cloudy,Medium
ORD_005496,CUST_01249,REST_0175,2025-02-17 22:26:58,Delivered,280.64,6.75,1,Debit Card,Heavy Rain,Low
ORD_005497,CUST_00938,REST_0093,2025-01-08 18:51:36,Delivered,106.87,11.68,1,Debit Card,Clear,Low
ORD_005498,CUST_00057,REST_0097,2025-04-01 22:58:56,Delivered,408.5,11.75,4,UPI,Heavy Rain,High
ORD_005499,CUST_01231,REST_0065,2025-05-07 08:15:25,Delivered,214.28,47.62,3,UPI,Cloudy,Medium
ORD_005500,CUST_00162,REST_0115,2025-06-08 12:42:14,Delivered,762.03,165.81,4,UPI,Clear,Medium
ORD_005501,CUST_00605,REST_0077,2025-02-27 22:22:24,Delivered,287.42,113.66,3,Debit Card,Clear,Medium
ORD_005502,CUST_00860,REST_0130,2025-03-09 17:15:46,Delivered,581.57,58.68,3,Cash,Cloudy,Low
ORD_005503,CUST_00012,REST_0143,2025-02-28 19:39:42,Delivered,869.08,258.34,3,UPI,Cloudy,Low
ORD_005504,CUST_00986,REST_0121,2025-04-27 16:02:06,Cancelled,617.13,0.0,5,UPI,Cloudy,High
ORD_005505,CUST_00997,REST_0121,2025-05-20 23:36:05,Delivered,275.26,21.96,3,UPI,Cloudy,Medium
ORD_005506,CUST_00985,REST_0200,2025-06-23 22:48:22,Delivered,1042.6,117.55,3,UPI,Clear,Low
ORD_005507,CUST_00248,REST_0082,2025-03-10 10:01:00,Delivered,242.62,12.38,2,UPI,Rain,Medium
ORD_005508,CUST_00386,REST_0097,2025-04-03 18:20:06,Cancelled,427.27,0.0,5,UPI,Clear,Low
ORD_005509,CUST_00374,REST_0015,2025-05-29 21:00:59,Cancelled,461.02,0.0,5,UPI,Clear,Low
ORD_005510,CUST_01442,REST_0152,2025-03-28 14:32:00,Delivered,350.67,11.41,5,UPI,Clear,Severe
ORD_005511,CUST_00104,REST_0101,2025-03-17 12:27:41,Delivered,1170.03,183.75,5,Cash,Clear,Low
ORD_005512,CUST_00645,REST_0169,2025-04-19 09:02:58,Delivered,491.88,25.1,4,Wallet,Cloudy,High
ORD_005513,CUST_01309,REST_0160,2025-03-14 17:01:54,Delivered,2652.26,446.0,5,Debit Card,Clear,Medium
ORD_005514,CUST_01156,REST_0043,2025-02-09 08:08:44,Delivered,1014.7,137.7,4,Debit Card,Clear,Low
ORD_005515,CUST_01234,REST_0139,2025-04-13 13:32:33,Delivered,80.0,8.22,1,UPI,Clear,Low
ORD_005516,CUST_01459,REST_0198,2025-03-03 14:28:26,Cancelled,161.96,0.0,1,UPI,Clear,High
ORD_005517,CUST_00578,REST_0084,2025-05-06 22:41:46,Delivered,131.2,15.72,2,UPI,Cloudy,Medium
ORD_005518,CUST_00467,REST_0197,2025-04-22 19:44:20,Delivered,567.76,37.45,4,UPI,Clear,Medium
ORD_005519,CUST_00048,REST_0055,2025-05-16 20:32:57,Delivered,410.44,55.01,3,UPI,Cloudy,Medium
ORD_005520,CUST_00228,REST_0157,2025-03-09 12:17:31,Delivered,350.14,54.52,2,Debit Card,Clear,Medium
ORD_005521,CUST_00846,REST_0174,2025-02-23 10:33:00,Delivered,311.68,3.8,3,Debit Card,Cloudy,Medium
ORD_005522,CUST_00240,REST_0037,2025-04-16 22:49:01,Delivered,991.99,285.06,4,Wallet,Clear,Low
ORD_005523,CUST_01108,REST_0071,2025-03-21 20:40:00,Delivered,1013.77,267.01,5,UPI,Clear,Medium
ORD_005524,CUST_00056,REST_0007,2025-01-31 13:04:59,Delivered,1354.8,56.94,2,Wallet,Rain,High
ORD_005525,CUST_00392,REST_0018,2025-03-19 16:56:34,Delivered,819.19,141.45,3,Credit Card,Clear,Low
ORD_005526,CUST_01048,REST_0079,2025-01-01 18:48:39,Cancelled,688.63,0.0,2,UPI,Rain,Severe
ORD_005527,CUST_00386,REST_0060,2025-03-03 21:20:07,Delivered,506.48,90.95,2,Credit Card,Clear,Medium
ORD_005528,CUST_01097,REST_0042,2025-05-15 13:56:41,Delivered,91.31,13.16,2,Credit Card,Clear,Medium
ORD_005529,CUST_01495,REST_0196,2025-06-30 20:05:41,Delivered,284.43,43.02,2,Debit Card,Rain,High
ORD_005530,CUST_01196,REST_0118,2025-01-10 13:50:44,Delivered,502.0,23.29,2,UPI,Cloudy,Low
ORD_005531,CUST_00512,REST_0087,2025-04-09 07:24:07,Delivered,1383.54,269.97,7,UPI,Clear,High
ORD_005532,CUST_01353,REST_0061,2025-01-12 11:23:16,Delivered,350.66,4.62,3,Debit Card,Cloudy,Medium
ORD_005533,CUST_00079,REST_0081,2025-06-02 12:26:01,Delivered,80.0,7.98,1,Debit Card,Rain,Low
ORD_005534,CUST_01091,REST_0010,2025-03-28 13:37:00,Delivered,285.71,8.69,3,UPI,Rain,Severe
ORD_005535,CUST_00036,REST_0139,2025-06-26 21:19:23,Delivered,221.15,16.18,4,UPI,Rain,High
ORD_005536,CUST_00262,REST_0097,2025-05-01 21:03:31,Delivered,109.93,15.13,1,UPI,Heavy Rain,High
ORD_005537,CUST_01481,REST_0170,2025-05-22 12:05:16,Delivered,593.37,7.81,3,Credit Card,Clear,High
ORD_005538,CUST_00539,REST_0024,2025-03-23 13:51:11,Delivered,788.23,110.95,3,Cash,Cloudy,Medium
ORD_005539,CUST_01231,REST_0136,2025-03-22 14:00:10,Delivered,2015.63,443.39,6,UPI,Clear,Medium
ORD_005540,CUST_00561,REST_0080,2025-01-16 18:27:08,Delivered,367.74,14.8,5,UPI,Rain,Severe
ORD_005541,CUST_01260,REST_0112,2025-04-29 21:24:09,Delivered,1681.16,338.16,3,Credit Card,Clear,Low
ORD_005542,CUST_01449,REST_0021,2025-06-17 07:22:22,Delivered,849.38,67.44,2,Wallet,Cloudy,High
ORD_005543,CUST_00655,REST_0109,2025-02-13 05:58:53,Delivered,1086.97,146.58,7,Wallet,Clear,Low
ORD_005544,CUST_00842,REST_0010,2025-02-12 17:23:00,Delivered,1082.77,41.28,8,Credit Card,Heavy Rain,High
ORD_005545,CUST_00948,REST_0074,2025-06-11 19:41:02,Delivered,515.95,28.42,1,UPI,Clear,High
ORD_005546,CUST_01404,REST_0076,2025-03-24 21:34:40,Delivered,80.0,2.01,1,Credit Card,Clear,Medium
ORD_005547,CUST_00388,REST_0068,2025-04-17 16:26:02,Delivered,2384.78,149.28,6,UPI,Clear,Low
ORD_005548,CUST_00922,REST_0082,2025-06-14 19:22:16,Delivered,835.79,236.27,4,Debit Card,Cloudy,Low
ORD_005549,CUST_00488,REST_0132,2025-01-16 00:14:25,Delivered,184.47,9.81,1,UPI,Heavy Rain,High
ORD_005550,CUST_00327,REST_0150,2025-02-14 11:00:29,Delivered,909.31,30.81,4,Credit Card,Heavy Rain,Severe
ORD_005551,CUST_00129,REST_0086,2025-03-26 22:30:00,Delivered,148.46,13.14,1,UPI,Clear,Severe
ORD_005552,CUST_00937,REST_0177,2025-04-06 11:00:18,Delivered,329.69,69.6,5,Cash,Cloudy,Severe
ORD_005553,CUST_01325,REST_0187,2025-02-02 20:26:12,Delivered,179.07,17.68,2,Credit Card,Clear,Low
ORD_005554,CUST_00526,REST_0086,2025-01-24 18:24:10,Delivered,517.44,19.01,5,Wallet,Clear,Low
ORD_005555,CUST_00831,REST_0179,2025-04-12 16:53:00,Delivered,1395.36,158.34,2,Wallet,Cloudy,Low
ORD_005556,CUST_00969,REST_0150,2025-04-11 19:32:22,Delivered,661.81,65.2,4,Credit Card,Cloudy,Medium
ORD_005557,CUST_00621,REST_0152,2025-01-11 22:00:29,Delivered,745.3,75.11,7,Credit Card,Rain,High
ORD_005558,CUST_01356,REST_0171,2025-03-22 21:40:22,Delivered,1836.94,59.01,2,Wallet,Cloudy,High
ORD_005559,CUST_00541,REST_0132,2025-04-10 12:04:34,Delivered,328.18,29.49,2,UPI,Clear,Medium
ORD_005560,CUST_00191,REST_0076,2025-06-27 21:06:00,Delivered,256.34,7.75,6,Debit Card,Rain,High
ORD_005561,CUST_00219,REST_0016,2025-02-26 07:57:05,Delivered,152.03,40.86,1,UPI,Clear,Low
ORD_005562,CUST_01338,REST_0188,2025-05-22 21:36:10,Delivered,204.04,17.96,3,UPI,Cloudy,High
ORD_005563,CUST_01481,REST_0108,2025-03-06 12:00:52,Delivered,478.31,126.36,5,UPI,Cloudy,Medium
ORD_005564,CUST_00436,REST_0200,2025-05-05 20:31:32,Delivered,1492.05,204.58,5,UPI,Clear,High
ORD_005565,CUST_00219,REST_0057,2025-01-08 16:48:40,Delivered,1107.39,124.25,4,UPI,Clear,Low
ORD_005566,CUST_00726,REST_0025,2025-04-03 21:00:54,Delivered,189.1,46.75,4,UPI,Clear,Medium
ORD_005567,CUST_01068,REST_0010,2025-03-28 23:13:55,Delivered,543.78,101.36,4,Wallet,Cloudy,High
ORD_005568,CUST_00923,REST_0042,2025-01-28 10:39:22,Delivered,96.84,33.38,2,UPI,Cloudy,Low
ORD_005569,CUST_01428,REST_0096,2025-06-21 12:42:09,Delivered,498.96,74.46,3,Cash,Clear,Low
ORD_005570,CUST_01227,REST_0145,2025-03-04 17:25:00,Delivered,443.02,91.83,4,UPI,Clear,Medium
ORD_005571,CUST_01306,REST_0026,2025-03-26 13:57:02,Failed,862.32,0.0,3,Debit Card,Cloudy,Medium
ORD_005572,CUST_00814,REST_0165,2025-04-10 18:21:57,Delivered,241.63,16.76,3,UPI,Rain,Medium
ORD_005573,CUST_00491,REST_0022,2025-03-07 13:23:57,Delivered,422.3,61.15,5,UPI,Cloudy,Severe
ORD_005574,CUST_01057,REST_0172,2025-03-14 18:10:00,Delivered,5000.0,416.82,6,UPI,Rain,Medium
ORD_005575,CUST_00661,REST_0037,2025-03-16 22:24:46,Delivered,435.8,11.91,3,Wallet,Rain,Medium
ORD_005576,CUST_00434,REST_0190,2025-04-12 19:52:57,Delivered,1991.42,212.81,3,Wallet,Rain,Medium
ORD_005577,CUST_00231,REST_0013,2025-04-22 21:57:51,Delivered,993.76,111.02,6,UPI,Clear,Low
ORD_005578,CUST_00796,REST_0165,2025-02-28 13:53:03,Delivered,249.34,11.44,4,Credit Card,Cloudy,Medium
ORD_005579,CUST_00896,REST_0092,2025-03-16 14:02:55,Delivered,1149.09,49.13,4,UPI,Clear,Severe
ORD_005580,CUST_00856,REST_0130,2025-02-26 11:40:03,Delivered,688.52,92.83,4,Wallet,Cloudy,Severe
ORD_005581,CUST_00179,REST_0142,2025-06-03 14:41:43,Delivered,561.76,75.94,6,UPI,Heavy Rain,High
ORD_005582,CUST_00858,REST_0130,2025-06-19 22:53:37,Delivered,574.0,159.79,3,UPI,Clear,Medium
ORD_005583,CUST_00254,REST_0154,2025-06-15 11:25:37,Delivered,1624.58,95.81,2,UPI,Clear,High
ORD_005584,CUST_01002,REST_0196,2025-03-17 20:13:49,Delivered,305.98,20.32,2,UPI,Heavy Rain,Severe
ORD_005585,CUST_00646,REST_0161,2025-05-03 18:50:41,Delivered,1726.59,225.07,4,UPI,Clear,Medium
ORD_005586,CUST_01274,REST_0115,2025-04-16 07:09:13,Delivered,710.03,3.86,4,UPI,Clear,Low
ORD_005587,CUST_01169,REST_0181,2025-05-13 13:10:28,Delivered,200.22,15.14,4,UPI,Cloudy,Medium
ORD_005588,CUST_01090,REST_0106,2025-05-15 13:17:30,Cancelled,338.03,0.0,2,Debit Card,Cloudy,Medium
ORD_005589,CUST_01055,REST_0144,2025-06-20 18:34:06,Delivered,129.16,7.47,2,UPI,Clear,High
ORD_005590,CUST_00844,REST_0111,2025-04-04 17:29:29,Delivered,3239.77,758.87,4,Wallet,Clear,Medium
ORD_005591,CUST_00094,REST_0052,2025-04-04 07:42:45,Delivered,1147.95,150.11,2,UPI,Cloudy,Medium
ORD_005592,CUST_00990,REST_0003,2025-03-15 22:22:11,Delivered,331.86,49.18,2,UPI,Clear,Medium
ORD_005593,CUST_00704,REST_0105,2025-03-17 13:05:36,Delivered,597.92,179.66,4,UPI,Clear,Medium
ORD_005594,CUST_00708,REST_0063,2025-04-25 18:41:38,Delivered,347.71,97.37,5,UPI,Clear,Low
ORD_005595,CUST_00566,REST_0136,2025-05-27 11:22:35,Delivered,1395.55,115.14,5,Cash,Rain,Medium
ORD_005596,CUST_01395,REST_0075,2025-03-18 12:36:25,Delivered,435.08,32.49,2,UPI,Cloudy,High
ORD_005597,CUST_00377,REST_0059,2025-04-17 12:17:59,Delivered,511.27,86.18,3,Cash,Clear,Low
ORD_005598,CUST_00476,REST_0077,2025-06-24 14:39:31,Delivered,482.57,65.14,4,UPI,Clear,High
ORD_005599,CUST_01446,REST_0183,2025-05-12 15:06:46,Delivered,199.63,15.98,2,UPI,Clear,Severe
ORD_005600,CUST_01216,REST_0038,2025-01-26 20:33:50,Delivered,973.78,12.76,4,Credit Card,Cloudy,Medium
ORD_005601,CUST_00022,REST_0079,2025-06-28 00:31:40,Delivered,633.02,101.25,2,Debit Card,Heavy Rain,Medium
ORD_005602,CUST_01360,REST_0076,2025-02-03 21:54:42,Delivered,226.54,8.67,4,UPI,Clear,High
ORD_005603,CUST_00343,REST_0094,2025-06-01 22:17:13,Delivered,165.88,9.87,2,Debit Card,Cloudy,High
ORD_005604,CUST_01062,REST_0187,2025-06-30 11:56:15,Delivered,179.99,22.29,3,UPI,Clear,Severe
ORD_005605,CUST_00832,REST_0094,2025-01-02 22:48:25,Delivered,235.24,14.04,2,Debit Card,Rain,Medium
ORD_005606,CUST_00808,REST_0182,2025-01-22 14:17:28,Cancelled,837.32,0.0,3,Debit Card,Clear,Low
ORD_005607,CUST_01081,REST_0103,2025-06-21 13:28:05,Cancelled,861.71,0.0,1,Credit Card,Clear,Low
ORD_005608,CUST_00312,REST_0008,2025-06-14 20:20:57,Delivered,457.16,47.04,3,UPI,Clear,Medium
ORD_005609,CUST_00242,REST_0043,2025-06-08 10:49:15,Delivered,670.64,87.68,2,UPI,Rain,High
ORD_005610,CUST_00984,REST_0054,2025-01-14 19:26:37,Delivered,487.47,36.29,2,UPI,Rain,Medium
ORD_005611,CUST_00438,REST_0024,2025-03-10 18:52:15,Delivered,1078.33,325.52,5,UPI,Clear,Medium
ORD_005612,CUST_01461,REST_0197,2025-05-26 19:34:54,Delivered,325.37,63.02,3,Debit Card,Rain,Medium
ORD_005613,CUST_00680,REST_0069,2025-06-29 22:06:13,Delivered,627.26,40.0,3,Debit Card,Cloudy,Medium
ORD_005614,CUST_00171,REST_0023,2025-06-27 11:14:12,Delivered,290.14,14.1,2,UPI,Cloudy,Low
ORD_005615,CUST_01033,REST_0199,2025-05-27 14:01:38,Delivered,540.91,70.91,8,UPI,Cloudy,Medium
ORD_005616,CUST_00462,REST_0034,2025-02-05 09:50:14,Delivered,215.06,33.39,2,UPI,Clear,Low
ORD_005617,CUST_00226,REST_0073,2025-05-08 22:16:47,Delivered,536.4,66.65,2,Cash,Clear,Medium
ORD_005618,CUST_00634,REST_0072,2025-04-12 19:22:00,Delivered,363.87,29.18,2,Credit Card,Clear,Low
ORD_005619,CUST_01448,REST_0147,2025-05-08 18:45:03,Delivered,401.59,31.97,4,Wallet,Clear,Low
ORD_005620,CUST_00616,REST_0156,2025-01-07 00:25:15,Delivered,339.08,31.45,2,UPI,Clear,Low
ORD_005621,CUST_00520,REST_0124,2025-04-08 21:54:00,Cancelled,371.31,0.0,4,UPI,Clear,Medium
ORD_005622,CUST_00669,REST_0062,2025-05-24 19:55:28,Delivered,1067.53,174.04,3,UPI,Rain,Medium
ORD_005623,CUST_00019,REST_0022,2025-01-18 05:36:01,Delivered,289.26,50.76,3,UPI,Clear,Medium
ORD_005624,CUST_00202,REST_0108,2025-04-30 09:37:32,Delivered,426.63,133.28,5,UPI,Clear,Medium
ORD_005625,CUST_01276,REST_0023,2025-03-14 11:27:07,Delivered,125.95,25.66,1,Debit Card,Cloudy,Medium
ORD_005626,CUST_01467,REST_0083,2025-06-23 17:51:07,Delivered,3709.93,514.63,3,UPI,Clear,Low
ORD_005627,CUST_00240,REST_0169,2025-04-16 21:18:03,Delivered,261.42,40.79,2,UPI,Clear,High
ORD_005628,CUST_00806,REST_0167,2025-04-02 14:53:00,Cancelled,199.52,0.0,3,Wallet,Cloudy,Low
ORD_005629,CUST_01450,REST_0141,2025-02-14 12:53:29,Cancelled,391.79,0.0,2,Credit Card,Clear,Medium
ORD_005630,CUST_00238,REST_0002,2025-04-05 10:58:41,Delivered,1322.94,177.49,2,Debit Card,Clear,Medium
ORD_005631,CUST_00279,REST_0159,2025-02-10 17:23:19,Delivered,434.89,13.03,5,Cash,Clear,Low
ORD_005632,CUST_01391,REST_0026,2025-04-13 12:59:50,Delivered,1100.14,295.66,4,Debit Card,Cloudy,Medium
ORD_005633,CUST_01062,REST_0156,2025-05-09 08:36:49,Delivered,1032.31,235.38,4,UPI,Clear,Medium
ORD_005634,CUST_00231,REST_0039,2025-01-06 11:59:26,Delivered,888.76,90.17,4,UPI,Clear,Medium
ORD_005635,CUST_00588,REST_0053,2025-03-21 21:34:26,Delivered,1443.18,216.02,8,Credit Card,Cloudy,Medium
ORD_005636,CUST_00087,REST_0127,2025-04-04 17:45:00,Delivered,533.84,12.62,2,Wallet,Rain,High
ORD_005637,CUST_00650,REST_0173,2025-04-02 21:56:40,Delivered,920.43,111.82,3,Wallet,Clear,Low
ORD_005638,CUST_01168,REST_0131,2025-01-31 20:52:51,Delivered,274.84,58.01,1,UPI,Clear,Low
ORD_005639,CUST_00834,REST_0076,2025-06-01 21:46:27,Delivered,262.66,15.76,5,UPI,Cloudy,Medium
ORD_005640,CUST_00977,REST_0101,2025-02-06 10:47:02,Delivered,480.15,54.08,3,Credit Card,Clear,Medium
ORD_005641,CUST_00490,REST_0162,2025-06-18 12:31:34,Delivered,414.56,74.7,1,Credit Card,Rain,Low
ORD_005642,CUST_00245,REST_0158,2025-03-12 12:37:19,Delivered,80.0,12.24,1,UPI,Clear,Medium
ORD_005643,CUST_00020,REST_0175,2025-05-16 14:14:05,Delivered,480.81,44.85,3,Wallet,Clear,Low
ORD_005644,CUST_01232,REST_0062,2025-02-17 12:43:45,Delivered,2107.34,193.78,5,Wallet,Rain,Severe
ORD_005645,CUST_00960,REST_0163,2025-03-08 18:09:06,Delivered,916.87,165.83,3,UPI,Heavy Rain,High
ORD_005646,CUST_00347,REST_0014,2025-03-06 13:35:13,Delivered,343.09,87.39,4,Credit Card,Clear,Low
ORD_005647,CUST_00628,REST_0026,2025-03-08 13:24:00,Delivered,587.42,51.59,2,Debit Card,Clear,Low
ORD_005648,CUST_01202,REST_0085,2025-05-28 22:33:00,Delivered,865.16,155.56,6,Credit Card,Clear,Medium
ORD_005649,CUST_00810,REST_0055,2025-06-25 18:03:33,Failed,273.44,0.0,2,UPI,Clear,High
ORD_005650,CUST_00452,REST_0074,2025-06-22 19:22:19,Delivered,405.61,30.63,1,UPI,Clear,Medium
ORD_005651,CUST_00403,REST_0143,2025-04-27 21:12:04,Delivered,1194.35,106.57,4,UPI,Cloudy,High
ORD_005652,CUST_00328,REST_0057,2025-03-21 14:47:28,Delivered,762.64,29.48,2,UPI,Clear,Medium
ORD_005653,CUST_01236,REST_0015,2025-06-03 22:12:42,Delivered,261.12,97.43,3,Debit Card,Clear,Low
ORD_005654,CUST_00877,REST_0194,2025-03-26 12:02:49,Delivered,243.38,75.22,5,UPI,Clear,Medium
ORD_005655,CUST_01067,REST_0027,2025-03-21 23:38:30,Delivered,1288.85,409.88,5,Wallet,Clear,Low
ORD_005656,CUST_01293,REST_0038,2025-06-01 18:57:14,Delivered,933.46,116.47,4,Wallet,Cloudy,Low
ORD_005657,CUST_01479,REST_0194,2025-01-05 19:21:21,Delivered,99.01,14.45,2,Credit Card,Cloudy,Medium
ORD_005658,CUST_00377,REST_0050,2025-05-19 18:09:46,Delivered,830.85,35.56,2,UPI,Rain,High
ORD_005659,CUST_00272,REST_0155,2025-02-03 21:42:28,Delivered,136.62,12.03,1,UPI,Clear,Medium
ORD_005660,CUST_00696,REST_0093,2025-05-30 14:07:57,Delivered,385.09,19.78,4,Debit Card,Rain,Medium
ORD_005661,CUST_00054,REST_0048,2025-06-26 22:44:22,Delivered,510.16,19.67,4,UPI,Cloudy,High
ORD_005662,CUST_01188,REST_0003,2025-01-29 21:24:24,Delivered,473.43,68.72,4,Wallet,Cloudy,High
ORD_005663,CUST_01328,REST_0125,2025-05-02 18:15:27,Delivered,732.12,119.68,3,Credit Card,Clear,Low
ORD_005664,CUST_01033,REST_0120,2025-01-09 12:01:03,Delivered,566.83,24.11,6,Credit Card,Clear,Medium
ORD_005665,CUST_00404,REST_0113,2025-05-28 11:36:05,Delivered,381.5,68.4,3,UPI,Cloudy,High
ORD_005666,CUST_00188,REST_0140,2025-03-06 13:02:51,Delivered,247.22,37.23,4,Credit Card,Clear,Medium
ORD_005667,CUST_00571,REST_0064,2025-03-27 22:36:00,Delivered,2294.47,357.64,3,Wallet,Clear,Medium
ORD_005668,CUST_01250,REST_0173,2025-06-10 13:14:55,Delivered,761.72,65.16,2,UPI,Clear,Low
ORD_005669,CUST_00521,REST_0125,2025-02-25 21:14:06,Delivered,1099.75,56.68,4,UPI,Cloudy,Low
ORD_005670,CUST_00053,REST_0129,2025-04-21 10:02:22,Delivered,665.54,57.02,3,UPI,Cloudy,Medium
ORD_005671,CUST_00413,REST_0060,2025-01-14 22:08:11,Delivered,1887.19,170.43,6,Debit Card,Clear,Low
ORD_005672,CUST_01484,REST_0039,2025-04-27 07:02:55,Delivered,596.23,76.85,3,UPI,Cloudy,Medium
ORD_005673,CUST_01020,REST_0120,2025-02-15 09:12:57,Delivered,337.93,7.41,3,UPI,Clear,Medium
ORD_005674,CUST_01353,REST_0118,2025-03-26 13:42:27,Delivered,435.13,50.3,2,Debit Card,Cloudy,Medium
ORD_005675,CUST_01163,REST_0120,2025-02-16 10:17:18,Delivered,351.46,11.38,3,UPI,Rain,High
ORD_005676,CUST_00811,REST_0033,2025-03-24 13:34:19,Delivered,724.53,209.73,3,UPI,Cloudy,Medium
ORD_005677,CUST_00226,REST_0183,2025-01-29 19:24:16,Delivered,174.97,18.3,1,Wallet,Cloudy,High
ORD_005678,CUST_00522,REST_0174,2025-03-06 13:59:52,Delivered,346.53,38.66,4,UPI,Clear,Low
ORD_005679,CUST_00880,REST_0143,2025-04-04 11:12:23,Failed,1777.14,0.0,7,UPI,Cloudy,Low
ORD_005680,CUST_01308,REST_0083,2025-06-21 19:51:12,Delivered,1388.47,409.5,2,Cash,Cloudy,Low
ORD_005681,CUST_00405,REST_0125,2025-05-01 16:45:06,Delivered,829.38,21.67,4,Cash,Clear,Medium
ORD_005682,CUST_00185,REST_0188,2025-02-05 20:25:26,Delivered,227.36,6.56,6,Debit Card,Clear,Low
ORD_005683,CUST_00841,REST_0124,2025-01-24 22:16:48,Delivered,502.18,97.95,5,Credit Card,Clear,Low
ORD_005684,CUST_00265,REST_0129,2025-06-10 13:17:40,Delivered,1166.01,68.79,5,Credit Card,Cloudy,Medium
ORD_005685,CUST_00921,REST_0192,2025-01-05 18:57:33,Delivered,484.79,10.64,2,Debit Card,Cloudy,High
ORD_005686,CUST_00397,REST_0015,2025-04-03 15:55:00,Cancelled,485.64,0.0,4,UPI,Clear,Low
ORD_005687,CUST_00350,REST_0051,2025-05-20 22:55:32,Delivered,369.75,45.23,4,UPI,Clear,Medium
ORD_005688,CUST_00597,REST_0022,2025-01-16 10:48:36,Delivered,320.44,41.43,4,UPI,Cloudy,Medium
ORD_005689,CUST_00894,REST_0034,2025-02-26 15:04:00,Delivered,282.64,8.96,5,UPI,Clear,Low
ORD_005690,CUST_00820,REST_0136,2025-03-17 18:21:33,Delivered,856.62,178.75,4,UPI,Cloudy,High
ORD_005691,CUST_00369,REST_0164,2025-05-26 05:28:29,Delivered,779.79,40.92,4,UPI,Cloudy,Medium
ORD_005692,CUST_01338,REST_0042,2025-06-07 18:21:41,Delivered,113.43,14.64,2,UPI,Cloudy,Medium
ORD_005693,CUST_00168,REST_0035,2025-02-03 21:49:30,Delivered,630.6,110.07,4,UPI,Clear,Medium
ORD_005694,CUST_00060,REST_0122,2025-02-20 18:07:36,Delivered,225.8,41.69,3,Credit Card,Clear,Medium
ORD_005695,CUST_00909,REST_0078,2025-03-24 12:36:00,Delivered,703.05,122.25,5,UPI,Clear,Low
ORD_005696,CUST_00189,REST_0173,2025-06-16 10:48:18,Delivered,960.83,146.26,3,Wallet,Clear,Medium
ORD_005697,CUST_00760,REST_0025,2025-05-07 19:37:18,Delivered,186.81,40.29,4,UPI,Clear,Medium
ORD_005698,CUST_01429,REST_0159,2025-04-06 15:50:38,Delivered,293.58,51.6,3,UPI,Cloudy,Medium
ORD_005699,CUST_01052,REST_0030,2025-06-29 20:06:19,Delivered,109.76,9.23,2,UPI,Rain,High
ORD_005700,CUST_00932,REST_0036,2025-04-06 20:56:30,Delivered,1155.13,153.47,2,UPI,Clear,Medium
ORD_005701,CUST_00866,REST_0185,2025-03-27 20:14:43,Delivered,225.82,44.42,3,UPI,Clear,Medium
ORD_005702,CUST_00270,REST_0144,2025-05-25 21:36:18,Delivered,80.0,9.49,1,Debit Card,Clear,Severe
ORD_005703,CUST_00650,REST_0142,2025-05-18 10:48:24,Delivered,252.11,15.43,5,Cash,Clear,Low
ORD_005704,CUST_00513,REST_0168,2025-02-06 14:14:19,Delivered,553.6,46.08,2,UPI,Cloudy,High
ORD_005705,CUST_01431,REST_0157,2025-05-21 19:30:17,Delivered,626.42,147.94,3,UPI,Rain,Medium
ORD_005706,CUST_00366,REST_0004,2025-06-18 08:27:46,Cancelled,1814.09,0.0,8,Wallet,Cloudy,Medium
ORD_005707,CUST_00711,REST_0166,2025-06-21 11:46:49,Delivered,305.28,52.35,3,UPI,Clear,Medium
ORD_005708,CUST_01409,REST_0013,2025-02-01 11:53:38,Delivered,425.04,93.72,2,UPI,Clear,Medium
ORD_005709,CUST_01185,REST_0111,2025-03-26 20:02:00,Delivered,2457.65,588.33,3,UPI,Rain,High
ORD_005710,CUST_01448,REST_0149,2025-04-10 17:28:18,Delivered,393.64,55.99,3,UPI,Cloudy,High
ORD_005711,CUST_00918,REST_0008,2025-03-10 16:09:14,Delivered,495.25,46.88,2,Debit Card,Rain,High
ORD_005712,CUST_00501,REST_0043,2025-01-02 19:21:47,Delivered,1112.09,120.16,4,UPI,Clear,Low
ORD_005713,CUST_01240,REST_0015,2025-04-09 12:46:11,Delivered,105.01,17.73,1,UPI,Cloudy,Medium
ORD_005714,CUST_00439,REST_0132,2025-05-05 15:44:57,Cancelled,962.39,0.0,4,UPI,Clear,Low
ORD_005715,CUST_00249,REST_0073,2025-05-28 12:23:02,Delivered,1391.58,69.12,6,UPI,Clear,Medium
ORD_005716,CUST_01063,REST_0150,2025-03-11 22:33:32,Delivered,301.65,7.35,2,UPI,Clear,Low
ORD_005717,CUST_00964,REST_0132,2025-04-03 08:03:04,Delivered,509.5,3.18,3,UPI,Clear,Low
ORD_005718,CUST_01321,REST_0085,2025-06-17 11:41:02,Delivered,638.6,112.55,4,Credit Card,Cloudy,Medium
ORD_005719,CUST_01445,REST_0101,2025-02-24 14:41:48,Delivered,820.05,31.35,3,UPI,Cloudy,High
ORD_005720,CUST_01288,REST_0012,2025-03-19 22:27:56,Delivered,3273.13,115.22,6,Credit Card,Clear,Medium
ORD_005721,CUST_00092,REST_0130,2025-06-18 22:14:03,Delivered,421.33,21.46,2,UPI,Heavy Rain,High
ORD_005722,CUST_01003,REST_0075,2025-01-20 13:34:51,Delivered,605.56,93.46,2,UPI,Clear,Medium
ORD_005723,CUST_01178,REST_0072,2025-03-18 11:49:00,Delivered,1015.57,240.44,6,Wallet,Cloudy,Low
ORD_005724,CUST_01472,REST_0189,2025-04-09 20:46:27,Delivered,568.51,20.61,4,UPI,Cloudy,Low
ORD_005725,CUST_00559,REST_0064,2025-05-18 23:22:18,Delivered,2231.86,156.38,3,Debit Card,Clear,High
ORD_005726,CUST_00256,REST_0006,2025-03-06 12:45:57,Delivered,542.63,43.68,6,Debit Card,Clear,Low
ORD_005727,CUST_01281,REST_0147,2025-06-03 20:27:19,Delivered,149.5,17.79,2,Debit Card,Clear,Medium
ORD_005728,CUST_00477,REST_0150,2025-06-04 07:30:46,Delivered,529.48,62.84,3,UPI,Clear,High
ORD_005729,CUST_00902,REST_0168,2025-05-15 03:10:47,Delivered,427.58,86.2,2,UPI,Clear,Low
ORD_005730,CUST_00582,REST_0179,2025-01-26 10:06:19,Delivered,2858.24,251.08,3,UPI,Clear,High
ORD_005731,CUST_00602,REST_0025,2025-04-15 18:57:29,Delivered,265.91,7.8,5,UPI,Cloudy,Medium
ORD_005732,CUST_01103,REST_0023,2025-04-30 19:07:28,Delivered,831.88,87.35,6,UPI,Rain,High
ORD_005733,CUST_00540,REST_0032,2025-05-30 14:13:55,Delivered,829.22,113.06,3,UPI,Clear,Medium
ORD_005734,CUST_01045,REST_0161,2025-05-10 18:02:14,Delivered,972.46,131.66,2,Debit Card,Cloudy,Low
ORD_005735,CUST_00022,REST_0132,2025-04-17 17:17:45,Delivered,288.98,35.41,3,Credit Card,Rain,High
ORD_005736,CUST_00488,REST_0008,2025-03-23 21:33:35,Delivered,523.81,65.32,2,UPI,Clear,Low
ORD_005737,CUST_00479,REST_0006,2025-02-15 09:37:36,Delivered,133.22,9.25,1,UPI,Cloudy,Medium
ORD_005738,CUST_01125,REST_0137,2025-01-18 12:28:11,Delivered,4013.98,518.73,6,Cash,Rain,Low
ORD_005739,CUST_00473,REST_0026,2025-05-26 08:58:39,Delivered,395.28,78.76,2,UPI,Cloudy,Medium
ORD_005740,CUST_00955,REST_0153,2025-05-02 13:27:52,Delivered,1297.35,103.03,2,UPI,Cloudy,Low
ORD_005741,CUST_01038,REST_0119,2025-01-15 18:32:01,Delivered,1419.05,53.35,4,UPI,Clear,Low
ORD_005742,CUST_00994,REST_0006,2025-01-08 08:34:17,Failed,111.38,0.0,1,Wallet,Clear,Medium
ORD_005743,CUST_00910,REST_0141,2025-03-31 13:27:19,Cancelled,724.56,0.0,5,UPI,Cloudy,High
ORD_005744,CUST_00620,REST_0012,2025-04-26 18:58:03,Delivered,2479.74,548.46,4,Credit Card,Clear,Medium
ORD_005745,CUST_00557,REST_0139,2025-02-05 10:44:12,Delivered,183.94,8.61,5,Wallet,Clear,Low
ORD_005746,CUST_00850,REST_0023,2025-06-29 07:06:16,Delivered,249.49,10.41,2,UPI,Rain,Medium
ORD_005747,CUST_00098,REST_0187,2025-04-16 12:54:58,Delivered,80.0,5.84,1,UPI,Rain,High
ORD_005748,CUST_01316,REST_0109,2025-04-28 15:33:21,Delivered,434.39,4.94,3,UPI,Clear,High
ORD_005749,CUST_01239,REST_0075,2025-03-17 12:35:00,Delivered,1242.96,169.35,4,UPI,Clear,Medium
ORD_005750,CUST_00519,REST_0014,2025-03-24 19:16:21,Delivered,108.19,22.3,1,UPI,Rain,High
ORD_005751,CUST_00853,REST_0112,2025-06-12 17:14:18,Delivered,2493.32,407.83,5,Debit Card,Clear,High
ORD_005752,CUST_01400,REST_0038,2025-06-27 17:59:43,Delivered,727.8,50.1,3,Debit Card,Clear,Medium
ORD_005753,CUST_00409,REST_0165,2025-02-12 19:21:46,Delivered,216.46,38.96,3,UPI,Heavy Rain,High
ORD_005754,CUST_01117,REST_0023,2025-02-24 13:25:00,Delivered,605.69,31.72,4,Wallet,Rain,High
ORD_005755,CUST_00127,REST_0117,2025-05-29 11:44:16,Delivered,734.97,70.81,2,UPI,Clear,High
ORD_005756,CUST_00789,REST_0102,2025-03-20 14:59:02,Delivered,275.64,24.05,4,Debit Card,Clear,Low
ORD_005757,CUST_01328,REST_0078,2025-04-05 21:57:30,Delivered,750.66,85.28,3,Wallet,Cloudy,Low
ORD_005758,CUST_00830,REST_0024,2025-03-26 22:16:21,Delivered,459.95,35.63,2,Debit Card,Cloudy,Severe
ORD_005759,CUST_00930,REST_0015,2025-02-25 06:58:07,Delivered,255.19,17.07,3,Wallet,Clear,Severe
ORD_005760,CUST_01363,REST_0018,2025-04-21 21:13:37,Delivered,504.86,93.08,2,Wallet,Clear,High
ORD_005761,CUST_01078,REST_0089,2025-06-01 21:14:19,Delivered,178.68,13.58,1,UPI,Clear,Low
ORD_005762,CUST_01049,REST_0120,2025-06-05 22:08:55,Delivered,391.98,22.58,6,UPI,Rain,Medium
ORD_005763,CUST_00884,REST_0183,2025-03-28 20:38:16,Delivered,454.0,140.04,3,UPI,Clear,Medium
ORD_005764,CUST_00954,REST_0012,2025-02-09 22:06:07,Delivered,1841.73,155.97,3,Wallet,Rain,Medium
ORD_005765,CUST_01206,REST_0140,2025-03-12 14:37:52,Delivered,222.87,17.79,3,UPI,Clear,High
ORD_005766,CUST_01469,REST_0193,2025-05-29 19:54:28,Delivered,80.0,5.57,1,UPI,Clear,High
ORD_005767,CUST_01194,REST_0144,2025-02-28 12:04:18,Delivered,80.0,11.85,1,Credit Card,Clear,Medium
ORD_005768,CUST_01065,REST_0155,2025-03-24 14:46:00,Delivered,211.07,8.51,2,UPI,Clear,High
ORD_005769,CUST_00206,REST_0086,2025-01-13 22:00:29,Delivered,563.11,62.31,4,Credit Card,Clear,Medium
ORD_005770,CUST_01226,REST_0116,2025-06-29 13:15:14,Delivered,190.35,13.6,2,UPI,Cloudy,Low
ORD_005771,CUST_01107,REST_0095,2025-05-13 20:14:35,Delivered,274.24,69.3,1,UPI,Clear,Low
ORD_005772,CUST_01157,REST_0108,2025-02-17 14:54:07,Delivered,244.14,7.58,4,Wallet,Clear,Medium
ORD_005773,CUST_00350,REST_0072,2025-04-27 19:58:33,Delivered,377.42,41.64,2,Cash,Clear,Severe
ORD_005774,CUST_01357,REST_0157,2025-06-07 21:59:01,Delivered,252.54,68.19,1,UPI,Clear,Low
ORD_005775,CUST_00149,REST_0052,2025-06-23 19:37:21,Delivered,3687.32,351.92,6,UPI,Clear,Medium
ORD_005776,CUST_00384,REST_0125,2025-03-22 11:56:41,Delivered,698.21,8.26,3,UPI,Clear,Medium
ORD_005777,CUST_01001,REST_0083,2025-02-14 08:28:28,Delivered,1405.2,115.25,2,Debit Card,Heavy Rain,Severe
ORD_005778,CUST_01016,REST_0071,2025-02-26 14:16:07,Delivered,435.22,17.41,2,UPI,Cloudy,High
ORD_005779,CUST_00472,REST_0113,2025-06-27 07:10:02,Delivered,193.57,15.41,2,UPI,Clear,Low
ORD_005780,CUST_01056,REST_0193,2025-03-07 16:55:27,Delivered,86.58,23.22,2,Credit Card,Clear,Low
ORD_005781,CUST_00579,REST_0073,2025-03-30 17:42:01,Delivered,1048.8,76.08,5,UPI,Cloudy,Low
ORD_005782,CUST_00001,REST_0009,2025-03-17 22:37:11,Delivered,942.13,26.59,2,UPI,Clear,High
ORD_005783,CUST_00246,REST_0127,2025-04-24 22:30:53,Delivered,721.19,41.8,2,UPI,Clear,Low
ORD_005784,CUST_01326,REST_0032,2025-05-25 12:29:01,Delivered,1419.31,573.8,6,UPI,Clear,Low
ORD_005785,CUST_00337,REST_0161,2025-03-21 19:33:44,Delivered,2581.29,309.36,5,UPI,Cloudy,Low
ORD_005786,CUST_00173,REST_0113,2025-05-09 18:51:02,Delivered,293.23,12.25,3,Debit Card,Rain,Medium
ORD_005787,CUST_01027,REST_0024,2025-04-08 18:57:44,Delivered,903.37,184.74,3,UPI,Rain,High
ORD_005788,CUST_00663,REST_0188,2025-03-31 10:17:00,Cancelled,149.91,0.0,2,UPI,Cloudy,Low
ORD_005789,CUST_01196,REST_0128,2025-04-25 08:08:00,Delivered,284.13,10.55,2,Wallet,Rain,Medium
ORD_005790,CUST_01295,REST_0043,2025-02-25 22:27:02,Delivered,1545.54,116.83,4,UPI,Cloudy,Low
ORD_005791,CUST_01270,REST_0109,2025-06-15 20:35:55,Delivered,139.67,22.45,1,UPI,Clear,Medium
ORD_005792,CUST_00471,REST_0168,2025-06-21 13:54:28,Delivered,899.16,159.1,4,Debit Card,Clear,Medium
ORD_005793,CUST_00762,REST_0129,2025-06-30 21:03:05,Delivered,602.95,22.81,4,UPI,Clear,Medium
ORD_005794,CUST_00981,REST_0008,2025-06-28 20:10:26,Delivered,477.76,23.49,3,UPI,Clear,Medium
ORD_005795,CUST_00484,REST_0004,2025-04-20 21:58:34,Delivered,1244.95,73.28,3,Wallet,Clear,Low
ORD_005796,CUST_00063,REST_0076,2025-03-02 10:26:15,Delivered,305.93,10.29,5,Debit Card,Clear,High
ORD_005797,CUST_00747,REST_0110,2025-03-10 10:02:00,Delivered,300.47,80.63,2,Credit Card,Clear,Low
ORD_005798,CUST_00020,REST_0054,2025-05-08 19:47:04,Delivered,519.48,48.28,3,Credit Card,Clear,Medium
ORD_005799,CUST_01428,REST_0055,2025-05-01 13:59:01,Delivered,1278.35,51.06,7,Debit Card,Heavy Rain,Severe
ORD_005800,CUST_01196,REST_0003,2025-03-26 20:27:44,Failed,362.65,0.0,2,UPI,Rain,Low
ORD_005801,CUST_00288,REST_0051,2025-05-13 20:57:23,Delivered,512.53,106.09,5,Cash,Clear,Medium
ORD_005802,CUST_00433,REST_0096,2025-06-08 01:40:53,Delivered,454.05,25.11,2,UPI,Clear,Medium
ORD_005803,CUST_01473,REST_0005,2025-03-09 08:42:16,Delivered,210.16,5.06,3,UPI,Cloudy,High
ORD_005804,CUST_00557,REST_0015,2025-06-23 21:20:20,Delivered,242.29,56.57,4,UPI,Cloudy,Medium
ORD_005805,CUST_01177,REST_0039,2025-05-04 20:32:09,Delivered,1642.08,508.08,6,Wallet,Clear,Low
ORD_005806,CUST_00673,REST_0004,2025-03-23 18:30:23,Delivered,1492.18,139.61,6,Wallet,Rain,High
ORD_005807,CUST_01299,REST_0129,2025-05-04 04:05:07,Delivered,923.71,67.52,3,UPI,Clear,High
ORD_005808,CUST_01060,REST_0132,2025-03-19 12:35:53,Cancelled,214.6,0.0,1,Cash,Cloudy,High
ORD_005809,CUST_00035,REST_0187,2025-04-22 14:35:21,Delivered,124.5,4.21,2,Credit Card,Rain,High
ORD_005810,CUST_00444,REST_0083,2025-02-15 11:55:00,Delivered,1432.28,194.95,2,Wallet,Clear,High
ORD_005811,CUST_00840,REST_0007,2025-03-09 18:42:46,Cancelled,2715.35,0.0,3,Credit Card,Cloudy,Low
ORD_005812,CUST_01390,REST_0093,2025-01-24 11:43:07,Delivered,450.09,117.03,6,Cash,Clear,Medium
ORD_005813,CUST_00156,REST_0042,2025-06-02 16:09:42,Delivered,80.0,3.24,2,UPI,Rain,Medium
ORD_005814,CUST_00907,REST_0042,2025-02-10 12:59:45,Delivered,106.53,22.74,2,UPI,Cloudy,High
ORD_005815,CUST_00455,REST_0090,2025-05-11 17:57:59,Delivered,2127.99,410.25,5,Debit Card,Clear,Low
ORD_005816,CUST_01336,REST_0100,2025-03-23 13:04:51,Delivered,278.86,16.78,1,Credit Card,Clear,Medium
ORD_005817,CUST_01150,REST_0122,2025-06-09 15:20:23,Delivered,201.38,82.04,3,Debit Card,Clear,Low
ORD_005818,CUST_00552,REST_0134,2025-06-15 14:14:24,Delivered,529.52,52.73,2,UPI,Cloudy,High
ORD_005819,CUST_00252,REST_0054,2025-01-09 14:50:00,Delivered,171.62,7.46,1,Wallet,Cloudy,Low
ORD_005820,CUST_00018,REST_0100,2025-02-04 11:38:47,Delivered,552.55,220.57,3,UPI,Clear,Medium
ORD_005821,CUST_00937,REST_0179,2025-02-18 12:18:51,Delivered,1899.27,82.57,2,Debit Card,Clear,High
ORD_005822,CUST_00609,REST_0012,2025-05-10 08:47:28,Delivered,503.59,64.11,1,Debit Card,Clear,Medium
ORD_005823,CUST_00474,REST_0182,2025-06-07 20:21:37,Delivered,406.89,43.93,1,UPI,Clear,High
ORD_005824,CUST_01477,REST_0039,2025-01-19 18:21:17,Delivered,337.13,66.29,2,Credit Card,Rain,High
ORD_005825,CUST_00702,REST_0036,2025-04-19 20:19:48,Delivered,984.53,311.83,3,UPI,Clear,Medium
ORD_005826,CUST_01127,REST_0119,2025-05-13 14:23:57,Delivered,1112.37,123.19,5,Credit Card,Clear,Low
ORD_005827,CUST_00267,REST_0018,2025-01-18 13:55:21,Delivered,1192.94,257.93,5,Credit Card,Rain,Medium
ORD_005828,CUST_00021,REST_0108,2025-02-25 13:22:15,Delivered,398.24,56.81,4,Debit Card,Clear,Medium
ORD_005829,CUST_00626,REST_0121,2025-02-13 19:13:08,Delivered,492.72,65.73,4,Credit Card,Clear,High
ORD_005830,CUST_01005,REST_0164,2025-03-16 13:43:50,Delivered,1017.63,40.36,4,Cash,Rain,High
ORD_005831,CUST_00763,REST_0083,2025-05-24 22:43:35,Cancelled,1092.55,0.0,2,UPI,Clear,Low
ORD_005832,CUST_01338,REST_0154,2025-03-22 12:57:16,Delivered,2156.17,420.56,4,UPI,Clear,Low
ORD_005833,CUST_00653,REST_0033,2025-04-07 18:01:16,Cancelled,419.88,0.0,3,Credit Card,Rain,High
ORD_005834,CUST_00468,REST_0156,2025-01-23 09:11:12,Delivered,192.41,35.88,1,Credit Card,Cloudy,Low
ORD_005835,CUST_01375,REST_0084,2025-01-12 18:17:38,Delivered,189.94,5.37,3,UPI,Clear,Medium
ORD_005836,CUST_00610,REST_0093,2025-03-24 13:38:13,Delivered,284.95,27.52,5,UPI,Clear,High
ORD_005837,CUST_00406,REST_0050,2025-03-14 07:47:04,Delivered,1029.56,65.51,4,UPI,Heavy Rain,Severe
ORD_005838,CUST_00150,REST_0039,2025-03-29 07:51:11,Delivered,1149.32,54.34,6,Credit Card,Clear,Low
ORD_005839,CUST_01191,REST_0162,2025-03-13 22:37:19,Delivered,323.79,105.82,1,Wallet,Clear,Medium
ORD_005840,CUST_01238,REST_0002,2025-05-02 21:33:17,Delivered,2806.46,485.57,3,Wallet,Clear,Medium
ORD_005841,CUST_00052,REST_0017,2025-02-16 22:50:51,Delivered,700.77,32.12,4,Credit Card,Cloudy,Low
ORD_005842,CUST_00536,REST_0059,2025-06-09 21:15:05,Delivered,695.22,85.65,3,UPI,Clear,Low
ORD_005843,CUST_01127,REST_0017,2025-05-17 07:47:07,Delivered,719.37,156.95,4,Wallet,Clear,Low
ORD_005844,CUST_01421,REST_0136,2025-04-06 20:17:36,Delivered,775.72,3.26,3,UPI,Clear,High
ORD_005845,CUST_00564,REST_0186,2025-06-29 14:33:03,Delivered,409.0,13.62,6,UPI,Cloudy,High
ORD_005846,CUST_01310,REST_0141,2025-01-16 22:13:16,Delivered,370.79,20.88,3,Credit Card,Rain,Low
ORD_005847,CUST_00588,REST_0179,2025-04-25 09:49:43,Delivered,2541.55,324.43,4,Wallet,Clear,High
ORD_005848,CUST_00270,REST_0103,2025-04-12 09:07:11,Delivered,2507.73,92.22,3,UPI,Rain,High
ORD_005849,CUST_00005,REST_0113,2025-06-12 12:28:22,Delivered,681.96,86.97,6,Credit Card,Clear,Medium
ORD_005850,CUST_00496,REST_0094,2025-06-10 19:39:57,Delivered,345.65,20.53,3,Credit Card,Clear,Medium
ORD_005851,CUST_00565,REST_0140,2025-03-27 19:44:14,Delivered,193.28,64.92,4,UPI,Clear,Medium
ORD_005852,CUST_01420,REST_0125,2025-05-23 19:35:04,Delivered,875.51,69.61,3,UPI,Clear,Medium
ORD_005853,CUST_00311,REST_0029,2025-03-03 15:19:38,Delivered,198.26,12.69,1,Credit Card,Clear,Medium
ORD_005854,CUST_00571,REST_0018,2025-03-08 11:08:00,Delivered,1574.43,352.0,6,Wallet,Clear,Low
ORD_005855,CUST_00039,REST_0178,2025-04-28 18:57:08,Delivered,1531.8,117.2,3,UPI,Clear,Medium
ORD_005856,CUST_01148,REST_0021,2025-04-05 22:34:39,Delivered,879.87,53.47,4,UPI,Cloudy,Medium
ORD_005857,CUST_01373,REST_0042,2025-05-05 21:01:02,Delivered,99.67,5.34,2,Credit Card,Clear,High
ORD_005858,CUST_00360,REST_0093,2025-01-14 14:03:46,Delivered,385.31,47.62,5,UPI,Clear,Medium
ORD_005859,CUST_00645,REST_0200,2025-04-04 13:38:50,Delivered,668.15,7.02,2,Wallet,Cloudy,Medium
ORD_005860,CUST_00187,REST_0181,2025-02-17 17:54:19,Cancelled,290.52,0.0,5,UPI,Clear,Medium
ORD_005861,CUST_00687,REST_0185,2025-04-23 18:09:06,Delivered,306.05,36.48,3,UPI,Clear,High
ORD_005862,CUST_00203,REST_0101,2025-04-26 13:58:43,Delivered,535.06,118.59,3,Credit Card,Rain,Medium
ORD_005863,CUST_00789,REST_0106,2025-01-11 19:53:59,Delivered,894.72,275.05,4,Wallet,Clear,Medium
ORD_005864,CUST_01105,REST_0012,2025-03-03 14:17:54,Delivered,2334.57,271.62,3,Credit Card,Clear,Low
ORD_005865,CUST_00833,REST_0051,2025-04-19 14:29:12,Delivered,106.62,6.85,1,UPI,Rain,Medium
ORD_005866,CUST_00370,REST_0077,2025-03-09 11:50:39,Delivered,131.45,48.49,2,UPI,Cloudy,Low
ORD_005867,CUST_00530,REST_0062,2025-04-10 22:47:00,Delivered,1138.4,186.7,2,UPI,Clear,Medium
ORD_005868,CUST_00963,REST_0197,2025-03-16 21:59:35,Delivered,176.57,4.52,1,Debit Card,Clear,High
ORD_005869,CUST_00889,REST_0056,2025-03-24 22:14:44,Delivered,311.19,52.58,4,UPI,Clear,Low
ORD_005870,CUST_00208,REST_0055,2025-02-14 16:17:06,Delivered,361.12,18.69,2,UPI,Cloudy,High
ORD_005871,CUST_01269,REST_0014,2025-06-07 12:40:29,Delivered,487.51,54.35,5,UPI,Clear,High
ORD_005872,CUST_00716,REST_0039,2025-04-28 08:56:36,Delivered,609.59,137.39,3,Debit Card,Clear,Medium
ORD_005873,CUST_00246,REST_0165,2025-06-25 19:16:29,Delivered,192.76,2.95,3,UPI,Cloudy,High
ORD_005874,CUST_00188,REST_0028,2025-01-03 22:29:53,Delivered,343.22,66.83,3,UPI,Rain,Severe
ORD_005875,CUST_01449,REST_0033,2025-04-23 11:35:35,Delivered,924.39,221.22,5,UPI,Clear,Medium
ORD_005876,CUST_00424,REST_0102,2025-03-26 22:06:07,Cancelled,381.23,0.0,4,UPI,Clear,High
ORD_005877,CUST_01364,REST_0150,2025-03-27 15:29:33,Delivered,506.21,123.22,3,Credit Card,Cloudy,Medium
ORD_005878,CUST_00615,REST_0193,2025-04-03 20:04:48,Delivered,184.9,28.51,3,UPI,Clear,Low
ORD_005879,CUST_00576,REST_0111,2025-05-01 11:37:09,Delivered,822.69,67.17,1,UPI,Clear,Low
ORD_005880,CUST_01055,REST_0191,2025-01-22 19:09:00,Delivered,454.53,22.93,3,UPI,Clear,High
ORD_005881,CUST_00015,REST_0103,2025-05-19 11:26:19,Delivered,4284.74,915.68,5,UPI,Cloudy,Medium
ORD_005882,CUST_00507,REST_0103,2025-06-28 21:10:14,Delivered,3235.18,159.22,3,UPI,Clear,Medium
ORD_005883,CUST_00456,REST_0129,2025-06-16 12:17:23,Delivered,884.96,4.99,5,UPI,Clear,High
ORD_005884,CUST_01305,REST_0138,2025-01-28 10:10:32,Delivered,229.51,29.67,2,UPI,Clear,High
ORD_005885,CUST_00797,REST_0089,2025-03-21 11:05:42,Delivered,654.97,149.79,3,UPI,Clear,Medium
ORD_005886,CUST_00544,REST_0198,2025-04-16 18:21:22,Delivered,398.58,64.79,3,UPI,Clear,Medium
ORD_005887,CUST_00401,REST_0021,2025-01-05 12:08:38,Delivered,863.38,247.09,2,UPI,Clear,Medium
ORD_005888,CUST_00891,REST_0198,2025-04-02 12:42:37,Delivered,418.91,10.4,3,Debit Card,Rain,Medium
ORD_005889,CUST_00230,REST_0140,2025-06-01 22:42:42,Cancelled,206.58,0.0,2,UPI,Heavy Rain,High
ORD_005890,CUST_00372,REST_0072,2025-04-20 10:01:04,Delivered,471.15,106.37,3,UPI,Heavy Rain,High
ORD_005891,CUST_00443,REST_0182,2025-03-23 08:34:00,Delivered,1619.92,295.4,6,Debit Card,Clear,Low
ORD_005892,CUST_00917,REST_0169,2025-05-26 12:40:35,Delivered,516.94,103.8,5,UPI,Cloudy,Low
ORD_005893,CUST_00557,REST_0042,2025-04-23 14:45:53,Delivered,139.33,27.49,3,UPI,Rain,Medium
ORD_005894,CUST_00762,REST_0154,2025-05-31 20:03:40,Delivered,1271.89,278.85,2,UPI,Rain,Severe
ORD_005895,CUST_00982,REST_0052,2025-01-03 13:55:09,Delivered,560.59,90.09,1,Cash,Clear,Medium
ORD_005896,CUST_01436,REST_0045,2025-04-16 11:48:26,Delivered,133.21,11.71,1,UPI,Rain,Medium
ORD_005897,CUST_01149,REST_0028,2025-02-22 09:37:00,Delivered,666.13,148.47,3,UPI,Clear,Medium
ORD_005898,CUST_00607,REST_0138,2025-06-23 21:34:54,Delivered,582.32,20.92,5,UPI,Rain,High
ORD_005899,CUST_01125,REST_0010,2025-03-07 18:27:43,Cancelled,568.37,0.0,5,Credit Card,Cloudy,Medium
ORD_005900,CUST_01426,REST_0136,2025-01-02 20:58:36,Delivered,1486.57,82.92,4,UPI,Clear,Low
ORD_005901,CUST_00752,REST_0067,2025-06-05 12:02:13,Delivered,438.13,60.85,3,UPI,Clear,Low
ORD_005902,CUST_00615,REST_0155,2025-01-16 02:50:35,Delivered,469.61,74.21,3,UPI,Clear,Medium
ORD_005903,CUST_00119,REST_0189,2025-03-26 13:56:00,Delivered,342.69,14.73,3,UPI,Clear,Low
ORD_005904,CUST_01341,REST_0094,2025-06-02 20:10:36,Delivered,335.0,77.59,4,UPI,Clear,Low
ORD_005905,CUST_00372,REST_0118,2025-04-17 13:01:53,Delivered,526.48,55.76,3,Debit Card,Clear,High
ORD_005906,CUST_00098,REST_0187,2025-06-11 19:04:10,Delivered,247.18,6.98,4,Wallet,Clear,Medium
ORD_005907,CUST_00808,REST_0138,2025-01-29 22:27:04,Delivered,603.61,35.84,4,Debit Card,Clear,Low
ORD_005908,CUST_01270,REST_0110,2025-01-20 18:09:31,Delivered,414.05,24.19,2,UPI,Cloudy,High
ORD_005909,CUST_00610,REST_0142,2025-06-06 18:00:19,Delivered,273.57,39.05,5,UPI,Cloudy,Low
ORD_005910,CUST_01176,REST_0122,2025-04-29 19:14:46,Delivered,257.71,75.72,3,UPI,Clear,Medium
ORD_005911,CUST_01254,REST_0085,2025-06-07 12:00:06,Delivered,716.83,105.24,4,Debit Card,Clear,Low
ORD_005912,CUST_00684,REST_0195,2025-03-03 10:53:48,Delivered,1092.5,161.27,3,Wallet,Clear,High
ORD_005913,CUST_00891,REST_0046,2025-01-07 13:11:58,Delivered,80.0,11.45,1,Credit Card,Clear,High
ORD_005914,CUST_00804,REST_0086,2025-03-27 18:29:00,Delivered,1015.63,28.76,4,Wallet,Cloudy,Severe
ORD_005915,CUST_01410,REST_0079,2025-01-12 22:46:06,Delivered,1407.84,192.9,5,UPI,Clear,Medium
ORD_005916,CUST_01092,REST_0020,2025-06-28 18:00:59,Delivered,356.22,16.05,5,UPI,Clear,Medium
ORD_005917,CUST_01389,REST_0160,2025-04-09 10:05:00,Failed,1560.35,0.0,2,Debit Card,Cloudy,Low
ORD_005918,CUST_00332,REST_0071,2025-06-10 20:07:33,Delivered,675.49,142.25,3,Debit Card,Cloudy,Medium
ORD_005919,CUST_00468,REST_0131,2025-04-14 12:13:33,Delivered,949.53,225.06,3,UPI,Cloudy,Medium
ORD_005920,CUST_00109,REST_0128,2025-02-14 20:00:08,Delivered,591.07,119.15,5,UPI,Cloudy,Low
ORD_005921,CUST_00753,REST_0016,2025-06-29 18:42:17,Delivered,734.83,71.18,3,UPI,Clear,Low
ORD_005922,CUST_01313,REST_0113,2025-03-22 17:23:35,Delivered,427.45,56.44,4,Credit Card,Cloudy,Medium
ORD_005923,CUST_00490,REST_0101,2025-05-26 18:30:15,Delivered,946.57,63.59,4,UPI,Cloudy,Low
ORD_005924,CUST_00196,REST_0041,2025-01-09 18:19:58,Delivered,711.47,51.06,2,Wallet,Cloudy,Medium
ORD_005925,CUST_00105,REST_0179,2025-02-27 22:41:07,Delivered,1258.24,148.86,1,UPI,Rain,Medium
ORD_005926,CUST_00674,REST_0148,2025-02-21 09:12:08,Delivered,1927.0,150.4,4,UPI,Clear,High
ORD_005927,CUST_00248,REST_0021,2025-03-10 05:51:13,Delivered,1007.72,96.08,2,UPI,Clear,Medium
ORD_005928,CUST_00518,REST_0164,2025-02-03 07:32:23,Delivered,349.88,34.25,3,UPI,Clear,Low
ORD_005929,CUST_01231,REST_0098,2025-01-13 14:26:00,Delivered,899.38,41.17,3,Wallet,Cloudy,High
ORD_005930,CUST_00574,REST_0077,2025-01-04 12:39:34,Delivered,316.55,3.0,3,Debit Card,Cloudy,High
ORD_005931,CUST_00920,REST_0165,2025-06-16 21:57:56,Delivered,130.64,40.6,2,UPI,Cloudy,Medium
ORD_005932,CUST_00757,REST_0167,2025-01-16 12:09:44,Delivered,168.59,24.59,2,Debit Card,Clear,Low
ORD_005933,CUST_01082,REST_0158,2025-03-03 20:41:43,Delivered,126.68,17.76,3,UPI,Cloudy,Medium
ORD_005934,CUST_00237,REST_0170,2025-06-23 21:16:08,Delivered,489.63,162.15,2,UPI,Clear,Medium
ORD_005935,CUST_01381,REST_0072,2025-05-02 18:35:30,Delivered,436.4,108.03,3,Wallet,Clear,Medium
ORD_005936,CUST_00971,REST_0074,2025-06-08 14:17:05,Delivered,1723.23,119.62,3,UPI,Clear,High
ORD_005937,CUST_00409,REST_0113,2025-04-16 13:27:42,Delivered,591.05,68.04,6,Wallet,Clear,Low
ORD_005938,CUST_00188,REST_0163,2025-01-24 12:57:02,Delivered,281.32,30.09,1,UPI,Clear,Medium
ORD_005939,CUST_00228,REST_0009,2025-05-26 18:48:41,Delivered,1194.06,100.63,2,UPI,Clear,Medium
ORD_005940,CUST_01175,REST_0006,2025-06-09 14:18:28,Delivered,278.03,39.02,3,Debit Card,Clear,Medium
ORD_005941,CUST_00887,REST_0056,2025-03-07 18:46:54,Delivered,456.0,61.97,6,UPI,Cloudy,Medium
ORD_005942,CUST_00569,REST_0013,2025-04-14 22:41:16,Delivered,787.02,197.31,4,UPI,Clear,Low
ORD_005943,CUST_00500,REST_0164,2025-04-24 07:53:48,Delivered,1328.44,299.44,5,UPI,Cloudy,Medium
ORD_005944,CUST_01285,REST_0132,2025-05-12 13:28:59,Delivered,707.76,91.48,4,Credit Card,Clear,Medium
ORD_005945,CUST_01314,REST_0015,2025-02-27 14:52:04,Delivered,403.49,59.52,4,UPI,Cloudy,Medium
ORD_005946,CUST_00876,REST_0134,2025-04-24 22:57:16,Delivered,936.37,31.26,4,UPI,Heavy Rain,Medium
ORD_005947,CUST_00790,REST_0028,2025-01-14 20:20:53,Cancelled,500.77,0.0,2,Credit Card,Clear,Low
ORD_005948,CUST_01225,REST_0102,2025-03-19 12:50:00,Delivered,138.51,24.53,2,Credit Card,Clear,Low
ORD_005949,CUST_01126,REST_0186,2025-02-09 10:25:35,Delivered,390.19,1.72,5,UPI,Rain,Medium
ORD_005950,CUST_00599,REST_0059,2025-05-29 07:50:10,Delivered,310.19,52.58,4,Wallet,Clear,Medium
ORD_005951,CUST_00127,REST_0165,2025-04-30 12:13:27,Delivered,179.33,13.46,2,UPI,Rain,Low
ORD_005952,CUST_01154,REST_0091,2025-06-04 13:55:23,Delivered,267.97,35.39,3,UPI,Clear,Medium
ORD_005953,CUST_00254,REST_0154,2025-03-30 21:45:00,Delivered,2287.08,77.92,5,UPI,Clear,Medium
ORD_005954,CUST_00026,REST_0037,2025-04-18 23:50:10,Delivered,509.99,93.38,3,Credit Card,Cloudy,High
ORD_005955,CUST_01266,REST_0081,2025-01-24 20:06:39,Delivered,80.0,4.02,1,UPI,Clear,High
ORD_005956,CUST_00871,REST_0197,2025-03-22 22:11:14,Delivered,829.79,69.28,5,UPI,Clear,High
ORD_005957,CUST_01339,REST_0149,2025-01-23 11:37:30,Delivered,227.27,11.83,2,Debit Card,Clear,Medium
ORD_005958,CUST_00730,REST_0091,2025-01-29 20:11:26,Cancelled,274.34,0.0,4,UPI,Clear,High
ORD_005959,CUST_01390,REST_0145,2025-03-09 18:48:33,Delivered,204.37,17.09,2,Credit Card,Clear,Low
ORD_005960,CUST_00530,REST_0062,2025-04-10 11:39:00,Delivered,3158.8,143.44,4,Wallet,Rain,Low
ORD_005961,CUST_01091,REST_0072,2025-05-18 19:20:36,Delivered,488.04,112.95,4,UPI,Cloudy,Medium
ORD_005962,CUST_00453,REST_0194,2025-01-29 12:20:21,Delivered,310.49,8.41,5,UPI,Clear,High
ORD_005963,CUST_00002,REST_0023,2025-04-09 20:04:14,Cancelled,430.19,0.0,3,Credit Card,Cloudy,Low
ORD_005964,CUST_00567,REST_0053,2025-04-15 21:15:39,Delivered,1054.16,33.33,4,Credit Card,Clear,Low
ORD_005965,CUST_01110,REST_0188,2025-04-21 11:03:20,Cancelled,158.88,0.0,2,UPI,Clear,High
ORD_005966,CUST_00228,REST_0137,2025-06-01 14:25:41,Cancelled,1158.82,0.0,2,UPI,Clear,Medium
ORD_005967,CUST_00760,REST_0091,2025-04-14 19:01:13,Delivered,209.58,15.99,2,UPI,Rain,Low
ORD_005968,CUST_00320,REST_0155,2025-05-28 12:34:54,Delivered,119.06,32.03,1,Cash,Cloudy,Medium
ORD_005969,CUST_00115,REST_0049,2025-03-19 21:14:38,Delivered,634.86,53.51,2,UPI,Rain,High
ORD_005970,CUST_00932,REST_0044,2025-02-19 22:27:52,Delivered,531.03,91.69,6,UPI,Clear,Low
ORD_005971,CUST_01429,REST_0187,2025-04-22 16:27:54,Delivered,201.69,10.08,3,UPI,Clear,Medium
ORD_005972,CUST_00468,REST_0150,2025-04-08 13:22:43,Delivered,767.6,52.46,5,Wallet,Clear,Severe
ORD_005973,CUST_00875,REST_0188,2025-06-12 22:59:40,Delivered,406.15,66.3,6,UPI,Cloudy,Medium
ORD_005974,CUST_01432,REST_0063,2025-06-06 12:33:03,Delivered,186.91,21.33,2,Debit Card,Cloudy,Low
ORD_005975,CUST_00982,REST_0008,2025-02-14 19:50:13,Delivered,629.3,115.8,2,UPI,Cloudy,Low
ORD_005976,CUST_01016,REST_0081,2025-03-10 19:46:26,Delivered,206.5,16.24,3,UPI,Clear,Low
ORD_005977,CUST_00269,REST_0165,2025-01-11 19:36:38,Delivered,80.45,6.93,2,Cash,Rain,High
ORD_005978,CUST_00743,REST_0130,2025-04-08 14:15:57,Delivered,907.02,54.44,6,UPI,Rain,Medium
ORD_005979,CUST_00548,REST_0089,2025-03-05 14:57:00,Delivered,440.02,26.47,3,UPI,Cloudy,Low
ORD_005980,CUST_00710,REST_0194,2025-04-29 22:28:01,Delivered,103.28,9.45,2,Debit Card,Rain,High
ORD_005981,CUST_01201,REST_0169,2025-01-29 20:08:54,Delivered,182.02,12.05,1,Debit Card,Rain,Medium
ORD_005982,CUST_00693,REST_0094,2025-04-26 08:27:36,Delivered,414.41,31.67,4,UPI,Rain,Low
ORD_005983,CUST_00096,REST_0032,2025-05-31 22:31:27,Delivered,671.51,138.58,3,UPI,Cloudy,Medium
ORD_005984,CUST_01360,REST_0024,2025-02-27 20:31:20,Delivered,897.18,110.69,5,UPI,Clear,Low
ORD_005985,CUST_00819,REST_0032,2025-03-10 18:58:27,Delivered,609.41,130.71,2,Credit Card,Clear,Low
ORD_005986,CUST_01387,REST_0082,2025-06-09 18:59:22,Delivered,405.33,3.49,2,Debit Card,Rain,Medium
ORD_005987,CUST_00862,REST_0037,2025-03-15 20:26:34,Delivered,376.47,45.57,2,UPI,Clear,Low
ORD_005988,CUST_00107,REST_0188,2025-01-24 14:35:44,Delivered,265.59,26.64,5,Wallet,Cloudy,Medium
ORD_005989,CUST_00832,REST_0149,2025-05-22 20:47:41,Delivered,412.76,47.65,4,UPI,Clear,Medium
ORD_005990,CUST_00867,REST_0183,2025-04-29 20:19:55,Delivered,618.75,141.36,5,Debit Card,Cloudy,Low
ORD_005991,CUST_00323,REST_0029,2025-05-25 23:38:31,Delivered,689.52,11.84,3,UPI,Clear,Medium
ORD_005992,CUST_00710,REST_0169,2025-05-10 13:41:37,Delivered,900.31,265.93,5,Wallet,Clear,Low
ORD_005993,CUST_00691,REST_0144,2025-02-24 20:45:42,Delivered,80.0,0.13,2,Cash,Clear,High
ORD_005994,CUST_00940,REST_0109,2025-05-10 22:35:21,Delivered,496.96,168.94,3,UPI,Clear,Low
ORD_005995,CUST_00392,REST_0155,2025-03-24 10:34:00,Delivered,126.24,10.26,1,UPI,Heavy Rain,Severe
ORD_005996,CUST_00877,REST_0151,2025-04-22 20:55:30,Delivered,396.97,49.93,4,Wallet,Cloudy,Medium
ORD_005997,CUST_00365,REST_0177,2025-04-26 19:19:00,Delivered,227.77,12.72,3,Cash,Rain,High
ORD_005998,CUST_00672,REST_0135,2025-04-07 21:26:07,Delivered,628.44,134.5,5,UPI,Clear,Low
ORD_005999,CUST_00188,REST_0078,2025-05-02 14:05:45,Delivered,373.89,83.78,2,UPI,Clear,Low
ORD_006000,CUST_00057,REST_0187,2025-01-25 03:35:30,Delivered,215.34,35.63,3,UPI,Cloudy,Medium
ORD_006001,CUST_00482,REST_0197,2025-05-27 20:23:33,Delivered,550.11,13.73,5,UPI,Heavy Rain,High
ORD_006002,CUST_00413,REST_0013,2025-05-25 22:35:12,Delivered,475.95,64.9,2,Debit Card,Clear,Low
ORD_006003,CUST_00610,REST_0167,2025-02-28 11:11:20,Delivered,123.43,25.33,3,UPI,Cloudy,Low
ORD_006004,CUST_01445,REST_0140,2025-04-11 05:00:47,Delivered,462.03,19.85,5,Debit Card,Clear,High
ORD_006005,CUST_00787,REST_0022,2025-03-06 12:33:00,Delivered,130.0,5.95,1,UPI,Clear,Medium
ORD_006006,CUST_00832,REST_0033,2025-05-30 18:36:25,Delivered,586.85,164.1,4,Wallet,Clear,Low
ORD_006007,CUST_01414,REST_0004,2025-06-03 21:56:25,Delivered,137.27,9.79,1,UPI,Cloudy,Medium
ORD_006008,CUST_01383,REST_0050,2025-03-18 11:00:00,Delivered,385.38,30.61,1,UPI,Rain,Low
ORD_006009,CUST_01329,REST_0181,2025-04-16 20:29:27,Delivered,80.0,8.48,2,UPI,Clear,Low
ORD_006010,CUST_00150,REST_0001,2025-03-30 20:51:25,Delivered,214.56,49.88,5,Debit Card,Clear,Medium
ORD_006011,CUST_00956,REST_0129,2025-06-27 12:40:31,Delivered,428.04,175.36,2,UPI,Cloudy,Medium
ORD_006012,CUST_01213,REST_0151,2025-06-03 19:19:47,Delivered,297.69,29.35,4,Debit Card,Heavy Rain,High
ORD_006013,CUST_01253,REST_0172,2025-02-18 13:00:00,Delivered,2439.71,400.65,3,Credit Card,Clear,Medium
ORD_006014,CUST_00870,REST_0071,2025-03-27 15:29:27,Delivered,449.33,157.25,3,Wallet,Clear,Low
ORD_006015,CUST_00028,REST_0124,2025-06-13 19:36:35,Delivered,285.54,32.26,5,Credit Card,Rain,Medium
ORD_006016,CUST_01461,REST_0181,2025-05-07 14:29:41,Delivered,133.24,11.07,3,UPI,Cloudy,Medium
ORD_006017,CUST_00712,REST_0190,2025-04-09 18:20:07,Delivered,4704.59,116.56,4,UPI,Rain,Medium
ORD_006018,CUST_00588,REST_0149,2025-03-10 13:30:57,Delivered,480.12,102.36,4,UPI,Clear,Medium
ORD_006019,CUST_00590,REST_0004,2025-01-30 14:35:26,Cancelled,1377.28,0.0,6,UPI,Cloudy,Medium
ORD_006020,CUST_00637,REST_0055,2025-02-04 11:25:03,Delivered,359.84,94.41,3,Debit Card,Clear,Low
ORD_006021,CUST_00366,REST_0106,2025-04-01 11:26:46,Delivered,468.67,74.52,4,UPI,Heavy Rain,High
ORD_006022,CUST_00491,REST_0022,2025-05-14 13:43:23,Delivered,90.87,17.16,1,UPI,Clear,Medium
ORD_006023,CUST_01477,REST_0041,2025-04-29 22:12:25,Delivered,1686.59,575.47,4,Credit Card,Cloudy,Medium
ORD_006024,CUST_00550,REST_0017,2025-02-12 18:45:46,Delivered,488.49,26.08,2,UPI,Cloudy,High
ORD_006025,CUST_00794,REST_0005,2025-06-05 21:11:45,Delivered,121.16,10.91,2,UPI,Clear,High
ORD_006026,CUST_01273,REST_0109,2025-06-27 18:59:54,Delivered,292.66,26.79,2,Credit Card,Cloudy,Medium
ORD_006027,CUST_00795,REST_0051,2025-06-12 16:30:56,Cancelled,272.39,0.0,3,UPI,Cloudy,Low
ORD_006028,CUST_00487,REST_0122,2025-05-20 13:34:06,Failed,283.78,0.0,4,UPI,Clear,Medium
ORD_006029,CUST_00790,REST_0101,2025-05-24 16:16:20,Delivered,839.1,226.49,3,Wallet,Clear,Low
ORD_006030,CUST_00175,REST_0198,2025-03-07 14:10:00,Cancelled,453.16,0.0,2,Wallet,Rain,Medium
ORD_006031,CUST_00198,REST_0069,2025-03-20 11:07:24,Delivered,1400.57,87.84,6,Credit Card,Rain,High
ORD_006032,CUST_01046,REST_0190,2025-05-19 14:20:53,Delivered,2500.07,673.35,4,Wallet,Heavy Rain,Medium
ORD_006033,CUST_01376,REST_0129,2025-04-29 21:08:47,Delivered,797.78,167.41,4,Debit Card,Clear,Low
ORD_006034,CUST_01092,REST_0119,2025-05-09 22:05:29,Delivered,1184.75,41.68,4,UPI,Clear,Severe
ORD_006035,CUST_00115,REST_0173,2025-02-24 13:21:05,Delivered,1218.85,195.71,3,Credit Card,Clear,Low
ORD_006036,CUST_00603,REST_0059,2025-04-15 22:20:38,Delivered,108.64,31.51,1,UPI,Clear,Low
ORD_006037,CUST_00004,REST_0057,2025-05-13 19:54:12,Delivered,1369.58,96.04,3,UPI,Clear,Low
ORD_006038,CUST_00770,REST_0018,2025-03-17 18:14:46,Delivered,3047.59,351.2,8,Cash,Clear,Low
ORD_006039,CUST_00290,REST_0171,2025-02-24 14:02:21,Delivered,1156.76,188.64,2,Debit Card,Clear,Medium
ORD_006040,CUST_01305,REST_0054,2025-02-04 19:41:11,Delivered,467.07,15.96,2,UPI,Clear,High
ORD_006041,CUST_00160,REST_0016,2025-05-09 19:52:54,Delivered,1105.44,450.83,5,UPI,Clear,Medium
ORD_006042,CUST_00002,REST_0007,2025-02-23 18:00:00,Delivered,1138.04,132.83,1,Cash,Clear,Medium
ORD_006043,CUST_00679,REST_0169,2025-06-13 19:46:55,Delivered,361.62,27.42,2,UPI,Clear,High
ORD_006044,CUST_00236,REST_0039,2025-04-04 21:38:00,Delivered,370.07,47.92,2,UPI,Cloudy,Low
ORD_006045,CUST_01110,REST_0154,2025-01-21 14:39:11,Delivered,1217.71,269.5,2,Cash,Cloudy,Medium
ORD_006046,CUST_01381,REST_0132,2025-01-20 00:31:50,Delivered,568.75,81.8,3,UPI,Clear,Medium
ORD_006047,CUST_00064,REST_0073,2025-04-12 13:20:16,Delivered,225.04,32.09,1,UPI,Rain,Medium
ORD_006048,CUST_00591,REST_0064,2025-04-25 11:53:01,Delivered,3235.02,448.59,5,Debit Card,Clear,High
ORD_006049,CUST_01496,REST_0150,2025-01-14 20:47:17,Delivered,486.82,182.74,3,UPI,Cloudy,Medium
ORD_006050,CUST_01103,REST_0044,2025-02-09 12:00:41,Delivered,371.58,85.03,3,Credit Card,Cloudy,Low
ORD_006051,CUST_01431,REST_0022,2025-03-19 11:40:00,Delivered,111.42,12.89,2,UPI,Cloudy,Medium
ORD_006052,CUST_00248,REST_0166,2025-03-21 12:59:54,Delivered,183.08,22.19,2,UPI,Clear,Medium
ORD_006053,CUST_00334,REST_0116,2025-03-03 20:23:16,Delivered,348.04,34.84,4,UPI,Clear,Medium
ORD_006054,CUST_00235,REST_0076,2025-02-17 22:47:40,Delivered,187.14,2.74,4,UPI,Heavy Rain,High
ORD_006055,CUST_00455,REST_0057,2025-03-11 14:28:03,Delivered,414.0,9.91,2,UPI,Rain,Severe
ORD_006056,CUST_01090,REST_0165,2025-06-03 20:25:13,Delivered,257.98,61.87,6,Cash,Heavy Rain,Severe
ORD_006057,CUST_00249,REST_0111,2025-06-26 07:07:39,Delivered,1030.71,56.27,1,UPI,Cloudy,Medium
ORD_006058,CUST_00790,REST_0078,2025-01-25 22:14:15,Delivered,815.72,74.6,3,UPI,Cloudy,High
ORD_006059,CUST_00406,REST_0050,2025-02-23 20:27:06,Delivered,278.24,11.34,1,UPI,Rain,Low
ORD_006060,CUST_01244,REST_0152,2025-04-24 18:23:30,Delivered,435.86,84.75,4,Debit Card,Clear,Medium
ORD_006061,CUST_00010,REST_0012,2025-03-09 12:34:05,Delivered,501.85,24.67,1,Cash,Clear,Medium
ORD_006062,CUST_00337,REST_0161,2025-04-20 21:31:45,Delivered,2329.43,177.4,4,UPI,Cloudy,Severe
ORD_006063,CUST_00913,REST_0108,2025-04-12 19:53:31,Delivered,389.73,55.9,4,Wallet,Clear,Low
ORD_006064,CUST_00148,REST_0197,2025-05-22 20:38:10,Delivered,337.85,46.54,3,Wallet,Cloudy,Low
ORD_006065,CUST_00703,REST_0162,2025-03-12 09:23:54,Delivered,3512.96,58.22,5,Credit Card,Cloudy,Low
ORD_006066,CUST_00656,REST_0077,2025-03-29 00:10:07,Delivered,80.0,28.48,1,Debit Card,Clear,Low
ORD_006067,CUST_01280,REST_0119,2025-05-07 16:41:53,Cancelled,840.87,0.0,3,Debit Card,Clear,Low
ORD_006068,CUST_00943,REST_0058,2025-06-22 14:16:56,Delivered,401.13,48.17,3,Credit Card,Cloudy,Medium
ORD_006069,CUST_00965,REST_0033,2025-05-18 21:26:19,Delivered,278.74,17.42,2,UPI,Cloudy,Low
ORD_006070,CUST_01429,REST_0130,2025-02-25 20:27:00,Delivered,458.57,87.03,3,Credit Card,Clear,High
ORD_006071,CUST_01473,REST_0161,2025-01-10 19:30:00,Delivered,2054.75,210.36,4,UPI,Cloudy,Medium
ORD_006072,CUST_00987,REST_0123,2025-02-12 19:42:01,Delivered,552.28,142.8,3,Credit Card,Cloudy,Medium
ORD_006073,CUST_00787,REST_0009,2025-03-23 14:22:46,Delivered,1907.83,133.43,3,Credit Card,Clear,High
ORD_006074,CUST_00917,REST_0176,2025-01-09 12:15:22,Delivered,844.81,37.36,4,Debit Card,Clear,High
ORD_006075,CUST_00571,REST_0126,2025-04-03 13:11:51,Delivered,469.7,28.12,3,UPI,Cloudy,Medium
ORD_006076,CUST_01480,REST_0198,2025-06-07 11:03:46,Delivered,522.13,51.65,4,UPI,Cloudy,Medium
ORD_006077,CUST_01061,REST_0091,2025-02-10 20:29:51,Delivered,359.04,80.88,3,UPI,Clear,Medium
ORD_006078,CUST_00439,REST_0191,2025-04-15 12:51:44,Delivered,506.34,94.76,5,Cash,Clear,Low
ORD_006079,CUST_00089,REST_0143,2025-03-30 16:28:00,Delivered,1466.65,33.93,4,Wallet,Cloudy,Medium
ORD_006080,CUST_00069,REST_0063,2025-02-15 20:00:17,Delivered,391.81,53.06,4,Cash,Clear,Severe
ORD_006081,CUST_00309,REST_0145,2025-05-10 13:03:31,Delivered,189.72,18.59,2,UPI,Clear,Medium
ORD_006082,CUST_00352,REST_0150,2025-03-24 22:48:48,Delivered,482.81,82.86,3,Debit Card,Clear,Medium
ORD_006083,CUST_00622,REST_0004,2025-04-27 20:06:26,Delivered,273.39,26.62,1,UPI,Clear,Low
ORD_006084,CUST_00324,REST_0129,2025-05-29 20:31:11,Delivered,1198.09,128.02,6,Cash,Cloudy,Medium
ORD_006085,CUST_00951,REST_0035,2025-06-13 15:02:42,Delivered,360.74,42.66,2,Wallet,Clear,Low
ORD_006086,CUST_00319,REST_0175,2025-01-08 07:13:35,Delivered,255.9,50.84,1,Wallet,Clear,Medium
ORD_006087,CUST_00281,REST_0059,2025-05-07 22:31:06,Delivered,729.27,40.03,3,UPI,Rain,High
ORD_006088,CUST_00710,REST_0048,2025-03-15 09:59:39,Delivered,752.79,21.59,6,UPI,Heavy Rain,Medium
ORD_006089,CUST_01335,REST_0117,2025-03-09 11:11:00,Delivered,1667.37,109.6,5,Credit Card,Clear,Low
ORD_006090,CUST_00706,REST_0101,2025-02-22 09:09:06,Delivered,454.54,45.98,2,Wallet,Cloudy,Medium
ORD_006091,CUST_00620,REST_0129,2025-03-01 17:42:00,Delivered,1155.56,37.11,5,UPI,Rain,High
ORD_006092,CUST_00870,REST_0013,2025-02-19 18:24:43,Delivered,496.63,37.67,2,Credit Card,Rain,Low
ORD_006093,CUST_00389,REST_0140,2025-03-20 16:16:00,Delivered,233.0,33.37,3,UPI,Rain,Medium
ORD_006094,CUST_00529,REST_0084,2025-04-13 19:06:29,Delivered,378.77,71.48,5,Debit Card,Rain,High
ORD_006095,CUST_00323,REST_0031,2025-05-01 13:36:20,Delivered,521.29,35.95,2,UPI,Clear,Low
ORD_006096,CUST_00861,REST_0131,2025-04-08 12:39:19,Delivered,699.96,57.73,2,UPI,Rain,Medium
ORD_006097,CUST_01051,REST_0024,2025-04-08 21:51:29,Delivered,997.34,107.83,3,Debit Card,Cloudy,Medium
ORD_006098,CUST_01016,REST_0161,2025-02-01 10:11:00,Delivered,1257.69,216.79,3,UPI,Clear,Medium
ORD_006099,CUST_00385,REST_0168,2025-01-27 19:46:09,Delivered,264.9,16.87,1,UPI,Rain,High
ORD_006100,CUST_01171,REST_0127,2025-02-05 18:38:44,Delivered,822.27,189.04,3,Credit Card,Clear,Low
ORD_006101,CUST_00387,REST_0048,2025-06-13 21:19:33,Delivered,233.9,6.25,3,UPI,Rain,High
ORD_006102,CUST_00229,REST_0036,2025-06-14 22:58:28,Cancelled,1149.83,0.0,2,UPI,Clear,High
ORD_006103,CUST_00523,REST_0050,2025-01-31 21:37:02,Delivered,1474.08,142.2,5,Wallet,Rain,Medium
ORD_006104,CUST_00901,REST_0104,2025-04-17 21:15:08,Delivered,341.46,28.75,2,UPI,Clear,Medium
ORD_006105,CUST_00216,REST_0143,2025-02-22 11:48:11,Delivered,719.0,10.53,3,UPI,Rain,High
ORD_006106,CUST_00978,REST_0195,2025-06-24 17:48:17,Delivered,1463.19,292.12,5,UPI,Clear,Medium
ORD_006107,CUST_01297,REST_0015,2025-02-11 19:32:41,Delivered,299.67,96.9,4,Wallet,Clear,Low
ORD_006108,CUST_00442,REST_0157,2025-05-06 14:37:16,Delivered,872.78,60.04,5,Credit Card,Cloudy,Medium
ORD_006109,CUST_00678,REST_0030,2025-05-19 13:40:49,Delivered,267.93,35.56,4,UPI,Clear,Medium
ORD_006110,CUST_00346,REST_0101,2025-05-04 20:05:31,Delivered,1632.15,106.13,6,UPI,Clear,Low
ORD_006111,CUST_00539,REST_0043,2025-01-11 19:12:12,Delivered,1057.87,326.66,4,UPI,Clear,Medium
ORD_006112,CUST_00034,REST_0121,2025-02-08 19:02:31,Delivered,137.46,37.17,1,UPI,Clear,Medium
ORD_006113,CUST_01432,REST_0012,2025-03-09 12:00:08,Delivered,2178.61,159.54,4,Credit Card,Cloudy,High
ORD_006114,CUST_00624,REST_0020,2025-04-23 15:26:02,Delivered,80.0,15.45,1,Credit Card,Clear,High
ORD_006115,CUST_01184,REST_0076,2025-03-27 16:04:48,Delivered,169.54,20.11,2,UPI,Cloudy,Medium
ORD_006116,CUST_00217,REST_0153,2025-02-27 20:50:26,Delivered,1330.1,354.02,2,UPI,Clear,Medium
ORD_006117,CUST_01219,REST_0083,2025-02-23 18:23:00,Delivered,1938.71,99.61,2,Wallet,Rain,Medium
ORD_006118,CUST_01293,REST_0182,2025-03-01 13:43:00,Delivered,1678.73,107.81,5,Debit Card,Clear,Medium
ORD_006119,CUST_01078,REST_0119,2025-05-07 21:36:30,Delivered,1420.28,121.97,5,Credit Card,Heavy Rain,Severe
ORD_006120,CUST_01356,REST_0198,2025-03-03 13:16:40,Delivered,653.66,37.24,3,Wallet,Clear,Severe
ORD_006121,CUST_00252,REST_0058,2025-01-13 12:10:00,Delivered,743.24,214.19,6,Debit Card,Cloudy,Low
ORD_006122,CUST_00718,REST_0178,2025-02-21 17:57:29,Delivered,2927.64,124.2,3,Debit Card,Cloudy,High
ORD_006123,CUST_00935,REST_0181,2025-02-22 23:54:30,Delivered,80.0,11.1,2,UPI,Rain,Medium
ORD_006124,CUST_00899,REST_0175,2025-02-28 18:33:27,Delivered,490.49,51.41,2,UPI,Clear,Medium
ORD_006125,CUST_01294,REST_0161,2025-05-21 14:09:40,Delivered,1513.89,177.96,3,UPI,Clear,Low
ORD_006126,CUST_00325,REST_0168,2025-02-14 22:21:13,Delivered,1181.35,394.81,5,Wallet,Cloudy,Medium
ORD_006127,CUST_00264,REST_0024,2025-02-05 09:39:47,Delivered,1198.54,158.98,5,Credit Card,Clear,Medium
ORD_006128,CUST_00383,REST_0166,2025-04-16 22:13:48,Delivered,226.37,16.72,2,Debit Card,Rain,High
ORD_006129,CUST_01339,REST_0045,2025-02-20 13:18:02,Delivered,310.69,31.9,2,UPI,Cloudy,Medium
ORD_006130,CUST_01413,REST_0037,2025-01-01 21:36:32,Cancelled,335.48,0.0,2,Wallet,Clear,Medium
ORD_006131,CUST_00857,REST_0173,2025-02-18 20:16:08,Delivered,819.2,61.49,2,UPI,Clear,Medium
ORD_006132,CUST_00756,REST_0150,2025-04-05 20:12:51,Delivered,427.73,50.44,4,Credit Card,Cloudy,Severe
ORD_006133,CUST_00913,REST_0108,2025-06-14 12:05:57,Delivered,436.65,9.27,4,UPI,Cloudy,Medium
ORD_006134,CUST_00930,REST_0154,2025-03-04 22:48:08,Delivered,1426.19,41.04,3,UPI,Clear,Medium
ORD_006135,CUST_00257,REST_0108,2025-06-13 08:53:56,Delivered,452.52,158.23,4,UPI,Clear,Low
ORD_006136,CUST_01034,REST_0179,2025-06-27 12:49:06,Delivered,1991.63,451.47,3,UPI,Clear,Medium
ORD_006137,CUST_00681,REST_0024,2025-02-16 19:36:22,Delivered,855.86,53.12,3,UPI,Rain,Medium
ORD_006138,CUST_00780,REST_0167,2025-03-16 22:07:35,Delivered,201.61,8.68,3,UPI,Clear,Medium
ORD_006139,CUST_00047,REST_0033,2025-06-19 18:51:43,Delivered,317.96,25.66,2,Credit Card,Cloudy,High
ORD_006140,CUST_01149,REST_0140,2025-03-18 22:12:36,Delivered,238.78,36.23,6,UPI,Clear,Medium
ORD_006141,CUST_01253,REST_0078,2025-02-17 20:14:00,Delivered,454.97,75.66,3,Debit Card,Cloudy,Severe
ORD_006142,CUST_00934,REST_0035,2025-02-24 15:19:46,Delivered,483.19,20.78,3,Credit Card,Rain,High
ORD_006143,CUST_01125,REST_0019,2025-05-27 11:53:25,Delivered,136.67,13.27,3,Debit Card,Clear,High
ORD_006144,CUST_00788,REST_0092,2025-02-27 09:46:00,Delivered,693.52,93.05,3,Credit Card,Heavy Rain,Severe
ORD_006145,CUST_00933,REST_0137,2025-04-27 13:50:15,Delivered,770.08,19.83,1,UPI,Clear,Low
ORD_006146,CUST_00590,REST_0074,2025-06-13 22:40:47,Delivered,1196.53,258.66,2,Credit Card,Cloudy,Medium
ORD_006147,CUST_01188,REST_0035,2025-01-28 22:18:55,Delivered,106.45,37.05,1,UPI,Cloudy,Medium
ORD_006148,CUST_00706,REST_0084,2025-02-25 18:20:36,Delivered,332.75,16.47,5,UPI,Clear,Medium
ORD_006149,CUST_01025,REST_0051,2025-04-25 21:28:03,Delivered,349.14,24.59,3,UPI,Clear,Medium
ORD_006150,CUST_00938,REST_0054,2025-01-11 12:52:31,Delivered,955.93,114.99,3,UPI,Clear,Low
ORD_006151,CUST_01057,REST_0085,2025-03-15 13:32:09,Delivered,197.94,6.73,1,UPI,Clear,High
ORD_006152,CUST_01179,REST_0176,2025-03-01 22:24:01,Cancelled,789.68,0.0,3,UPI,Cloudy,Low
ORD_006153,CUST_00772,REST_0014,2025-03-31 11:31:00,Delivered,191.62,18.94,2,Wallet,Heavy Rain,Severe
ORD_006154,CUST_01221,REST_0060,2025-01-24 10:55:43,Delivered,298.82,8.87,1,Credit Card,Clear,Low
ORD_006155,CUST_00749,REST_0155,2025-02-02 22:51:34,Delivered,378.87,27.03,3,UPI,Cloudy,Medium
ORD_006156,CUST_01437,REST_0117,2025-01-17 22:42:47,Delivered,749.02,43.55,3,Wallet,Clear,Medium
ORD_006157,CUST_01132,REST_0032,2025-02-13 12:22:37,Delivered,858.55,68.81,3,UPI,Clear,Low
ORD_006158,CUST_00258,REST_0089,2025-03-24 18:01:09,Delivered,873.92,33.13,4,Cash,Clear,High
ORD_006159,CUST_01244,REST_0152,2025-04-28 11:13:00,Delivered,254.1,22.16,2,Wallet,Cloudy,Low
ORD_006160,CUST_00829,REST_0010,2025-05-31 22:29:27,Delivered,287.7,24.34,2,UPI,Rain,Low
ORD_006161,CUST_01476,REST_0137,2025-03-04 07:36:11,Delivered,3198.06,1000.0,4,Credit Card,Clear,Low
ORD_006162,CUST_01083,REST_0180,2025-03-15 12:00:21,Delivered,217.19,5.58,5,UPI,Clear,Medium
ORD_006163,CUST_00129,REST_0079,2025-03-25 10:21:00,Delivered,1495.84,88.1,5,UPI,Clear,Medium
ORD_006164,CUST_00590,REST_0032,2025-02-11 21:53:22,Delivered,1025.63,51.66,6,UPI,Clear,High
ORD_006165,CUST_00780,REST_0049,2025-01-17 18:56:21,Delivered,517.96,39.74,2,UPI,Cloudy,Medium
ORD_006166,CUST_01259,REST_0063,2025-05-12 09:30:18,Delivered,80.0,2.39,1,Wallet,Rain,High
ORD_006167,CUST_01098,REST_0028,2025-02-19 12:02:22,Cancelled,669.82,0.0,3,UPI,Clear,Low
ORD_006168,CUST_00552,REST_0027,2025-03-29 18:13:48,Delivered,621.25,241.49,2,Debit Card,Clear,Low
ORD_006169,CUST_00987,REST_0090,2025-04-15 08:02:46,Delivered,3449.8,276.86,6,UPI,Rain,Medium
ORD_006170,CUST_00869,REST_0083,2025-01-26 18:29:50,Delivered,3509.78,956.39,4,Debit Card,Clear,High
ORD_006171,CUST_00193,REST_0014,2025-05-26 20:41:35,Cancelled,475.87,0.0,3,UPI,Cloudy,Medium
ORD_006172,CUST_00355,REST_0071,2025-01-16 09:38:34,Delivered,837.49,115.28,4,UPI,Clear,Medium
ORD_006173,CUST_00511,REST_0102,2025-02-28 20:15:16,Delivered,169.71,8.77,2,Debit Card,Cloudy,High
ORD_006174,CUST_00294,REST_0040,2025-05-19 08:37:17,Delivered,3318.21,669.51,4,UPI,Cloudy,High
ORD_006175,CUST_00228,REST_0157,2025-04-21 16:12:15,Delivered,679.88,58.58,4,UPI,Rain,High
ORD_006176,CUST_00089,REST_0001,2025-05-10 22:28:45,Delivered,230.92,22.58,3,UPI,Cloudy,High
ORD_006177,CUST_01312,REST_0179,2025-03-13 12:55:46,Delivered,3708.07,511.37,3,Credit Card,Clear,Medium
ORD_006178,CUST_00436,REST_0176,2025-06-16 08:22:33,Delivered,1272.92,205.91,5,UPI,Clear,Low
ORD_006179,CUST_00438,REST_0124,2025-04-06 12:23:34,Delivered,429.79,8.68,4,Credit Card,Cloudy,High
ORD_006180,CUST_00311,REST_0194,2025-04-28 21:53:22,Delivered,148.43,12.01,4,UPI,Heavy Rain,Severe
ORD_006181,CUST_00717,REST_0149,2025-05-29 14:49:06,Delivered,492.12,160.41,4,Wallet,Clear,Low
ORD_006182,CUST_00775,REST_0170,2025-04-22 01:07:12,Cancelled,618.41,0.0,2,UPI,Cloudy,Medium
ORD_006183,CUST_00314,REST_0151,2025-02-11 17:59:00,Delivered,558.93,42.32,6,Debit Card,Clear,Medium
ORD_006184,CUST_00918,REST_0118,2025-04-28 22:34:20,Delivered,813.27,149.28,3,Wallet,Heavy Rain,Severe
ORD_006185,CUST_01089,REST_0109,2025-03-06 21:41:42,Delivered,575.1,72.06,3,UPI,Cloudy,Low
ORD_006186,CUST_00558,REST_0063,2025-01-26 19:25:07,Cancelled,480.12,0.0,5,UPI,Rain,Medium
ORD_006187,CUST_00882,REST_0007,2025-06-24 18:17:17,Delivered,5000.0,1000.0,5,UPI,Clear,Medium
ORD_006188,CUST_00757,REST_0182,2025-06-13 20:19:55,Delivered,1173.01,42.57,4,UPI,Rain,High
ORD_006189,CUST_00294,REST_0174,2025-01-03 13:33:48,Delivered,288.85,19.97,4,UPI,Cloudy,Medium
ORD_006190,CUST_01099,REST_0156,2025-04-20 22:05:39,Delivered,676.63,106.65,3,Credit Card,Clear,Medium
ORD_006191,CUST_01202,REST_0125,2025-05-18 16:32:38,Cancelled,912.08,0.0,4,UPI,Clear,High
ORD_006192,CUST_00979,REST_0119,2025-05-15 11:43:28,Delivered,656.44,157.02,2,UPI,Clear,Medium
ORD_006193,CUST_00486,REST_0167,2025-03-24 18:24:16,Cancelled,80.0,0.0,1,Credit Card,Cloudy,Medium
ORD_006194,CUST_01391,REST_0184,2025-03-11 18:55:00,Delivered,1289.88,226.1,2,Credit Card,Clear,Low
ORD_006195,CUST_00685,REST_0019,2025-05-02 22:48:25,Delivered,83.12,3.8,2,UPI,Clear,Low
ORD_006196,CUST_00401,REST_0114,2025-05-29 20:57:40,Delivered,684.85,165.12,4,Credit Card,Cloudy,Severe
ORD_006197,CUST_00612,REST_0068,2025-05-25 16:37:20,Delivered,1130.66,183.95,3,UPI,Clear,Low
ORD_006198,CUST_01043,REST_0102,2025-03-09 21:17:43,Delivered,97.9,15.02,1,UPI,Cloudy,Medium
ORD_006199,CUST_01270,REST_0165,2025-05-04 21:36:43,Delivered,165.32,12.93,2,Cash,Cloudy,Low
ORD_006200,CUST_00533,REST_0196,2025-04-14 11:29:00,Delivered,1653.47,80.4,6,Wallet,Clear,High
ORD_006201,CUST_00352,REST_0130,2025-03-29 23:48:07,Delivered,1260.33,103.04,5,Debit Card,Cloudy,Medium
ORD_006202,CUST_00945,REST_0181,2025-01-02 14:55:51,Delivered,80.0,20.7,1,Credit Card,Clear,Medium
ORD_006203,CUST_01383,REST_0140,2025-05-29 13:22:31,Delivered,298.61,43.96,4,UPI,Rain,Medium
ORD_006204,CUST_00275,REST_0029,2025-03-12 11:07:41,Failed,823.71,0.0,4,UPI,Clear,High
ORD_006205,CUST_01205,REST_0133,2025-02-08 08:45:00,Delivered,600.92,33.61,2,Wallet,Cloudy,Medium
ORD_006206,CUST_00718,REST_0119,2025-02-26 11:43:22,Delivered,284.04,5.39,1,Debit Card,Cloudy,High
ORD_006207,CUST_01199,REST_0063,2025-05-02 13:32:52,Cancelled,207.49,0.0,3,UPI,Cloudy,Low
ORD_006208,CUST_00762,REST_0042,2025-02-25 11:22:06,Delivered,345.7,80.99,7,Credit Card,Clear,Medium
ORD_006209,CUST_00563,REST_0192,2025-04-21 11:03:07,Delivered,375.22,68.08,3,UPI,Rain,Medium
ORD_006210,CUST_01050,REST_0006,2025-05-06 18:17:54,Delivered,127.0,27.52,2,UPI,Cloudy,Low
ORD_006211,CUST_01353,REST_0052,2025-06-14 21:43:23,Delivered,1832.33,271.05,4,Debit Card,Clear,Low
ORD_006212,CUST_00481,REST_0193,2025-04-22 12:39:11,Delivered,274.98,64.97,4,UPI,Cloudy,Low
ORD_006213,CUST_00694,REST_0016,2025-03-05 22:13:26,Delivered,147.05,1.65,1,UPI,Clear,Medium
ORD_006214,CUST_00347,REST_0173,2025-04-26 14:56:37,Delivered,696.49,49.86,2,Credit Card,Clear,Medium
ORD_006215,CUST_00275,REST_0151,2025-04-20 21:02:15,Delivered,100.77,9.95,2,Cash,Cloudy,Low
ORD_006216,CUST_01168,REST_0077,2025-03-17 20:49:30,Delivered,80.0,13.24,1,Credit Card,Heavy Rain,Severe
ORD_006217,CUST_00302,REST_0188,2025-06-16 14:25:16,Delivered,293.02,26.06,5,UPI,Rain,High
ORD_006218,CUST_01191,REST_0172,2025-04-18 14:10:32,Delivered,1423.98,29.66,2,UPI,Clear,Severe
ORD_006219,CUST_00646,REST_0005,2025-02-10 21:03:31,Cancelled,80.0,0.0,1,UPI,Rain,Severe
ORD_006220,CUST_01493,REST_0042,2025-01-11 12:07:20,Delivered,190.76,57.25,4,Credit Card,Clear,Medium
ORD_006221,CUST_00297,REST_0030,2025-05-07 16:04:31,Delivered,323.19,54.53,4,UPI,Clear,Low
ORD_006222,CUST_00142,REST_0148,2025-03-30 17:26:25,Delivered,3085.33,568.25,6,Debit Card,Clear,Medium
ORD_006223,CUST_00116,REST_0180,2025-06-17 20:17:06,Delivered,152.63,24.75,2,UPI,Cloudy,High
ORD_006224,CUST_01253,REST_0140,2025-04-16 13:02:31,Delivered,245.79,35.75,3,Wallet,Clear,High
ORD_006225,CUST_00659,REST_0008,2025-03-22 17:06:00,Delivered,417.81,38.39,2,Debit Card,Clear,Medium
ORD_006226,CUST_00005,REST_0106,2025-04-24 10:11:52,Delivered,420.36,110.07,3,UPI,Clear,Low
ORD_006227,CUST_01314,REST_0188,2025-04-10 20:18:36,Delivered,80.0,20.89,1,UPI,Clear,Low
ORD_006228,CUST_01318,REST_0056,2025-04-21 11:25:44,Delivered,91.43,9.05,1,Debit Card,Clear,Medium
ORD_006229,CUST_01210,REST_0183,2025-05-14 19:58:19,Delivered,349.74,22.46,2,UPI,Rain,Severe
ORD_006230,CUST_00375,REST_0193,2025-06-19 11:09:05,Delivered,221.72,26.19,3,Debit Card,Clear,Low
ORD_006231,CUST_00556,REST_0041,2025-04-06 18:36:26,Delivered,909.59,22.69,2,UPI,Cloudy,Severe
ORD_006232,CUST_01121,REST_0180,2025-05-27 11:15:50,Delivered,262.49,29.19,4,Credit Card,Cloudy,Medium
ORD_006233,CUST_00737,REST_0074,2025-03-05 20:07:12,Delivered,2208.36,396.18,4,Wallet,Clear,Low
ORD_006234,CUST_00234,REST_0064,2025-04-15 12:18:30,Delivered,2197.93,662.43,3,Cash,Clear,Low
ORD_006235,CUST_00367,REST_0021,2025-04-03 13:31:48,Failed,466.35,0.0,1,Debit Card,Cloudy,Low
ORD_006236,CUST_01459,REST_0067,2025-01-11 18:57:04,Delivered,201.35,17.12,3,Cash,Clear,High
ORD_006237,CUST_00229,REST_0079,2025-04-05 21:34:18,Delivered,961.01,10.49,3,Cash,Clear,Medium
ORD_006238,CUST_01092,REST_0195,2025-01-29 08:15:30,Delivered,565.31,24.25,2,Cash,Clear,High
ORD_006239,CUST_00720,REST_0166,2025-05-24 22:57:59,Delivered,442.58,67.3,4,UPI,Cloudy,Medium
ORD_006240,CUST_01125,REST_0091,2025-01-23 21:50:23,Delivered,569.9,191.42,5,UPI,Cloudy,Medium
ORD_006241,CUST_00998,REST_0048,2025-02-02 13:23:42,Delivered,403.19,40.26,4,UPI,Rain,High
ORD_006242,CUST_00661,REST_0037,2025-02-19 21:37:43,Delivered,472.07,49.25,3,UPI,Clear,Medium
ORD_006243,CUST_00530,REST_0018,2025-03-30 19:01:44,Delivered,520.51,71.81,2,UPI,Clear,Medium
ORD_006244,CUST_01135,REST_0131,2025-06-29 14:46:51,Delivered,1791.87,461.73,5,UPI,Clear,Medium
ORD_006245,CUST_00485,REST_0073,2025-03-05 12:33:42,Delivered,946.96,38.99,4,Cash,Clear,Medium
ORD_006246,CUST_01183,REST_0050,2025-05-16 21:00:28,Delivered,680.28,33.96,2,UPI,Clear,High
ORD_006247,CUST_01025,REST_0090,2025-06-27 11:43:04,Delivered,1918.81,385.12,3,UPI,Cloudy,Low
ORD_006248,CUST_00870,REST_0077,2025-04-27 14:49:01,Delivered,559.08,18.24,5,Debit Card,Clear,Severe
ORD_006249,CUST_00551,REST_0178,2025-04-21 22:21:29,Delivered,1515.54,54.12,3,Cash,Clear,Medium
ORD_006250,CUST_00309,REST_0049,2025-03-08 18:57:00,Cancelled,1420.29,0.0,6,Credit Card,Clear,Medium
ORD_006251,CUST_01070,REST_0191,2025-01-03 07:13:22,Delivered,557.06,183.43,6,Wallet,Clear,Low
ORD_006252,CUST_00140,REST_0027,2025-03-22 08:14:59,Delivered,2696.54,181.82,6,UPI,Clear,Low
ORD_006253,CUST_01456,REST_0039,2025-04-27 11:38:21,Delivered,399.88,73.36,2,UPI,Clear,Medium
ORD_006254,CUST_01468,REST_0037,2025-01-28 21:55:02,Cancelled,317.43,0.0,2,UPI,Cloudy,Low
ORD_006255,CUST_00198,REST_0098,2025-01-03 10:25:03,Delivered,843.24,18.68,3,UPI,Cloudy,Medium
ORD_006256,CUST_00159,REST_0074,2025-05-24 20:53:39,Delivered,1168.44,19.03,2,Credit Card,Clear,Low
ORD_006257,CUST_00618,REST_0013,2025-01-16 19:01:08,Cancelled,947.34,0.0,4,Cash,Clear,Low
ORD_006258,CUST_01447,REST_0133,2025-04-01 18:58:58,Delivered,337.46,30.62,1,UPI,Cloudy,Severe
ORD_006259,CUST_00599,REST_0162,2025-05-30 18:08:32,Delivered,963.65,141.16,2,Credit Card,Clear,Low
ORD_006260,CUST_00543,REST_0090,2025-05-08 07:55:33,Delivered,1340.07,320.63,4,UPI,Clear,Low
ORD_006261,CUST_01060,REST_0137,2025-04-09 22:25:06,Cancelled,1798.61,0.0,2,UPI,Cloudy,Low
ORD_006262,CUST_00268,REST_0004,2025-06-22 11:26:11,Delivered,821.41,59.87,3,UPI,Cloudy,High
ORD_006263,CUST_00542,REST_0014,2025-05-29 12:25:38,Delivered,326.4,33.61,3,Cash,Clear,Low
ORD_006264,CUST_00439,REST_0008,2025-05-21 19:44:22,Delivered,778.47,131.7,3,Cash,Cloudy,Low
ORD_006265,CUST_00907,REST_0129,2025-06-28 18:16:26,Delivered,243.55,20.4,1,UPI,Cloudy,Medium
ORD_006266,CUST_00246,REST_0113,2025-03-25 18:54:03,Delivered,461.29,106.39,3,UPI,Clear,Medium
ORD_006267,CUST_00825,REST_0124,2025-01-31 20:55:03,Delivered,180.51,40.21,3,Debit Card,Clear,Medium
ORD_006268,CUST_01288,REST_0129,2025-03-23 21:39:52,Delivered,443.94,35.48,2,UPI,Cloudy,Medium
ORD_006269,CUST_00775,REST_0180,2025-04-22 01:22:50,Delivered,183.1,46.73,3,Wallet,Clear,Low
ORD_006270,CUST_01029,REST_0090,2025-02-07 13:15:20,Delivered,2071.11,130.41,4,UPI,Clear,Medium
ORD_006271,CUST_00116,REST_0138,2025-01-09 22:48:35,Delivered,549.18,120.89,5,UPI,Clear,Medium
ORD_006272,CUST_00676,REST_0166,2025-04-21 11:16:27,Delivered,178.89,5.02,2,Cash,Clear,Medium
ORD_006273,CUST_00145,REST_0102,2025-02-14 12:47:07,Delivered,482.37,63.5,7,UPI,Clear,High
ORD_006274,CUST_00904,REST_0102,2025-05-22 00:38:24,Delivered,264.34,31.75,3,UPI,Clear,High
ORD_006275,CUST_00423,REST_0183,2025-04-03 11:21:00,Delivered,466.02,78.64,3,Credit Card,Cloudy,High
ORD_006276,CUST_00433,REST_0074,2025-02-08 18:40:19,Delivered,2514.79,165.32,4,UPI,Clear,Medium
ORD_006277,CUST_00117,REST_0085,2025-05-27 14:18:15,Delivered,685.6,136.62,3,Credit Card,Clear,Low
ORD_006278,CUST_00468,REST_0081,2025-03-07 19:23:43,Delivered,120.21,13.63,2,UPI,Rain,Medium
ORD_006279,CUST_00764,REST_0068,2025-02-07 07:15:28,Delivered,569.4,85.39,2,Credit Card,Cloudy,Low
ORD_006280,CUST_00881,REST_0013,2025-02-06 20:13:16,Delivered,481.89,26.58,2,UPI,Cloudy,High
ORD_006281,CUST_00103,REST_0096,2025-06-21 17:19:59,Delivered,563.57,64.64,3,Wallet,Rain,Medium
ORD_006282,CUST_00984,REST_0182,2025-06-24 11:25:41,Delivered,791.48,55.77,3,Debit Card,Clear,Low
ORD_006283,CUST_00736,REST_0063,2025-04-12 22:55:27,Delivered,173.45,29.61,2,UPI,Cloudy,Medium
ORD_006284,CUST_00808,REST_0062,2025-05-17 14:15:47,Delivered,4076.75,310.27,7,Credit Card,Clear,Medium
ORD_006285,CUST_01249,REST_0062,2025-01-31 12:28:00,Delivered,584.64,119.34,1,UPI,Clear,Low
ORD_006286,CUST_00513,REST_0102,2025-05-06 13:31:58,Failed,323.07,0.0,3,Wallet,Clear,Medium
ORD_006287,CUST_00262,REST_0005,2025-05-19 18:01:45,Delivered,281.13,57.97,4,UPI,Clear,Medium
ORD_006288,CUST_00830,REST_0139,2025-01-01 20:06:01,Delivered,80.0,3.69,1,Credit Card,Rain,High
ORD_006289,CUST_01420,REST_0080,2025-01-02 18:04:12,Delivered,335.84,29.96,6,UPI,Clear,Low
ORD_006290,CUST_00780,REST_0145,2025-05-27 19:00:34,Delivered,343.76,5.34,4,Credit Card,Rain,Low
ORD_006291,CUST_01248,REST_0144,2025-05-26 10:31:31,Delivered,182.51,3.42,3,UPI,Clear,Medium
ORD_006292,CUST_01138,REST_0013,2025-01-11 12:27:20,Delivered,364.59,25.37,2,Credit Card,Clear,Medium
ORD_006293,CUST_00781,REST_0135,2025-04-12 14:01:09,Delivered,209.02,13.47,2,UPI,Rain,High
ORD_006294,CUST_00977,REST_0080,2025-03-14 21:01:35,Delivered,179.75,22.72,3,UPI,Clear,Low
ORD_006295,CUST_00610,REST_0190,2025-01-26 12:29:37,Delivered,2526.37,282.32,4,Wallet,Clear,Low
ORD_006296,CUST_00799,REST_0183,2025-05-16 16:24:51,Delivered,300.67,26.02,2,Wallet,Clear,High
ORD_006297,CUST_00764,REST_0019,2025-01-30 22:04:19,Delivered,208.5,23.58,3,UPI,Rain,High
ORD_006298,CUST_01067,REST_0157,2025-02-21 21:40:59,Delivered,720.34,120.77,5,Wallet,Clear,Medium
ORD_006299,CUST_00615,REST_0170,2025-04-18 14:23:06,Delivered,340.78,18.55,1,UPI,Rain,Low
ORD_006300,CUST_00153,REST_0075,2025-06-01 19:01:54,Delivered,600.64,60.8,2,UPI,Clear,Medium
ORD_006301,CUST_01184,REST_0042,2025-02-13 20:06:37,Delivered,222.85,9.88,4,Credit Card,Rain,Severe
ORD_006302,CUST_01032,REST_0039,2025-06-22 06:27:18,Delivered,687.35,183.43,3,Credit Card,Clear,Low
ORD_006303,CUST_01427,REST_0034,2025-05-12 14:56:10,Cancelled,229.78,0.0,2,Debit Card,Clear,High
ORD_006304,CUST_00645,REST_0176,2025-03-22 11:56:00,Delivered,295.23,60.53,2,UPI,Clear,Low
ORD_006305,CUST_00119,REST_0006,2025-06-14 12:51:54,Delivered,509.43,52.3,4,UPI,Heavy Rain,High
ORD_006306,CUST_00186,REST_0113,2025-05-05 17:03:40,Delivered,170.71,51.3,2,UPI,Clear,Low
ORD_006307,CUST_01161,REST_0050,2025-05-12 17:33:21,Delivered,1355.28,109.74,4,UPI,Clear,Low
ORD_006308,CUST_00104,REST_0163,2025-05-21 21:39:37,Delivered,797.55,45.45,4,UPI,Rain,High
ORD_006309,CUST_01363,REST_0145,2025-04-15 11:54:43,Delivered,328.95,56.87,3,Credit Card,Rain,High
ORD_006310,CUST_00424,REST_0127,2025-04-27 14:01:42,Cancelled,688.84,0.0,3,UPI,Clear,Low
ORD_006311,CUST_01350,REST_0031,2025-03-13 12:53:28,Delivered,359.1,125.93,3,UPI,Cloudy,Medium
ORD_006312,CUST_01161,REST_0158,2025-03-16 21:08:21,Delivered,152.04,9.66,3,Credit Card,Clear,Low
ORD_006313,CUST_01309,REST_0087,2025-06-23 12:57:30,Delivered,785.2,51.51,4,Wallet,Clear,Low
ORD_006314,CUST_00323,REST_0011,2025-01-21 14:18:09,Delivered,345.95,90.15,3,UPI,Clear,Medium
ORD_006315,CUST_00898,REST_0166,2025-06-23 19:18:01,Delivered,706.02,72.54,5,UPI,Rain,Medium
ORD_006316,CUST_00143,REST_0024,2025-03-20 07:07:45,Delivered,203.53,63.69,1,Cash,Clear,Medium
ORD_006317,CUST_00305,REST_0114,2025-06-12 15:29:08,Delivered,170.23,18.77,1,UPI,Clear,Low
ORD_006318,CUST_00467,REST_0167,2025-03-04 09:18:28,Delivered,305.83,33.12,5,Debit Card,Clear,Low
ORD_006319,CUST_01115,REST_0106,2025-04-02 12:47:00,Delivered,186.3,21.39,1,UPI,Cloudy,High
ORD_006320,CUST_00038,REST_0072,2025-06-08 02:01:58,Delivered,444.09,14.86,3,Wallet,Clear,High
ORD_006321,CUST_01356,REST_0087,2025-06-16 08:11:36,Delivered,1086.12,305.43,4,UPI,Clear,Medium
ORD_006322,CUST_00109,REST_0009,2025-03-14 12:43:02,Delivered,569.15,14.99,1,UPI,Clear,Low
ORD_006323,CUST_00562,REST_0110,2025-03-29 17:37:42,Delivered,794.61,108.85,4,UPI,Clear,Medium
ORD_006324,CUST_00124,REST_0117,2025-02-09 18:58:11,Delivered,1215.79,179.99,5,UPI,Clear,Low
ORD_006325,CUST_01155,REST_0133,2025-01-19 11:08:42,Cancelled,995.69,0.0,3,UPI,Clear,Low
ORD_006326,CUST_00215,REST_0189,2025-03-23 21:53:17,Delivered,1018.7,155.89,8,UPI,Clear,Low
ORD_006327,CUST_01329,REST_0190,2025-02-09 21:12:46,Delivered,960.11,117.62,1,Wallet,Cloudy,High
ORD_006328,CUST_00798,REST_0175,2025-04-22 15:54:58,Delivered,395.33,39.98,2,Credit Card,Clear,Low
ORD_006329,CUST_01425,REST_0051,2025-03-18 14:49:39,Delivered,644.82,26.23,5,UPI,Cloudy,Medium
ORD_006330,CUST_00438,REST_0063,2025-03-07 20:38:22,Delivered,90.22,27.67,1,Wallet,Cloudy,Low
ORD_006331,CUST_00684,REST_0119,2025-01-07 11:54:07,Delivered,577.51,36.01,2,UPI,Clear,Medium
ORD_006332,CUST_01046,REST_0181,2025-02-01 17:11:56,Delivered,233.7,32.94,4,UPI,Clear,Low
ORD_006333,CUST_01248,REST_0079,2025-05-18 12:43:20,Delivered,1008.83,117.47,4,Wallet,Cloudy,Low
ORD_006334,CUST_00632,REST_0150,2025-05-28 12:18:28,Delivered,506.42,87.06,3,Credit Card,Clear,Medium
ORD_006335,CUST_01341,REST_0070,2025-03-12 12:32:07,Delivered,255.04,39.51,3,Debit Card,Cloudy,High
ORD_006336,CUST_00181,REST_0050,2025-05-19 18:32:35,Delivered,532.11,21.81,2,UPI,Clear,High
ORD_006337,CUST_01067,REST_0146,2025-01-26 19:29:56,Delivered,441.8,102.44,2,Wallet,Cloudy,Medium
ORD_006338,CUST_00521,REST_0084,2025-04-07 18:24:31,Delivered,138.62,4.71,2,Cash,Rain,Medium
ORD_006339,CUST_00155,REST_0188,2025-02-26 20:33:21,Delivered,257.85,44.28,3,UPI,Clear,Medium
ORD_006340,CUST_00577,REST_0169,2025-02-23 11:05:58,Delivered,431.71,52.37,3,Credit Card,Rain,Severe
ORD_006341,CUST_01323,REST_0037,2025-02-23 13:23:08,Cancelled,779.31,0.0,4,UPI,Clear,High
ORD_006342,CUST_01470,REST_0138,2025-02-11 11:56:00,Delivered,751.07,16.87,6,UPI,Clear,Medium
ORD_006343,CUST_00587,REST_0124,2025-04-29 20:14:54,Delivered,343.01,25.3,5,UPI,Rain,High
ORD_006344,CUST_01332,REST_0137,2025-02-17 20:41:09,Delivered,3894.2,42.56,4,Debit Card,Clear,Low
ORD_006345,CUST_00768,REST_0173,2025-05-29 20:22:35,Delivered,1054.4,90.4,3,UPI,Clear,Low
ORD_006346,CUST_01080,REST_0042,2025-04-20 13:02:25,Delivered,114.26,14.51,2,Credit Card,Clear,Low
ORD_006347,CUST_00070,REST_0054,2025-06-11 20:16:44,Delivered,545.1,49.27,2,UPI,Cloudy,Medium
ORD_006348,CUST_00839,REST_0115,2025-04-25 12:53:23,Delivered,869.04,88.22,4,UPI,Clear,Medium
ORD_006349,CUST_00108,REST_0143,2025-01-04 19:47:24,Delivered,767.69,81.2,3,UPI,Clear,Medium
ORD_006350,CUST_00405,REST_0172,2025-02-20 17:51:26,Delivered,1717.17,403.83,2,UPI,Clear,Medium
ORD_006351,CUST_00853,REST_0189,2025-04-05 01:34:51,Delivered,119.21,22.21,2,UPI,Clear,Low
ORD_006352,CUST_01211,REST_0077,2025-01-20 21:30:06,Delivered,160.59,18.11,2,Wallet,Rain,High
ORD_006353,CUST_00844,REST_0168,2025-05-26 21:13:17,Delivered,1387.05,30.58,4,UPI,Rain,Medium
ORD_006354,CUST_01406,REST_0076,2025-03-06 23:19:05,Delivered,318.52,54.58,7,Credit Card,Clear,Medium
ORD_006355,CUST_01216,REST_0038,2025-02-14 21:38:54,Delivered,1210.23,96.04,6,Credit Card,Clear,Low
ORD_006356,CUST_00238,REST_0196,2025-06-04 18:13:33,Delivered,356.21,43.04,2,UPI,Cloudy,Medium
ORD_006357,CUST_00581,REST_0139,2025-01-07 12:21:19,Delivered,231.47,2.51,5,Debit Card,Clear,High
ORD_006358,CUST_01009,REST_0156,2025-03-20 19:00:16,Delivered,963.77,54.49,5,UPI,Rain,Low
ORD_006359,CUST_01409,REST_0077,2025-03-21 16:26:55,Delivered,248.74,70.32,3,UPI,Clear,Low
ORD_006360,CUST_01481,REST_0038,2025-04-29 19:23:51,Delivered,742.78,186.08,3,UPI,Clear,Low
ORD_006361,CUST_01147,REST_0004,2025-02-20 20:45:59,Delivered,933.19,149.22,3,UPI,Cloudy,Low
ORD_006362,CUST_00864,REST_0079,2025-02-24 13:18:44,Delivered,1230.25,98.61,4,Wallet,Rain,Medium
ORD_006363,CUST_01138,REST_0185,2025-05-21 13:05:55,Delivered,267.26,21.21,3,UPI,Clear,Low
ORD_006364,CUST_00412,REST_0148,2025-05-09 11:34:05,Delivered,761.72,72.84,1,Debit Card,Rain,Medium
ORD_006365,CUST_00427,REST_0053,2025-06-25 11:11:02,Delivered,955.52,146.33,4,UPI,Clear,Medium
ORD_006366,CUST_00988,REST_0068,2025-01-18 11:36:18,Delivered,344.24,13.55,1,UPI,Cloudy,Medium
ORD_006367,CUST_01310,REST_0048,2025-02-25 01:39:29,Delivered,97.63,2.66,1,Debit Card,Cloudy,High
ORD_006368,CUST_01455,REST_0035,2025-04-16 18:52:33,Delivered,453.39,8.76,4,UPI,Rain,Low
ORD_006369,CUST_00511,REST_0102,2025-03-27 21:03:02,Delivered,131.99,4.82,2,UPI,Cloudy,High
ORD_006370,CUST_01196,REST_0016,2025-04-23 20:48:27,Delivered,425.05,30.35,3,Debit Card,Rain,High
ORD_006371,CUST_01278,REST_0119,2025-05-30 14:12:40,Delivered,1199.39,345.9,3,Credit Card,Cloudy,Medium
ORD_006372,CUST_00940,REST_0096,2025-02-02 11:18:40,Delivered,596.45,12.27,4,Credit Card,Cloudy,Medium
ORD_006373,CUST_00520,REST_0024,2025-05-25 14:03:38,Delivered,552.06,176.16,2,UPI,Cloudy,Low
ORD_006374,CUST_00934,REST_0051,2025-05-09 15:39:00,Delivered,258.8,39.71,3,UPI,Cloudy,Medium
ORD_006375,CUST_00881,REST_0081,2025-06-12 19:16:29,Delivered,97.56,5.25,3,UPI,Rain,Medium
ORD_006376,CUST_00915,REST_0129,2025-04-09 20:03:08,Delivered,1099.44,194.0,5,UPI,Clear,Medium
ORD_006377,CUST_00934,REST_0072,2025-02-14 14:13:50,Delivered,975.68,258.92,5,Credit Card,Clear,Medium
ORD_006378,CUST_01272,REST_0155,2025-05-31 10:26:24,Delivered,359.42,66.42,3,UPI,Clear,Medium
ORD_006379,CUST_00257,REST_0197,2025-02-05 18:08:01,Cancelled,858.82,0.0,4,Wallet,Clear,High
ORD_006380,CUST_00548,REST_0136,2025-06-19 19:38:52,Delivered,470.48,7.92,2,Wallet,Rain,Low
ORD_006381,CUST_00883,REST_0042,2025-06-23 13:46:09,Delivered,80.0,12.43,1,Wallet,Cloudy,Medium
ORD_006382,CUST_00427,REST_0069,2025-03-30 13:52:28,Delivered,977.55,93.16,4,Credit Card,Rain,Medium
ORD_006383,CUST_01467,REST_0122,2025-06-14 21:32:26,Delivered,420.6,13.2,4,Credit Card,Clear,High
ORD_006384,CUST_00397,REST_0124,2025-04-01 08:29:00,Delivered,627.44,142.34,5,Debit Card,Cloudy,Medium
ORD_006385,CUST_00708,REST_0012,2025-05-23 12:23:11,Delivered,531.35,47.18,1,UPI,Heavy Rain,Medium
ORD_006386,CUST_01318,REST_0021,2025-04-19 14:56:41,Delivered,1981.78,228.43,4,Cash,Clear,Medium
ORD_006387,CUST_00122,REST_0091,2025-01-20 19:13:44,Delivered,452.67,59.28,5,Credit Card,Cloudy,Medium
ORD_006388,CUST_01231,REST_0082,2025-06-30 23:55:18,Delivered,722.82,46.66,4,UPI,Clear,High
ORD_006389,CUST_00860,REST_0066,2025-03-25 22:22:33,Delivered,265.78,26.35,2,UPI,Rain,High
ORD_006390,CUST_00050,REST_0086,2025-01-01 09:16:25,Delivered,268.37,18.08,2,UPI,Cloudy,High
ORD_006391,CUST_01356,REST_0112,2025-03-19 12:31:35,Delivered,1427.12,73.3,2,UPI,Clear,Medium
ORD_006392,CUST_00060,REST_0028,2025-05-27 13:23:13,Delivered,206.12,19.36,1,Debit Card,Clear,Low
ORD_006393,CUST_00776,REST_0091,2025-06-06 22:51:10,Delivered,236.85,59.56,3,UPI,Clear,Low
ORD_006394,CUST_00075,REST_0004,2025-03-16 18:23:21,Delivered,229.54,5.6,1,UPI,Heavy Rain,High
ORD_006395,CUST_00110,REST_0049,2025-06-26 13:20:05,Delivered,1181.52,60.04,4,UPI,Cloudy,Medium
ORD_006396,CUST_01333,REST_0026,2025-03-19 13:43:35,Delivered,502.75,14.88,2,UPI,Clear,Low
ORD_006397,CUST_01151,REST_0054,2025-03-30 11:57:27,Delivered,610.66,86.45,3,UPI,Clear,High
ORD_006398,CUST_00296,REST_0001,2025-06-27 09:40:30,Delivered,145.24,2.85,3,Debit Card,Rain,Medium
ORD_006399,CUST_00936,REST_0006,2025-01-05 15:12:40,Delivered,311.34,90.44,3,UPI,Clear,Low
ORD_006400,CUST_01193,REST_0054,2025-01-17 21:08:42,Delivered,653.73,99.53,3,UPI,Clear,Low
ORD_006401,CUST_01336,REST_0156,2025-06-11 18:39:14,Delivered,308.9,24.85,2,UPI,Clear,Medium
ORD_006402,CUST_00706,REST_0101,2025-05-06 13:33:34,Delivered,1456.96,378.35,5,Debit Card,Clear,Low
ORD_006403,CUST_01349,REST_0122,2025-04-23 18:27:16,Delivered,462.78,56.76,5,UPI,Rain,Medium
ORD_006404,CUST_00765,REST_0062,2025-04-14 11:11:00,Delivered,1561.3,230.93,3,UPI,Clear,Medium
ORD_006405,CUST_01037,REST_0131,2025-03-10 20:50:42,Delivered,686.1,59.12,3,UPI,Clear,Low
ORD_006406,CUST_01468,REST_0037,2025-06-19 18:24:01,Delivered,610.79,288.38,4,UPI,Clear,Medium
ORD_006407,CUST_00357,REST_0130,2025-01-14 22:39:39,Delivered,1649.3,171.59,7,UPI,Cloudy,Low
ORD_006408,CUST_00254,REST_0076,2025-03-20 21:53:00,Delivered,124.22,11.67,2,Wallet,Clear,Medium
ORD_006409,CUST_00512,REST_0153,2025-02-18 08:44:30,Delivered,734.06,50.62,1,UPI,Clear,Low
ORD_006410,CUST_00249,REST_0102,2025-03-04 22:14:43,Delivered,256.66,42.67,3,UPI,Clear,Low
ORD_006411,CUST_00428,REST_0074,2025-06-17 19:10:14,Delivered,800.56,68.94,1,Cash,Cloudy,Low
ORD_006412,CUST_01118,REST_0182,2025-04-07 19:31:24,Delivered,1858.44,149.15,4,Credit Card,Cloudy,Medium
ORD_006413,CUST_00719,REST_0154,2025-06-16 13:57:33,Delivered,1417.01,146.38,3,UPI,Rain,High
ORD_006414,CUST_00560,REST_0149,2025-01-11 22:49:18,Delivered,221.54,30.05,2,UPI,Rain,High
ORD_006415,CUST_00551,REST_0020,2025-04-20 12:16:00,Delivered,80.0,2.18,1,Wallet,Cloudy,Low
ORD_006416,CUST_00292,REST_0051,2025-03-07 22:57:00,Delivered,391.94,6.05,4,Credit Card,Clear,Low
ORD_006417,CUST_00674,REST_0135,2025-02-27 22:11:45,Delivered,413.11,3.32,3,UPI,Clear,High
ORD_006418,CUST_00942,REST_0197,2025-03-02 17:44:26,Delivered,113.51,15.53,1,UPI,Cloudy,High
ORD_006419,CUST_00212,REST_0119,2025-06-27 20:52:20,Delivered,1222.79,124.03,4,Debit Card,Heavy Rain,Severe
ORD_006420,CUST_01460,REST_0098,2025-02-07 13:31:58,Delivered,398.8,52.87,2,Credit Card,Rain,High
ORD_006421,CUST_00667,REST_0031,2025-04-07 14:04:43,Delivered,598.32,28.18,3,Debit Card,Cloudy,Medium
ORD_006422,CUST_01424,REST_0103,2025-01-23 14:25:29,Delivered,1916.3,80.44,3,Credit Card,Rain,High
ORD_006423,CUST_00204,REST_0009,2025-06-25 13:28:33,Delivered,1990.39,464.19,3,Debit Card,Clear,Medium
ORD_006424,CUST_01153,REST_0022,2025-01-10 21:33:36,Delivered,452.91,188.05,4,UPI,Cloudy,Medium
ORD_006425,CUST_00932,REST_0123,2025-05-21 08:21:44,Cancelled,706.91,0.0,5,UPI,Clear,Medium
ORD_006426,CUST_01231,REST_0149,2025-05-08 21:17:19,Failed,255.54,0.0,2,Credit Card,Clear,Medium
ORD_006427,CUST_00906,REST_0036,2025-04-29 20:04:20,Delivered,4334.07,158.96,6,Debit Card,Heavy Rain,Medium
ORD_006428,CUST_01446,REST_0095,2025-01-20 20:15:57,Delivered,344.67,30.83,1,Cash,Clear,Medium
ORD_006429,CUST_00946,REST_0157,2025-05-28 20:06:24,Delivered,423.46,32.68,2,Credit Card,Clear,Low
ORD_006430,CUST_01178,REST_0191,2025-04-10 19:39:15,Delivered,453.93,81.41,4,Debit Card,Clear,Severe
ORD_006431,CUST_01319,REST_0174,2025-02-06 19:30:00,Delivered,391.7,91.99,4,UPI,Clear,Low
ORD_006432,CUST_01076,REST_0113,2025-01-20 18:59:10,Delivered,245.05,7.48,4,Credit Card,Cloudy,Medium
ORD_006433,CUST_00790,REST_0059,2025-01-20 18:12:34,Delivered,863.89,143.84,7,Debit Card,Cloudy,Medium
ORD_006434,CUST_00411,REST_0154,2025-05-25 21:37:13,Delivered,3500.88,400.24,6,UPI,Clear,Medium
ORD_006435,CUST_01283,REST_0183,2025-04-13 20:51:00,Delivered,354.02,50.12,3,Wallet,Clear,Medium
ORD_006436,CUST_00724,REST_0041,2025-04-15 12:13:00,Delivered,1153.56,51.82,3,Credit Card,Clear,Medium
ORD_006437,CUST_00937,REST_0164,2025-02-14 14:37:35,Delivered,1002.77,114.12,6,UPI,Cloudy,Medium
ORD_006438,CUST_00121,REST_0054,2025-03-29 19:38:38,Delivered,835.87,129.48,3,UPI,Clear,Low
ORD_006439,CUST_00750,REST_0011,2025-01-13 08:59:14,Delivered,214.89,22.23,3,Debit Card,Cloudy,Medium
ORD_006440,CUST_01052,REST_0047,2025-02-27 21:01:51,Failed,1139.52,0.0,5,UPI,Clear,Low
ORD_006441,CUST_00880,REST_0077,2025-03-10 02:38:04,Delivered,241.86,62.58,4,UPI,Clear,Medium
ORD_006442,CUST_00676,REST_0053,2025-03-25 19:00:00,Delivered,1047.21,37.56,4,Cash,Clear,Medium
ORD_006443,CUST_00337,REST_0077,2025-04-14 14:52:00,Delivered,320.63,52.75,3,UPI,Clear,Medium
ORD_006444,CUST_00467,REST_0193,2025-02-13 14:39:00,Delivered,281.21,1.83,6,UPI,Cloudy,High
ORD_006445,CUST_01055,REST_0008,2025-02-19 17:00:28,Cancelled,637.59,0.0,2,UPI,Cloudy,Low
ORD_006446,CUST_00338,REST_0015,2025-05-08 19:37:37,Delivered,156.88,6.29,2,Cash,Rain,Medium
ORD_006447,CUST_00938,REST_0093,2025-05-29 18:04:29,Delivered,314.52,38.77,3,Wallet,Cloudy,High
ORD_006448,CUST_00889,REST_0034,2025-06-17 20:04:41,Delivered,128.14,30.43,2,Debit Card,Clear,Low
ORD_006449,CUST_01456,REST_0097,2025-05-26 14:54:19,Cancelled,349.93,0.0,4,Debit Card,Cloudy,Medium
ORD_006450,CUST_00093,REST_0002,2025-04-12 09:12:17,Delivered,946.61,59.63,1,UPI,Cloudy,Medium
ORD_006451,CUST_00165,REST_0005,2025-03-18 22:36:34,Delivered,251.63,24.64,4,UPI,Clear,Medium
ORD_006452,CUST_00762,REST_0015,2025-06-15 13:57:25,Delivered,193.76,16.45,2,Debit Card,Cloudy,Medium
ORD_006453,CUST_00794,REST_0161,2025-02-12 12:19:34,Delivered,1433.35,141.69,3,UPI,Clear,Medium
ORD_006454,CUST_00061,REST_0141,2025-02-24 20:39:45,Delivered,266.62,71.79,2,UPI,Clear,Low
ORD_006455,CUST_01239,REST_0107,2025-03-20 18:53:14,Delivered,137.83,8.17,2,Debit Card,Clear,Medium
ORD_006456,CUST_00746,REST_0172,2025-04-09 12:44:56,Delivered,3787.84,35.08,4,UPI,Clear,High
ORD_006457,CUST_00519,REST_0173,2025-05-17 17:01:45,Cancelled,2822.3,0.0,5,Debit Card,Cloudy,Medium
ORD_006458,CUST_00479,REST_0171,2025-05-24 22:01:15,Delivered,2128.5,225.14,3,UPI,Clear,Low
ORD_006459,CUST_01294,REST_0130,2025-03-13 11:17:53,Delivered,749.17,126.93,4,UPI,Cloudy,Severe
ORD_006460,CUST_00296,REST_0187,2025-04-15 19:04:20,Delivered,180.81,99.4,4,UPI,Clear,Low
ORD_006461,CUST_00243,REST_0023,2025-02-04 12:53:25,Delivered,1242.69,129.5,6,UPI,Clear,Severe
ORD_006462,CUST_00322,REST_0101,2025-05-04 14:43:43,Cancelled,1265.06,0.0,5,Debit Card,Clear,Medium
ORD_006463,CUST_00943,REST_0142,2025-03-26 14:41:40,Delivered,331.84,61.34,4,UPI,Clear,Medium
ORD_006464,CUST_01217,REST_0198,2025-06-13 22:04:56,Delivered,590.86,44.56,4,UPI,Cloudy,Medium
ORD_006465,CUST_00497,REST_0138,2025-03-08 21:31:21,Delivered,303.6,36.21,2,UPI,Cloudy,Low
ORD_006466,CUST_00261,REST_0063,2025-05-19 12:58:21,Delivered,130.4,33.28,2,UPI,Cloudy,Medium
ORD_006467,CUST_00315,REST_0142,2025-05-12 21:53:09,Delivered,111.16,8.79,2,Debit Card,Clear,Medium
ORD_006468,CUST_00934,REST_0132,2025-03-02 18:43:00,Delivered,323.27,124.77,2,Credit Card,Clear,Low
ORD_006469,CUST_00372,REST_0051,2025-01-24 11:31:52,Delivered,270.69,25.06,3,Credit Card,Cloudy,High
ORD_006470,CUST_01318,REST_0020,2025-03-22 18:40:42,Delivered,178.72,18.42,2,Cash,Rain,High
ORD_006471,CUST_00159,REST_0168,2025-03-27 09:33:13,Delivered,857.96,189.28,3,UPI,Heavy Rain,Low
ORD_006472,CUST_00051,REST_0025,2025-04-05 14:40:00,Delivered,86.44,8.49,2,UPI,Rain,Medium
ORD_006473,CUST_00135,REST_0096,2025-04-19 02:10:46,Delivered,1111.69,141.37,5,UPI,Clear,Low
ORD_006474,CUST_01270,REST_0074,2025-03-22 12:12:22,Delivered,2440.58,271.6,4,UPI,Cloudy,Medium
ORD_006475,CUST_00983,REST_0064,2025-03-06 18:30:46,Delivered,2072.6,580.16,3,UPI,Cloudy,Medium
ORD_006476,CUST_01438,REST_0072,2025-05-24 20:11:11,Delivered,562.29,20.79,4,UPI,Clear,High
ORD_006477,CUST_00505,REST_0089,2025-05-19 22:52:20,Delivered,325.54,82.98,2,Credit Card,Rain,High
ORD_006478,CUST_00321,REST_0096,2025-04-19 19:57:42,Cancelled,346.92,0.0,2,UPI,Clear,High
ORD_006479,CUST_00846,REST_0133,2025-02-07 14:28:00,Delivered,1381.37,102.61,5,UPI,Cloudy,Medium
ORD_006480,CUST_00809,REST_0061,2025-04-09 21:56:00,Delivered,791.8,121.3,6,Credit Card,Cloudy,Low
ORD_006481,CUST_00891,REST_0160,2025-06-02 18:01:56,Delivered,2649.32,203.65,4,UPI,Clear,Medium
ORD_006482,CUST_00520,REST_0188,2025-03-12 14:16:00,Delivered,220.38,15.37,4,UPI,Clear,Medium
ORD_006483,CUST_00009,REST_0153,2025-05-20 18:28:21,Delivered,1993.41,357.74,2,UPI,Rain,Medium
ORD_006484,CUST_00054,REST_0194,2025-06-13 22:14:29,Delivered,244.09,20.42,4,UPI,Clear,Low
ORD_006485,CUST_01003,REST_0002,2025-06-28 21:12:22,Delivered,2778.59,480.78,2,Credit Card,Cloudy,Low
ORD_006486,CUST_00789,REST_0109,2025-02-24 13:19:01,Delivered,427.67,7.03,3,UPI,Cloudy,Medium
ORD_006487,CUST_01232,REST_0062,2025-01-07 19:21:27,Delivered,1073.62,77.96,2,UPI,Cloudy,High
ORD_006488,CUST_00452,REST_0074,2025-01-25 09:31:24,Delivered,493.45,130.79,1,Cash,Clear,Medium
ORD_006489,CUST_01224,REST_0182,2025-06-25 22:41:23,Delivered,487.42,17.39,4,UPI,Clear,High
ORD_006490,CUST_00639,REST_0200,2025-03-22 18:05:13,Delivered,279.59,27.11,1,UPI,Clear,Medium
ORD_006491,CUST_00148,REST_0155,2025-03-31 14:46:35,Delivered,330.59,88.89,4,UPI,Clear,Medium
ORD_006492,CUST_01467,REST_0122,2025-06-08 21:26:01,Delivered,80.0,12.4,1,Debit Card,Clear,Medium
ORD_006493,CUST_00771,REST_0037,2025-06-22 19:20:54,Delivered,377.5,55.78,2,UPI,Cloudy,Medium
ORD_006494,CUST_00949,REST_0011,2025-04-19 16:39:02,Delivered,319.67,59.14,3,UPI,Clear,Low
ORD_006495,CUST_01012,REST_0060,2025-05-09 08:42:26,Delivered,943.76,50.17,3,Cash,Clear,Severe
ORD_006496,CUST_00541,REST_0003,2025-05-17 20:27:38,Delivered,599.35,38.78,4,UPI,Clear,Low
ORD_006497,CUST_01124,REST_0027,2025-02-24 15:28:44,Delivered,1058.15,283.76,4,UPI,Clear,High
ORD_006498,CUST_01308,REST_0028,2025-06-05 11:28:43,Delivered,1330.26,122.76,5,Wallet,Cloudy,Low
ORD_006499,CUST_00578,REST_0163,2025-01-29 11:01:03,Delivered,485.56,30.61,2,Cash,Cloudy,High
ORD_006500,CUST_00992,REST_0082,2025-05-18 18:43:07,Delivered,448.08,83.18,3,UPI,Clear,High
ORD_006501,CUST_01139,REST_0091,2025-04-29 05:22:47,Delivered,284.92,15.99,3,Wallet,Cloudy,High
ORD_006502,CUST_00285,REST_0042,2025-06-12 14:49:09,Delivered,369.28,24.11,7,Credit Card,Clear,High
ORD_006503,CUST_00499,REST_0117,2025-03-21 17:02:00,Delivered,1542.88,296.35,5,Cash,Clear,Medium
ORD_006504,CUST_00166,REST_0010,2025-03-28 19:27:00,Cancelled,383.28,0.0,3,UPI,Clear,Low
ORD_006505,CUST_00908,REST_0139,2025-02-05 18:42:50,Delivered,112.61,13.16,3,Credit Card,Clear,High
ORD_006506,CUST_01201,REST_0194,2025-04-17 17:42:41,Delivered,168.16,2.2,4,Debit Card,Clear,Low
ORD_006507,CUST_00921,REST_0167,2025-06-12 14:14:35,Delivered,104.26,8.17,2,UPI,Cloudy,Low
ORD_006508,CUST_00270,REST_0019,2025-02-18 11:11:41,Delivered,128.1,5.84,2,UPI,Clear,High
ORD_006509,CUST_00821,REST_0197,2025-06-18 04:57:51,Delivered,494.64,78.82,5,UPI,Clear,Medium
ORD_006510,CUST_01252,REST_0168,2025-05-28 11:57:22,Delivered,1333.72,154.6,5,UPI,Clear,High
ORD_006511,CUST_00456,REST_0063,2025-04-03 19:34:51,Delivered,203.65,50.12,3,UPI,Clear,Medium
ORD_006512,CUST_01249,REST_0093,2025-02-23 21:29:02,Delivered,481.24,35.6,4,Credit Card,Rain,High
ORD_006513,CUST_01178,REST_0007,2025-03-05 14:27:00,Delivered,3276.06,417.26,4,UPI,Cloudy,Medium
ORD_006514,CUST_00034,REST_0191,2025-04-26 22:40:39,Delivered,105.74,14.59,1,Credit Card,Clear,Low
ORD_006515,CUST_00362,REST_0015,2025-02-22 08:24:00,Delivered,442.01,71.34,4,UPI,Cloudy,High
ORD_006516,CUST_00816,REST_0195,2025-06-24 10:23:41,Delivered,821.52,127.42,3,Cash,Rain,Medium
ORD_006517,CUST_01081,REST_0051,2025-05-21 08:08:48,Delivered,368.87,46.36,4,Debit Card,Clear,Low
ORD_006518,CUST_01323,REST_0176,2025-06-03 22:44:49,Delivered,707.33,4.35,3,Debit Card,Rain,Low
ORD_006519,CUST_00967,REST_0172,2025-03-18 09:27:23,Delivered,4215.03,313.88,4,UPI,Cloudy,Medium
ORD_006520,CUST_00568,REST_0005,2025-04-30 13:38:06,Delivered,197.48,83.88,3,Debit Card,Clear,Medium
ORD_006521,CUST_00277,REST_0001,2025-06-18 17:24:34,Delivered,80.0,10.95,1,UPI,Clear,Medium
ORD_006522,CUST_01143,REST_0023,2025-03-18 17:07:20,Delivered,763.45,290.28,4,Credit Card,Clear,Low
ORD_006523,CUST_00312,REST_0072,2025-03-15 12:13:00,Delivered,476.9,28.5,3,UPI,Clear,Low
ORD_006524,CUST_01048,REST_0007,2025-02-21 22:13:51,Delivered,764.38,62.53,1,Debit Card,Clear,Medium
ORD_006525,CUST_00272,REST_0014,2025-02-27 22:55:18,Delivered,425.08,77.65,4,UPI,Cloudy,Low
ORD_006526,CUST_00139,REST_0081,2025-01-09 07:51:36,Delivered,152.36,15.52,4,Credit Card,Heavy Rain,High
ORD_006527,CUST_00380,REST_0183,2025-06-13 12:04:16,Delivered,752.96,57.36,6,Credit Card,Clear,Medium
ORD_006528,CUST_00429,REST_0061,2025-04-04 21:14:56,Delivered,452.54,87.55,4,Wallet,Cloudy,Low
ORD_006529,CUST_00977,REST_0085,2025-02-21 20:05:41,Delivered,659.56,66.5,6,Wallet,Cloudy,High
ORD_006530,CUST_00244,REST_0195,2025-04-08 16:34:00,Delivered,960.56,51.41,4,UPI,Rain,High
ORD_006531,CUST_01397,REST_0161,2025-01-14 14:18:08,Delivered,1167.03,118.64,3,UPI,Clear,Low
ORD_006532,CUST_00834,REST_0063,2025-06-14 13:11:04,Delivered,346.41,19.01,4,UPI,Clear,Low
ORD_006533,CUST_00740,REST_0136,2025-03-11 20:10:50,Delivered,531.62,109.89,2,UPI,Clear,Low
ORD_006534,CUST_00654,REST_0154,2025-06-30 21:09:14,Delivered,2102.54,357.81,3,Debit Card,Clear,Medium
ORD_006535,CUST_00853,REST_0160,2025-02-19 22:38:54,Delivered,2184.02,187.35,3,Credit Card,Clear,High
ORD_006536,CUST_00035,REST_0131,2025-04-02 20:15:44,Delivered,230.81,6.81,1,Credit Card,Cloudy,High
ORD_006537,CUST_01485,REST_0178,2025-03-22 19:03:58,Delivered,1944.69,103.75,3,UPI,Clear,Medium
ORD_006538,CUST_00839,REST_0143,2025-03-30 22:55:26,Delivered,1428.96,1.66,5,UPI,Clear,Severe
ORD_006539,CUST_00054,REST_0048,2025-05-05 19:59:55,Delivered,639.06,344.04,5,UPI,Clear,Low
ORD_006540,CUST_00890,REST_0016,2025-06-03 22:05:18,Delivered,313.12,33.01,2,Wallet,Clear,Low
ORD_006541,CUST_00658,REST_0103,2025-04-11 15:55:23,Delivered,1368.61,15.88,2,Cash,Clear,High
ORD_006542,CUST_00037,REST_0195,2025-06-22 18:39:42,Delivered,572.83,110.85,2,UPI,Cloudy,Low
ORD_006543,CUST_01387,REST_0098,2025-01-04 12:14:36,Delivered,515.17,18.44,2,UPI,Cloudy,Low
ORD_006544,CUST_00016,REST_0063,2025-05-31 16:03:03,Delivered,317.67,31.23,4,UPI,Clear,Medium
ORD_006545,CUST_00870,REST_0156,2025-06-29 17:13:58,Delivered,259.77,27.72,1,Credit Card,Clear,High
ORD_006546,CUST_01444,REST_0108,2025-02-27 12:07:22,Delivered,508.12,87.45,5,Credit Card,Clear,Medium
ORD_006547,CUST_00359,REST_0137,2025-05-09 14:26:03,Delivered,4693.51,413.4,5,UPI,Cloudy,Medium
ORD_006548,CUST_00384,REST_0172,2025-01-29 12:18:44,Cancelled,3329.42,0.0,3,UPI,Clear,High
ORD_006549,CUST_00001,REST_0044,2025-02-20 17:23:51,Delivered,211.47,15.7,2,UPI,Clear,Low
ORD_006550,CUST_00102,REST_0160,2025-02-13 14:53:40,Delivered,3261.78,615.0,4,Debit Card,Rain,Medium
ORD_006551,CUST_00069,REST_0015,2025-02-26 08:31:30,Delivered,292.27,124.52,4,UPI,Clear,Low
ORD_006552,CUST_01235,REST_0020,2025-05-24 11:41:57,Delivered,298.26,24.2,4,Wallet,Rain,Medium
ORD_006553,CUST_01255,REST_0109,2025-02-03 22:36:15,Cancelled,250.88,0.0,2,UPI,Clear,Low
ORD_006554,CUST_01093,REST_0127,2025-03-26 22:55:17,Delivered,472.58,17.01,2,UPI,Cloudy,Medium
ORD_006555,CUST_00528,REST_0013,2025-04-30 20:17:27,Delivered,614.25,13.28,4,UPI,Cloudy,High
ORD_006556,CUST_01232,REST_0142,2025-06-12 23:39:07,Delivered,345.22,65.72,5,Cash,Clear,Low
ORD_006557,CUST_00812,REST_0162,2025-02-23 14:01:32,Delivered,2068.22,132.04,4,Debit Card,Clear,Medium
ORD_006558,CUST_00459,REST_0084,2025-04-15 11:37:00,Delivered,147.18,14.12,3,Credit Card,Cloudy,Medium
ORD_006559,CUST_00658,REST_0090,2025-06-26 13:13:07,Delivered,1317.96,149.96,3,Cash,Cloudy,Medium
ORD_006560,CUST_00101,REST_0173,2025-03-25 07:22:28,Delivered,1449.99,97.07,3,UPI,Clear,Low
ORD_006561,CUST_01419,REST_0024,2025-03-29 18:13:37,Delivered,353.44,72.04,2,Debit Card,Cloudy,Low
ORD_006562,CUST_00934,REST_0036,2025-03-08 14:13:02,Delivered,499.43,32.34,1,Credit Card,Clear,Medium
ORD_006563,CUST_01101,REST_0183,2025-02-11 15:08:52,Delivered,303.93,100.03,2,UPI,Cloudy,Medium
ORD_006564,CUST_01020,REST_0123,2025-03-31 14:43:57,Delivered,534.93,76.08,3,Debit Card,Cloudy,Medium
ORD_006565,CUST_01008,REST_0090,2025-06-13 23:02:19,Delivered,933.82,70.85,2,Debit Card,Cloudy,Medium
ORD_006566,CUST_00027,REST_0064,2025-02-22 04:51:44,Delivered,1175.31,112.88,2,UPI,Clear,Low
ORD_006567,CUST_00792,REST_0002,2025-04-07 14:22:37,Delivered,1452.83,124.8,2,UPI,Clear,High
ORD_006568,CUST_01233,REST_0129,2025-04-26 18:55:27,Delivered,214.81,11.91,1,UPI,Rain,High
ORD_006569,CUST_00069,REST_0043,2025-04-04 22:56:55,Delivered,739.4,116.01,3,UPI,Clear,Low
ORD_006570,CUST_01436,REST_0179,2025-05-12 21:11:53,Delivered,675.16,227.62,1,UPI,Clear,Medium
ORD_006571,CUST_00637,REST_0074,2025-05-26 19:01:59,Delivered,2808.35,222.42,7,UPI,Heavy Rain,Severe
ORD_006572,CUST_00437,REST_0048,2025-06-24 12:31:04,Delivered,169.11,28.01,2,Wallet,Cloudy,High
ORD_006573,CUST_00800,REST_0079,2025-06-28 18:12:55,Delivered,616.89,82.05,2,UPI,Rain,Medium
ORD_006574,CUST_01202,REST_0050,2025-03-09 20:34:13,Cancelled,444.89,0.0,2,Wallet,Clear,Low
ORD_006575,CUST_00716,REST_0187,2025-05-24 18:01:32,Delivered,143.33,7.96,2,Credit Card,Cloudy,Severe
ORD_006576,CUST_00973,REST_0112,2025-03-26 15:03:00,Delivered,3643.96,172.0,6,Credit Card,Clear,Medium
ORD_006577,CUST_00753,REST_0027,2025-04-01 10:01:00,Delivered,221.36,47.12,1,UPI,Clear,High
ORD_006578,CUST_00952,REST_0076,2025-05-25 17:32:53,Delivered,106.54,11.33,2,UPI,Clear,Medium
ORD_006579,CUST_00210,REST_0062,2025-05-24 12:04:02,Cancelled,2199.0,0.0,4,UPI,Clear,Medium
ORD_006580,CUST_00059,REST_0125,2025-05-05 11:49:40,Delivered,492.12,67.73,2,Debit Card,Clear,Low
ORD_006581,CUST_00208,REST_0032,2025-03-22 19:27:49,Delivered,484.8,20.6,2,UPI,Cloudy,Severe
ORD_006582,CUST_00431,REST_0199,2025-05-05 13:14:32,Delivered,222.48,35.56,3,Debit Card,Clear,Medium
ORD_006583,CUST_00383,REST_0065,2025-03-08 07:40:25,Delivered,398.2,68.28,4,Credit Card,Clear,Low
ORD_006584,CUST_00928,REST_0016,2025-04-04 08:40:00,Delivered,825.92,153.37,5,UPI,Clear,Medium
ORD_006585,CUST_00686,REST_0052,2025-04-05 22:17:00,Delivered,1970.88,352.31,3,UPI,Heavy Rain,High
ORD_006586,CUST_00059,REST_0084,2025-03-15 22:21:02,Delivered,266.89,43.61,4,UPI,Cloudy,Low
ORD_006587,CUST_00054,REST_0029,2025-06-15 21:22:44,Delivered,853.22,54.87,3,UPI,Rain,High
ORD_006588,CUST_00139,REST_0097,2025-04-30 18:52:54,Delivered,170.6,12.31,2,UPI,Cloudy,Medium
ORD_006589,CUST_00528,REST_0131,2025-06-13 10:24:19,Delivered,331.68,25.72,2,Debit Card,Rain,Medium
ORD_006590,CUST_00009,REST_0099,2025-06-05 14:21:43,Delivered,1157.25,103.74,5,UPI,Clear,Severe
ORD_006591,CUST_00745,REST_0121,2025-06-14 17:17:19,Delivered,474.73,23.12,6,Credit Card,Clear,High
ORD_006592,CUST_00538,REST_0129,2025-02-15 21:58:08,Delivered,901.24,172.64,4,UPI,Clear,Medium
ORD_006593,CUST_00836,REST_0129,2025-03-22 11:25:32,Delivered,742.04,226.64,4,Credit Card,Cloudy,Medium
ORD_006594,CUST_01085,REST_0129,2025-04-07 14:21:17,Cancelled,724.52,0.0,3,UPI,Clear,Low
ORD_006595,CUST_00380,REST_0168,2025-04-20 22:56:00,Cancelled,679.34,0.0,2,UPI,Clear,High
ORD_006596,CUST_00239,REST_0115,2025-05-09 15:38:14,Delivered,665.99,119.91,5,Wallet,Clear,Low
ORD_006597,CUST_00419,REST_0166,2025-06-12 15:05:24,Delivered,328.61,32.6,3,UPI,Clear,Low
ORD_006598,CUST_00003,REST_0182,2025-01-11 15:21:58,Delivered,537.33,45.63,2,UPI,Clear,Medium
ORD_006599,CUST_00184,REST_0047,2025-02-03 16:56:54,Delivered,150.72,63.23,1,UPI,Cloudy,Medium
ORD_006600,CUST_01129,REST_0165,2025-03-19 14:19:15,Delivered,250.47,4.78,4,Debit Card,Clear,High
ORD_006601,CUST_00337,REST_0185,2025-03-30 22:03:00,Delivered,171.39,16.95,2,UPI,Cloudy,High
ORD_006602,CUST_01492,REST_0097,2025-06-11 14:18:51,Delivered,118.49,39.1,2,UPI,Cloudy,Medium
ORD_006603,CUST_00253,REST_0023,2025-04-24 18:55:22,Delivered,315.96,67.98,3,Wallet,Clear,Medium
ORD_006604,CUST_01184,REST_0076,2025-03-07 12:41:50,Delivered,80.0,17.53,1,Debit Card,Clear,Low
ORD_006605,CUST_01061,REST_0091,2025-06-26 19:30:29,Delivered,270.78,18.17,3,UPI,Cloudy,Medium
ORD_006606,CUST_00484,REST_0106,2025-04-09 13:03:48,Delivered,788.68,22.26,4,UPI,Clear,Medium
ORD_006607,CUST_00497,REST_0093,2025-02-07 09:00:17,Delivered,80.0,11.61,1,UPI,Clear,Low
ORD_006608,CUST_00848,REST_0104,2025-06-23 10:49:55,Delivered,870.86,24.12,5,UPI,Clear,High
ORD_006609,CUST_01280,REST_0136,2025-04-06 22:32:21,Delivered,1199.62,216.56,4,UPI,Heavy Rain,Severe
ORD_006610,CUST_00576,REST_0095,2025-02-15 18:48:16,Delivered,1448.21,97.56,4,Cash,Clear,High
ORD_006611,CUST_00094,REST_0009,2025-06-11 20:00:54,Delivered,1673.56,149.81,3,UPI,Clear,High
ORD_006612,CUST_00559,REST_0014,2025-03-10 19:08:00,Delivered,902.47,73.43,7,UPI,Clear,High
ORD_006613,CUST_00313,REST_0063,2025-06-29 08:51:19,Delivered,80.0,21.83,1,Debit Card,Cloudy,Medium
ORD_006614,CUST_01410,REST_0199,2025-06-03 10:07:01,Delivered,227.85,31.38,4,Wallet,Clear,Medium
ORD_006615,CUST_01051,REST_0188,2025-04-14 22:32:54,Delivered,153.81,21.25,2,UPI,Clear,High
ORD_006616,CUST_00078,REST_0038,2025-03-12 20:35:20,Delivered,534.94,30.61,3,UPI,Rain,Severe
ORD_006617,CUST_00442,REST_0091,2025-06-26 13:22:33,Delivered,560.11,212.28,5,Credit Card,Clear,Medium
ORD_006618,CUST_00077,REST_0194,2025-06-17 20:39:51,Delivered,88.57,25.11,2,UPI,Clear,Low
ORD_006619,CUST_01245,REST_0106,2025-02-18 20:30:38,Delivered,670.96,31.98,3,Credit Card,Heavy Rain,Severe
ORD_006620,CUST_01361,REST_0150,2025-03-30 09:14:01,Delivered,1364.08,60.41,6,UPI,Clear,Low
ORD_006621,CUST_00172,REST_0154,2025-05-19 04:16:23,Delivered,2488.89,269.57,4,Credit Card,Clear,High
ORD_006622,CUST_00662,REST_0199,2025-06-22 17:49:45,Delivered,603.59,76.92,8,Debit Card,Clear,Medium
ORD_006623,CUST_01399,REST_0139,2025-02-01 19:03:24,Cancelled,278.91,0.0,6,Debit Card,Cloudy,Medium
ORD_006624,CUST_00221,REST_0168,2025-01-21 18:28:29,Delivered,795.35,61.84,3,Debit Card,Cloudy,Severe
ORD_006625,CUST_00440,REST_0130,2025-03-30 19:33:13,Delivered,558.15,12.43,3,Credit Card,Clear,Medium
ORD_006626,CUST_00459,REST_0162,2025-05-30 14:15:10,Delivered,881.06,45.41,2,Cash,Clear,Low
ORD_006627,CUST_00047,REST_0033,2025-02-22 11:09:00,Failed,270.98,0.0,2,Cash,Rain,Medium
ORD_006628,CUST_00055,REST_0115,2025-03-22 13:13:58,Delivered,558.25,50.56,3,UPI,Cloudy,Low
ORD_006629,CUST_01430,REST_0137,2025-06-19 14:04:39,Delivered,3118.25,113.81,3,UPI,Cloudy,High
ORD_006630,CUST_00860,REST_0161,2025-01-28 12:59:12,Delivered,808.8,126.34,2,Debit Card,Clear,Low
ORD_006631,CUST_00462,REST_0020,2025-05-01 19:48:55,Delivered,394.7,33.86,4,UPI,Clear,High
ORD_006632,CUST_00566,REST_0021,2025-02-26 18:36:37,Delivered,1572.4,160.38,4,UPI,Clear,Medium
ORD_006633,CUST_01077,REST_0161,2025-05-10 09:09:34,Delivered,757.53,30.94,2,Wallet,Cloudy,High
ORD_006634,CUST_00547,REST_0021,2025-06-17 20:53:31,Delivered,738.95,80.92,2,UPI,Cloudy,Medium
ORD_006635,CUST_00345,REST_0045,2025-03-26 12:24:41,Delivered,610.88,58.12,4,UPI,Clear,High
ORD_006636,CUST_00156,REST_0076,2025-02-17 20:21:00,Delivered,160.84,6.69,3,UPI,Cloudy,High
ORD_006637,CUST_01097,REST_0154,2025-04-19 11:40:15,Delivered,1706.15,110.41,4,UPI,Clear,High
ORD_006638,CUST_00271,REST_0096,2025-01-21 18:59:18,Delivered,276.9,55.33,1,UPI,Clear,High
ORD_006639,CUST_00107,REST_0012,2025-01-14 20:19:31,Delivered,2351.78,27.85,4,UPI,Clear,Medium
ORD_006640,CUST_00642,REST_0147,2025-06-29 19:51:36,Failed,179.15,0.0,2,UPI,Cloudy,High
ORD_006641,CUST_00060,REST_0059,2025-04-14 13:09:05,Cancelled,240.13,0.0,2,Credit Card,Clear,Low
ORD_006642,CUST_01449,REST_0082,2025-03-08 09:04:00,Delivered,739.63,79.99,4,UPI,Clear,Medium
ORD_006643,CUST_00947,REST_0012,2025-01-19 12:37:14,Delivered,1028.97,191.06,2,UPI,Cloudy,Medium
ORD_006644,CUST_00232,REST_0012,2025-03-11 12:43:29,Delivered,789.94,140.9,2,Cash,Cloudy,High
ORD_006645,CUST_00260,REST_0046,2025-04-14 21:29:45,Delivered,397.07,134.9,5,Cash,Clear,Medium
ORD_006646,CUST_00858,REST_0081,2025-05-12 21:37:25,Delivered,80.0,19.07,2,Wallet,Clear,Medium
ORD_006647,CUST_00533,REST_0107,2025-05-27 20:55:04,Delivered,228.23,19.0,3,UPI,Clear,Low
ORD_006648,CUST_01162,REST_0042,2025-02-16 13:15:44,Delivered,95.78,4.33,2,UPI,Cloudy,Medium
ORD_006649,CUST_00820,REST_0186,2025-05-20 18:10:07,Delivered,296.03,5.36,3,UPI,Cloudy,High
ORD_006650,CUST_00651,REST_0118,2025-04-03 21:53:00,Delivered,288.13,20.62,2,Debit Card,Cloudy,High
ORD_006651,CUST_01446,REST_0055,2025-04-02 11:53:54,Delivered,462.56,31.23,4,Wallet,Rain,High
ORD_006652,CUST_00583,REST_0116,2025-06-21 13:34:50,Delivered,425.11,52.3,5,UPI,Clear,Medium
ORD_006653,CUST_00599,REST_0085,2025-06-28 12:13:20,Delivered,279.63,9.45,2,UPI,Rain,Medium
ORD_006654,CUST_01005,REST_0105,2025-06-13 22:39:49,Delivered,550.44,131.85,3,UPI,Clear,Medium
ORD_006655,CUST_01215,REST_0119,2025-04-04 11:58:00,Delivered,825.48,192.98,3,Wallet,Cloudy,Medium
ORD_006656,CUST_00945,REST_0093,2025-02-24 19:04:26,Delivered,371.99,25.8,6,UPI,Clear,High
ORD_006657,CUST_01052,REST_0040,2025-03-20 18:39:39,Delivered,2999.57,140.87,4,Cash,Cloudy,Severe
ORD_006658,CUST_00556,REST_0001,2025-06-12 14:43:46,Delivered,235.71,41.82,6,UPI,Clear,Low
ORD_006659,CUST_00722,REST_0080,2025-06-23 13:54:03,Delivered,145.97,16.45,3,UPI,Rain,High
ORD_006660,CUST_00297,REST_0174,2025-02-22 18:10:49,Delivered,240.84,10.33,2,UPI,Rain,Severe
ORD_006661,CUST_01025,REST_0044,2025-05-17 22:12:04,Delivered,308.78,33.38,2,UPI,Clear,Medium
ORD_006662,CUST_00334,REST_0110,2025-01-25 19:04:21,Delivered,761.91,97.52,4,Debit Card,Rain,High
ORD_006663,CUST_00002,REST_0157,2025-02-11 20:19:27,Delivered,433.61,54.47,2,UPI,Clear,Medium
ORD_006664,CUST_01402,REST_0121,2025-01-21 21:04:36,Delivered,361.93,7.99,3,UPI,Rain,High
ORD_006665,CUST_00462,REST_0178,2025-06-26 12:32:44,Delivered,2235.95,73.19,2,UPI,Clear,High
ORD_006666,CUST_00296,REST_0185,2025-05-16 13:05:14,Delivered,451.04,31.93,5,UPI,Clear,Medium
ORD_006667,CUST_00404,REST_0127,2025-05-23 13:08:55,Delivered,643.11,109.15,2,UPI,Clear,Low
ORD_006668,CUST_00496,REST_0177,2025-05-13 13:22:15,Delivered,207.98,4.55,2,Wallet,Clear,Medium
ORD_006669,CUST_00716,REST_0077,2025-05-06 05:38:34,Delivered,409.12,49.42,4,UPI,Clear,Low
ORD_006670,CUST_00107,REST_0063,2025-01-10 09:20:11,Delivered,260.92,16.1,4,UPI,Cloudy,Low
ORD_006671,CUST_00081,REST_0158,2025-01-09 08:55:28,Delivered,80.0,3.73,1,Debit Card,Clear,Severe
ORD_006672,CUST_00442,REST_0199,2025-05-07 11:42:48,Delivered,284.3,21.74,3,Credit Card,Clear,Medium
ORD_006673,CUST_00446,REST_0144,2025-05-08 19:54:30,Delivered,99.14,11.1,2,UPI,Rain,Medium
ORD_006674,CUST_00180,REST_0012,2025-03-15 22:26:33,Cancelled,1004.8,0.0,2,UPI,Clear,Medium
ORD_006675,CUST_00606,REST_0175,2025-02-17 22:59:20,Delivered,1003.35,23.88,6,Debit Card,Rain,High
ORD_006676,CUST_00428,REST_0183,2025-02-27 09:11:00,Delivered,316.4,65.42,2,UPI,Clear,Medium
ORD_006677,CUST_00041,REST_0066,2025-06-30 19:39:21,Delivered,317.56,91.43,2,UPI,Clear,Medium
ORD_006678,CUST_01331,REST_0187,2025-04-15 10:41:13,Delivered,80.0,6.15,1,Debit Card,Rain,High
ORD_006679,CUST_01331,REST_0131,2025-05-06 19:27:11,Failed,771.33,0.0,2,UPI,Clear,Low
ORD_006680,CUST_00315,REST_0054,2025-04-01 18:21:38,Delivered,354.72,24.42,2,UPI,Clear,High
ORD_006681,CUST_00247,REST_0146,2025-05-06 19:49:38,Delivered,380.83,77.5,2,Credit Card,Clear,Low
ORD_006682,CUST_00823,REST_0145,2025-04-10 08:27:49,Delivered,298.6,20.96,4,UPI,Cloudy,Medium
ORD_006683,CUST_00951,REST_0009,2025-04-03 09:07:27,Delivered,1346.61,94.22,2,Wallet,Rain,Low
ORD_006684,CUST_01438,REST_0123,2025-04-07 22:36:24,Delivered,734.89,75.27,5,Wallet,Clear,Severe
ORD_006685,CUST_00563,REST_0054,2025-06-11 15:50:15,Delivered,533.48,18.19,2,UPI,Clear,Medium
ORD_006686,CUST_00933,REST_0157,2025-05-19 21:21:04,Delivered,417.99,19.9,2,Debit Card,Clear,High
ORD_006687,CUST_01320,REST_0059,2025-04-10 14:18:28,Delivered,325.36,22.1,2,UPI,Clear,Medium
ORD_006688,CUST_00678,REST_0026,2025-06-19 07:08:17,Delivered,372.97,18.82,2,UPI,Clear,Severe
ORD_006689,CUST_00187,REST_0054,2025-04-05 14:54:17,Delivered,170.04,10.7,1,UPI,Cloudy,Medium
ORD_006690,CUST_00564,REST_0119,2025-06-04 12:31:13,Delivered,933.59,110.44,3,UPI,Clear,Medium
ORD_006691,CUST_00207,REST_0015,2025-02-28 21:32:35,Delivered,226.13,37.92,2,Credit Card,Cloudy,High
ORD_006692,CUST_00026,REST_0029,2025-04-29 22:11:44,Delivered,710.39,11.23,3,Cash,Clear,Low
ORD_006693,CUST_01130,REST_0156,2025-06-02 09:33:57,Delivered,803.63,18.0,3,UPI,Clear,Low
ORD_006694,CUST_00360,REST_0064,2025-03-01 18:29:43,Delivered,1544.89,345.83,2,Debit Card,Cloudy,Medium
ORD_006695,CUST_00003,REST_0126,2025-05-21 18:25:02,Delivered,167.05,48.4,1,Debit Card,Rain,Medium
ORD_006696,CUST_01311,REST_0084,2025-03-30 10:39:15,Delivered,80.0,12.96,1,UPI,Cloudy,Medium
ORD_006697,CUST_00668,REST_0003,2025-06-15 11:46:50,Delivered,461.63,12.37,3,Credit Card,Clear,High
ORD_006698,CUST_00361,REST_0165,2025-03-29 19:10:19,Delivered,218.26,34.26,3,UPI,Clear,Low
ORD_006699,CUST_00397,REST_0012,2025-05-28 14:22:35,Delivered,1512.03,183.63,2,UPI,Clear,Low
ORD_006700,CUST_00364,REST_0037,2025-04-23 11:39:24,Delivered,208.59,38.09,1,UPI,Clear,Medium
ORD_006701,CUST_00292,REST_0057,2025-03-09 08:42:00,Delivered,460.87,30.63,2,Credit Card,Rain,Medium
ORD_006702,CUST_01262,REST_0095,2025-05-09 12:20:58,Delivered,1723.13,70.58,6,UPI,Clear,Low
ORD_006703,CUST_00257,REST_0054,2025-05-05 12:31:55,Delivered,369.17,19.73,2,Wallet,Cloudy,High
ORD_006704,CUST_00846,REST_0184,2025-06-27 20:35:34,Delivered,3302.88,993.13,3,Credit Card,Clear,Medium
ORD_006705,CUST_00118,REST_0041,2025-04-13 12:53:50,Delivered,2178.94,214.02,4,Credit Card,Clear,Medium
ORD_006706,CUST_01426,REST_0070,2025-04-29 14:03:29,Delivered,518.88,49.9,4,Credit Card,Rain,Medium
ORD_006707,CUST_00910,REST_0200,2025-01-10 12:41:46,Delivered,1247.17,31.97,4,Credit Card,Rain,Medium
ORD_006708,CUST_01356,REST_0189,2025-04-06 12:31:49,Delivered,246.0,42.15,2,Wallet,Clear,Medium
ORD_006709,CUST_00595,REST_0035,2025-02-01 18:08:24,Delivered,816.82,117.75,5,UPI,Clear,Medium
ORD_006710,CUST_01217,REST_0198,2025-02-11 20:52:00,Delivered,380.32,33.44,3,Debit Card,Cloudy,High
ORD_006711,CUST_01282,REST_0050,2025-01-05 11:07:32,Delivered,605.97,74.46,2,UPI,Rain,Low
ORD_006712,CUST_01058,REST_0021,2025-03-03 21:19:31,Delivered,1205.39,71.38,3,Credit Card,Clear,High
ORD_006713,CUST_00142,REST_0178,2025-05-09 14:54:13,Delivered,2111.11,394.19,3,UPI,Rain,High
ORD_006714,CUST_00025,REST_0084,2025-01-06 22:59:28,Delivered,372.56,50.01,6,Debit Card,Clear,Low
ORD_006715,CUST_00254,REST_0042,2025-04-10 13:35:00,Delivered,154.39,16.46,3,UPI,Clear,Medium
ORD_006716,CUST_00181,REST_0162,2025-04-26 17:21:27,Delivered,1142.8,67.12,2,Wallet,Heavy Rain,High
ORD_006717,CUST_01091,REST_0052,2025-03-29 19:11:00,Delivered,1918.9,146.99,4,UPI,Rain,Medium
ORD_006718,CUST_00838,REST_0124,2025-01-13 12:54:13,Delivered,102.21,2.71,2,Wallet,Cloudy,High
ORD_006719,CUST_00793,REST_0011,2025-03-30 19:21:31,Delivered,136.19,8.16,2,Cash,Rain,High
ORD_006720,CUST_00383,REST_0098,2025-06-18 14:51:29,Delivered,1752.92,436.4,6,Cash,Cloudy,Medium
ORD_006721,CUST_00235,REST_0154,2025-03-22 18:37:20,Delivered,1009.09,12.94,3,UPI,Clear,Low
ORD_006722,CUST_00311,REST_0141,2025-02-12 22:16:38,Delivered,420.77,31.92,3,Cash,Clear,Medium
ORD_006723,CUST_00599,REST_0028,2025-02-14 18:39:12,Delivered,214.66,10.56,1,Debit Card,Clear,Low
ORD_006724,CUST_01114,REST_0100,2025-02-21 11:04:42,Cancelled,577.79,0.0,3,UPI,Cloudy,Medium
ORD_006725,CUST_00385,REST_0073,2025-01-07 22:43:37,Delivered,1141.43,81.71,4,UPI,Clear,Low
ORD_006726,CUST_01052,REST_0047,2025-03-09 15:43:14,Delivered,819.81,122.83,5,UPI,Clear,Medium
ORD_006727,CUST_00741,REST_0061,2025-02-09 11:42:42,Delivered,409.76,7.54,4,UPI,Clear,Medium
ORD_006728,CUST_01331,REST_0159,2025-05-27 11:00:12,Delivered,628.8,40.36,7,Wallet,Clear,High
ORD_006729,CUST_00352,REST_0066,2025-06-02 21:22:57,Delivered,446.71,54.63,3,UPI,Clear,Medium
ORD_006730,CUST_00679,REST_0151,2025-02-12 22:38:39,Delivered,127.94,28.44,2,Credit Card,Clear,Low
ORD_006731,CUST_00148,REST_0126,2025-06-07 14:09:40,Cancelled,406.35,0.0,4,UPI,Clear,High
ORD_006732,CUST_00503,REST_0200,2025-03-30 11:01:00,Delivered,652.98,182.31,2,Wallet,Cloudy,Medium
ORD_006733,CUST_00764,REST_0123,2025-04-03 08:16:19,Delivered,927.13,32.06,5,UPI,Rain,Medium
ORD_006734,CUST_01103,REST_0008,2025-02-27 12:19:09,Delivered,457.09,58.02,2,UPI,Clear,Low
ORD_006735,CUST_00298,REST_0029,2025-05-18 20:57:16,Delivered,817.97,90.38,5,UPI,Cloudy,High
ORD_006736,CUST_00329,REST_0005,2025-02-22 20:02:42,Delivered,106.55,11.66,2,Credit Card,Rain,High
ORD_006737,CUST_00952,REST_0063,2025-05-28 11:14:02,Delivered,448.22,20.28,5,Wallet,Rain,Medium
ORD_006738,CUST_00572,REST_0015,2025-05-11 20:10:46,Cancelled,283.57,0.0,3,UPI,Rain,High
ORD_006739,CUST_00726,REST_0120,2025-06-26 19:43:48,Delivered,314.92,20.76,3,Debit Card,Rain,High
ORD_006740,CUST_01254,REST_0163,2025-05-21 13:21:37,Delivered,486.64,35.6,2,UPI,Cloudy,Medium
ORD_006741,CUST_00752,REST_0087,2025-01-27 21:55:38,Delivered,585.58,92.93,2,UPI,Cloudy,Medium
ORD_006742,CUST_00985,REST_0176,2025-03-06 22:45:03,Failed,595.22,0.0,3,UPI,Clear,Medium
ORD_006743,CUST_00992,REST_0166,2025-06-08 22:08:14,Delivered,203.5,70.35,2,Credit Card,Clear,Medium
ORD_006744,CUST_01206,REST_0059,2025-02-13 17:58:14,Delivered,522.54,93.76,6,Credit Card,Heavy Rain,High
ORD_006745,CUST_00963,REST_0167,2025-05-01 11:05:46,Delivered,80.0,15.74,1,UPI,Clear,Low
ORD_006746,CUST_00100,REST_0015,2025-01-07 16:03:20,Delivered,421.38,15.56,4,UPI,Clear,Medium
ORD_006747,CUST_00513,REST_0109,2025-01-01 16:22:12,Delivered,671.6,73.62,4,Debit Card,Clear,Medium
ORD_006748,CUST_01483,REST_0084,2025-02-12 11:17:22,Delivered,364.49,55.0,5,UPI,Cloudy,Medium
ORD_006749,CUST_00296,REST_0077,2025-03-14 07:42:05,Delivered,252.62,20.02,4,UPI,Clear,High
ORD_006750,CUST_00885,REST_0176,2025-05-24 14:21:45,Delivered,229.08,6.3,1,Debit Card,Clear,Medium
ORD_006751,CUST_01265,REST_0072,2025-05-31 15:30:37,Delivered,370.16,17.65,3,Credit Card,Clear,Low
ORD_006752,CUST_00884,REST_0117,2025-06-05 19:38:41,Delivered,730.78,71.85,3,UPI,Clear,Low
ORD_006753,CUST_00555,REST_0071,2025-02-11 18:56:12,Delivered,644.05,156.53,3,UPI,Clear,Low
ORD_006754,CUST_00122,REST_0120,2025-04-06 08:32:46,Delivered,204.86,10.13,2,UPI,Clear,Medium
ORD_006755,CUST_00540,REST_0110,2025-02-01 20:39:14,Delivered,556.81,55.85,3,UPI,Rain,High
ORD_006756,CUST_00273,REST_0052,2025-02-28 20:11:59,Delivered,2513.68,177.09,4,UPI,Rain,Low
ORD_006757,CUST_01443,REST_0063,2025-03-18 13:38:01,Delivered,245.72,40.15,3,UPI,Clear,Medium
ORD_006758,CUST_01077,REST_0156,2025-02-28 11:29:00,Delivered,297.9,70.88,2,UPI,Clear,Medium
ORD_006759,CUST_01126,REST_0152,2025-02-07 22:22:50,Delivered,434.55,8.41,4,UPI,Rain,Low
ORD_006760,CUST_00656,REST_0039,2025-06-13 13:03:19,Cancelled,813.55,0.0,4,UPI,Clear,Medium
ORD_006761,CUST_00168,REST_0061,2025-01-05 19:01:40,Cancelled,524.87,0.0,4,UPI,Cloudy,High
ORD_006762,CUST_00402,REST_0102,2025-02-23 13:58:32,Cancelled,143.4,0.0,2,UPI,Cloudy,High
ORD_006763,CUST_00392,REST_0145,2025-03-27 19:02:00,Delivered,236.92,35.4,3,Wallet,Rain,Medium
ORD_006764,CUST_00733,REST_0036,2025-06-26 19:46:29,Delivered,2154.94,224.29,3,UPI,Clear,Low
ORD_006765,CUST_00694,REST_0157,2025-05-06 18:40:57,Delivered,429.82,87.38,2,Debit Card,Clear,Medium
ORD_006766,CUST_00652,REST_0142,2025-03-08 18:56:14,Delivered,252.59,21.49,4,UPI,Clear,Medium
ORD_006767,CUST_00748,REST_0131,2025-03-22 13:35:13,Delivered,580.73,20.27,3,Cash,Rain,High
ORD_006768,CUST_01480,REST_0153,2025-02-12 14:11:22,Delivered,3184.12,263.21,4,UPI,Clear,Low
ORD_006769,CUST_00449,REST_0191,2025-05-24 18:06:20,Delivered,199.45,15.22,2,Credit Card,Rain,Medium
ORD_006770,CUST_00928,REST_0091,2025-04-05 19:59:56,Delivered,148.92,9.08,2,Wallet,Cloudy,Low
ORD_006771,CUST_00362,REST_0015,2025-02-23 22:30:00,Cancelled,413.01,0.0,3,UPI,Clear,Medium
ORD_006772,CUST_00703,REST_0172,2025-02-01 17:24:30,Delivered,4836.41,880.07,5,UPI,Cloudy,Low
ORD_006773,CUST_00301,REST_0021,2025-03-27 19:38:01,Delivered,1103.64,95.73,3,Credit Card,Clear,Low
ORD_006774,CUST_00840,REST_0072,2025-03-27 01:50:01,Delivered,487.02,20.67,3,UPI,Cloudy,High
ORD_006775,CUST_00400,REST_0104,2025-06-22 22:15:32,Delivered,361.64,36.91,3,Credit Card,Clear,Medium
ORD_006776,CUST_00056,REST_0134,2025-03-16 13:31:20,Delivered,1478.28,83.98,5,Debit Card,Cloudy,Medium
ORD_006777,CUST_01224,REST_0054,2025-05-01 18:20:06,Delivered,260.05,17.66,1,Credit Card,Rain,Medium
ORD_006778,CUST_00196,REST_0041,2025-05-01 19:08:21,Delivered,2434.28,440.53,5,UPI,Cloudy,Medium
ORD_006779,CUST_00550,REST_0098,2025-05-10 14:59:05,Delivered,420.33,48.62,3,Credit Card,Clear,Low
ORD_006780,CUST_00719,REST_0012,2025-03-10 13:09:58,Delivered,752.68,61.86,2,Wallet,Clear,Low
ORD_006781,CUST_00650,REST_0014,2025-04-09 10:17:00,Delivered,242.52,8.36,3,UPI,Clear,Medium
ORD_006782,CUST_01092,REST_0105,2025-05-29 14:37:13,Delivered,367.16,40.57,2,Wallet,Clear,Low
ORD_006783,CUST_00900,REST_0197,2025-04-23 08:34:16,Delivered,720.46,22.1,6,Debit Card,Clear,Medium
ORD_006784,CUST_00445,REST_0167,2025-02-24 22:15:05,Delivered,80.0,9.24,1,UPI,Heavy Rain,Low
ORD_006785,CUST_00079,REST_0130,2025-05-07 18:51:08,Delivered,709.69,145.47,4,Cash,Clear,Low
ORD_006786,CUST_01153,REST_0051,2025-06-06 12:05:43,Delivered,278.77,34.43,2,UPI,Rain,High
ORD_006787,CUST_00527,REST_0044,2025-03-05 13:02:43,Delivered,306.34,65.67,3,UPI,Clear,Low
ORD_006788,CUST_01336,REST_0185,2025-04-26 13:08:35,Delivered,432.13,69.83,4,Credit Card,Clear,Medium
ORD_006789,CUST_00590,REST_0032,2025-05-31 18:56:14,Delivered,496.46,23.82,2,UPI,Rain,Low
ORD_006790,CUST_01081,REST_0008,2025-01-27 14:18:00,Delivered,715.49,49.13,3,Wallet,Clear,Medium
ORD_006791,CUST_01411,REST_0190,2025-06-28 22:06:34,Delivered,3065.34,227.13,4,UPI,Heavy Rain,High
ORD_006792,CUST_00983,REST_0126,2025-01-25 14:24:37,Delivered,283.71,72.96,2,UPI,Clear,Low
ORD_006793,CUST_00620,REST_0139,2025-03-17 11:18:00,Delivered,126.73,6.95,2,UPI,Clear,Medium
ORD_006794,CUST_00854,REST_0124,2025-04-24 19:11:08,Cancelled,523.65,0.0,4,UPI,Cloudy,Low
ORD_006795,CUST_00817,REST_0198,2025-05-21 21:19:58,Delivered,830.32,170.14,4,UPI,Cloudy,Medium
ORD_006796,CUST_00881,REST_0005,2025-03-26 21:39:59,Delivered,163.93,18.76,3,UPI,Clear,High
ORD_006797,CUST_00223,REST_0102,2025-05-05 12:44:03,Delivered,325.03,30.49,4,UPI,Rain,High
ORD_006798,CUST_01052,REST_0184,2025-03-11 21:48:18,Failed,786.58,0.0,1,Credit Card,Cloudy,High
ORD_006799,CUST_00221,REST_0111,2025-04-04 18:55:28,Delivered,4480.08,724.21,4,UPI,Rain,Medium
ORD_006800,CUST_00023,REST_0065,2025-01-08 19:16:55,Delivered,264.14,43.79,3,Credit Card,Cloudy,Severe
ORD_006801,CUST_00943,REST_0193,2025-03-26 21:24:32,Delivered,236.21,10.65,4,UPI,Heavy Rain,High
ORD_006802,CUST_00179,REST_0142,2025-04-26 14:15:54,Delivered,264.45,24.07,4,UPI,Cloudy,Low
ORD_006803,CUST_01157,REST_0193,2025-06-13 14:06:04,Failed,190.86,0.0,4,UPI,Clear,Low
ORD_006804,CUST_01302,REST_0095,2025-03-28 18:34:49,Delivered,770.54,22.25,3,UPI,Clear,Medium
ORD_006805,CUST_01419,REST_0012,2025-02-05 11:14:29,Delivered,1696.85,130.88,4,Credit Card,Clear,High
ORD_006806,CUST_01003,REST_0184,2025-01-15 20:33:22,Delivered,3177.19,928.33,4,UPI,Clear,Medium
ORD_006807,CUST_00726,REST_0068,2025-04-23 22:20:00,Delivered,994.95,76.56,4,UPI,Clear,Medium
ORD_006808,CUST_00527,REST_0079,2025-04-07 14:08:19,Delivered,581.46,43.43,2,Wallet,Rain,Medium
ORD_006809,CUST_00740,REST_0089,2025-04-12 01:17:55,Delivered,927.92,81.47,6,UPI,Cloudy,High
ORD_006810,CUST_00285,REST_0024,2025-05-23 12:13:34,Delivered,813.22,68.77,4,UPI,Cloudy,Medium
ORD_006811,CUST_00521,REST_0059,2025-02-09 11:59:59,Delivered,627.12,42.62,4,UPI,Rain,Medium
ORD_006812,CUST_01081,REST_0103,2025-02-25 07:10:56,Delivered,1810.13,179.76,2,UPI,Clear,Low
ORD_006813,CUST_00328,REST_0134,2025-02-10 11:40:24,Cancelled,511.58,0.0,3,UPI,Cloudy,Medium
ORD_006814,CUST_00398,REST_0079,2025-05-06 03:08:55,Delivered,585.0,108.74,2,UPI,Cloudy,Medium
ORD_006815,CUST_01126,REST_0094,2025-05-31 12:44:54,Delivered,519.16,53.52,4,Wallet,Clear,Medium
ORD_006816,CUST_00267,REST_0064,2025-06-15 08:43:14,Failed,1722.03,0.0,3,UPI,Clear,Medium
ORD_006817,CUST_00371,REST_0062,2025-02-05 09:41:00,Delivered,1269.1,222.85,2,Debit Card,Clear,High
ORD_006818,CUST_00028,REST_0042,2025-03-17 01:29:35,Delivered,238.79,24.56,4,Credit Card,Heavy Rain,Medium
ORD_006819,CUST_01084,REST_0146,2025-02-04 21:02:41,Delivered,1676.22,236.73,5,Wallet,Clear,Low
ORD_006820,CUST_00932,REST_0068,2025-03-17 10:51:58,Delivered,253.55,28.8,1,UPI,Clear,Low
ORD_006821,CUST_01046,REST_0197,2025-01-20 17:02:26,Delivered,283.54,16.55,3,UPI,Cloudy,High
ORD_006822,CUST_00323,REST_0029,2025-05-16 08:45:50,Delivered,561.78,196.1,3,Credit Card,Cloudy,Medium
ORD_006823,CUST_01036,REST_0074,2025-06-13 10:08:09,Delivered,2006.65,213.45,3,UPI,Rain,Medium
ORD_006824,CUST_00899,REST_0126,2025-03-25 21:00:26,Cancelled,282.57,0.0,2,UPI,Clear,Medium
ORD_006825,CUST_00547,REST_0020,2025-05-12 20:31:17,Delivered,328.68,35.33,4,Credit Card,Rain,High
ORD_006826,CUST_00659,REST_0061,2025-03-19 21:14:50,Delivered,122.28,16.96,1,Credit Card,Rain,High
ORD_006827,CUST_00854,REST_0188,2025-01-04 02:29:12,Delivered,322.36,40.65,3,UPI,Clear,Medium
ORD_006828,CUST_00744,REST_0157,2025-05-19 14:56:10,Delivered,984.74,109.71,4,UPI,Clear,Low
ORD_006829,CUST_00969,REST_0187,2025-02-23 18:55:41,Delivered,80.0,4.57,1,UPI,Cloudy,Severe
ORD_006830,CUST_00272,REST_0181,2025-04-28 14:33:48,Delivered,170.22,3.37,3,UPI,Clear,High
ORD_006831,CUST_00813,REST_0071,2025-03-17 19:36:55,Delivered,279.5,16.84,2,Debit Card,Heavy Rain,High
ORD_006832,CUST_00678,REST_0184,2025-04-03 08:28:18,Cancelled,1365.64,0.0,2,UPI,Clear,Low
ORD_006833,CUST_00694,REST_0086,2025-05-28 18:39:04,Delivered,557.93,62.91,3,UPI,Rain,High
ORD_006834,CUST_00708,REST_0042,2025-05-31 21:31:23,Delivered,225.75,18.92,5,Credit Card,Clear,High
ORD_006835,CUST_01325,REST_0100,2025-04-23 10:57:41,Delivered,1131.48,29.07,4,UPI,Rain,Low
ORD_006836,CUST_01229,REST_0043,2025-02-04 15:56:44,Delivered,1192.87,102.57,5,UPI,Clear,Medium
ORD_006837,CUST_00949,REST_0200,2025-06-25 10:20:27,Delivered,280.42,117.14,1,UPI,Cloudy,Low
ORD_006838,CUST_01079,REST_0109,2025-06-26 20:10:32,Delivered,394.96,24.99,2,Credit Card,Clear,Low
ORD_006839,CUST_00066,REST_0106,2025-05-27 18:36:53,Failed,724.51,0.0,4,UPI,Clear,Medium
ORD_006840,CUST_01119,REST_0155,2025-06-30 18:17:11,Delivered,199.47,30.61,2,Cash,Rain,High
ORD_006841,CUST_00733,REST_0134,2025-06-09 19:51:59,Delivered,954.59,18.51,3,Credit Card,Cloudy,Low
ORD_006842,CUST_00478,REST_0157,2025-03-24 13:03:55,Delivered,621.19,50.42,3,Cash,Cloudy,Medium
ORD_006843,CUST_00213,REST_0057,2025-05-19 11:46:15,Delivered,1514.51,137.91,5,Debit Card,Cloudy,High
ORD_006844,CUST_00116,REST_0181,2025-06-21 19:23:05,Delivered,237.77,20.61,4,Cash,Rain,Medium
ORD_006845,CUST_00069,REST_0015,2025-06-24 14:11:41,Delivered,376.37,17.19,4,Wallet,Rain,High
ORD_006846,CUST_00245,REST_0125,2025-01-23 14:14:50,Delivered,1153.76,167.25,5,Cash,Clear,High
ORD_006847,CUST_00047,REST_0053,2025-02-26 22:14:11,Delivered,653.27,44.03,2,Credit Card,Clear,High
ORD_006848,CUST_01103,REST_0199,2025-04-17 22:24:13,Cancelled,653.37,0.0,6,UPI,Clear,Medium
ORD_006849,CUST_00376,REST_0186,2025-01-02 18:08:10,Delivered,237.91,4.92,3,Wallet,Clear,Low
ORD_006850,CUST_00551,REST_0148,2025-03-30 10:36:00,Delivered,1461.45,298.82,3,UPI,Cloudy,Low
ORD_006851,CUST_01235,REST_0136,2025-02-07 21:16:58,Delivered,583.63,4.59,3,UPI,Clear,Low
ORD_006852,CUST_00176,REST_0188,2025-03-07 13:49:04,Delivered,108.17,5.13,2,UPI,Clear,Severe
ORD_006853,CUST_01253,REST_0101,2025-02-27 08:50:00,Delivered,349.28,10.78,2,UPI,Cloudy,High
ORD_006854,CUST_00965,REST_0021,2025-03-09 09:17:58,Cancelled,1759.09,0.0,4,UPI,Cloudy,Low
ORD_006855,CUST_00512,REST_0006,2025-06-20 08:28:47,Delivered,287.06,10.07,3,Credit Card,Rain,High
ORD_006856,CUST_00181,REST_0125,2025-02-20 15:11:57,Delivered,1320.5,187.57,5,Debit Card,Rain,Low
ORD_006857,CUST_00140,REST_0118,2025-04-15 14:33:34,Delivered,935.14,90.57,4,UPI,Cloudy,High
ORD_006858,CUST_00503,REST_0169,2025-04-14 22:36:35,Delivered,370.71,26.12,3,Debit Card,Clear,Medium
ORD_006859,CUST_00213,REST_0091,2025-05-24 18:21:04,Delivered,369.45,31.21,5,UPI,Rain,High
ORD_006860,CUST_00404,REST_0165,2025-03-10 13:44:10,Delivered,278.15,40.16,5,UPI,Clear,Low
ORD_006861,CUST_00081,REST_0101,2025-04-17 22:16:36,Delivered,1463.1,75.59,6,UPI,Clear,Medium
ORD_006862,CUST_00897,REST_0007,2025-04-12 14:17:49,Delivered,2464.71,837.97,3,Credit Card,Clear,Medium
ORD_006863,CUST_00221,REST_0095,2025-03-14 04:16:40,Delivered,1098.19,29.7,3,Wallet,Cloudy,Medium
ORD_006864,CUST_01138,REST_0143,2025-06-10 14:17:23,Delivered,439.36,97.24,2,UPI,Rain,High
ORD_006865,CUST_00329,REST_0115,2025-03-18 20:45:02,Delivered,607.37,78.97,4,Wallet,Cloudy,Medium
ORD_006866,CUST_01197,REST_0063,2025-06-16 22:01:05,Delivered,224.58,21.7,2,Credit Card,Cloudy,Medium
ORD_006867,CUST_00285,REST_0076,2025-02-21 20:42:31,Delivered,227.22,37.02,4,Debit Card,Cloudy,Medium
ORD_006868,CUST_01086,REST_0145,2025-04-11 22:10:16,Delivered,169.39,19.64,2,UPI,Clear,Medium
ORD_006869,CUST_00500,REST_0164,2025-05-22 19:54:17,Delivered,574.93,115.0,2,UPI,Clear,Low
ORD_006870,CUST_00878,REST_0054,2025-04-04 13:25:00,Delivered,1582.51,147.88,6,UPI,Rain,Medium
ORD_006871,CUST_00059,REST_0028,2025-05-25 12:59:38,Delivered,341.75,59.83,2,Credit Card,Clear,Medium
ORD_006872,CUST_00746,REST_0101,2025-06-25 21:21:19,Delivered,1122.93,356.53,4,Cash,Clear,Medium
ORD_006873,CUST_00226,REST_0113,2025-04-03 14:55:23,Delivered,210.66,58.09,2,UPI,Cloudy,Medium
ORD_006874,CUST_00733,REST_0019,2025-02-12 12:01:50,Delivered,175.69,37.43,3,UPI,Cloudy,Low
ORD_006875,CUST_00215,REST_0153,2025-01-16 21:51:36,Delivered,2809.99,234.24,3,UPI,Cloudy,Medium
ORD_006876,CUST_00658,REST_0061,2025-01-08 07:45:54,Delivered,355.45,66.72,3,UPI,Clear,Low
ORD_006877,CUST_00170,REST_0041,2025-03-27 13:04:41,Delivered,2026.34,101.71,4,Cash,Cloudy,Medium
ORD_006878,CUST_00332,REST_0115,2025-04-21 19:30:08,Delivered,1151.94,48.77,5,UPI,Cloudy,Medium
ORD_006879,CUST_00897,REST_0091,2025-04-05 22:50:56,Delivered,519.41,77.46,8,UPI,Clear,High
ORD_006880,CUST_01465,REST_0134,2025-04-04 17:51:00,Delivered,1357.85,277.14,5,UPI,Cloudy,Medium
ORD_006881,CUST_00676,REST_0053,2025-03-14 21:52:00,Delivered,256.53,20.66,1,Debit Card,Clear,Medium
ORD_006882,CUST_01035,REST_0037,2025-06-22 21:23:27,Delivered,491.85,14.38,3,Cash,Clear,Medium
ORD_006883,CUST_00811,REST_0089,2025-02-14 12:50:43,Delivered,561.14,6.65,2,UPI,Clear,Low
ORD_006884,CUST_00751,REST_0026,2025-05-16 17:42:08,Delivered,738.18,119.09,4,UPI,Heavy Rain,High
ORD_006885,CUST_00099,REST_0194,2025-02-20 12:46:48,Delivered,164.63,12.2,4,UPI,Clear,High
ORD_006886,CUST_00219,REST_0068,2025-03-26 08:35:24,Delivered,1588.43,193.95,4,UPI,Cloudy,Low
ORD_006887,CUST_01327,REST_0176,2025-04-09 14:36:16,Delivered,535.81,100.78,3,UPI,Clear,Medium
ORD_006888,CUST_00615,REST_0049,2025-01-16 12:03:48,Delivered,850.34,60.31,2,Credit Card,Clear,Low
ORD_006889,CUST_00926,REST_0011,2025-04-04 14:04:32,Delivered,81.04,15.13,1,UPI,Clear,Medium
ORD_006890,CUST_00796,REST_0127,2025-06-23 22:16:11,Delivered,694.13,82.17,2,UPI,Cloudy,Medium
ORD_006891,CUST_00566,REST_0195,2025-06-01 22:57:51,Delivered,748.74,62.63,3,UPI,Clear,Medium
ORD_006892,CUST_00579,REST_0102,2025-05-06 15:15:22,Delivered,223.09,32.18,3,UPI,Cloudy,Low
ORD_006893,CUST_00836,REST_0139,2025-04-07 12:58:00,Delivered,105.1,15.71,4,UPI,Cloudy,Medium
ORD_006894,CUST_00215,REST_0171,2025-03-20 18:58:07,Delivered,2700.18,996.86,4,Debit Card,Clear,Medium
ORD_006895,CUST_00578,REST_0050,2025-02-18 21:41:37,Delivered,1649.68,257.36,6,UPI,Clear,Medium
ORD_006896,CUST_00673,REST_0109,2025-05-14 20:44:46,Delivered,454.05,116.41,4,Wallet,Cloudy,Medium
ORD_006897,CUST_01477,REST_0039,2025-06-13 22:56:46,Failed,426.15,0.0,2,UPI,Clear,Medium
ORD_006898,CUST_00526,REST_0091,2025-01-23 14:10:19,Delivered,206.56,9.62,4,UPI,Clear,High
ORD_006899,CUST_00972,REST_0006,2025-04-06 14:41:37,Delivered,336.08,28.23,3,Wallet,Cloudy,Medium
ORD_006900,CUST_00209,REST_0056,2025-03-11 10:03:30,Delivered,271.78,24.44,3,UPI,Cloudy,High
ORD_006901,CUST_00101,REST_0014,2025-03-16 11:51:34,Delivered,596.52,23.42,8,UPI,Clear,High
ORD_006902,CUST_01310,REST_0141,2025-05-10 12:57:56,Delivered,579.27,147.45,4,UPI,Clear,Low
ORD_006903,CUST_01100,REST_0185,2025-04-11 15:16:45,Delivered,477.75,49.88,6,UPI,Clear,High
ORD_006904,CUST_00477,REST_0081,2025-03-31 11:55:37,Delivered,212.74,92.19,4,Debit Card,Cloudy,Low
ORD_006905,CUST_00760,REST_0090,2025-01-27 21:07:30,Delivered,2255.26,125.31,4,Wallet,Cloudy,Low
ORD_006906,CUST_00206,REST_0199,2025-04-07 20:20:50,Delivered,244.24,9.17,4,UPI,Clear,Medium
ORD_006907,CUST_01064,REST_0139,2025-03-20 21:56:01,Delivered,125.26,9.5,3,UPI,Cloudy,Medium
ORD_006908,CUST_00108,REST_0001,2025-06-07 16:16:43,Delivered,80.0,20.17,1,UPI,Clear,Low
ORD_006909,CUST_01138,REST_0060,2025-01-20 12:04:24,Delivered,1055.94,103.56,4,Debit Card,Clear,High
ORD_006910,CUST_00822,REST_0115,2025-05-18 12:40:47,Delivered,524.59,49.49,3,Debit Card,Clear,Low
ORD_006911,CUST_00420,REST_0162,2025-05-09 17:56:13,Delivered,2615.32,131.43,4,UPI,Clear,Medium
ORD_006912,CUST_01296,REST_0021,2025-06-02 19:15:09,Delivered,1254.13,19.29,3,UPI,Cloudy,Medium
ORD_006913,CUST_01478,REST_0196,2025-06-09 07:19:08,Delivered,340.02,103.17,2,UPI,Clear,Low
ORD_006914,CUST_00384,REST_0163,2025-03-01 11:30:18,Delivered,2058.6,166.43,5,UPI,Clear,High
ORD_006915,CUST_01210,REST_0096,2025-02-26 10:43:00,Delivered,1145.28,20.74,4,Debit Card,Clear,High
ORD_006916,CUST_01127,REST_0045,2025-02-02 22:30:38,Delivered,495.93,10.0,3,Debit Card,Cloudy,High
ORD_006917,CUST_01123,REST_0065,2025-02-11 21:50:42,Delivered,391.9,22.38,3,UPI,Clear,High
ORD_006918,CUST_01438,REST_0052,2025-03-09 22:43:32,Cancelled,4296.73,0.0,7,Credit Card,Clear,Medium
ORD_006919,CUST_00733,REST_0035,2025-02-18 16:07:35,Delivered,453.47,17.19,2,UPI,Clear,Low
ORD_006920,CUST_01017,REST_0106,2025-04-05 12:41:59,Delivered,601.13,36.51,4,Wallet,Clear,High
ORD_006921,CUST_01237,REST_0071,2025-06-24 22:22:23,Delivered,739.86,168.99,3,UPI,Rain,Low
ORD_006922,CUST_00722,REST_0080,2025-05-06 12:35:08,Delivered,100.3,9.06,2,Credit Card,Cloudy,High
ORD_006923,CUST_00725,REST_0055,2025-02-19 18:53:00,Cancelled,146.85,0.0,1,UPI,Clear,Low
ORD_006924,CUST_00479,REST_0087,2025-06-28 19:40:32,Delivered,360.75,151.6,1,Debit Card,Clear,Low
ORD_006925,CUST_01172,REST_0189,2025-03-28 11:13:38,Delivered,80.0,1.8,1,UPI,Clear,Medium
ORD_006926,CUST_01034,REST_0069,2025-06-26 16:45:48,Delivered,665.1,100.99,3,Credit Card,Cloudy,Medium
ORD_006927,CUST_00679,REST_0169,2025-04-08 13:23:47,Cancelled,1057.75,0.0,7,Wallet,Cloudy,High
ORD_006928,CUST_00629,REST_0077,2025-02-10 12:35:31,Delivered,235.3,12.35,3,Debit Card,Rain,Severe
ORD_006929,CUST_00112,REST_0158,2025-06-24 07:38:05,Failed,80.0,0.0,2,Cash,Cloudy,High
ORD_006930,CUST_00010,REST_0124,2025-04-21 19:30:55,Delivered,313.56,41.26,4,UPI,Clear,Severe
ORD_006931,CUST_00797,REST_0166,2025-06-07 18:17:31,Delivered,114.85,15.76,1,Credit Card,Cloudy,Low
ORD_006932,CUST_00626,REST_0068,2025-02-04 08:36:00,Delivered,777.25,92.72,4,UPI,Cloudy,Medium
ORD_006933,CUST_01195,REST_0090,2025-01-22 12:13:33,Delivered,1761.22,278.81,3,UPI,Clear,Medium
ORD_006934,CUST_00815,REST_0189,2025-03-27 22:47:52,Delivered,291.27,25.03,3,UPI,Clear,Low
ORD_006935,CUST_01407,REST_0091,2025-06-26 01:15:39,Cancelled,346.42,0.0,4,UPI,Clear,Medium
ORD_006936,CUST_00295,REST_0038,2025-02-07 22:45:47,Delivered,602.92,25.62,2,UPI,Clear,High
ORD_006937,CUST_01485,REST_0017,2025-03-23 21:21:53,Delivered,489.04,93.78,4,Wallet,Clear,Medium
ORD_006938,CUST_00448,REST_0149,2025-02-09 19:47:54,Delivered,292.3,54.91,2,Credit Card,Clear,Medium
ORD_006939,CUST_00970,REST_0094,2025-02-11 11:52:17,Delivered,231.07,16.36,2,UPI,Clear,High
ORD_006940,CUST_00756,REST_0159,2025-05-07 19:40:52,Delivered,391.4,13.5,4,UPI,Clear,High
ORD_006941,CUST_00537,REST_0002,2025-01-01 18:41:14,Delivered,3249.05,347.93,4,Credit Card,Clear,Medium
ORD_006942,CUST_00212,REST_0149,2025-01-27 14:40:56,Delivered,272.76,18.98,2,UPI,Clear,Low
ORD_006943,CUST_00205,REST_0111,2025-05-02 19:37:25,Delivered,4577.81,828.68,5,Debit Card,Cloudy,Medium
ORD_006944,CUST_01071,REST_0130,2025-05-02 17:44:22,Delivered,616.25,112.78,3,UPI,Clear,Low
ORD_006945,CUST_00564,REST_0098,2025-05-28 18:54:21,Cancelled,1007.87,0.0,4,UPI,Clear,Medium
ORD_006946,CUST_01443,REST_0076,2025-01-11 11:59:57,Delivered,112.4,11.65,3,Wallet,Cloudy,Medium
ORD_006947,CUST_00489,REST_0039,2025-05-30 18:30:10,Delivered,572.14,19.47,2,UPI,Clear,Low
ORD_006948,CUST_01474,REST_0142,2025-03-08 22:27:00,Delivered,80.0,7.7,1,Debit Card,Cloudy,High
ORD_006949,CUST_00309,REST_0170,2025-05-31 20:58:35,Cancelled,680.16,0.0,3,UPI,Rain,Medium
ORD_006950,CUST_00157,REST_0127,2025-01-16 12:24:18,Delivered,877.42,43.78,3,UPI,Clear,High
ORD_006951,CUST_00471,REST_0116,2025-04-06 09:20:08,Cancelled,227.47,0.0,2,UPI,Rain,Medium
ORD_006952,CUST_01331,REST_0185,2025-02-12 19:56:20,Delivered,342.4,26.65,3,UPI,Rain,High
ORD_006953,CUST_00786,REST_0120,2025-02-09 17:02:00,Delivered,561.57,64.91,6,Debit Card,Clear,Low
ORD_006954,CUST_00206,REST_0103,2025-06-12 21:05:34,Delivered,1826.22,385.37,2,UPI,Clear,Medium
ORD_006955,CUST_00305,REST_0045,2025-05-01 21:49:30,Delivered,391.05,6.15,3,Debit Card,Cloudy,High
ORD_006956,CUST_00469,REST_0117,2025-05-15 22:01:00,Delivered,1123.84,147.52,5,UPI,Cloudy,Medium
ORD_006957,CUST_00890,REST_0025,2025-04-11 18:23:34,Delivered,118.29,14.38,2,UPI,Cloudy,Low
ORD_006958,CUST_00499,REST_0111,2025-03-26 17:21:00,Delivered,5000.0,522.7,6,UPI,Clear,Medium
ORD_006959,CUST_01123,REST_0065,2025-04-29 13:51:45,Delivered,285.56,35.78,3,UPI,Clear,Low
ORD_006960,CUST_00930,REST_0188,2025-03-15 19:10:47,Delivered,199.09,14.57,3,Cash,Cloudy,Low
ORD_006961,CUST_01313,REST_0165,2025-04-11 12:49:47,Delivered,140.25,16.45,2,Credit Card,Clear,Medium
ORD_006962,CUST_00755,REST_0168,2025-03-15 20:23:07,Cancelled,2068.57,0.0,8,Debit Card,Cloudy,High
ORD_006963,CUST_00497,REST_0108,2025-01-06 16:04:05,Delivered,117.12,17.15,1,UPI,Cloudy,High
ORD_006964,CUST_01495,REST_0075,2025-04-21 19:50:56,Delivered,1007.73,126.3,3,UPI,Clear,Medium
ORD_006965,CUST_00532,REST_0173,2025-04-19 12:53:48,Delivered,1589.3,103.29,4,UPI,Clear,Low
ORD_006966,CUST_00645,REST_0029,2025-04-03 11:23:00,Delivered,659.4,52.25,3,UPI,Rain,High
ORD_006967,CUST_01214,REST_0075,2025-01-19 18:00:34,Delivered,929.12,106.16,3,UPI,Cloudy,High
ORD_006968,CUST_00135,REST_0113,2025-03-01 12:31:35,Delivered,197.24,6.95,2,Credit Card,Cloudy,Severe
ORD_006969,CUST_00577,REST_0194,2025-06-01 20:06:45,Delivered,117.98,10.92,2,UPI,Clear,Medium
ORD_006970,CUST_00131,REST_0176,2025-06-24 14:44:51,Delivered,993.82,27.27,7,Debit Card,Cloudy,High
ORD_006971,CUST_00212,REST_0177,2025-04-28 18:12:22,Delivered,595.96,255.74,6,UPI,Clear,Medium
ORD_006972,CUST_00008,REST_0188,2025-05-05 13:05:58,Delivered,427.59,39.35,4,Credit Card,Cloudy,High
ORD_006973,CUST_00014,REST_0105,2025-03-14 14:53:34,Delivered,969.69,211.31,7,Credit Card,Cloudy,Low
ORD_006974,CUST_00568,REST_0159,2025-06-03 12:12:53,Delivered,264.38,8.83,3,UPI,Clear,Low
ORD_006975,CUST_01214,REST_0026,2025-04-29 01:52:51,Failed,553.38,0.0,2,Wallet,Clear,Medium
ORD_006976,CUST_00885,REST_0200,2025-05-09 19:01:53,Delivered,1358.6,31.4,4,UPI,Cloudy,Low
ORD_006977,CUST_00957,REST_0128,2025-05-26 10:52:32,Delivered,922.31,87.77,5,Credit Card,Cloudy,Medium
ORD_006978,CUST_00783,REST_0074,2025-05-11 20:17:07,Delivered,879.21,296.65,2,UPI,Clear,Low
ORD_006979,CUST_01230,REST_0192,2025-04-15 12:27:01,Delivered,224.84,20.77,2,Credit Card,Clear,Low
ORD_006980,CUST_01323,REST_0011,2025-03-14 21:25:33,Delivered,375.65,15.2,3,UPI,Cloudy,Medium
ORD_006981,CUST_01276,REST_0016,2025-03-12 21:24:48,Delivered,570.17,66.0,4,Credit Card,Clear,Medium
ORD_006982,CUST_01219,REST_0172,2025-02-13 19:47:00,Delivered,3241.21,323.39,4,UPI,Clear,Low
ORD_006983,CUST_00274,REST_0096,2025-03-04 14:18:35,Delivered,1058.14,209.5,6,Credit Card,Cloudy,Medium
ORD_006984,CUST_00895,REST_0045,2025-06-27 10:38:25,Delivered,770.28,158.44,5,Debit Card,Clear,Medium
ORD_006985,CUST_00877,REST_0031,2025-03-08 15:34:06,Delivered,1361.44,40.44,5,UPI,Clear,Medium
ORD_006986,CUST_00796,REST_0117,2025-03-20 13:27:08,Delivered,1673.31,106.78,5,Credit Card,Clear,High
ORD_006987,CUST_00724,REST_0143,2025-04-25 21:00:00,Delivered,820.03,62.27,3,UPI,Rain,Medium
ORD_006988,CUST_00136,REST_0011,2025-02-21 20:15:00,Delivered,397.23,25.7,5,UPI,Clear,Severe
ORD_006989,CUST_00156,REST_0129,2025-03-11 21:11:00,Delivered,376.31,66.24,2,UPI,Clear,Low
ORD_006990,CUST_01355,REST_0194,2025-04-19 14:01:44,Delivered,174.32,62.02,4,Wallet,Clear,Medium
ORD_006991,CUST_00950,REST_0065,2025-03-12 18:41:32,Delivered,379.41,103.12,4,UPI,Clear,Low
ORD_006992,CUST_00396,REST_0011,2025-04-28 01:23:07,Delivered,230.17,58.55,2,UPI,Clear,Low
ORD_006993,CUST_00420,REST_0158,2025-04-04 11:47:34,Delivered,196.58,13.66,4,UPI,Cloudy,Low
ORD_006994,CUST_00921,REST_0062,2025-03-22 21:09:40,Delivered,558.09,133.51,1,UPI,Cloudy,Low
ORD_006995,CUST_00610,REST_0192,2025-04-24 22:06:01,Delivered,466.48,27.75,3,UPI,Clear,Medium
ORD_006996,CUST_00664,REST_0046,2025-04-04 16:17:00,Delivered,293.92,20.38,4,Credit Card,Rain,Medium
ORD_006997,CUST_00093,REST_0174,2025-01-20 17:16:28,Delivered,225.27,45.43,3,UPI,Cloudy,High
ORD_006998,CUST_00211,REST_0141,2025-06-09 13:33:20,Delivered,385.01,46.18,3,Wallet,Clear,High
ORD_006999,CUST_00587,REST_0139,2025-01-16 19:59:13,Delivered,80.0,7.24,1,UPI,Cloudy,Low
ORD_007000,CUST_01054,REST_0006,2025-03-12 11:50:10,Delivered,425.06,69.68,5,UPI,Cloudy,High
ORD_007001,CUST_00074,REST_0094,2025-02-02 20:53:48,Delivered,582.07,56.46,4,UPI,Cloudy,Medium
ORD_007002,CUST_00502,REST_0030,2025-02-20 14:22:22,Delivered,289.43,32.56,4,UPI,Cloudy,High
ORD_007003,CUST_01047,REST_0127,2025-02-26 11:09:00,Delivered,520.44,112.31,2,Credit Card,Cloudy,Low
ORD_007004,CUST_01189,REST_0143,2025-06-17 18:17:20,Delivered,216.81,36.39,1,UPI,Clear,Low
ORD_007005,CUST_00285,REST_0043,2025-02-28 20:23:02,Delivered,1111.3,140.28,4,UPI,Cloudy,Medium
ORD_007006,CUST_01101,REST_0127,2025-03-27 19:56:45,Delivered,978.18,84.42,4,UPI,Rain,Medium
ORD_007007,CUST_01434,REST_0041,2025-04-03 20:58:05,Delivered,553.16,37.13,1,Credit Card,Clear,High
ORD_007008,CUST_01361,REST_0041,2025-03-17 22:46:25,Delivered,1720.6,37.03,3,UPI,Clear,Medium
ORD_007009,CUST_01185,REST_0095,2025-03-30 16:34:12,Delivered,815.54,11.57,3,Cash,Cloudy,High
ORD_007010,CUST_01073,REST_0015,2025-02-14 22:20:41,Delivered,235.36,28.13,3,UPI,Clear,Low
ORD_007011,CUST_00356,REST_0111,2025-04-19 19:07:40,Delivered,1607.27,200.89,2,UPI,Clear,Medium
ORD_007012,CUST_00956,REST_0043,2025-06-19 22:36:02,Delivered,429.13,11.34,2,Wallet,Clear,Medium
ORD_007013,CUST_00971,REST_0096,2025-05-26 18:41:08,Delivered,822.34,16.31,5,Cash,Heavy Rain,Severe
ORD_007014,CUST_00610,REST_0167,2025-06-01 19:24:41,Delivered,80.0,0.85,1,UPI,Clear,Medium
ORD_007015,CUST_00743,REST_0081,2025-04-08 08:20:37,Delivered,80.0,13.16,1,UPI,Clear,Low
ORD_007016,CUST_01046,REST_0093,2025-02-25 08:17:38,Delivered,339.6,50.13,4,Cash,Cloudy,Low
ORD_007017,CUST_01429,REST_0077,2025-02-19 18:55:24,Cancelled,339.69,0.0,4,Cash,Clear,Low
ORD_007018,CUST_00445,REST_0190,2025-05-22 16:38:19,Delivered,764.32,100.12,1,Debit Card,Rain,High
ORD_007019,CUST_00372,REST_0027,2025-05-15 20:29:56,Delivered,421.39,51.68,2,Credit Card,Cloudy,Low
ORD_007020,CUST_00908,REST_0129,2025-06-14 17:55:20,Cancelled,327.01,0.0,2,Debit Card,Cloudy,Medium
ORD_007021,CUST_00199,REST_0092,2025-03-06 13:12:06,Delivered,1001.04,133.51,3,Debit Card,Cloudy,Medium
ORD_007022,CUST_00878,REST_0062,2025-03-11 12:33:31,Delivered,1862.62,41.31,3,UPI,Clear,Low
ORD_007023,CUST_00136,REST_0011,2025-02-08 15:48:00,Delivered,162.34,21.8,2,Credit Card,Rain,High
ORD_007024,CUST_00739,REST_0076,2025-01-11 13:05:45,Delivered,80.0,5.91,1,Wallet,Clear,Medium
ORD_007025,CUST_00936,REST_0160,2025-05-23 22:14:44,Delivered,2970.87,1000.0,4,UPI,Cloudy,Medium
ORD_007026,CUST_00108,REST_0159,2025-06-15 11:44:09,Delivered,507.3,223.95,6,UPI,Clear,Medium
ORD_007027,CUST_00312,REST_0079,2025-05-01 21:11:55,Delivered,565.63,51.15,2,Debit Card,Clear,Medium
ORD_007028,CUST_00503,REST_0176,2025-06-17 21:01:19,Delivered,1639.98,77.74,7,Wallet,Cloudy,High
ORD_007029,CUST_00550,REST_0089,2025-02-21 14:03:00,Delivered,1335.26,38.64,6,Credit Card,Cloudy,Low
ORD_007030,CUST_01019,REST_0130,2025-03-15 11:04:47,Delivered,571.54,85.4,3,Credit Card,Clear,Medium
ORD_007031,CUST_00797,REST_0056,2025-04-25 22:38:50,Delivered,458.31,77.42,5,UPI,Clear,Low
ORD_007032,CUST_00571,REST_0142,2025-05-20 15:01:02,Delivered,114.69,7.53,2,UPI,Clear,Medium
ORD_007033,CUST_00679,REST_0200,2025-01-14 18:44:48,Delivered,752.8,80.1,3,UPI,Clear,Low
ORD_007034,CUST_00020,REST_0182,2025-06-29 14:25:46,Delivered,405.88,59.44,2,Wallet,Heavy Rain,Low
ORD_007035,CUST_01157,REST_0104,2025-03-14 11:38:40,Delivered,357.04,29.52,2,Wallet,Cloudy,Medium
ORD_007036,CUST_00063,REST_0063,2025-01-30 16:02:08,Delivered,345.15,7.51,4,Credit Card,Clear,Medium
ORD_007037,CUST_01244,REST_0020,2025-04-20 13:57:00,Delivered,80.0,21.59,1,Credit Card,Rain,Severe
ORD_007038,CUST_00813,REST_0100,2025-05-22 11:17:48,Delivered,601.51,117.83,3,Credit Card,Clear,Medium
ORD_007039,CUST_00796,REST_0127,2025-06-16 08:26:27,Delivered,966.36,44.17,3,UPI,Clear,Medium
ORD_007040,CUST_01061,REST_0019,2025-03-12 08:33:38,Delivered,285.39,15.52,4,Credit Card,Clear,High
ORD_007041,CUST_01292,REST_0026,2025-05-27 20:27:11,Delivered,801.11,38.36,3,UPI,Rain,Medium
ORD_007042,CUST_01416,REST_0052,2025-05-23 20:38:14,Delivered,1596.8,510.71,3,UPI,Clear,Low
ORD_007043,CUST_00816,REST_0148,2025-04-10 19:06:08,Delivered,1865.0,229.24,3,Cash,Clear,Medium
ORD_007044,CUST_00229,REST_0016,2025-03-21 11:33:00,Delivered,575.11,151.45,3,UPI,Cloudy,Medium
ORD_007045,CUST_01320,REST_0172,2025-01-02 18:28:55,Delivered,2346.51,679.95,4,Wallet,Cloudy,Low
ORD_007046,CUST_00062,REST_0164,2025-05-27 21:19:11,Failed,201.33,0.0,1,UPI,Cloudy,Low
ORD_007047,CUST_01211,REST_0115,2025-06-29 19:06:22,Delivered,288.31,28.84,2,UPI,Cloudy,Low
ORD_007048,CUST_01025,REST_0025,2025-02-19 11:56:01,Delivered,113.6,16.6,2,UPI,Cloudy,High
ORD_007049,CUST_01358,REST_0177,2025-03-26 13:10:23,Failed,268.8,0.0,4,UPI,Cloudy,Medium
ORD_007050,CUST_01348,REST_0037,2025-04-07 13:34:17,Delivered,684.58,71.79,4,UPI,Clear,Low
ORD_007051,CUST_00081,REST_0101,2025-03-09 20:31:42,Delivered,1248.31,135.55,6,UPI,Rain,High
ORD_007052,CUST_00919,REST_0026,2025-06-26 16:50:51,Delivered,2078.84,140.76,7,UPI,Cloudy,Severe
ORD_007053,CUST_00191,REST_0043,2025-04-29 11:57:13,Delivered,1669.54,318.4,6,Credit Card,Clear,Medium
ORD_007054,CUST_00120,REST_0143,2025-03-11 20:28:30,Delivered,818.65,142.64,3,Debit Card,Rain,High
ORD_007055,CUST_00675,REST_0038,2025-04-07 14:35:00,Delivered,463.28,62.2,2,UPI,Clear,Medium
ORD_007056,CUST_00149,REST_0144,2025-05-27 22:35:23,Delivered,191.55,15.04,4,UPI,Rain,High
ORD_007057,CUST_01095,REST_0081,2025-03-17 20:27:15,Delivered,113.81,18.22,3,Debit Card,Clear,Medium
ORD_007058,CUST_01454,REST_0161,2025-05-29 19:25:53,Delivered,2443.47,161.25,6,Credit Card,Clear,Medium
ORD_007059,CUST_00857,REST_0182,2025-06-12 14:15:57,Delivered,597.52,125.6,2,Debit Card,Clear,Low
ORD_007060,CUST_00356,REST_0074,2025-06-19 06:08:13,Delivered,1182.2,228.35,3,Credit Card,Clear,Medium
ORD_007061,CUST_01266,REST_0071,2025-05-01 10:10:01,Delivered,348.89,7.62,2,UPI,Clear,Low
ORD_007062,CUST_01281,REST_0082,2025-04-21 11:59:57,Delivered,566.76,28.1,3,Credit Card,Clear,Medium
ORD_007063,CUST_01103,REST_0157,2025-05-31 22:57:47,Delivered,1240.66,115.14,6,Debit Card,Cloudy,Low
ORD_007064,CUST_00928,REST_0044,2025-06-26 12:39:27,Delivered,103.64,14.61,1,Cash,Cloudy,High
ORD_007065,CUST_01304,REST_0131,2025-03-16 19:54:08,Delivered,623.48,54.9,3,UPI,Clear,Medium
ORD_007066,CUST_00247,REST_0146,2025-05-22 22:48:20,Delivered,963.1,114.09,5,UPI,Cloudy,Medium
ORD_007067,CUST_01399,REST_0124,2025-02-17 22:32:08,Delivered,329.78,24.09,3,UPI,Clear,Medium
ORD_007068,CUST_01423,REST_0181,2025-01-18 19:13:59,Delivered,180.17,30.58,4,UPI,Cloudy,Medium
ORD_007069,CUST_01310,REST_0037,2025-01-16 22:19:14,Delivered,773.84,71.5,4,Credit Card,Rain,Severe
ORD_007070,CUST_00379,REST_0163,2025-01-25 20:44:41,Delivered,960.91,46.37,3,UPI,Cloudy,Medium
ORD_007071,CUST_01289,REST_0106,2025-02-08 15:52:06,Delivered,867.78,254.36,5,Credit Card,Clear,Medium
ORD_007072,CUST_00750,REST_0029,2025-02-16 07:49:53,Delivered,557.08,99.26,2,UPI,Clear,High
ORD_007073,CUST_00897,REST_0132,2025-02-02 20:18:28,Delivered,599.78,22.86,3,UPI,Cloudy,Medium
ORD_007074,CUST_01261,REST_0093,2025-01-03 22:36:30,Cancelled,228.2,0.0,3,UPI,Clear,Low
ORD_007075,CUST_00046,REST_0087,2025-05-14 19:11:45,Delivered,246.33,39.12,1,Credit Card,Clear,Low
ORD_007076,CUST_00542,REST_0192,2025-04-28 19:00:34,Delivered,377.44,57.48,2,UPI,Clear,Low
ORD_007077,CUST_01224,REST_0138,2025-06-01 21:51:33,Delivered,494.68,37.22,3,Credit Card,Clear,Medium
ORD_007078,CUST_01221,REST_0081,2025-03-25 19:46:38,Delivered,107.01,5.35,2,UPI,Clear,High
ORD_007079,CUST_01274,REST_0071,2025-06-02 22:36:27,Cancelled,696.21,0.0,3,UPI,Rain,Low
ORD_007080,CUST_00255,REST_0130,2025-06-30 21:22:31,Delivered,374.33,55.54,2,Credit Card,Clear,Medium
ORD_007081,CUST_01062,REST_0143,2025-02-20 12:40:34,Delivered,950.05,186.99,3,Wallet,Clear,Medium
ORD_007082,CUST_00223,REST_0183,2025-04-17 09:27:35,Delivered,107.95,11.12,1,Debit Card,Clear,Medium
ORD_007083,CUST_01179,REST_0194,2025-01-21 13:25:49,Failed,136.05,0.0,3,Debit Card,Clear,Medium
ORD_007084,CUST_00370,REST_0066,2025-02-13 11:56:21,Delivered,279.12,22.95,2,UPI,Clear,Low
ORD_007085,CUST_01110,REST_0188,2025-05-28 14:53:56,Delivered,217.74,15.3,3,UPI,Clear,Severe
ORD_007086,CUST_00685,REST_0132,2025-05-26 18:31:45,Failed,1272.12,0.0,7,Wallet,Rain,High
ORD_007087,CUST_01478,REST_0026,2025-03-16 12:02:08,Delivered,2230.63,114.67,8,Wallet,Rain,Medium
ORD_007088,CUST_00873,REST_0015,2025-02-03 16:34:00,Delivered,168.39,29.04,2,UPI,Rain,High
ORD_007089,CUST_00954,REST_0042,2025-02-28 14:28:01,Cancelled,279.5,0.0,4,UPI,Clear,Low
ORD_007090,CUST_00550,REST_0166,2025-02-17 14:53:06,Delivered,80.0,30.91,1,UPI,Clear,Medium
ORD_007091,CUST_01105,REST_0076,2025-02-05 23:09:32,Delivered,80.0,4.99,1,UPI,Cloudy,Medium
ORD_007092,CUST_00746,REST_0078,2025-04-12 13:18:17,Delivered,1001.45,98.35,4,UPI,Clear,High
ORD_007093,CUST_00029,REST_0020,2025-04-25 21:00:58,Delivered,81.11,2.1,1,UPI,Clear,Medium
ORD_007094,CUST_00918,REST_0144,2025-04-17 14:58:06,Delivered,328.7,78.55,5,UPI,Cloudy,Low
ORD_007095,CUST_01245,REST_0074,2025-02-18 08:15:38,Delivered,934.08,83.99,2,UPI,Clear,Medium
ORD_007096,CUST_00358,REST_0024,2025-04-19 22:43:07,Delivered,737.77,110.12,3,UPI,Clear,Low
ORD_007097,CUST_00334,REST_0055,2025-05-16 21:56:32,Delivered,150.17,17.39,1,Wallet,Cloudy,Medium
ORD_007098,CUST_00919,REST_0002,2025-06-02 20:18:44,Delivered,2715.07,56.75,3,UPI,Cloudy,Medium
ORD_007099,CUST_01228,REST_0067,2025-03-20 18:43:52,Delivered,219.99,6.5,3,Debit Card,Clear,High
ORD_007100,CUST_00377,REST_0163,2025-06-12 19:33:24,Delivered,842.48,31.07,3,UPI,Clear,Medium
ORD_007101,CUST_01400,REST_0175,2025-06-15 12:31:14,Delivered,499.73,6.43,2,UPI,Rain,High
ORD_007102,CUST_01392,REST_0126,2025-03-19 21:06:06,Delivered,699.7,126.91,5,Wallet,Clear,Low
ORD_007103,CUST_00302,REST_0063,2025-01-18 19:18:52,Delivered,497.51,30.21,5,Wallet,Clear,Severe
ORD_007104,CUST_00398,REST_0120,2025-04-14 22:10:50,Delivered,334.62,56.41,3,UPI,Cloudy,Medium
ORD_007105,CUST_01055,REST_0199,2025-02-16 08:20:00,Delivered,301.35,27.47,3,UPI,Clear,High
ORD_007106,CUST_01429,REST_0185,2025-03-03 12:09:36,Delivered,475.66,15.38,4,UPI,Cloudy,High
ORD_007107,CUST_01069,REST_0087,2025-03-31 22:15:28,Delivered,776.56,39.87,4,UPI,Cloudy,Medium
ORD_007108,CUST_00670,REST_0141,2025-04-02 08:39:50,Delivered,371.85,34.31,3,UPI,Clear,High
ORD_007109,CUST_00255,REST_0115,2025-06-23 21:52:13,Delivered,544.24,78.65,3,UPI,Cloudy,Medium
ORD_007110,CUST_00694,REST_0123,2025-02-02 19:17:11,Delivered,475.19,55.43,3,UPI,Clear,High
ORD_007111,CUST_00915,REST_0043,2025-03-15 18:13:08,Delivered,1264.93,145.98,4,UPI,Clear,Low
ORD_007112,CUST_00497,REST_0104,2025-06-03 12:20:21,Delivered,318.82,49.42,2,UPI,Clear,Medium
ORD_007113,CUST_00768,REST_0014,2025-02-15 10:04:43,Delivered,332.13,63.52,3,Credit Card,Cloudy,Medium
ORD_007114,CUST_00198,REST_0105,2025-05-24 18:34:04,Delivered,761.78,106.94,4,Credit Card,Clear,Medium
ORD_007115,CUST_00680,REST_0094,2025-03-03 19:50:04,Cancelled,259.58,0.0,2,Credit Card,Clear,Medium
ORD_007116,CUST_00139,REST_0156,2025-02-19 19:23:14,Delivered,337.01,29.96,2,UPI,Cloudy,High
ORD_007117,CUST_00075,REST_0116,2025-01-30 21:47:21,Delivered,549.4,16.59,5,UPI,Clear,Severe
ORD_007118,CUST_01288,REST_0129,2025-02-02 11:31:49,Delivered,1334.77,165.08,5,UPI,Clear,Low
ORD_007119,CUST_00309,REST_0104,2025-03-08 21:23:00,Delivered,256.09,71.36,1,UPI,Cloudy,Medium
ORD_007120,CUST_00866,REST_0161,2025-01-17 21:57:44,Delivered,1600.27,123.54,3,Cash,Clear,High
ORD_007121,CUST_00227,REST_0141,2025-05-16 14:57:49,Delivered,612.31,54.58,4,UPI,Cloudy,High
ORD_007122,CUST_00396,REST_0048,2025-05-14 10:16:36,Delivered,485.14,76.63,5,UPI,Cloudy,Medium
ORD_007123,CUST_00540,REST_0032,2025-02-23 14:26:56,Delivered,350.65,54.58,1,Debit Card,Clear,Medium
ORD_007124,CUST_00219,REST_0057,2025-02-20 13:18:26,Cancelled,1390.62,0.0,6,Cash,Clear,Medium
ORD_007125,CUST_00071,REST_0014,2025-03-28 08:33:00,Delivered,301.86,33.2,3,UPI,Clear,Medium
ORD_007126,CUST_01318,REST_0017,2025-03-12 05:39:49,Delivered,486.22,48.91,2,UPI,Rain,High
ORD_007127,CUST_00018,REST_0060,2025-05-23 11:03:06,Delivered,1550.16,75.25,7,UPI,Heavy Rain,Severe
ORD_007128,CUST_00094,REST_0118,2025-04-04 07:53:57,Delivered,218.77,17.39,1,UPI,Cloudy,Medium
ORD_007129,CUST_01208,REST_0096,2025-02-07 11:38:08,Delivered,663.71,38.74,4,UPI,Clear,Low
ORD_007130,CUST_00425,REST_0053,2025-02-24 19:12:46,Delivered,877.63,137.82,4,UPI,Clear,Medium
ORD_007131,CUST_01088,REST_0195,2025-02-18 13:18:05,Delivered,923.31,57.37,3,Cash,Cloudy,Medium
ORD_007132,CUST_00222,REST_0192,2025-04-21 22:36:37,Delivered,127.13,20.27,1,UPI,Cloudy,High
ORD_007133,CUST_00359,REST_0128,2025-04-10 09:36:00,Delivered,285.65,28.24,2,Credit Card,Rain,High
ORD_007134,CUST_00863,REST_0093,2025-04-05 21:44:28,Delivered,147.76,8.05,2,UPI,Cloudy,High
ORD_007135,CUST_01482,REST_0012,2025-03-20 19:20:48,Delivered,2242.71,542.14,4,Credit Card,Clear,Medium
ORD_007136,CUST_00113,REST_0170,2025-01-23 18:27:31,Delivered,1365.95,66.8,5,Wallet,Rain,Severe
ORD_007137,CUST_00599,REST_0163,2025-05-30 01:53:08,Delivered,428.81,23.3,2,UPI,Clear,High
ORD_007138,CUST_00066,REST_0096,2025-01-06 05:50:03,Delivered,370.32,45.5,2,Credit Card,Cloudy,High
ORD_007139,CUST_00300,REST_0178,2025-04-19 21:07:54,Delivered,1169.48,140.05,2,Credit Card,Clear,Medium
ORD_007140,CUST_01362,REST_0061,2025-06-19 18:18:43,Delivered,490.67,31.6,4,UPI,Clear,High
ORD_007141,CUST_00147,REST_0109,2025-05-09 22:23:47,Delivered,888.62,238.17,6,UPI,Cloudy,Medium
ORD_007142,CUST_01287,REST_0161,2025-06-09 17:16:31,Delivered,386.31,42.49,1,UPI,Heavy Rain,High
ORD_007143,CUST_00267,REST_0018,2025-01-30 18:46:50,Delivered,1005.0,193.29,3,UPI,Clear,Medium
ORD_007144,CUST_01295,REST_0154,2025-04-08 21:23:55,Delivered,1887.08,213.51,3,UPI,Clear,Medium
ORD_007145,CUST_00809,REST_0044,2025-05-22 13:58:46,Delivered,180.67,38.68,2,UPI,Rain,Low
ORD_007146,CUST_01320,REST_0158,2025-03-27 20:53:46,Delivered,104.84,15.73,3,Credit Card,Rain,High
ORD_007147,CUST_00230,REST_0028,2025-02-27 11:38:11,Failed,675.45,0.0,3,UPI,Clear,High
ORD_007148,CUST_01146,REST_0109,2025-05-10 20:37:27,Delivered,698.15,152.54,4,UPI,Clear,Medium
ORD_007149,CUST_01025,REST_0051,2025-04-30 14:02:47,Delivered,354.53,50.44,3,Wallet,Clear,Low
ORD_007150,CUST_00816,REST_0135,2025-03-28 13:23:02,Delivered,293.07,39.29,3,Wallet,Clear,Low
ORD_007151,CUST_01217,REST_0006,2025-04-24 13:37:58,Delivered,319.94,8.1,3,Wallet,Heavy Rain,High
ORD_007152,CUST_00978,REST_0195,2025-03-31 12:18:00,Delivered,353.73,93.85,3,UPI,Clear,Medium
ORD_007153,CUST_01318,REST_0069,2025-03-15 19:56:53,Delivered,871.47,20.37,4,Credit Card,Clear,Medium
ORD_007154,CUST_00569,REST_0187,2025-01-01 17:31:42,Delivered,162.57,8.96,2,UPI,Rain,High
ORD_007155,CUST_00890,REST_0090,2025-06-04 20:27:24,Delivered,3150.32,664.89,6,Debit Card,Heavy Rain,Severe
ORD_007156,CUST_01308,REST_0084,2025-02-21 19:46:01,Delivered,182.26,19.8,3,Cash,Clear,Low
ORD_007157,CUST_00324,REST_0015,2025-06-09 04:53:30,Delivered,439.48,30.34,5,Wallet,Cloudy,High
ORD_007158,CUST_00732,REST_0200,2025-05-03 21:42:56,Delivered,928.4,130.01,4,UPI,Cloudy,Medium
ORD_007159,CUST_01443,REST_0042,2025-05-08 21:39:27,Delivered,159.34,44.45,3,UPI,Clear,Low
ORD_007160,CUST_00714,REST_0083,2025-03-22 13:22:30,Delivered,4124.21,1000.0,4,Wallet,Clear,Low
ORD_007161,CUST_00383,REST_0020,2025-06-03 19:42:58,Delivered,242.4,18.27,3,Debit Card,Clear,Medium
ORD_007162,CUST_00525,REST_0113,2025-04-17 17:57:52,Delivered,490.9,48.69,4,UPI,Clear,Low
ORD_007163,CUST_01330,REST_0134,2025-03-20 18:22:04,Delivered,472.81,12.03,2,Wallet,Clear,Low
ORD_007164,CUST_01434,REST_0185,2025-04-15 12:42:24,Delivered,88.53,8.67,1,Debit Card,Heavy Rain,Severe
ORD_007165,CUST_01427,REST_0082,2025-06-03 04:03:54,Delivered,560.42,185.67,4,UPI,Clear,Medium
ORD_007166,CUST_01053,REST_0074,2025-06-24 22:36:10,Delivered,2811.16,843.07,4,Cash,Clear,Low
ORD_007167,CUST_00768,REST_0173,2025-05-24 21:24:00,Delivered,3015.75,97.04,7,Credit Card,Clear,High
ORD_007168,CUST_00274,REST_0032,2025-05-07 20:29:50,Delivered,754.47,129.05,2,Debit Card,Clear,Medium
ORD_007169,CUST_00188,REST_0125,2025-05-14 12:18:37,Delivered,848.43,132.65,3,UPI,Cloudy,Low
ORD_007170,CUST_00092,REST_0071,2025-06-20 21:43:31,Delivered,819.18,70.31,4,Cash,Cloudy,Severe
ORD_007171,CUST_00028,REST_0042,2025-03-06 19:12:09,Delivered,121.07,11.47,3,UPI,Cloudy,High
ORD_007172,CUST_01319,REST_0040,2025-06-13 22:26:07,Delivered,4457.27,444.2,6,Credit Card,Rain,Medium
ORD_007173,CUST_01214,REST_0184,2025-06-01 20:08:54,Delivered,3054.45,85.48,3,UPI,Clear,High
ORD_007174,CUST_00854,REST_0129,2025-04-30 11:18:54,Delivered,421.38,53.99,2,Debit Card,Clear,High
ORD_007175,CUST_01499,REST_0116,2025-04-24 18:40:41,Delivered,300.67,9.08,3,UPI,Cloudy,Medium
ORD_007176,CUST_01431,REST_0146,2025-03-24 22:37:00,Delivered,772.75,9.93,3,UPI,Clear,Low
ORD_007177,CUST_00989,REST_0044,2025-06-21 14:38:54,Cancelled,186.85,0.0,2,Credit Card,Clear,Medium
ORD_007178,CUST_00700,REST_0167,2025-04-17 03:47:22,Cancelled,273.14,0.0,5,UPI,Clear,Medium
ORD_007179,CUST_00231,REST_0013,2025-06-18 21:09:52,Delivered,491.43,110.31,3,UPI,Clear,Low
ORD_007180,CUST_00777,REST_0117,2025-04-16 19:24:16,Delivered,547.53,65.62,2,UPI,Clear,Low
ORD_007181,CUST_00240,REST_0048,2025-04-20 13:17:45,Delivered,242.77,35.1,3,UPI,Cloudy,High
ORD_007182,CUST_00596,REST_0007,2025-02-04 14:44:21,Delivered,1605.43,84.35,3,UPI,Clear,Medium
ORD_007183,CUST_01416,REST_0079,2025-02-13 14:25:28,Delivered,319.99,83.72,1,UPI,Clear,Medium
ORD_007184,CUST_00512,REST_0160,2025-02-11 10:47:28,Delivered,1273.96,95.4,2,UPI,Rain,Medium
ORD_007185,CUST_00232,REST_0139,2025-04-27 15:34:11,Delivered,213.12,17.27,4,Credit Card,Clear,Medium
ORD_007186,CUST_00877,REST_0200,2025-05-16 08:46:42,Delivered,1790.44,160.79,5,UPI,Clear,Low
ORD_007187,CUST_00908,REST_0063,2025-02-14 20:10:37,Delivered,135.65,32.25,2,UPI,Cloudy,Medium
ORD_007188,CUST_00291,REST_0163,2025-05-15 14:18:42,Delivered,604.72,41.9,3,Debit Card,Clear,Medium
ORD_007189,CUST_00296,REST_0159,2025-01-06 14:19:24,Delivered,307.25,5.59,5,UPI,Clear,Medium
ORD_007190,CUST_01484,REST_0185,2025-02-19 20:36:37,Cancelled,338.46,0.0,4,UPI,Cloudy,High
ORD_007191,CUST_00367,REST_0082,2025-03-07 22:55:35,Delivered,557.15,58.65,3,UPI,Cloudy,High
ORD_007192,CUST_01257,REST_0012,2025-06-28 14:00:47,Delivered,1055.95,77.57,2,UPI,Heavy Rain,Severe
ORD_007193,CUST_00709,REST_0052,2025-06-10 21:04:57,Delivered,2530.11,92.56,5,Wallet,Cloudy,Medium
ORD_007194,CUST_00654,REST_0124,2025-02-17 14:34:41,Delivered,276.73,57.11,3,Debit Card,Clear,Medium
ORD_007195,CUST_00445,REST_0192,2025-06-30 09:49:25,Delivered,356.04,45.34,2,Credit Card,Clear,Medium
ORD_007196,CUST_01162,REST_0043,2025-04-23 22:42:25,Delivered,670.68,173.91,2,UPI,Clear,Medium
ORD_007197,CUST_01323,REST_0176,2025-04-15 14:04:43,Delivered,218.36,15.49,1,Credit Card,Cloudy,Low
ORD_007198,CUST_00394,REST_0091,2025-01-18 12:24:47,Cancelled,80.5,0.0,1,Credit Card,Clear,Medium
ORD_007199,CUST_00145,REST_0117,2025-02-09 07:45:57,Delivered,923.59,166.5,5,Credit Card,Rain,Severe
ORD_007200,CUST_00208,REST_0102,2025-03-26 13:45:03,Delivered,227.71,45.15,3,Cash,Clear,Low
ORD_007201,CUST_01190,REST_0015,2025-03-13 20:32:02,Delivered,429.56,14.75,4,Debit Card,Heavy Rain,High
ORD_007202,CUST_00655,REST_0102,2025-04-23 21:38:42,Delivered,307.15,51.37,4,UPI,Clear,Low
ORD_007203,CUST_00200,REST_0068,2025-06-24 20:04:48,Delivered,1084.91,39.09,4,Cash,Cloudy,Low
ORD_007204,CUST_00510,REST_0165,2025-06-14 13:55:06,Delivered,80.0,16.99,1,UPI,Cloudy,Low
ORD_007205,CUST_00775,REST_0197,2025-04-23 07:43:29,Delivered,158.4,9.08,2,Credit Card,Cloudy,Low
ORD_007206,CUST_01279,REST_0073,2025-01-28 14:33:48,Delivered,507.98,35.05,3,UPI,Heavy Rain,High
ORD_007207,CUST_00969,REST_0039,2025-04-06 22:19:13,Delivered,953.95,216.64,4,UPI,Clear,Low
ORD_007208,CUST_00265,REST_0139,2025-05-31 20:13:39,Delivered,80.0,13.11,1,Cash,Clear,Medium
ORD_007209,CUST_00241,REST_0042,2025-04-07 16:24:00,Cancelled,218.21,0.0,3,UPI,Clear,Low
ORD_007210,CUST_00618,REST_0161,2025-01-19 13:00:30,Delivered,1033.7,83.4,3,UPI,Clear,Low
ORD_007211,CUST_00116,REST_0093,2025-06-29 20:45:21,Delivered,289.46,24.93,3,UPI,Clear,Low
ORD_007212,CUST_01136,REST_0197,2025-02-19 12:46:42,Delivered,455.38,30.52,4,Debit Card,Clear,Low
ORD_007213,CUST_00601,REST_0002,2025-01-15 17:49:00,Cancelled,2554.42,0.0,3,UPI,Clear,Medium
ORD_007214,CUST_00514,REST_0023,2025-05-08 11:54:06,Cancelled,441.72,0.0,3,UPI,Clear,Low
ORD_007215,CUST_00767,REST_0113,2025-03-07 11:57:26,Delivered,334.77,19.54,3,UPI,Cloudy,High
ORD_007216,CUST_01067,REST_0128,2025-06-05 18:18:29,Delivered,287.57,19.15,2,UPI,Rain,Medium
ORD_007217,CUST_00857,REST_0180,2025-06-28 10:05:29,Delivered,117.35,13.83,2,Debit Card,Rain,Low
ORD_007218,CUST_01204,REST_0029,2025-05-09 09:56:37,Failed,803.89,0.0,3,Debit Card,Clear,High
ORD_007219,CUST_00949,REST_0194,2025-01-25 21:12:18,Delivered,91.26,0.19,2,Cash,Rain,Severe
ORD_007220,CUST_01183,REST_0140,2025-05-18 11:14:22,Delivered,243.77,30.56,3,UPI,Rain,Low
ORD_007221,CUST_01050,REST_0171,2025-04-17 14:07:58,Delivered,2482.76,24.31,5,UPI,Heavy Rain,High
ORD_007222,CUST_00290,REST_0171,2025-03-13 11:07:00,Delivered,949.48,145.61,2,UPI,Clear,Medium
ORD_007223,CUST_00081,REST_0078,2025-04-24 22:21:39,Delivered,648.28,55.98,4,Wallet,Rain,High
ORD_007224,CUST_01357,REST_0157,2025-06-21 14:56:47,Delivered,784.67,135.99,3,Debit Card,Clear,Severe
ORD_007225,CUST_01420,REST_0078,2025-06-17 06:02:54,Delivered,208.94,17.4,1,UPI,Cloudy,High
ORD_007226,CUST_01094,REST_0097,2025-01-01 15:02:50,Delivered,323.77,26.48,4,Debit Card,Cloudy,Medium
ORD_007227,CUST_01090,REST_0111,2025-06-11 14:26:52,Delivered,2893.53,94.14,3,UPI,Rain,Low
ORD_007228,CUST_00407,REST_0089,2025-03-02 13:37:10,Delivered,323.75,7.1,2,Debit Card,Rain,Medium
ORD_007229,CUST_00815,REST_0046,2025-05-23 20:10:06,Delivered,440.58,29.25,4,Wallet,Cloudy,High
ORD_007230,CUST_01488,REST_0102,2025-02-16 22:04:16,Delivered,228.55,4.12,4,UPI,Cloudy,Medium
ORD_007231,CUST_01286,REST_0040,2025-03-28 14:20:06,Delivered,1522.39,173.18,2,UPI,Clear,Low
ORD_007232,CUST_00459,REST_0172,2025-04-29 19:37:25,Delivered,814.69,39.29,1,Credit Card,Clear,Medium
ORD_007233,CUST_00453,REST_0176,2025-05-20 09:53:16,Delivered,441.29,16.31,2,UPI,Clear,Low
ORD_007234,CUST_00728,REST_0005,2025-05-18 13:15:14,Delivered,165.24,34.53,3,UPI,Clear,Low
ORD_007235,CUST_00606,REST_0182,2025-04-29 11:31:58,Delivered,1075.77,184.2,4,Debit Card,Rain,Low
ORD_007236,CUST_00554,REST_0074,2025-01-22 20:29:30,Delivered,1910.76,44.75,4,Debit Card,Cloudy,Medium
ORD_007237,CUST_00946,REST_0010,2025-03-11 14:10:35,Delivered,220.64,4.02,2,UPI,Clear,High
ORD_007238,CUST_00018,REST_0039,2025-03-21 14:39:40,Delivered,759.02,113.35,3,UPI,Clear,Medium
ORD_007239,CUST_01148,REST_0135,2025-04-23 13:44:22,Cancelled,271.58,0.0,3,Debit Card,Rain,Medium
ORD_007240,CUST_01113,REST_0035,2025-01-21 14:16:50,Delivered,424.93,24.96,3,UPI,Clear,Medium
ORD_007241,CUST_01245,REST_0055,2025-03-22 16:59:03,Delivered,462.36,53.77,3,Wallet,Clear,Low
ORD_007242,CUST_01263,REST_0047,2025-03-03 07:31:05,Delivered,335.67,31.19,2,UPI,Cloudy,High
ORD_007243,CUST_00852,REST_0032,2025-05-22 13:41:56,Delivered,579.24,101.99,2,Credit Card,Clear,Low
ORD_007244,CUST_01172,REST_0112,2025-06-15 18:44:15,Delivered,607.12,157.92,1,Credit Card,Clear,Low
ORD_007245,CUST_00742,REST_0188,2025-05-06 20:18:36,Delivered,178.5,44.68,3,UPI,Cloudy,Low
ORD_007246,CUST_01429,REST_0066,2025-03-26 19:25:29,Delivered,722.57,99.6,5,UPI,Cloudy,High
ORD_007247,CUST_00286,REST_0180,2025-04-14 13:42:12,Delivered,267.5,68.36,5,UPI,Clear,Low
ORD_007248,CUST_01374,REST_0027,2025-04-01 22:58:33,Delivered,213.65,43.29,1,UPI,Clear,Medium
ORD_007249,CUST_00391,REST_0100,2025-01-23 22:57:19,Cancelled,422.03,0.0,2,Credit Card,Clear,Medium
ORD_007250,CUST_00157,REST_0168,2025-02-23 11:58:19,Delivered,697.71,161.01,3,Credit Card,Clear,Medium
ORD_007251,CUST_00661,REST_0029,2025-02-08 13:48:25,Delivered,1575.39,236.4,7,UPI,Cloudy,Medium
ORD_007252,CUST_00927,REST_0200,2025-04-01 15:31:40,Delivered,1401.32,111.62,4,Debit Card,Rain,Low
ORD_007253,CUST_00350,REST_0132,2025-03-10 23:20:32,Delivered,910.28,41.13,4,Credit Card,Cloudy,Low
ORD_007254,CUST_00837,REST_0155,2025-06-01 22:18:25,Delivered,307.53,24.45,2,Credit Card,Cloudy,Severe
ORD_007255,CUST_01212,REST_0175,2025-01-03 11:17:56,Delivered,663.61,84.54,3,UPI,Heavy Rain,Severe
ORD_007256,CUST_00389,REST_0083,2025-04-26 18:23:15,Delivered,1844.64,156.0,2,UPI,Clear,Low
ORD_007257,CUST_00874,REST_0095,2025-04-13 22:44:00,Delivered,782.49,27.65,3,UPI,Clear,Low
ORD_007258,CUST_00509,REST_0156,2025-03-24 16:57:12,Delivered,726.59,147.66,3,UPI,Clear,Medium
ORD_007259,CUST_00798,REST_0167,2025-05-30 22:43:43,Cancelled,198.49,0.0,3,UPI,Clear,Medium
ORD_007260,CUST_01007,REST_0170,2025-01-30 19:42:13,Failed,870.47,0.0,4,UPI,Clear,Medium
ORD_007261,CUST_00524,REST_0190,2025-03-24 18:20:00,Delivered,3796.4,302.22,4,UPI,Clear,High
ORD_007262,CUST_01492,REST_0185,2025-04-29 19:50:49,Delivered,159.42,17.05,3,UPI,Cloudy,Medium
ORD_007263,CUST_00848,REST_0038,2025-02-07 20:17:19,Delivered,1820.36,269.93,8,UPI,Clear,Low
ORD_007264,CUST_01237,REST_0077,2025-04-07 18:36:25,Delivered,111.32,5.92,1,UPI,Cloudy,Low
ORD_007265,CUST_01091,REST_0121,2025-03-31 12:09:00,Delivered,654.0,26.02,5,UPI,Clear,Low
ORD_007266,CUST_01281,REST_0178,2025-02-09 20:27:02,Delivered,1937.4,165.35,2,UPI,Clear,Medium
ORD_007267,CUST_00262,REST_0066,2025-01-16 23:29:37,Delivered,901.28,206.35,5,Debit Card,Clear,Medium
ORD_007268,CUST_00336,REST_0190,2025-04-05 21:54:00,Delivered,2042.79,432.57,4,UPI,Clear,Medium
ORD_007269,CUST_00734,REST_0141,2025-05-16 13:16:51,Cancelled,667.12,0.0,4,UPI,Clear,Medium
ORD_007270,CUST_01280,REST_0053,2025-04-24 07:02:40,Delivered,1009.76,338.7,4,UPI,Clear,Medium
ORD_007271,CUST_00297,REST_0030,2025-02-09 13:26:38,Cancelled,162.89,0.0,2,UPI,Rain,High
ORD_007272,CUST_01457,REST_0003,2025-02-22 21:36:02,Delivered,287.69,3.6,2,Credit Card,Clear,High
ORD_007273,CUST_00194,REST_0012,2025-05-27 11:20:59,Delivered,2902.39,373.49,5,UPI,Clear,Medium
ORD_007274,CUST_00263,REST_0004,2025-03-07 22:41:59,Cancelled,805.42,0.0,3,Credit Card,Rain,High
ORD_007275,CUST_00252,REST_0108,2025-02-04 13:24:00,Delivered,98.03,9.42,1,Cash,Clear,High
ORD_007276,CUST_00883,REST_0154,2025-04-07 16:34:33,Cancelled,2241.19,0.0,4,UPI,Heavy Rain,High
ORD_007277,CUST_01377,REST_0140,2025-03-23 18:02:43,Cancelled,263.78,0.0,3,Credit Card,Clear,Low
ORD_007278,CUST_00386,REST_0156,2025-04-28 20:10:09,Delivered,586.2,32.18,3,UPI,Rain,Medium
ORD_007279,CUST_00832,REST_0089,2025-06-28 11:24:34,Delivered,650.8,32.3,5,Credit Card,Clear,Medium
ORD_007280,CUST_00265,REST_0188,2025-04-30 12:43:07,Delivered,276.24,26.24,3,UPI,Clear,High
ORD_007281,CUST_00952,REST_0063,2025-06-11 12:00:02,Delivered,181.77,24.88,2,UPI,Clear,Medium
ORD_007282,CUST_00188,REST_0162,2025-02-21 11:51:12,Delivered,536.59,20.38,2,UPI,Clear,Low
ORD_007283,CUST_00740,REST_0186,2025-06-20 20:18:18,Delivered,223.83,32.6,2,Debit Card,Clear,Low
ORD_007284,CUST_00990,REST_0057,2025-03-11 17:13:04,Delivered,847.47,135.73,3,Debit Card,Cloudy,Medium
ORD_007285,CUST_00872,REST_0069,2025-03-05 12:44:44,Delivered,850.48,96.14,3,Wallet,Clear,Medium
ORD_007286,CUST_00213,REST_0022,2025-02-05 22:31:28,Delivered,443.89,8.14,4,Cash,Rain,Low
ORD_007287,CUST_00244,REST_0147,2025-06-22 07:51:10,Delivered,145.6,6.65,2,UPI,Clear,Low
ORD_007288,CUST_01013,REST_0065,2025-05-27 13:08:56,Delivered,91.31,7.96,1,Cash,Rain,Severe
ORD_007289,CUST_01214,REST_0030,2025-03-07 19:03:59,Delivered,86.42,18.81,1,UPI,Cloudy,Medium
ORD_007290,CUST_01363,REST_0170,2025-05-09 11:45:12,Delivered,297.29,43.47,1,Credit Card,Clear,Low
ORD_007291,CUST_01221,REST_0071,2025-03-11 13:42:46,Delivered,820.8,142.79,4,UPI,Clear,Medium
ORD_007292,CUST_01461,REST_0197,2025-04-13 07:29:26,Delivered,99.09,8.48,1,UPI,Cloudy,High
ORD_007293,CUST_00612,REST_0010,2025-04-17 15:01:19,Delivered,121.54,5.88,1,UPI,Clear,Medium
ORD_007294,CUST_00497,REST_0142,2025-03-19 20:07:43,Cancelled,302.34,0.0,5,UPI,Rain,High
ORD_007295,CUST_00044,REST_0011,2025-05-29 21:57:57,Delivered,247.3,10.76,3,UPI,Heavy Rain,High
ORD_007296,CUST_00678,REST_0184,2025-04-16 21:10:15,Delivered,829.05,17.09,1,UPI,Rain,High
ORD_007297,CUST_00983,REST_0126,2025-06-30 09:53:35,Delivered,378.87,31.66,3,UPI,Cloudy,Medium
ORD_007298,CUST_01224,REST_0058,2025-02-21 20:12:00,Failed,339.26,0.0,3,UPI,Cloudy,Low
ORD_007299,CUST_00403,REST_0100,2025-06-21 07:04:01,Delivered,315.97,48.45,2,UPI,Clear,Medium
ORD_007300,CUST_00774,REST_0021,2025-05-28 21:03:53,Delivered,2611.26,517.32,6,UPI,Clear,Medium
ORD_007301,CUST_00999,REST_0064,2025-01-11 22:41:49,Delivered,3270.28,291.36,5,Debit Card,Clear,Medium
ORD_007302,CUST_00829,REST_0123,2025-02-16 10:03:37,Delivered,938.1,26.21,5,Credit Card,Rain,Medium
ORD_007303,CUST_00413,REST_0187,2025-05-10 21:33:12,Delivered,155.5,38.7,2,UPI,Clear,Medium
ORD_007304,CUST_01195,REST_0144,2025-03-02 14:04:28,Cancelled,80.0,0.0,1,Debit Card,Rain,Medium
ORD_007305,CUST_00261,REST_0063,2025-01-25 14:47:45,Delivered,91.84,7.8,1,UPI,Clear,Medium
ORD_007306,CUST_01359,REST_0055,2025-03-20 11:26:00,Delivered,449.37,36.18,4,Debit Card,Clear,Low
ORD_007307,CUST_01430,REST_0052,2025-06-21 11:05:51,Delivered,2002.28,128.57,3,Credit Card,Clear,High
ORD_007308,CUST_00546,REST_0163,2025-02-26 15:48:21,Delivered,525.95,62.12,3,UPI,Heavy Rain,Severe
ORD_007309,CUST_00561,REST_0028,2025-03-08 21:33:40,Delivered,772.89,102.08,3,UPI,Rain,High
ORD_007310,CUST_01118,REST_0126,2025-04-15 11:15:58,Delivered,806.54,43.43,4,UPI,Rain,High
ORD_007311,CUST_00686,REST_0051,2025-06-15 14:12:33,Delivered,188.42,25.44,3,Wallet,Clear,Medium
ORD_007312,CUST_00044,REST_0011,2025-02-15 11:46:05,Delivered,444.11,42.66,4,Debit Card,Clear,High
ORD_007313,CUST_01380,REST_0100,2025-06-15 17:51:03,Delivered,850.39,106.85,4,Wallet,Rain,Low
ORD_007314,CUST_00647,REST_0175,2025-05-13 06:12:45,Delivered,519.8,58.36,2,UPI,Clear,Low
ORD_007315,CUST_00306,REST_0116,2025-03-29 21:41:48,Delivered,300.99,16.17,3,UPI,Cloudy,Medium
ORD_007316,CUST_00837,REST_0155,2025-03-23 13:06:03,Delivered,204.81,18.55,2,UPI,Cloudy,High
ORD_007317,CUST_00330,REST_0192,2025-03-14 21:57:00,Delivered,660.25,74.41,4,UPI,Clear,Low
ORD_007318,CUST_00310,REST_0098,2025-03-13 16:26:00,Delivered,1430.7,515.27,5,UPI,Clear,Medium
ORD_007319,CUST_00820,REST_0056,2025-05-06 00:50:22,Cancelled,270.14,0.0,4,UPI,Rain,Medium
ORD_007320,CUST_00584,REST_0137,2025-04-30 15:49:29,Delivered,1877.7,219.67,3,Debit Card,Clear,Severe
ORD_007321,CUST_00863,REST_0138,2025-05-27 13:53:58,Delivered,315.83,49.59,3,Debit Card,Clear,High
ORD_007322,CUST_01496,REST_0013,2025-03-24 15:44:11,Cancelled,790.95,0.0,5,Debit Card,Rain,Medium
ORD_007323,CUST_01291,REST_0111,2025-05-23 22:09:53,Delivered,3493.63,828.02,7,UPI,Cloudy,High
ORD_007324,CUST_00012,REST_0066,2025-03-02 13:07:50,Delivered,1153.54,125.99,7,UPI,Clear,Medium
ORD_007325,CUST_00077,REST_0169,2025-02-26 19:28:06,Failed,401.26,0.0,2,Wallet,Rain,Medium
ORD_007326,CUST_00920,REST_0165,2025-04-15 06:15:06,Failed,87.35,0.0,2,UPI,Clear,Medium
ORD_007327,CUST_00945,REST_0170,2025-04-16 07:24:11,Delivered,428.16,74.2,3,UPI,Heavy Rain,High
ORD_007328,CUST_01320,REST_0122,2025-06-24 13:23:49,Delivered,282.09,6.61,3,Debit Card,Clear,Low
ORD_007329,CUST_00949,REST_0151,2025-05-06 18:44:41,Failed,206.08,0.0,2,UPI,Cloudy,Low
ORD_007330,CUST_00344,REST_0043,2025-02-23 15:42:03,Delivered,488.37,79.25,2,UPI,Rain,Severe
ORD_007331,CUST_00706,REST_0080,2025-02-06 12:29:00,Delivered,227.1,52.4,3,UPI,Clear,Medium
ORD_007332,CUST_01214,REST_0196,2025-04-03 12:36:06,Delivered,958.49,59.88,5,Cash,Clear,High
ORD_007333,CUST_01385,REST_0139,2025-02-09 20:32:49,Delivered,136.34,3.75,4,Debit Card,Cloudy,High
ORD_007334,CUST_00359,REST_0003,2025-03-30 13:52:00,Delivered,470.53,75.98,2,Wallet,Clear,Low
ORD_007335,CUST_00811,REST_0147,2025-01-29 12:10:20,Delivered,587.67,112.6,5,Debit Card,Cloudy,High
ORD_007336,CUST_00241,REST_0076,2025-05-17 19:38:21,Delivered,277.66,17.67,4,UPI,Clear,Low
ORD_007337,CUST_00749,REST_0054,2025-04-17 15:28:38,Delivered,364.81,8.64,2,UPI,Rain,Medium
ORD_007338,CUST_00138,REST_0098,2025-03-21 17:07:25,Delivered,350.72,31.07,3,Wallet,Clear,Medium
ORD_007339,CUST_01415,REST_0139,2025-06-19 14:06:07,Delivered,184.43,19.5,5,UPI,Rain,Low
ORD_007340,CUST_00962,REST_0108,2025-02-17 21:45:38,Cancelled,259.92,0.0,4,Credit Card,Clear,High
ORD_007341,CUST_01283,REST_0165,2025-04-08 16:51:00,Delivered,208.77,56.24,4,UPI,Clear,Medium
ORD_007342,CUST_01498,REST_0185,2025-03-06 13:42:48,Delivered,575.24,24.4,7,Debit Card,Cloudy,Medium
ORD_007343,CUST_00274,REST_0116,2025-03-30 19:26:22,Delivered,537.01,10.75,3,UPI,Clear,Medium
ORD_007344,CUST_01046,REST_0058,2025-06-27 19:12:41,Failed,655.05,0.0,6,Debit Card,Cloudy,Severe
ORD_007345,CUST_01333,REST_0075,2025-04-30 15:00:50,Cancelled,855.0,0.0,4,UPI,Heavy Rain,Severe
ORD_007346,CUST_00868,REST_0073,2025-06-11 19:30:49,Delivered,688.97,57.33,3,UPI,Rain,Severe
ORD_007347,CUST_00965,REST_0089,2025-06-09 11:28:53,Delivered,520.4,53.77,3,Debit Card,Heavy Rain,High
ORD_007348,CUST_00611,REST_0079,2025-06-01 18:17:51,Delivered,661.39,106.96,2,Credit Card,Clear,Medium
ORD_007349,CUST_01018,REST_0152,2025-02-24 13:53:17,Delivered,80.0,14.93,1,Credit Card,Cloudy,Medium
ORD_007350,CUST_00591,REST_0181,2025-05-08 16:48:29,Delivered,80.0,5.47,2,Credit Card,Rain,Low
ORD_007351,CUST_00718,REST_0114,2025-06-12 16:38:45,Delivered,820.41,101.7,4,Wallet,Rain,High
ORD_007352,CUST_00157,REST_0111,2025-02-26 12:45:28,Delivered,2324.45,857.18,2,UPI,Clear,Medium
ORD_007353,CUST_00012,REST_0100,2025-03-19 21:08:11,Delivered,1612.47,69.02,6,UPI,Clear,High
ORD_007354,CUST_00085,REST_0107,2025-05-22 21:47:33,Delivered,232.81,62.7,4,Debit Card,Cloudy,Medium
ORD_007355,CUST_00289,REST_0039,2025-03-21 19:55:40,Delivered,808.93,107.09,3,UPI,Rain,Low
ORD_007356,CUST_00687,REST_0005,2025-05-01 19:04:38,Cancelled,364.69,0.0,5,UPI,Clear,Low
ORD_007357,CUST_00033,REST_0136,2025-03-27 12:32:57,Delivered,932.14,139.03,3,Wallet,Clear,Medium
ORD_007358,CUST_00237,REST_0058,2025-06-08 12:02:03,Delivered,508.91,26.2,4,UPI,Cloudy,High
ORD_007359,CUST_01173,REST_0099,2025-06-04 22:36:26,Delivered,1650.71,278.89,6,Wallet,Cloudy,Severe
ORD_007360,CUST_01146,REST_0004,2025-04-15 14:46:59,Delivered,946.46,136.08,3,Debit Card,Clear,Medium
ORD_007361,CUST_01186,REST_0070,2025-02-05 11:41:58,Delivered,96.2,0.81,1,Debit Card,Cloudy,High
ORD_007362,CUST_01383,REST_0084,2025-03-12 09:00:00,Delivered,356.66,4.23,4,UPI,Rain,Medium
ORD_007363,CUST_00183,REST_0111,2025-06-17 12:04:05,Delivered,1076.43,53.54,1,UPI,Clear,Low
ORD_007364,CUST_00247,REST_0157,2025-06-21 21:31:14,Delivered,1112.21,213.15,6,Wallet,Clear,Low
ORD_007365,CUST_00500,REST_0178,2025-04-25 11:09:39,Delivered,2282.58,275.06,2,Credit Card,Clear,Medium
ORD_007366,CUST_01373,REST_0154,2025-02-26 23:39:46,Delivered,2013.87,174.53,3,UPI,Clear,Low
ORD_007367,CUST_01164,REST_0059,2025-05-10 08:53:55,Delivered,1001.67,13.27,6,UPI,Clear,Medium
ORD_007368,CUST_00487,REST_0125,2025-02-18 13:15:55,Delivered,1076.52,106.62,5,UPI,Heavy Rain,High
ORD_007369,CUST_00134,REST_0125,2025-03-29 18:22:54,Delivered,1098.13,72.44,5,UPI,Cloudy,High
ORD_007370,CUST_00930,REST_0154,2025-03-19 09:58:27,Delivered,1375.89,101.56,3,UPI,Cloudy,Medium
ORD_007371,CUST_00388,REST_0036,2025-02-14 16:59:49,Delivered,544.43,71.09,1,Credit Card,Clear,High
ORD_007372,CUST_00800,REST_0036,2025-05-06 07:46:40,Delivered,668.82,108.97,1,Debit Card,Clear,Medium
ORD_007373,CUST_01415,REST_0124,2025-05-13 21:33:00,Delivered,196.29,18.31,2,UPI,Rain,Medium
ORD_007374,CUST_00862,REST_0200,2025-05-25 21:08:09,Delivered,1183.99,32.87,6,UPI,Cloudy,Medium
ORD_007375,CUST_01387,REST_0105,2025-05-05 18:28:52,Delivered,514.56,115.43,3,UPI,Clear,High
ORD_007376,CUST_00587,REST_0124,2025-06-02 22:26:27,Delivered,209.16,3.83,3,UPI,Rain,High
ORD_007377,CUST_00955,REST_0067,2025-05-31 09:02:32,Delivered,301.44,51.78,4,UPI,Clear,Medium
ORD_007378,CUST_01343,REST_0177,2025-03-10 17:16:46,Delivered,288.55,39.52,3,Debit Card,Heavy Rain,Severe
ORD_007379,CUST_00887,REST_0070,2025-03-08 11:07:44,Delivered,499.32,78.02,4,UPI,Cloudy,Severe
ORD_007380,CUST_00927,REST_0048,2025-03-01 22:36:44,Delivered,188.63,41.35,2,Credit Card,Rain,Severe
ORD_007381,CUST_01079,REST_0102,2025-05-30 13:06:48,Delivered,200.88,13.76,4,Credit Card,Rain,High
ORD_007382,CUST_01325,REST_0081,2025-04-22 13:54:09,Delivered,194.13,21.17,3,Wallet,Cloudy,High
ORD_007383,CUST_00135,REST_0168,2025-03-07 19:47:56,Delivered,1010.32,92.8,3,UPI,Clear,Medium
ORD_007384,CUST_00505,REST_0114,2025-03-25 15:43:00,Delivered,238.06,39.18,2,Wallet,Rain,Severe
ORD_007385,CUST_00595,REST_0025,2025-02-06 20:27:21,Delivered,170.98,32.76,3,Cash,Clear,High
ORD_007386,CUST_01365,REST_0139,2025-02-14 13:05:10,Delivered,357.95,51.98,7,Debit Card,Clear,Medium
ORD_007387,CUST_01435,REST_0120,2025-02-11 16:12:20,Delivered,232.87,56.23,2,Debit Card,Rain,Medium
ORD_007388,CUST_00184,REST_0075,2025-02-28 02:38:45,Cancelled,1090.67,0.0,3,Cash,Cloudy,Medium
ORD_007389,CUST_00183,REST_0113,2025-05-06 12:26:44,Delivered,418.89,76.8,3,UPI,Clear,High
ORD_007390,CUST_01404,REST_0076,2025-06-14 22:11:06,Delivered,101.8,11.2,2,UPI,Clear,High
ORD_007391,CUST_00446,REST_0019,2025-02-17 09:54:00,Failed,130.46,0.0,2,UPI,Cloudy,Low
ORD_007392,CUST_00365,REST_0136,2025-05-22 13:56:48,Delivered,2151.43,140.35,6,UPI,Cloudy,Severe
ORD_007393,CUST_00054,REST_0200,2025-03-15 21:05:05,Delivered,1875.54,196.91,4,Credit Card,Rain,Low
ORD_007394,CUST_00415,REST_0109,2025-01-28 14:13:12,Delivered,149.95,12.97,1,Cash,Clear,Low
ORD_007395,CUST_01045,REST_0100,2025-01-13 19:09:15,Delivered,1507.82,511.55,6,UPI,Clear,Medium
ORD_007396,CUST_00640,REST_0138,2025-06-16 12:22:36,Delivered,730.0,59.49,6,Wallet,Clear,High
ORD_007397,CUST_00779,REST_0100,2025-05-01 12:59:21,Delivered,983.59,358.27,5,UPI,Clear,Low
ORD_007398,CUST_01376,REST_0188,2025-01-05 22:26:59,Delivered,217.32,20.67,3,UPI,Rain,Low
ORD_007399,CUST_00176,REST_0063,2025-05-27 17:34:44,Delivered,372.59,27.86,5,UPI,Clear,Medium
ORD_007400,CUST_00110,REST_0038,2025-02-24 22:37:12,Delivered,352.46,27.83,2,Credit Card,Cloudy,Medium
ORD_007401,CUST_01279,REST_0102,2025-02-25 21:00:31,Delivered,80.0,9.47,1,Debit Card,Cloudy,Severe
ORD_007402,CUST_01163,REST_0132,2025-02-22 13:20:26,Delivered,365.72,20.18,2,UPI,Heavy Rain,Medium
ORD_007403,CUST_00398,REST_0036,2025-05-19 19:18:31,Delivered,1337.21,121.82,3,UPI,Clear,Low
ORD_007404,CUST_00487,REST_0085,2025-01-08 21:15:57,Delivered,155.72,61.61,1,Credit Card,Cloudy,Medium
ORD_007405,CUST_00468,REST_0041,2025-03-07 03:09:21,Delivered,3788.4,605.87,6,UPI,Clear,Low
ORD_007406,CUST_00978,REST_0152,2025-04-08 13:20:36,Delivered,231.26,52.16,4,Credit Card,Clear,Low
ORD_007407,CUST_00094,REST_0121,2025-01-05 13:02:09,Delivered,405.81,6.46,3,UPI,Cloudy,Severe
ORD_007408,CUST_00737,REST_0073,2025-03-29 22:36:30,Delivered,937.13,94.34,4,UPI,Heavy Rain,Severe
ORD_007409,CUST_00204,REST_0052,2025-06-24 03:23:17,Delivered,884.75,221.22,2,UPI,Clear,Medium
ORD_007410,CUST_01230,REST_0170,2025-06-03 18:06:42,Cancelled,1275.46,0.0,5,Wallet,Cloudy,Low
ORD_007411,CUST_00569,REST_0039,2025-06-18 08:29:48,Failed,1072.22,0.0,4,UPI,Clear,High
ORD_007412,CUST_00795,REST_0137,2025-05-03 12:09:23,Delivered,4374.17,413.13,6,UPI,Clear,Medium
ORD_007413,CUST_00046,REST_0189,2025-04-18 19:14:08,Delivered,333.87,35.38,3,Credit Card,Clear,Medium
ORD_007414,CUST_00089,REST_0115,2025-06-25 09:27:45,Delivered,887.19,57.93,5,UPI,Cloudy,High
ORD_007415,CUST_01018,REST_0147,2025-01-03 20:35:03,Delivered,246.58,12.31,3,UPI,Rain,Severe
ORD_007416,CUST_01152,REST_0200,2025-01-09 19:11:09,Delivered,744.35,20.66,2,UPI,Clear,Severe
ORD_007417,CUST_01069,REST_0099,2025-02-13 22:18:12,Delivered,548.75,26.45,4,Wallet,Cloudy,High
ORD_007418,CUST_01109,REST_0049,2025-03-06 18:05:51,Delivered,296.54,22.26,1,Credit Card,Clear,Medium
ORD_007419,CUST_00160,REST_0009,2025-05-11 12:56:43,Delivered,2174.75,174.06,3,UPI,Rain,Medium
ORD_007420,CUST_01045,REST_0039,2025-06-29 14:55:03,Delivered,685.3,37.32,4,Wallet,Clear,High
ORD_007421,CUST_00273,REST_0036,2025-05-16 20:43:37,Cancelled,1601.71,0.0,3,Wallet,Cloudy,Medium
ORD_007422,CUST_00150,REST_0159,2025-05-31 11:43:15,Delivered,398.7,38.29,5,UPI,Rain,High
ORD_007423,CUST_01139,REST_0044,2025-04-28 15:22:15,Delivered,616.19,148.07,7,UPI,Clear,Severe
ORD_007424,CUST_01336,REST_0081,2025-01-09 11:47:20,Delivered,269.39,44.39,5,Wallet,Clear,High
ORD_007425,CUST_01080,REST_0043,2025-02-28 20:18:34,Delivered,1279.47,127.49,4,Credit Card,Clear,Medium
ORD_007426,CUST_01209,REST_0117,2025-04-07 18:17:39,Delivered,241.19,3.27,1,UPI,Cloudy,Low
ORD_007427,CUST_01486,REST_0058,2025-05-22 14:12:58,Delivered,255.94,11.02,3,UPI,Cloudy,High
ORD_007428,CUST_00204,REST_0044,2025-02-22 19:30:38,Delivered,147.13,35.21,2,UPI,Cloudy,Medium
ORD_007429,CUST_01449,REST_0177,2025-03-25 22:55:39,Delivered,355.76,85.39,3,Debit Card,Clear,Medium
ORD_007430,CUST_00907,REST_0154,2025-06-23 20:44:21,Delivered,1455.33,580.12,4,Credit Card,Clear,Medium
ORD_007431,CUST_01221,REST_0013,2025-05-15 02:51:36,Delivered,746.78,26.04,5,UPI,Rain,Medium
ORD_007432,CUST_00982,REST_0103,2025-04-10 14:05:45,Delivered,1393.8,103.34,2,UPI,Clear,Low
ORD_007433,CUST_00858,REST_0005,2025-03-08 12:55:02,Delivered,80.0,16.71,1,Cash,Cloudy,Medium
ORD_007434,CUST_01060,REST_0016,2025-04-10 22:53:15,Delivered,365.9,134.69,2,Credit Card,Clear,Medium
ORD_007435,CUST_00481,REST_0190,2025-06-28 17:37:19,Delivered,1014.73,162.77,1,UPI,Clear,Low
ORD_007436,CUST_01387,REST_0056,2025-06-30 08:20:02,Delivered,218.04,40.76,2,Debit Card,Clear,Medium
ORD_007437,CUST_00177,REST_0011,2025-03-07 10:12:00,Delivered,298.54,32.03,3,Credit Card,Clear,Low
ORD_007438,CUST_00478,REST_0022,2025-03-14 22:19:37,Delivered,429.94,42.77,5,UPI,Clear,Low
ORD_007439,CUST_00049,REST_0114,2025-04-26 22:16:41,Delivered,786.39,96.52,5,UPI,Rain,High
ORD_007440,CUST_00409,REST_0113,2025-04-07 13:31:47,Delivered,554.56,41.37,4,Debit Card,Clear,Medium
ORD_007441,CUST_00329,REST_0159,2025-04-30 22:24:32,Delivered,80.0,4.39,1,UPI,Clear,High
ORD_007442,CUST_00076,REST_0101,2025-05-14 12:27:53,Delivered,1216.93,32.75,5,UPI,Clear,High
ORD_007443,CUST_00741,REST_0146,2025-03-07 21:25:04,Delivered,189.99,22.04,1,Cash,Cloudy,High
ORD_007444,CUST_00706,REST_0050,2025-05-19 21:14:17,Delivered,1007.22,43.3,3,Debit Card,Cloudy,High
ORD_007445,CUST_00119,REST_0006,2025-06-26 23:29:59,Cancelled,405.61,0.0,4,Debit Card,Clear,Medium
ORD_007446,CUST_00396,REST_0011,2025-01-02 19:58:42,Delivered,548.38,5.18,5,Wallet,Rain,Medium
ORD_007447,CUST_01431,REST_0199,2025-04-25 11:03:41,Delivered,187.16,15.18,3,UPI,Clear,Low
ORD_007448,CUST_00170,REST_0060,2025-03-17 07:37:39,Delivered,1453.21,14.62,4,UPI,Clear,High
ORD_007449,CUST_00460,REST_0129,2025-06-20 20:52:26,Delivered,517.84,51.79,4,UPI,Clear,Low
ORD_007450,CUST_00055,REST_0161,2025-05-08 00:18:32,Delivered,810.09,43.9,2,Credit Card,Cloudy,Medium
ORD_007451,CUST_00227,REST_0048,2025-03-31 11:54:00,Delivered,641.96,10.05,4,UPI,Cloudy,Medium
ORD_007452,CUST_01053,REST_0117,2025-04-23 13:50:23,Delivered,2331.78,379.12,6,UPI,Cloudy,Medium
ORD_007453,CUST_00548,REST_0186,2025-05-03 12:29:28,Delivered,293.52,14.73,3,Wallet,Rain,High
ORD_007454,CUST_00680,REST_0017,2025-03-15 19:08:24,Delivered,341.83,75.88,2,UPI,Cloudy,Low
ORD_007455,CUST_00239,REST_0039,2025-05-24 11:47:17,Delivered,230.12,4.27,1,UPI,Heavy Rain,High
ORD_007456,CUST_01027,REST_0139,2025-01-23 10:02:06,Delivered,108.46,10.36,2,UPI,Clear,Low
ORD_007457,CUST_01130,REST_0060,2025-04-13 22:54:23,Delivered,1033.78,168.34,4,Wallet,Heavy Rain,High
ORD_007458,CUST_00272,REST_0182,2025-04-24 11:11:22,Delivered,604.23,20.41,2,UPI,Clear,Medium
ORD_007459,CUST_00070,REST_0197,2025-03-22 19:40:36,Cancelled,312.98,0.0,2,UPI,Clear,Medium
ORD_007460,CUST_00123,REST_0020,2025-01-09 22:35:56,Cancelled,265.95,0.0,4,UPI,Rain,Medium
ORD_007461,CUST_00992,REST_0069,2025-03-04 13:20:46,Delivered,479.06,24.83,2,Credit Card,Rain,Medium
ORD_007462,CUST_00206,REST_0090,2025-01-20 14:08:42,Delivered,1638.5,223.39,3,Cash,Clear,Low
ORD_007463,CUST_00745,REST_0023,2025-04-03 19:12:35,Delivered,534.75,108.16,5,Credit Card,Clear,Medium
ORD_007464,CUST_00232,REST_0154,2025-04-21 22:43:05,Delivered,3075.67,71.93,5,Cash,Rain,Medium
ORD_007465,CUST_00257,REST_0049,2025-02-08 07:48:42,Delivered,329.22,16.05,1,Wallet,Rain,Medium
ORD_007466,CUST_00007,REST_0153,2025-04-18 13:00:49,Delivered,1780.13,243.43,3,Debit Card,Clear,Medium
ORD_007467,CUST_00482,REST_0104,2025-02-23 14:30:29,Delivered,438.08,77.14,2,UPI,Clear,Low
ORD_007468,CUST_00137,REST_0199,2025-06-19 20:21:01,Delivered,322.68,59.67,7,UPI,Clear,Medium
ORD_007469,CUST_00589,REST_0021,2025-03-10 20:31:45,Delivered,1349.13,41.77,4,Credit Card,Clear,Low
ORD_007470,CUST_00902,REST_0113,2025-05-14 15:56:20,Delivered,776.85,78.55,7,Credit Card,Rain,High
ORD_007471,CUST_00549,REST_0030,2025-05-22 11:03:57,Delivered,136.99,5.51,2,Credit Card,Cloudy,Medium
ORD_007472,CUST_01061,REST_0146,2025-02-13 14:28:50,Delivered,1408.48,194.65,5,Credit Card,Clear,Medium
ORD_007473,CUST_01116,REST_0161,2025-06-15 18:50:43,Delivered,1462.3,74.48,3,UPI,Rain,Medium
ORD_007474,CUST_01050,REST_0046,2025-03-16 19:15:33,Cancelled,721.4,0.0,7,UPI,Clear,Low
ORD_007475,CUST_01407,REST_0035,2025-06-27 16:57:21,Failed,169.08,0.0,2,UPI,Clear,Medium
ORD_007476,CUST_00359,REST_0035,2025-05-13 13:38:22,Delivered,898.01,37.89,4,UPI,Rain,Medium
ORD_007477,CUST_00284,REST_0147,2025-06-04 22:30:32,Delivered,338.66,62.24,4,UPI,Clear,Medium
ORD_007478,CUST_00920,REST_0111,2025-04-16 11:11:02,Delivered,2749.18,567.54,3,UPI,Cloudy,Medium
ORD_007479,CUST_00897,REST_0121,2025-01-05 18:46:11,Delivered,490.61,13.03,4,Credit Card,Clear,Medium
ORD_007480,CUST_00768,REST_0062,2025-02-22 09:49:00,Delivered,1493.81,166.52,4,Debit Card,Cloudy,Low
ORD_007481,CUST_00007,REST_0160,2025-05-01 21:12:07,Delivered,2514.31,574.21,3,UPI,Rain,High
ORD_007482,CUST_00836,REST_0188,2025-06-21 19:37:34,Delivered,245.77,23.29,4,UPI,Clear,Medium
ORD_007483,CUST_01401,REST_0183,2025-05-23 08:01:15,Delivered,272.81,32.25,2,Credit Card,Clear,Medium
ORD_007484,CUST_00502,REST_0040,2025-01-21 09:16:00,Delivered,2613.69,207.3,4,Wallet,Rain,Medium
ORD_007485,CUST_01452,REST_0190,2025-06-17 14:52:01,Delivered,2903.53,747.84,4,Debit Card,Clear,Medium
ORD_007486,CUST_00533,REST_0174,2025-05-03 22:33:12,Delivered,564.58,10.6,5,UPI,Rain,High
ORD_007487,CUST_00213,REST_0061,2025-02-05 20:57:20,Delivered,114.3,26.77,1,UPI,Cloudy,Low
ORD_007488,CUST_00596,REST_0118,2025-05-23 22:20:11,Delivered,725.84,120.13,4,Credit Card,Clear,Medium
ORD_007489,CUST_00746,REST_0085,2025-03-17 08:41:25,Delivered,750.09,34.23,3,Credit Card,Rain,Severe
ORD_007490,CUST_00949,REST_0151,2025-06-09 17:26:36,Delivered,256.3,20.59,3,UPI,Clear,Low
ORD_007491,CUST_00760,REST_0072,2025-02-23 22:12:28,Delivered,484.16,44.38,3,UPI,Clear,Low
ORD_007492,CUST_00807,REST_0124,2025-01-13 20:22:46,Delivered,240.27,9.06,2,UPI,Cloudy,High
ORD_007493,CUST_00037,REST_0135,2025-03-28 18:04:04,Delivered,88.2,3.39,1,UPI,Cloudy,High
ORD_007494,CUST_00384,REST_0028,2025-06-17 14:48:28,Delivered,844.07,48.76,6,UPI,Rain,High
ORD_007495,CUST_00468,REST_0039,2025-05-02 21:56:54,Delivered,282.71,29.4,1,UPI,Clear,Low
ORD_007496,CUST_01480,REST_0099,2025-06-13 19:09:15,Delivered,920.97,272.71,5,Debit Card,Cloudy,Low
ORD_007497,CUST_00446,REST_0086,2025-03-15 19:25:33,Delivered,456.59,10.42,2,Debit Card,Cloudy,High
ORD_007498,CUST_01347,REST_0049,2025-02-09 18:00:16,Delivered,922.64,101.02,4,UPI,Clear,Severe
ORD_007499,CUST_00459,REST_0172,2025-03-25 18:36:00,Delivered,2410.73,279.24,4,Debit Card,Cloudy,High
ORD_007500,CUST_00147,REST_0102,2025-05-23 18:01:58,Delivered,80.0,19.83,1,UPI,Rain,Severe
ORD_007501,CUST_00374,REST_0129,2025-06-25 20:19:49,Delivered,458.99,33.83,2,UPI,Cloudy,High
ORD_007502,CUST_00411,REST_0015,2025-05-18 22:20:03,Cancelled,235.99,0.0,2,UPI,Clear,Low
ORD_007503,CUST_01467,REST_0059,2025-06-07 13:13:21,Delivered,397.1,15.61,2,Wallet,Heavy Rain,High
ORD_007504,CUST_01017,REST_0165,2025-03-12 12:28:00,Delivered,328.97,47.28,5,Credit Card,Rain,High
ORD_007505,CUST_01399,REST_0012,2025-03-10 22:48:09,Delivered,1428.85,98.8,3,UPI,Clear,Medium
ORD_007506,CUST_01252,REST_0096,2025-03-03 22:20:35,Failed,453.12,0.0,2,Debit Card,Clear,Low
ORD_007507,CUST_00871,REST_0104,2025-05-01 22:32:56,Delivered,862.26,135.78,4,UPI,Clear,Low
ORD_007508,CUST_01019,REST_0131,2025-06-05 20:44:10,Delivered,809.87,63.51,3,UPI,Clear,Low
ORD_007509,CUST_00943,REST_0182,2025-04-14 12:57:06,Delivered,1488.46,147.83,6,UPI,Rain,Severe
ORD_007510,CUST_01006,REST_0112,2025-03-02 21:21:56,Delivered,3853.01,682.59,5,UPI,Clear,High
ORD_007511,CUST_00399,REST_0054,2025-04-05 13:19:14,Delivered,726.48,68.46,3,UPI,Heavy Rain,Severe
ORD_007512,CUST_00612,REST_0121,2025-05-23 15:16:22,Delivered,279.77,47.06,2,UPI,Clear,Medium
ORD_007513,CUST_00893,REST_0062,2025-03-11 13:26:22,Delivered,4240.66,206.6,6,UPI,Rain,Medium
ORD_007514,CUST_00055,REST_0130,2025-06-22 12:38:39,Delivered,531.54,101.65,2,Cash,Cloudy,Medium
ORD_007515,CUST_00727,REST_0044,2025-02-19 22:59:48,Delivered,336.55,30.22,3,Wallet,Clear,Medium
ORD_007516,CUST_01292,REST_0133,2025-06-17 13:17:35,Delivered,1186.56,61.4,4,Debit Card,Heavy Rain,High
ORD_007517,CUST_00742,REST_0063,2025-05-10 13:49:31,Delivered,322.45,9.29,4,UPI,Heavy Rain,High
ORD_007518,CUST_00831,REST_0045,2025-05-31 14:45:17,Delivered,868.21,48.83,5,UPI,Clear,Medium
ORD_007519,CUST_00304,REST_0183,2025-03-29 18:59:45,Delivered,352.43,27.62,2,UPI,Clear,Medium
ORD_007520,CUST_01192,REST_0051,2025-05-10 15:37:30,Delivered,449.05,44.29,4,Debit Card,Clear,Medium
ORD_007521,CUST_00536,REST_0162,2025-06-17 12:52:32,Delivered,1499.31,66.08,2,UPI,Rain,High
ORD_007522,CUST_01437,REST_0127,2025-02-27 20:02:59,Delivered,342.21,7.83,2,Debit Card,Cloudy,Low
ORD_007523,CUST_01491,REST_0076,2025-05-18 14:29:29,Delivered,173.87,27.22,4,Credit Card,Clear,Medium
ORD_007524,CUST_01374,REST_0132,2025-03-04 16:06:00,Delivered,162.7,11.15,1,UPI,Clear,Medium
ORD_007525,CUST_00129,REST_0035,2025-03-28 14:41:00,Delivered,218.89,11.33,2,Credit Card,Clear,Low
ORD_007526,CUST_00500,REST_0147,2025-04-09 20:19:52,Delivered,404.42,36.02,5,UPI,Rain,Medium
ORD_007527,CUST_01420,REST_0059,2025-04-13 21:34:38,Delivered,168.98,40.64,1,UPI,Cloudy,Medium
ORD_007528,CUST_01207,REST_0024,2025-05-03 15:50:56,Delivered,633.69,63.04,3,UPI,Clear,Medium
ORD_007529,CUST_01368,REST_0058,2025-03-20 21:36:34,Delivered,498.84,26.23,4,Wallet,Clear,High
ORD_007530,CUST_00862,REST_0141,2025-01-09 18:57:00,Delivered,537.19,12.58,4,Credit Card,Rain,Low
ORD_007531,CUST_00724,REST_0185,2025-04-09 16:25:00,Delivered,584.44,12.88,5,Credit Card,Clear,Low
ORD_007532,CUST_00163,REST_0135,2025-01-21 06:04:06,Delivered,430.72,12.21,5,Debit Card,Clear,Severe
ORD_007533,CUST_01260,REST_0198,2025-02-04 12:45:54,Delivered,179.29,30.69,1,UPI,Cloudy,Medium
ORD_007534,CUST_01121,REST_0155,2025-01-01 10:15:46,Cancelled,379.69,0.0,3,Credit Card,Cloudy,Medium
ORD_007535,CUST_00090,REST_0170,2025-05-09 12:21:12,Delivered,788.9,22.12,3,UPI,Cloudy,High
ORD_007536,CUST_00316,REST_0049,2025-05-02 18:16:08,Delivered,469.38,95.52,2,UPI,Clear,Low
ORD_007537,CUST_00839,REST_0161,2025-04-10 08:25:00,Delivered,2691.8,385.34,6,Debit Card,Cloudy,Medium
ORD_007538,CUST_01031,REST_0171,2025-04-17 19:07:46,Delivered,2957.29,227.82,4,Debit Card,Clear,Medium
ORD_007539,CUST_00209,REST_0089,2025-04-16 19:21:13,Delivered,189.52,32.72,1,Debit Card,Clear,Medium
ORD_007540,CUST_00370,REST_0115,2025-01-05 09:16:17,Delivered,678.35,92.24,4,Credit Card,Clear,Low
ORD_007541,CUST_00290,REST_0046,2025-03-12 10:17:43,Cancelled,206.65,0.0,3,Debit Card,Cloudy,Low
ORD_007542,CUST_00332,REST_0077,2025-03-20 11:41:48,Cancelled,384.94,0.0,4,UPI,Clear,Low
ORD_007543,CUST_01382,REST_0154,2025-03-06 09:35:50,Delivered,3419.69,227.85,6,Wallet,Cloudy,Medium
ORD_007544,CUST_01078,REST_0070,2025-05-02 15:56:36,Delivered,345.54,20.42,4,UPI,Heavy Rain,Low
ORD_007545,CUST_01109,REST_0038,2025-05-26 14:57:39,Delivered,679.94,46.12,3,Credit Card,Clear,Low
ORD_007546,CUST_01192,REST_0191,2025-03-07 14:26:12,Delivered,267.34,20.5,2,Credit Card,Rain,High
ORD_007547,CUST_00533,REST_0174,2025-04-11 16:24:00,Delivered,226.76,37.56,2,Debit Card,Clear,Low
ORD_007548,CUST_01152,REST_0031,2025-06-21 12:36:02,Delivered,561.18,79.13,3,UPI,Clear,Medium
ORD_007549,CUST_01467,REST_0083,2025-04-24 21:01:49,Delivered,4871.25,1000.0,4,Credit Card,Clear,Low
ORD_007550,CUST_01052,REST_0002,2025-05-21 20:26:33,Delivered,1854.92,145.97,3,UPI,Clear,Medium
ORD_007551,CUST_00625,REST_0194,2025-02-09 07:24:10,Delivered,149.18,6.17,3,UPI,Clear,High
ORD_007552,CUST_01079,REST_0073,2025-03-18 17:20:48,Delivered,408.79,137.7,2,Credit Card,Cloudy,Medium
ORD_007553,CUST_01353,REST_0137,2025-02-25 05:25:26,Delivered,2325.24,394.85,3,UPI,Cloudy,High
ORD_007554,CUST_00196,REST_0150,2025-01-26 19:05:03,Delivered,569.35,60.14,4,Cash,Heavy Rain,High
ORD_007555,CUST_00400,REST_0104,2025-05-12 20:08:41,Delivered,158.02,3.44,1,UPI,Clear,High
ORD_007556,CUST_01380,REST_0071,2025-01-14 19:02:40,Delivered,195.57,23.77,1,Credit Card,Clear,Low
ORD_007557,CUST_01421,REST_0166,2025-02-02 16:59:38,Delivered,93.42,9.12,1,Debit Card,Rain,Low
ORD_007558,CUST_00729,REST_0154,2025-03-20 11:11:49,Delivered,2236.36,79.37,4,Wallet,Cloudy,Medium
ORD_007559,CUST_00559,REST_0175,2025-03-04 16:08:00,Delivered,636.85,48.46,3,Credit Card,Clear,Low
ORD_007560,CUST_00426,REST_0104,2025-02-19 22:12:00,Cancelled,388.42,0.0,4,Debit Card,Cloudy,Medium
ORD_007561,CUST_00752,REST_0067,2025-02-21 21:47:26,Delivered,195.29,18.51,2,Debit Card,Cloudy,Medium
ORD_007562,CUST_01404,REST_0063,2025-06-10 20:18:35,Delivered,182.48,33.87,2,UPI,Clear,Medium
ORD_007563,CUST_00228,REST_0137,2025-01-22 21:32:44,Delivered,2472.07,333.53,3,UPI,Rain,Medium
ORD_007564,CUST_00630,REST_0056,2025-05-18 19:14:38,Delivered,80.0,9.53,1,UPI,Clear,Low
ORD_007565,CUST_01368,REST_0167,2025-05-02 19:50:24,Delivered,322.41,30.68,5,Credit Card,Clear,Medium
ORD_007566,CUST_00523,REST_0059,2025-03-23 14:58:25,Delivered,736.49,168.87,4,Credit Card,Clear,High
ORD_007567,CUST_01154,REST_0023,2025-02-10 09:21:45,Delivered,183.18,4.98,1,Debit Card,Clear,Low
ORD_007568,CUST_00581,REST_0042,2025-02-06 12:13:03,Delivered,80.0,3.13,1,UPI,Clear,Medium
ORD_007569,CUST_01208,REST_0102,2025-01-24 21:00:01,Delivered,178.54,20.66,2,Credit Card,Rain,High
ORD_007570,CUST_01471,REST_0077,2025-01-13 13:16:56,Cancelled,80.0,0.0,1,Debit Card,Clear,High
ORD_007571,CUST_00579,REST_0127,2025-04-19 20:23:56,Delivered,406.9,42.19,2,UPI,Rain,High
ORD_007572,CUST_01269,REST_0142,2025-02-26 08:53:43,Delivered,255.69,22.73,3,UPI,Clear,Medium
ORD_007573,CUST_01482,REST_0124,2025-03-14 11:50:31,Delivered,291.47,72.45,3,UPI,Clear,Medium
ORD_007574,CUST_01475,REST_0016,2025-02-09 12:52:40,Delivered,629.03,71.52,3,UPI,Cloudy,Medium
ORD_007575,CUST_00652,REST_0093,2025-02-23 22:31:41,Delivered,507.16,123.8,6,UPI,Clear,Low
ORD_007576,CUST_00732,REST_0200,2025-06-25 13:37:42,Delivered,414.96,34.14,2,UPI,Clear,Medium
ORD_007577,CUST_00457,REST_0063,2025-01-23 08:13:00,Delivered,133.19,26.85,2,Cash,Clear,High
ORD_007578,CUST_00473,REST_0047,2025-02-06 12:08:14,Delivered,717.39,84.75,4,Credit Card,Heavy Rain,High
ORD_007579,CUST_00742,REST_0124,2025-03-29 07:47:40,Failed,218.96,0.0,3,Credit Card,Cloudy,Severe
ORD_007580,CUST_00302,REST_0042,2025-06-03 14:05:40,Delivered,80.0,7.68,1,Debit Card,Rain,High
ORD_007581,CUST_01071,REST_0013,2025-01-27 19:30:37,Delivered,453.1,24.41,3,Cash,Clear,High
ORD_007582,CUST_00807,REST_0042,2025-02-01 11:27:06,Delivered,255.58,15.94,6,UPI,Clear,Medium
ORD_007583,CUST_01349,REST_0140,2025-04-27 14:27:24,Delivered,295.25,10.22,3,Credit Card,Clear,Medium
ORD_007584,CUST_01217,REST_0160,2025-02-08 08:44:51,Delivered,3101.55,231.74,4,Wallet,Clear,Medium
ORD_007585,CUST_00485,REST_0073,2025-05-02 03:56:12,Delivered,1121.98,88.37,5,UPI,Clear,Medium
ORD_007586,CUST_00762,REST_0076,2025-03-04 12:24:22,Delivered,95.54,15.39,2,Credit Card,Cloudy,Medium
ORD_007587,CUST_01128,REST_0167,2025-01-30 14:06:53,Delivered,80.0,2.12,1,UPI,Cloudy,High
ORD_007588,CUST_00290,REST_0198,2025-04-19 19:59:01,Delivered,611.62,50.93,3,Credit Card,Clear,Medium
ORD_007589,CUST_00049,REST_0045,2025-06-15 20:51:51,Delivered,590.88,30.01,4,Credit Card,Clear,Medium
ORD_007590,CUST_01280,REST_0152,2025-02-18 18:34:00,Delivered,223.86,37.18,3,UPI,Cloudy,Medium
ORD_007591,CUST_00209,REST_0149,2025-02-09 14:10:53,Delivered,181.08,5.63,2,UPI,Clear,High
ORD_007592,CUST_01336,REST_0185,2025-05-08 21:07:49,Delivered,356.44,33.13,3,UPI,Clear,Medium
ORD_007593,CUST_01371,REST_0073,2025-01-18 13:14:21,Delivered,606.63,74.03,2,Debit Card,Clear,Medium
ORD_007594,CUST_00693,REST_0119,2025-06-15 19:44:58,Delivered,1785.42,228.03,6,Wallet,Rain,High
ORD_007595,CUST_01211,REST_0143,2025-04-08 20:48:32,Cancelled,656.17,0.0,2,Cash,Clear,Low
ORD_007596,CUST_00542,REST_0014,2025-03-19 15:40:18,Delivered,439.5,17.74,4,UPI,Clear,Medium
ORD_007597,CUST_01289,REST_0165,2025-04-14 11:54:01,Delivered,453.08,14.57,8,Credit Card,Rain,Low
ORD_007598,CUST_01237,REST_0041,2025-04-26 20:11:09,Delivered,3631.4,443.32,7,Credit Card,Clear,High
ORD_007599,CUST_00120,REST_0156,2025-03-17 20:56:00,Delivered,861.38,285.55,5,Wallet,Rain,High
ORD_007600,CUST_00878,REST_0058,2025-03-22 20:20:43,Delivered,410.9,50.68,3,Credit Card,Cloudy,Medium
ORD_007601,CUST_00966,REST_0193,2025-02-03 12:48:41,Delivered,362.11,24.75,6,UPI,Clear,Low
ORD_007602,CUST_00002,REST_0022,2025-06-22 12:13:45,Delivered,539.49,25.74,4,Credit Card,Clear,Medium
ORD_007603,CUST_01469,REST_0197,2025-04-19 18:15:00,Delivered,159.42,36.41,1,UPI,Clear,Low
ORD_007604,CUST_00610,REST_0192,2025-01-21 18:21:22,Delivered,783.89,18.99,4,UPI,Clear,High
ORD_007605,CUST_00780,REST_0173,2025-05-23 04:05:39,Delivered,699.01,10.9,2,Wallet,Cloudy,Medium
ORD_007606,CUST_00293,REST_0178,2025-06-12 14:22:19,Delivered,2438.28,109.65,3,UPI,Clear,Medium
ORD_007607,CUST_00921,REST_0155,2025-01-28 12:06:48,Delivered,247.53,17.98,2,Debit Card,Rain,Low
ORD_007608,CUST_01217,REST_0046,2025-01-24 19:27:06,Delivered,320.16,15.36,5,Debit Card,Rain,Medium
ORD_007609,CUST_00883,REST_0076,2025-01-15 13:59:30,Failed,118.74,0.0,2,UPI,Clear,Low
ORD_007610,CUST_01183,REST_0085,2025-03-10 11:59:09,Cancelled,184.65,0.0,1,Credit Card,Clear,Low
ORD_007611,CUST_01101,REST_0106,2025-02-20 13:06:55,Delivered,380.14,27.22,2,UPI,Clear,Medium
ORD_007612,CUST_00359,REST_0121,2025-06-09 21:46:08,Delivered,551.44,103.01,4,Credit Card,Clear,Medium
ORD_007613,CUST_00655,REST_0004,2025-04-01 22:42:05,Delivered,570.39,41.55,3,UPI,Rain,High
ORD_007614,CUST_00226,REST_0106,2025-03-20 22:19:52,Delivered,275.81,70.65,2,UPI,Cloudy,Medium
ORD_007615,CUST_00064,REST_0109,2025-05-23 16:15:00,Cancelled,493.63,0.0,5,Debit Card,Cloudy,High
ORD_007616,CUST_00096,REST_0168,2025-01-16 13:06:59,Delivered,1168.38,194.42,5,UPI,Clear,Low
ORD_007617,CUST_01416,REST_0086,2025-01-10 22:20:25,Delivered,552.51,28.86,3,UPI,Rain,High
ORD_007618,CUST_01476,REST_0003,2025-02-06 21:19:47,Delivered,240.88,25.99,1,Debit Card,Clear,High
ORD_007619,CUST_00145,REST_0113,2025-04-14 14:22:08,Delivered,80.0,4.99,1,Credit Card,Cloudy,Medium
ORD_007620,CUST_00503,REST_0151,2025-06-15 14:17:45,Delivered,81.08,14.25,2,Credit Card,Cloudy,Low
ORD_007621,CUST_00176,REST_0076,2025-01-02 14:16:53,Delivered,93.49,9.26,2,UPI,Clear,Medium
ORD_007622,CUST_01251,REST_0121,2025-03-10 14:26:00,Delivered,413.22,87.04,3,Cash,Clear,Low
ORD_007623,CUST_00748,REST_0071,2025-04-05 19:48:32,Failed,970.1,0.0,5,UPI,Cloudy,Medium
ORD_007624,CUST_00938,REST_0014,2025-04-16 21:03:00,Delivered,220.5,75.01,2,Debit Card,Clear,Medium
ORD_007625,CUST_00812,REST_0050,2025-02-02 11:02:36,Delivered,376.42,73.16,2,UPI,Cloudy,Medium
ORD_007626,CUST_01069,REST_0189,2025-02-14 04:08:56,Delivered,187.23,13.73,3,Debit Card,Rain,Medium
ORD_007627,CUST_00479,REST_0006,2025-06-17 13:56:23,Delivered,542.22,18.35,4,UPI,Rain,High
ORD_007628,CUST_00209,REST_0152,2025-06-23 22:23:52,Delivered,446.46,45.21,5,Cash,Cloudy,Medium
ORD_007629,CUST_00028,REST_0188,2025-05-18 18:56:54,Delivered,210.41,7.66,3,Debit Card,Clear,High
ORD_007630,CUST_00671,REST_0071,2025-06-21 18:42:47,Delivered,407.23,76.24,2,UPI,Clear,Low
ORD_007631,CUST_01363,REST_0038,2025-03-18 22:45:38,Delivered,1345.62,50.25,4,UPI,Cloudy,Medium
ORD_007632,CUST_00460,REST_0139,2025-05-20 21:18:39,Delivered,211.69,16.25,5,UPI,Cloudy,Low
ORD_007633,CUST_00295,REST_0145,2025-03-09 12:33:22,Cancelled,219.69,0.0,3,UPI,Clear,High
ORD_007634,CUST_01390,REST_0126,2025-04-28 10:59:52,Delivered,300.53,36.99,2,UPI,Clear,Low
ORD_007635,CUST_00161,REST_0046,2025-01-07 09:03:52,Delivered,304.72,37.27,3,UPI,Cloudy,Medium
ORD_007636,CUST_00080,REST_0074,2025-05-16 21:52:25,Delivered,1057.89,104.11,3,Wallet,Cloudy,Medium
ORD_007637,CUST_01322,REST_0129,2025-06-23 18:43:35,Delivered,357.23,47.16,2,UPI,Cloudy,High
ORD_007638,CUST_01055,REST_0061,2025-02-10 18:17:26,Delivered,598.2,132.35,5,UPI,Rain,Severe
ORD_007639,CUST_00633,REST_0058,2025-03-11 08:04:56,Delivered,311.62,12.89,3,UPI,Rain,Medium
ORD_007640,CUST_01131,REST_0200,2025-06-06 14:11:24,Delivered,1072.13,305.75,3,Credit Card,Clear,Medium
ORD_007641,CUST_01116,REST_0130,2025-06-11 13:23:50,Delivered,740.89,68.38,3,UPI,Clear,Medium
ORD_007642,CUST_00061,REST_0011,2025-04-23 08:09:04,Cancelled,493.06,0.0,5,UPI,Rain,Medium
ORD_007643,CUST_01020,REST_0090,2025-03-30 20:27:00,Delivered,2430.15,344.61,5,UPI,Clear,Low
ORD_007644,CUST_00967,REST_0078,2025-02-14 20:48:46,Delivered,646.49,41.22,3,Credit Card,Heavy Rain,Low
ORD_007645,CUST_01447,REST_0088,2025-06-17 13:26:07,Delivered,281.4,69.01,5,UPI,Clear,Low
ORD_007646,CUST_01451,REST_0093,2025-01-27 11:03:43,Delivered,742.79,95.09,7,UPI,Clear,Medium
ORD_007647,CUST_00564,REST_0114,2025-01-31 21:24:27,Delivered,159.44,38.74,1,Cash,Clear,Medium
ORD_007648,CUST_00890,REST_0057,2025-05-27 06:22:56,Delivered,882.89,52.12,4,UPI,Rain,Low
ORD_007649,CUST_00215,REST_0189,2025-04-19 13:49:50,Delivered,193.81,50.19,2,UPI,Cloudy,Medium
ORD_007650,CUST_00102,REST_0112,2025-02-27 01:48:56,Delivered,3747.35,1000.0,7,UPI,Cloudy,Low
ORD_007651,CUST_00650,REST_0193,2025-05-11 07:44:34,Delivered,190.5,28.72,3,Credit Card,Cloudy,Low
ORD_007652,CUST_01040,REST_0125,2025-01-02 13:53:47,Delivered,808.07,54.47,5,Credit Card,Clear,High
ORD_007653,CUST_00854,REST_0188,2025-06-06 13:19:33,Delivered,203.93,18.97,3,Credit Card,Clear,Medium
ORD_007654,CUST_00646,REST_0131,2025-02-09 13:25:55,Delivered,1383.61,60.58,5,Cash,Clear,Low
ORD_007655,CUST_01228,REST_0046,2025-06-09 15:40:28,Delivered,310.07,49.44,4,Credit Card,Clear,High
ORD_007656,CUST_01192,REST_0022,2025-04-26 14:50:11,Delivered,284.62,29.1,3,UPI,Cloudy,High
ORD_007657,CUST_01102,REST_0037,2025-03-04 08:47:00,Delivered,627.56,253.79,3,UPI,Clear,Medium
ORD_007658,CUST_00118,REST_0005,2025-03-31 22:28:28,Delivered,125.68,33.01,2,UPI,Clear,Low
ORD_007659,CUST_01196,REST_0134,2025-04-02 19:02:22,Delivered,574.73,51.58,2,Debit Card,Clear,High
ORD_007660,CUST_01380,REST_0060,2025-04-25 12:03:54,Cancelled,886.93,0.0,3,UPI,Clear,High
ORD_007661,CUST_00091,REST_0012,2025-05-22 21:27:38,Delivered,2174.51,244.05,4,Wallet,Clear,Medium
ORD_007662,CUST_00601,REST_0133,2025-04-18 22:19:27,Delivered,1151.73,257.48,4,UPI,Clear,Medium
ORD_007663,CUST_01482,REST_0154,2025-05-04 01:12:10,Delivered,1111.66,164.51,3,UPI,Cloudy,Medium
ORD_007664,CUST_00904,REST_0168,2025-04-12 16:41:55,Delivered,1206.81,79.09,4,UPI,Clear,High
ORD_007665,CUST_00774,REST_0033,2025-05-23 00:04:27,Delivered,163.99,25.76,1,Credit Card,Cloudy,Low
ORD_007666,CUST_00267,REST_0192,2025-06-19 18:52:49,Delivered,131.92,27.01,1,UPI,Clear,Medium
ORD_007667,CUST_00851,REST_0107,2025-06-12 22:23:52,Delivered,451.54,81.14,6,Credit Card,Clear,Low
ORD_007668,CUST_00660,REST_0102,2025-06-08 18:50:03,Delivered,512.02,59.18,8,UPI,Clear,Medium
ORD_007669,CUST_00194,REST_0042,2025-05-11 10:08:03,Delivered,80.0,22.34,1,UPI,Clear,Medium
ORD_007670,CUST_00699,REST_0094,2025-04-28 21:59:10,Delivered,102.4,1.58,1,Wallet,Cloudy,High
ORD_007671,CUST_00249,REST_0004,2025-06-13 09:07:01,Delivered,1325.91,83.74,4,UPI,Clear,Medium
ORD_007672,CUST_01100,REST_0161,2025-02-19 22:20:50,Delivered,732.62,68.75,2,UPI,Rain,High
ORD_007673,CUST_01461,REST_0038,2025-03-03 20:13:57,Delivered,182.57,4.22,1,UPI,Clear,Medium
ORD_007674,CUST_00708,REST_0154,2025-01-23 21:15:16,Failed,784.54,0.0,1,UPI,Rain,Medium
ORD_007675,CUST_00953,REST_0068,2025-05-26 17:55:25,Delivered,1128.02,313.87,4,UPI,Cloudy,Medium
ORD_007676,CUST_00648,REST_0003,2025-06-22 12:30:39,Delivered,429.03,39.37,3,Credit Card,Rain,Medium
ORD_007677,CUST_00210,REST_0192,2025-02-01 12:34:35,Delivered,468.07,164.49,3,UPI,Clear,Medium
ORD_007678,CUST_01456,REST_0013,2025-04-02 20:42:28,Delivered,475.84,148.22,2,Wallet,Clear,Medium
ORD_007679,CUST_00198,REST_0136,2025-02-12 14:27:33,Delivered,373.51,46.73,1,Credit Card,Clear,Medium
ORD_007680,CUST_00171,REST_0137,2025-01-31 20:31:28,Delivered,2622.01,81.77,3,UPI,Cloudy,Medium
ORD_007681,CUST_00691,REST_0057,2025-03-14 22:11:59,Delivered,867.72,60.11,3,UPI,Clear,High
ORD_007682,CUST_00995,REST_0115,2025-06-28 19:27:49,Delivered,281.54,19.84,2,Debit Card,Clear,Low
ORD_007683,CUST_00531,REST_0035,2025-05-29 17:33:46,Delivered,247.24,8.93,2,UPI,Clear,High
ORD_007684,CUST_00289,REST_0066,2025-01-24 22:45:50,Delivered,509.82,66.4,3,UPI,Heavy Rain,High
ORD_007685,CUST_01229,REST_0139,2025-04-21 20:37:53,Delivered,170.21,28.94,3,Wallet,Clear,Medium
ORD_007686,CUST_00542,REST_0197,2025-02-22 19:59:40,Delivered,292.08,29.89,2,UPI,Clear,Medium
ORD_007687,CUST_00292,REST_0091,2025-03-18 08:57:00,Delivered,234.65,44.57,3,Debit Card,Cloudy,Low
ORD_007688,CUST_00545,REST_0165,2025-04-23 22:23:10,Delivered,194.19,15.99,3,UPI,Clear,Low
ORD_007689,CUST_00324,REST_0154,2025-04-22 22:22:46,Delivered,5000.0,127.73,8,Debit Card,Clear,Medium
ORD_007690,CUST_00783,REST_0102,2025-04-19 13:31:27,Delivered,278.0,9.14,4,UPI,Cloudy,Medium
ORD_007691,CUST_01009,REST_0081,2025-06-21 13:57:43,Delivered,251.76,30.82,5,UPI,Clear,Medium
ORD_007692,CUST_01199,REST_0139,2025-02-20 20:32:19,Delivered,113.49,0.59,3,UPI,Clear,High
ORD_007693,CUST_00344,REST_0124,2025-01-30 11:21:21,Cancelled,80.0,0.0,1,UPI,Clear,Medium
ORD_007694,CUST_00252,REST_0192,2025-06-06 19:52:47,Delivered,265.14,21.7,2,UPI,Cloudy,Medium
ORD_007695,CUST_00031,REST_0102,2025-05-19 13:25:58,Delivered,93.95,13.17,2,Credit Card,Heavy Rain,High
ORD_007696,CUST_00345,REST_0034,2025-04-24 18:03:09,Delivered,282.3,92.16,3,Credit Card,Clear,Medium
ORD_007697,CUST_00037,REST_0114,2025-02-08 08:40:29,Delivered,222.28,11.62,2,UPI,Clear,High
ORD_007698,CUST_00517,REST_0115,2025-03-23 12:09:00,Delivered,300.65,89.32,2,UPI,Clear,Low
ORD_007699,CUST_00221,REST_0109,2025-02-05 18:09:12,Delivered,597.35,68.28,4,UPI,Clear,Low
ORD_007700,CUST_00873,REST_0139,2025-03-11 12:58:57,Delivered,92.35,16.82,2,Wallet,Clear,Medium
ORD_007701,CUST_00573,REST_0171,2025-02-06 21:39:09,Failed,1758.63,0.0,4,UPI,Cloudy,Medium
ORD_007702,CUST_00143,REST_0139,2025-01-12 11:29:00,Delivered,99.79,11.19,2,UPI,Clear,Low
ORD_007703,CUST_00598,REST_0180,2025-02-05 22:23:37,Delivered,80.0,7.48,1,Wallet,Cloudy,Medium
ORD_007704,CUST_00315,REST_0182,2025-01-21 21:57:17,Delivered,624.78,27.55,2,UPI,Clear,Low
ORD_007705,CUST_01025,REST_0035,2025-05-21 22:20:17,Cancelled,553.04,0.0,3,UPI,Rain,High
ORD_007706,CUST_00544,REST_0112,2025-02-15 08:04:04,Delivered,1805.66,72.72,3,UPI,Rain,Low
ORD_007707,CUST_00224,REST_0070,2025-01-31 21:12:48,Delivered,219.11,1.29,3,Wallet,Cloudy,High
ORD_007708,CUST_00523,REST_0078,2025-03-16 20:23:12,Delivered,1333.92,190.56,6,UPI,Clear,Medium
ORD_007709,CUST_00339,REST_0124,2025-05-02 21:28:27,Delivered,160.56,12.28,2,Credit Card,Clear,Medium
ORD_007710,CUST_01195,REST_0103,2025-04-12 17:21:19,Delivered,1635.68,165.59,2,Wallet,Cloudy,High
ORD_007711,CUST_01474,REST_0126,2025-03-12 09:09:00,Delivered,238.59,18.36,2,Cash,Cloudy,High
ORD_007712,CUST_00040,REST_0049,2025-01-13 20:42:23,Delivered,777.12,196.86,3,Cash,Cloudy,Low
ORD_007713,CUST_01040,REST_0172,2025-06-25 14:04:53,Delivered,2250.4,22.46,3,Wallet,Clear,High
ORD_007714,CUST_00398,REST_0061,2025-05-22 11:13:09,Delivered,433.36,79.78,4,UPI,Clear,Medium
ORD_007715,CUST_00102,REST_0171,2025-05-30 21:16:00,Delivered,3404.35,226.69,4,Debit Card,Cloudy,High
ORD_007716,CUST_00022,REST_0072,2025-05-22 06:34:54,Delivered,680.64,52.21,4,UPI,Clear,Medium
ORD_007717,CUST_01324,REST_0050,2025-04-27 19:55:44,Delivered,757.84,25.58,3,Credit Card,Cloudy,Low
ORD_007718,CUST_00529,REST_0140,2025-02-26 20:08:49,Delivered,124.07,7.69,2,Credit Card,Heavy Rain,Medium
ORD_007719,CUST_01492,REST_0001,2025-02-23 16:47:31,Delivered,139.62,2.76,2,Cash,Rain,Medium
ORD_007720,CUST_00665,REST_0162,2025-03-17 12:44:00,Delivered,1000.44,177.73,3,UPI,Clear,Medium
ORD_007721,CUST_00281,REST_0028,2025-05-07 18:23:28,Delivered,852.79,354.2,4,UPI,Clear,Medium
ORD_007722,CUST_01167,REST_0197,2025-01-30 09:06:00,Delivered,439.38,32.52,3,Wallet,Clear,Medium
ORD_007723,CUST_01390,REST_0049,2025-05-04 19:37:02,Cancelled,1046.82,0.0,5,Credit Card,Cloudy,Medium
ORD_007724,CUST_01224,REST_0192,2025-05-24 18:44:04,Cancelled,1140.88,0.0,6,Credit Card,Clear,High
ORD_007725,CUST_01121,REST_0093,2025-05-03 20:35:24,Delivered,334.79,11.62,3,UPI,Rain,Medium
ORD_007726,CUST_00502,REST_0088,2025-02-22 21:07:20,Delivered,108.58,10.59,2,UPI,Rain,Medium
ORD_007727,CUST_00099,REST_0048,2025-02-20 17:08:31,Delivered,301.46,14.74,4,UPI,Clear,High
ORD_007728,CUST_00303,REST_0165,2025-01-23 20:07:34,Delivered,188.29,4.75,4,Credit Card,Rain,Medium
ORD_007729,CUST_00673,REST_0055,2025-02-23 22:51:28,Delivered,469.17,76.16,4,Debit Card,Clear,Medium
ORD_007730,CUST_01436,REST_0017,2025-06-28 20:36:23,Delivered,821.52,132.33,4,Wallet,Clear,Low
ORD_007731,CUST_01088,REST_0069,2025-05-29 11:55:10,Delivered,408.93,149.76,2,UPI,Clear,Medium
ORD_007732,CUST_01242,REST_0074,2025-04-11 17:53:00,Delivered,1141.19,143.96,2,UPI,Clear,Medium
ORD_007733,CUST_00417,REST_0009,2025-05-26 11:57:55,Delivered,1891.88,232.47,3,Credit Card,Clear,High
ORD_007734,CUST_01030,REST_0159,2025-04-21 17:15:00,Delivered,185.44,25.32,2,Credit Card,Rain,Medium
ORD_007735,CUST_01296,REST_0045,2025-02-21 08:21:19,Failed,806.69,0.0,6,Credit Card,Clear,Medium
ORD_007736,CUST_00722,REST_0172,2025-04-17 22:22:30,Delivered,2844.84,532.44,3,UPI,Rain,Medium
ORD_007737,CUST_00646,REST_0060,2025-06-03 11:20:16,Delivered,594.89,61.62,2,UPI,Cloudy,Medium
ORD_007738,CUST_01084,REST_0072,2025-02-22 22:21:48,Delivered,495.77,45.11,3,UPI,Clear,High
ORD_007739,CUST_00843,REST_0093,2025-05-27 19:54:38,Delivered,415.06,95.34,5,Debit Card,Clear,Medium
ORD_007740,CUST_01490,REST_0117,2025-03-28 09:50:54,Delivered,286.07,60.69,2,UPI,Clear,Medium
ORD_007741,CUST_00638,REST_0078,2025-02-01 18:32:57,Delivered,705.33,39.09,4,UPI,Cloudy,High
ORD_007742,CUST_00265,REST_0124,2025-05-15 11:03:22,Delivered,239.96,14.49,3,UPI,Cloudy,High
ORD_007743,CUST_00711,REST_0152,2025-03-25 12:28:42,Delivered,454.75,130.31,5,Wallet,Clear,Low
ORD_007744,CUST_00356,REST_0032,2025-04-11 22:19:24,Delivered,1988.49,271.24,6,Credit Card,Clear,Medium
ORD_007745,CUST_00844,REST_0109,2025-04-16 13:56:09,Delivered,235.75,7.62,2,UPI,Rain,High
ORD_007746,CUST_00192,REST_0130,2025-04-13 10:39:49,Delivered,727.69,102.6,4,UPI,Clear,Low
ORD_007747,CUST_01427,REST_0178,2025-05-28 22:22:10,Delivered,2893.6,220.32,4,Debit Card,Clear,Medium
ORD_007748,CUST_01292,REST_0107,2025-05-16 14:24:38,Delivered,198.05,72.99,3,Credit Card,Clear,Low
ORD_007749,CUST_00236,REST_0005,2025-04-08 09:40:22,Delivered,213.18,83.86,3,UPI,Cloudy,Low
ORD_007750,CUST_00259,REST_0197,2025-05-29 16:22:18,Delivered,648.92,62.76,5,Credit Card,Rain,Severe
ORD_007751,CUST_00772,REST_0190,2025-05-13 11:34:11,Delivered,775.22,131.74,1,UPI,Rain,Low
ORD_007752,CUST_01160,REST_0063,2025-04-13 11:11:26,Delivered,300.41,29.85,4,UPI,Clear,Medium
ORD_007753,CUST_00330,REST_0138,2025-03-14 09:05:00,Delivered,525.1,91.69,5,UPI,Cloudy,Medium
ORD_007754,CUST_00093,REST_0030,2025-04-16 18:34:49,Delivered,364.82,32.1,4,UPI,Rain,High
ORD_007755,CUST_00820,REST_0178,2025-05-24 22:10:42,Delivered,2387.17,193.9,3,UPI,Rain,High
ORD_007756,CUST_01042,REST_0066,2025-01-28 20:45:16,Delivered,482.65,32.67,3,UPI,Clear,Low
ORD_007757,CUST_00369,REST_0082,2025-01-19 18:09:58,Cancelled,267.72,0.0,2,Cash,Clear,High
ORD_007758,CUST_01113,REST_0016,2025-02-24 21:42:38,Delivered,304.77,27.81,2,UPI,Rain,Low
ORD_007759,CUST_01428,REST_0055,2025-04-26 11:21:01,Delivered,496.05,14.26,3,UPI,Clear,High
ORD_007760,CUST_00208,REST_0074,2025-04-07 23:18:54,Delivered,3417.82,1000.0,5,Wallet,Clear,Low
ORD_007761,CUST_00770,REST_0049,2025-04-22 13:18:24,Delivered,1043.4,214.35,4,UPI,Clear,Low
ORD_007762,CUST_00087,REST_0116,2025-03-22 21:00:00,Delivered,234.69,9.74,2,UPI,Cloudy,Low
ORD_007763,CUST_00312,REST_0016,2025-03-15 18:49:00,Delivered,378.94,22.3,2,UPI,Clear,Severe
ORD_007764,CUST_00137,REST_0057,2025-01-02 11:29:03,Delivered,2496.54,308.74,7,Debit Card,Clear,Medium
ORD_007765,CUST_00605,REST_0150,2025-02-17 14:44:32,Delivered,660.7,44.28,4,UPI,Cloudy,Medium
ORD_007766,CUST_01232,REST_0190,2025-05-21 06:31:27,Delivered,1500.41,115.8,2,Credit Card,Clear,High
ORD_007767,CUST_00869,REST_0158,2025-02-06 14:24:29,Delivered,80.0,4.2,2,UPI,Clear,Medium
ORD_007768,CUST_00336,REST_0190,2025-05-14 12:08:05,Delivered,1333.87,345.6,2,Cash,Cloudy,Medium
ORD_007769,CUST_00061,REST_0176,2025-06-06 20:21:01,Delivered,354.18,75.39,2,UPI,Clear,Low
ORD_007770,CUST_00833,REST_0123,2025-04-05 14:41:04,Delivered,264.06,39.94,2,UPI,Clear,Low
ORD_007771,CUST_00202,REST_0190,2025-03-13 12:15:00,Delivered,2879.98,126.24,4,Credit Card,Clear,Medium
ORD_007772,CUST_00513,REST_0032,2025-04-30 11:49:42,Delivered,453.15,62.59,2,Credit Card,Clear,High
ORD_007773,CUST_00768,REST_0142,2025-04-07 14:39:30,Delivered,244.3,37.56,3,UPI,Clear,High
ORD_007774,CUST_01357,REST_0120,2025-01-03 15:54:07,Delivered,131.65,2.55,1,UPI,Clear,High
ORD_007775,CUST_00125,REST_0043,2025-03-31 17:22:00,Delivered,671.83,95.89,4,UPI,Cloudy,High
ORD_007776,CUST_01009,REST_0071,2025-03-28 21:29:52,Delivered,1274.5,128.91,5,UPI,Clear,Medium
ORD_007777,CUST_00022,REST_0023,2025-02-15 08:06:46,Delivered,167.16,18.39,1,Credit Card,Clear,Low
ORD_007778,CUST_00950,REST_0105,2025-02-13 20:14:14,Delivered,1223.82,143.71,6,UPI,Clear,Medium
ORD_007779,CUST_00829,REST_0036,2025-02-28 20:10:19,Delivered,1537.22,131.04,3,UPI,Cloudy,Medium
ORD_007780,CUST_01219,REST_0083,2025-02-14 15:44:00,Delivered,2496.54,710.87,3,UPI,Cloudy,Medium
ORD_007781,CUST_00800,REST_0051,2025-03-25 11:50:37,Delivered,257.09,4.4,2,UPI,Clear,Low
ORD_007782,CUST_00528,REST_0039,2025-01-08 22:41:32,Delivered,423.41,39.92,2,Cash,Rain,High
ORD_007783,CUST_00367,REST_0164,2025-03-31 13:55:38,Failed,714.82,0.0,4,UPI,Clear,High
ORD_007784,CUST_00130,REST_0105,2025-05-16 08:38:13,Cancelled,693.48,0.0,4,UPI,Clear,Medium
ORD_007785,CUST_00804,REST_0132,2025-04-20 19:37:00,Delivered,584.5,15.97,3,Credit Card,Clear,High
ORD_007786,CUST_01335,REST_0117,2025-05-12 23:10:19,Delivered,1064.59,184.55,3,Debit Card,Clear,Low
ORD_007787,CUST_00776,REST_0191,2025-01-19 08:01:40,Delivered,136.7,12.97,1,UPI,Heavy Rain,Medium
ORD_007788,CUST_01112,REST_0137,2025-06-26 06:03:26,Delivered,1042.02,97.16,2,UPI,Rain,Low
ORD_007789,CUST_00449,REST_0072,2025-02-08 17:02:25,Delivered,165.76,20.89,1,Credit Card,Clear,Medium
ORD_007790,CUST_00675,REST_0193,2025-04-08 13:15:00,Delivered,109.83,17.61,2,UPI,Clear,Medium
ORD_007791,CUST_00487,REST_0059,2025-05-24 22:18:15,Delivered,324.03,38.06,2,UPI,Cloudy,Medium
ORD_007792,CUST_00167,REST_0019,2025-03-31 21:47:00,Delivered,210.04,19.1,4,Credit Card,Cloudy,High
ORD_007793,CUST_00625,REST_0194,2025-06-12 19:02:31,Delivered,208.82,20.44,4,Credit Card,Cloudy,Low
ORD_007794,CUST_01149,REST_0163,2025-05-21 23:40:07,Cancelled,1833.33,0.0,6,Credit Card,Clear,Medium
ORD_007795,CUST_00590,REST_0165,2025-04-21 20:13:10,Delivered,180.95,6.94,4,UPI,Clear,Low
ORD_007796,CUST_00982,REST_0022,2025-06-27 14:35:02,Failed,211.82,0.0,2,Wallet,Cloudy,Low
ORD_007797,CUST_01141,REST_0182,2025-03-18 09:44:26,Delivered,1267.57,15.07,4,UPI,Clear,Medium
ORD_007798,CUST_00485,REST_0117,2025-03-13 22:21:37,Delivered,1221.64,343.82,4,UPI,Clear,Medium
ORD_007799,CUST_01197,REST_0188,2025-05-17 09:58:39,Cancelled,219.11,0.0,3,UPI,Rain,Medium
ORD_007800,CUST_00508,REST_0061,2025-01-29 13:36:49,Delivered,280.29,7.96,2,Debit Card,Rain,Medium
ORD_007801,CUST_00387,REST_0194,2025-04-22 20:28:27,Delivered,139.91,36.28,3,Credit Card,Cloudy,Medium
ORD_007802,CUST_00336,REST_0126,2025-04-08 08:37:00,Delivered,825.7,320.99,5,UPI,Cloudy,Medium
ORD_007803,CUST_00301,REST_0186,2025-02-07 10:11:32,Delivered,264.56,29.4,4,UPI,Cloudy,Low
ORD_007804,CUST_01109,REST_0049,2025-01-01 15:27:52,Delivered,963.29,147.98,3,UPI,Clear,Medium
ORD_007805,CUST_01334,REST_0046,2025-03-19 12:48:44,Delivered,431.72,62.77,4,Cash,Cloudy,Medium
ORD_007806,CUST_00349,REST_0133,2025-05-03 16:19:47,Delivered,716.49,82.09,3,UPI,Clear,High
ORD_007807,CUST_00130,REST_0089,2025-03-26 21:51:19,Delivered,575.44,26.72,3,UPI,Clear,Low
ORD_007808,CUST_00472,REST_0165,2025-06-22 21:01:33,Delivered,235.8,35.29,3,UPI,Clear,Low
ORD_007809,CUST_00994,REST_0006,2025-01-26 11:29:55,Delivered,329.16,38.28,3,UPI,Clear,Low
ORD_007810,CUST_00550,REST_0152,2025-03-06 12:00:45,Delivered,635.11,134.13,6,UPI,Clear,Medium
ORD_007811,CUST_00826,REST_0074,2025-05-18 13:56:39,Delivered,1129.09,85.22,2,UPI,Clear,Medium
ORD_007812,CUST_01120,REST_0150,2025-03-07 21:03:55,Delivered,748.81,128.7,4,UPI,Clear,High
ORD_007813,CUST_00612,REST_0120,2025-01-12 01:40:22,Delivered,754.82,167.08,5,Wallet,Clear,Low
ORD_007814,CUST_01500,REST_0168,2025-06-10 19:59:48,Delivered,659.59,22.55,2,UPI,Rain,High
ORD_007815,CUST_00449,REST_0023,2025-03-21 18:39:51,Delivered,443.23,134.93,3,Credit Card,Clear,Medium
ORD_007816,CUST_01467,REST_0122,2025-06-03 20:26:46,Delivered,314.35,26.52,4,UPI,Rain,High
ORD_007817,CUST_00306,REST_0165,2025-06-07 21:30:33,Cancelled,80.0,0.0,1,Cash,Rain,Severe
ORD_007818,CUST_00170,REST_0001,2025-03-25 19:46:07,Delivered,328.67,21.86,4,UPI,Clear,High
ORD_007819,CUST_01129,REST_0073,2025-04-16 17:56:08,Delivered,1412.06,74.96,5,UPI,Clear,High
ORD_007820,CUST_01057,REST_0050,2025-03-22 15:06:00,Delivered,1385.99,50.87,5,UPI,Clear,Medium
ORD_007821,CUST_01218,REST_0117,2025-06-16 22:07:23,Delivered,580.3,121.4,2,UPI,Clear,Low
ORD_007822,CUST_00514,REST_0051,2025-05-27 14:17:20,Delivered,507.13,72.39,5,Cash,Clear,High
ORD_007823,CUST_01398,REST_0014,2025-04-26 08:44:00,Delivered,196.85,63.56,3,Wallet,Clear,Medium
ORD_007824,CUST_00183,REST_0004,2025-05-03 21:02:55,Delivered,521.69,114.31,2,UPI,Cloudy,Medium
ORD_007825,CUST_00047,REST_0070,2025-02-14 13:02:29,Delivered,376.8,95.65,4,UPI,Clear,Medium
ORD_007826,CUST_00453,REST_0200,2025-01-06 19:21:20,Delivered,1314.93,189.84,4,UPI,Cloudy,Medium
ORD_007827,CUST_01197,REST_0139,2025-06-15 17:05:28,Delivered,180.92,10.49,4,UPI,Clear,Low
ORD_007828,CUST_01015,REST_0122,2025-04-20 16:21:59,Delivered,133.78,9.94,2,Debit Card,Rain,Severe
ORD_007829,CUST_00656,REST_0060,2025-06-28 19:29:42,Delivered,1169.99,72.34,6,Wallet,Cloudy,Medium
ORD_007830,CUST_00387,REST_0011,2025-05-09 14:44:07,Delivered,317.74,73.62,3,UPI,Clear,Low
ORD_007831,CUST_00091,REST_0124,2025-02-03 22:07:11,Delivered,221.28,1.77,2,Credit Card,Rain,Medium
ORD_007832,CUST_00506,REST_0045,2025-02-12 15:30:41,Delivered,350.93,11.91,2,UPI,Rain,Medium
ORD_007833,CUST_00692,REST_0186,2025-06-10 18:26:23,Delivered,538.45,61.01,5,UPI,Clear,Severe
ORD_007834,CUST_01035,REST_0011,2025-04-23 21:03:11,Delivered,359.52,62.06,4,UPI,Clear,Medium
ORD_007835,CUST_00975,REST_0129,2025-03-25 19:53:57,Delivered,592.08,78.27,3,UPI,Cloudy,Medium
ORD_007836,CUST_01423,REST_0167,2025-02-27 21:55:59,Delivered,193.31,15.24,3,Cash,Clear,High
ORD_007837,CUST_00154,REST_0176,2025-01-01 20:43:30,Delivered,957.5,116.4,5,UPI,Clear,Medium
ORD_007838,CUST_00505,REST_0094,2025-03-06 16:55:00,Delivered,611.71,132.28,4,Credit Card,Clear,Medium
ORD_007839,CUST_00725,REST_0183,2025-02-21 23:34:15,Delivered,519.43,43.29,3,Credit Card,Cloudy,Low
ORD_007840,CUST_01012,REST_0071,2025-05-10 20:06:34,Delivered,852.58,181.74,4,UPI,Clear,Medium
ORD_007841,CUST_00747,REST_0111,2025-04-30 21:45:28,Delivered,4375.54,212.78,6,Debit Card,Clear,Medium
ORD_007842,CUST_01370,REST_0050,2025-05-09 13:06:02,Delivered,792.58,65.74,3,Debit Card,Rain,High
ORD_007843,CUST_00918,REST_0008,2025-04-10 14:24:46,Cancelled,1076.2,0.0,4,UPI,Rain,Medium
ORD_007844,CUST_00061,REST_0048,2025-01-01 20:30:36,Delivered,433.79,15.09,4,Debit Card,Clear,Medium
ORD_007845,CUST_00174,REST_0115,2025-04-23 04:19:29,Delivered,673.96,97.84,4,UPI,Heavy Rain,Low
ORD_007846,CUST_01133,REST_0074,2025-03-20 21:17:31,Delivered,2039.88,446.71,4,Wallet,Clear,Medium
ORD_007847,CUST_01078,REST_0119,2025-05-27 06:32:21,Delivered,2660.09,419.99,6,UPI,Clear,Medium
ORD_007848,CUST_00233,REST_0004,2025-04-19 20:03:49,Delivered,885.98,164.07,3,Debit Card,Cloudy,Medium
ORD_007849,CUST_00090,REST_0054,2025-04-10 19:04:18,Delivered,454.27,19.27,2,Cash,Cloudy,High
ORD_007850,CUST_00872,REST_0147,2025-06-16 16:06:11,Delivered,80.0,24.8,1,UPI,Clear,Low
ORD_007851,CUST_00959,REST_0188,2025-01-10 21:20:12,Delivered,80.0,11.73,1,Debit Card,Cloudy,High
ORD_007852,CUST_00205,REST_0183,2025-05-07 22:08:50,Delivered,1202.16,70.93,5,UPI,Heavy Rain,Medium
ORD_007853,CUST_00714,REST_0085,2025-03-29 14:57:10,Delivered,305.39,12.58,2,UPI,Cloudy,Severe
ORD_007854,CUST_00461,REST_0141,2025-06-13 18:20:43,Cancelled,319.05,0.0,3,Credit Card,Clear,Medium
ORD_007855,CUST_01399,REST_0015,2025-04-10 19:13:28,Delivered,410.98,64.89,4,Debit Card,Cloudy,Low
ORD_007856,CUST_00331,REST_0005,2025-05-09 22:43:58,Delivered,174.79,22.13,3,UPI,Clear,Low
ORD_007857,CUST_01103,REST_0072,2025-03-28 19:10:26,Delivered,412.52,17.84,2,Debit Card,Cloudy,High
ORD_007858,CUST_00781,REST_0195,2025-02-05 20:41:07,Delivered,667.33,34.23,3,Debit Card,Cloudy,Low
ORD_007859,CUST_00018,REST_0115,2025-02-15 13:51:25,Delivered,327.24,21.85,5,Wallet,Heavy Rain,High
ORD_007860,CUST_00779,REST_0130,2025-02-04 14:58:03,Delivered,732.15,278.9,3,Credit Card,Clear,Low
ORD_007861,CUST_00152,REST_0045,2025-03-18 09:09:00,Delivered,335.27,15.86,2,UPI,Cloudy,Medium
ORD_007862,CUST_00995,REST_0100,2025-06-20 12:13:42,Delivered,1206.4,232.29,5,Credit Card,Rain,Low
ORD_007863,CUST_00851,REST_0133,2025-01-14 07:02:33,Delivered,495.2,71.25,2,Wallet,Clear,Medium
ORD_007864,CUST_00016,REST_0124,2025-04-14 17:40:04,Delivered,278.98,53.38,4,UPI,Clear,High
ORD_007865,CUST_00308,REST_0071,2025-04-27 11:42:42,Delivered,1011.48,137.26,5,Credit Card,Cloudy,Medium
ORD_007866,CUST_01166,REST_0029,2025-04-26 15:12:25,Delivered,476.93,60.79,2,UPI,Clear,Low
ORD_007867,CUST_00415,REST_0073,2025-03-14 17:30:04,Delivered,1113.21,49.86,4,Credit Card,Cloudy,High
ORD_007868,CUST_00752,REST_0099,2025-05-15 12:13:23,Delivered,2030.84,184.63,6,Credit Card,Clear,Low
ORD_007869,CUST_00470,REST_0099,2025-06-19 14:46:47,Delivered,1690.77,47.19,6,Wallet,Rain,Medium
ORD_007870,CUST_01383,REST_0163,2025-05-03 18:46:07,Delivered,674.04,104.68,2,UPI,Clear,Low
ORD_007871,CUST_00807,REST_0188,2025-05-29 09:23:12,Delivered,153.58,18.03,2,UPI,Rain,High
ORD_007872,CUST_01049,REST_0016,2025-04-23 18:45:24,Delivered,558.11,83.12,3,Cash,Rain,High
ORD_007873,CUST_00128,REST_0117,2025-04-19 20:38:07,Cancelled,1192.99,0.0,4,Debit Card,Clear,High
ORD_007874,CUST_00062,REST_0152,2025-06-08 01:46:38,Cancelled,271.41,0.0,3,UPI,Cloudy,Low
ORD_007875,CUST_00391,REST_0115,2025-04-27 11:50:56,Delivered,366.09,58.68,2,UPI,Cloudy,Medium
ORD_007876,CUST_00466,REST_0019,2025-02-04 14:06:52,Failed,454.55,0.0,7,UPI,Clear,Low
ORD_007877,CUST_01036,REST_0113,2025-03-10 14:19:00,Delivered,490.68,9.64,6,Credit Card,Clear,High
ORD_007878,CUST_00857,REST_0180,2025-06-12 22:52:21,Delivered,80.0,5.53,1,Debit Card,Clear,Low
ORD_007879,CUST_00559,REST_0058,2025-05-17 16:07:29,Delivered,125.2,19.86,1,UPI,Cloudy,High
ORD_007880,CUST_00988,REST_0199,2025-04-30 08:30:21,Delivered,158.93,9.76,3,UPI,Clear,Low
ORD_007881,CUST_00248,REST_0094,2025-04-05 17:27:45,Delivered,289.0,16.26,2,UPI,Cloudy,Low
ORD_007882,CUST_00097,REST_0024,2025-03-10 09:10:21,Delivered,1582.79,442.35,6,UPI,Clear,High
ORD_007883,CUST_01283,REST_0110,2025-04-21 09:52:00,Cancelled,877.36,0.0,5,UPI,Clear,High
ORD_007884,CUST_00849,REST_0024,2025-06-22 18:10:04,Delivered,1099.88,95.05,4,Credit Card,Clear,High
ORD_007885,CUST_00980,REST_0188,2025-05-01 22:21:02,Delivered,161.63,25.25,3,UPI,Clear,Low
ORD_007886,CUST_00463,REST_0076,2025-06-12 13:57:39,Delivered,196.33,10.54,3,Credit Card,Clear,High
ORD_007887,CUST_00555,REST_0187,2025-02-05 12:04:00,Delivered,116.71,2.81,3,Debit Card,Clear,Medium
ORD_007888,CUST_00126,REST_0074,2025-04-10 20:39:57,Delivered,2425.99,245.11,5,Credit Card,Rain,Severe
ORD_007889,CUST_01287,REST_0115,2025-03-30 13:56:52,Delivered,315.21,36.74,2,UPI,Clear,Low
ORD_007890,CUST_00893,REST_0182,2025-03-09 21:24:31,Delivered,1187.5,284.53,4,Credit Card,Clear,Low
ORD_007891,CUST_00128,REST_0110,2025-03-13 10:11:20,Delivered,677.53,67.37,3,Cash,Clear,High
ORD_007892,CUST_01207,REST_0012,2025-04-19 13:29:09,Delivered,2178.27,424.05,3,Credit Card,Cloudy,Severe
ORD_007893,CUST_00669,REST_0104,2025-05-09 14:48:52,Delivered,401.46,78.64,2,UPI,Clear,Medium
ORD_007894,CUST_01150,REST_0140,2025-06-19 22:06:42,Delivered,196.41,9.3,3,UPI,Clear,Severe
ORD_007895,CUST_00020,REST_0058,2025-03-21 19:17:31,Delivered,442.25,80.55,4,Credit Card,Clear,Low
ORD_007896,CUST_00045,REST_0074,2025-04-06 21:42:36,Delivered,2207.3,919.55,5,Debit Card,Cloudy,Medium
ORD_007897,CUST_00257,REST_0181,2025-06-05 22:01:59,Delivered,80.0,8.23,1,Credit Card,Rain,High
ORD_007898,CUST_00318,REST_0004,2025-06-14 22:01:18,Delivered,734.96,62.76,3,UPI,Clear,High
ORD_007899,CUST_01148,REST_0136,2025-03-10 11:21:51,Delivered,2159.06,184.58,7,Cash,Heavy Rain,High
ORD_007900,CUST_01063,REST_0161,2025-05-15 11:53:13,Delivered,1701.55,472.78,3,UPI,Clear,Medium
ORD_007901,CUST_00929,REST_0162,2025-03-30 13:19:56,Delivered,1329.87,63.7,2,Cash,Clear,High
ORD_007902,CUST_01330,REST_0123,2025-02-23 21:35:30,Delivered,291.14,30.47,2,UPI,Clear,Severe
ORD_007903,CUST_00374,REST_0139,2025-05-24 11:09:34,Delivered,405.85,29.65,8,UPI,Clear,High
ORD_007904,CUST_01358,REST_0152,2025-04-12 08:26:06,Delivered,291.69,36.97,3,Credit Card,Clear,Medium
ORD_007905,CUST_01365,REST_0154,2025-04-01 08:11:45,Delivered,2418.38,119.07,4,Credit Card,Cloudy,Medium
ORD_007906,CUST_00653,REST_0056,2025-04-07 20:52:01,Delivered,135.91,14.24,2,Credit Card,Clear,Medium
ORD_007907,CUST_00144,REST_0018,2025-05-11 20:59:01,Delivered,1035.0,153.21,4,Debit Card,Clear,Low
ORD_007908,CUST_01093,REST_0096,2025-04-02 19:59:34,Delivered,432.22,14.17,2,UPI,Cloudy,High
ORD_007909,CUST_00505,REST_0149,2025-04-14 16:53:11,Delivered,231.53,7.33,2,Credit Card,Clear,Low
ORD_007910,CUST_01193,REST_0014,2025-05-26 21:38:21,Cancelled,195.53,0.0,3,Debit Card,Rain,Severe
ORD_007911,CUST_00248,REST_0136,2025-05-21 14:37:52,Cancelled,1320.94,0.0,4,Debit Card,Clear,Medium
ORD_007912,CUST_00811,REST_0186,2025-05-27 06:20:23,Cancelled,187.92,0.0,2,Credit Card,Rain,High
ORD_007913,CUST_00766,REST_0084,2025-06-07 18:34:45,Delivered,415.77,52.13,5,UPI,Rain,Medium
ORD_007914,CUST_00154,REST_0141,2025-02-28 19:47:33,Delivered,419.95,29.8,3,Debit Card,Clear,Low
ORD_007915,CUST_00542,REST_0138,2025-02-24 14:13:25,Delivered,540.04,76.32,4,UPI,Clear,Low
ORD_007916,CUST_00129,REST_0068,2025-06-29 11:19:10,Delivered,230.19,4.46,1,UPI,Clear,High
ORD_007917,CUST_00700,REST_0193,2025-02-20 21:34:47,Delivered,298.05,97.68,5,UPI,Cloudy,Medium
ORD_007918,CUST_01265,REST_0118,2025-04-05 20:55:48,Delivered,962.51,158.94,6,UPI,Cloudy,Severe
ORD_007919,CUST_00407,REST_0114,2025-05-25 23:02:30,Delivered,273.55,61.37,2,Credit Card,Clear,Medium
ORD_007920,CUST_01149,REST_0080,2025-02-16 13:25:16,Delivered,109.5,8.71,2,Credit Card,Clear,High
ORD_007921,CUST_00275,REST_0200,2025-01-27 00:04:01,Delivered,1185.67,194.68,4,UPI,Clear,High
ORD_007922,CUST_01016,REST_0131,2025-03-21 23:10:38,Cancelled,798.2,0.0,5,Credit Card,Clear,Low
ORD_007923,CUST_01374,REST_0044,2025-03-28 23:36:00,Delivered,441.39,46.07,3,UPI,Cloudy,Medium
ORD_007924,CUST_00486,REST_0038,2025-05-26 18:56:18,Delivered,948.16,312.31,3,Debit Card,Rain,Medium
ORD_007925,CUST_01352,REST_0010,2025-03-15 12:31:39,Delivered,231.85,21.16,2,UPI,Clear,Low
ORD_007926,CUST_00761,REST_0130,2025-04-06 11:21:55,Delivered,641.13,110.31,3,Credit Card,Rain,Medium
ORD_007927,CUST_00476,REST_0071,2025-05-12 20:28:57,Delivered,1006.75,141.28,4,Credit Card,Clear,Medium
ORD_007928,CUST_01347,REST_0108,2025-05-10 19:24:31,Delivered,286.22,14.57,4,UPI,Clear,Low
ORD_007929,CUST_00050,REST_0103,2025-03-04 12:25:37,Delivered,2907.37,639.97,4,UPI,Clear,Medium
ORD_007930,CUST_00044,REST_0048,2025-05-30 13:03:15,Delivered,90.61,24.25,1,UPI,Clear,Low
ORD_007931,CUST_00905,REST_0030,2025-03-04 18:12:45,Delivered,134.91,22.32,2,Debit Card,Clear,Medium
ORD_007932,CUST_01196,REST_0027,2025-05-21 11:13:07,Delivered,292.35,35.89,1,UPI,Cloudy,Low
ORD_007933,CUST_01130,REST_0077,2025-03-27 22:00:58,Delivered,80.0,6.1,1,Credit Card,Rain,High
ORD_007934,CUST_00121,REST_0049,2025-03-01 15:43:28,Delivered,760.16,126.82,3,UPI,Clear,Low
ORD_007935,CUST_01427,REST_0114,2025-03-28 08:35:00,Delivered,434.75,31.29,3,UPI,Cloudy,High
ORD_007936,CUST_01059,REST_0098,2025-03-26 12:49:35,Cancelled,642.78,0.0,3,Cash,Clear,Low
ORD_007937,CUST_01426,REST_0177,2025-05-28 18:53:25,Delivered,314.65,100.18,4,UPI,Cloudy,Low
ORD_007938,CUST_00494,REST_0156,2025-06-18 19:51:41,Delivered,600.23,54.31,3,UPI,Clear,High
ORD_007939,CUST_01046,REST_0155,2025-01-07 19:32:04,Cancelled,482.84,0.0,4,Cash,Clear,Medium
ORD_007940,CUST_01292,REST_0107,2025-02-19 08:59:00,Delivered,86.09,29.13,2,Credit Card,Clear,Low
ORD_007941,CUST_00569,REST_0005,2025-01-14 10:51:52,Delivered,333.19,27.23,5,UPI,Clear,Low
ORD_007942,CUST_01449,REST_0045,2025-06-29 21:40:01,Delivered,919.35,56.42,5,UPI,Rain,High
ORD_007943,CUST_00400,REST_0126,2025-06-26 15:13:45,Delivered,641.84,32.32,5,UPI,Clear,Low
ORD_007944,CUST_00475,REST_0010,2025-01-28 18:31:27,Delivered,732.4,105.59,7,UPI,Clear,Medium
ORD_007945,CUST_01381,REST_0091,2025-03-17 15:41:47,Failed,120.54,0.0,2,Credit Card,Clear,High
ORD_007946,CUST_01455,REST_0068,2025-06-06 13:39:03,Cancelled,1904.17,0.0,5,Credit Card,Clear,Medium
ORD_007947,CUST_00430,REST_0128,2025-06-10 22:50:37,Cancelled,604.18,0.0,4,Wallet,Cloudy,Medium
ORD_007948,CUST_00207,REST_0188,2025-03-21 18:55:42,Delivered,201.86,17.7,4,UPI,Rain,Medium
ORD_007949,CUST_01141,REST_0054,2025-06-30 19:10:45,Delivered,775.94,52.36,3,UPI,Cloudy,High
ORD_007950,CUST_01396,REST_0096,2025-04-17 19:56:00,Delivered,577.65,128.58,3,Credit Card,Clear,Low
ORD_007951,CUST_00906,REST_0144,2025-03-07 10:05:00,Delivered,173.78,50.55,3,UPI,Clear,Low
ORD_007952,CUST_00957,REST_0035,2025-05-12 20:45:07,Delivered,367.64,102.21,2,UPI,Clear,Medium
ORD_007953,CUST_01147,REST_0074,2025-04-21 22:32:09,Cancelled,4030.72,0.0,6,UPI,Clear,Low
ORD_007954,CUST_00232,REST_0063,2025-03-07 11:03:22,Delivered,412.93,20.72,6,UPI,Clear,Low
ORD_007955,CUST_01460,REST_0056,2025-06-28 12:32:40,Delivered,213.39,39.09,3,UPI,Clear,Medium
ORD_007956,CUST_00544,REST_0092,2025-05-06 22:10:18,Delivered,317.78,20.26,1,Debit Card,Rain,Low
ORD_007957,CUST_00948,REST_0127,2025-02-01 20:12:27,Delivered,828.84,14.11,3,UPI,Cloudy,Medium
ORD_007958,CUST_00706,REST_0101,2025-03-02 19:03:00,Delivered,1034.56,114.29,3,UPI,Clear,High
ORD_007959,CUST_00706,REST_0028,2025-06-09 18:18:22,Delivered,633.5,2.19,2,UPI,Clear,Medium
ORD_007960,CUST_01058,REST_0034,2025-03-08 09:49:00,Delivered,288.13,56.07,3,UPI,Cloudy,Medium
ORD_007961,CUST_01492,REST_0001,2025-04-28 11:27:55,Delivered,116.1,12.27,2,UPI,Clear,Low
ORD_007962,CUST_00995,REST_0150,2025-03-19 21:49:36,Delivered,241.83,17.78,3,Debit Card,Cloudy,High
ORD_007963,CUST_01192,REST_0003,2025-01-03 21:08:17,Delivered,350.57,160.53,2,Debit Card,Cloudy,Medium
ORD_007964,CUST_00043,REST_0131,2025-02-28 11:50:34,Delivered,1227.17,129.03,7,UPI,Rain,Severe
ORD_007965,CUST_01216,REST_0054,2025-06-08 01:13:44,Delivered,397.85,33.41,2,UPI,Cloudy,Medium
ORD_007966,CUST_00452,REST_0106,2025-02-17 19:10:31,Delivered,462.7,38.65,2,Credit Card,Cloudy,Medium
ORD_007967,CUST_00193,REST_0170,2025-03-29 18:02:05,Delivered,882.71,55.74,3,UPI,Cloudy,Medium
ORD_007968,CUST_00174,REST_0060,2025-05-07 22:52:19,Delivered,504.51,35.09,2,UPI,Clear,High
ORD_007969,CUST_01025,REST_0079,2025-05-14 22:55:40,Delivered,1553.01,117.83,5,Debit Card,Rain,High
ORD_007970,CUST_01497,REST_0111,2025-02-18 20:19:21,Delivered,2974.02,408.38,4,Wallet,Clear,Low
ORD_007971,CUST_01006,REST_0112,2025-04-14 21:27:11,Delivered,3013.63,134.22,4,UPI,Rain,High
ORD_007972,CUST_00396,REST_0151,2025-01-16 04:43:03,Delivered,270.8,7.84,4,UPI,Rain,High
ORD_007973,CUST_00306,REST_0183,2025-05-18 20:40:02,Delivered,385.4,101.06,3,UPI,Clear,Medium
ORD_007974,CUST_00793,REST_0141,2025-01-31 14:51:00,Delivered,577.59,22.53,4,UPI,Cloudy,Medium
ORD_007975,CUST_00100,REST_0024,2025-01-05 10:14:00,Delivered,187.89,11.64,1,Credit Card,Cloudy,Medium
ORD_007976,CUST_00597,REST_0061,2025-05-29 11:10:25,Cancelled,348.7,0.0,3,Debit Card,Clear,Low
ORD_007977,CUST_01006,REST_0092,2025-02-11 18:59:13,Delivered,1155.68,12.51,4,UPI,Cloudy,Medium
ORD_007978,CUST_01452,REST_0175,2025-04-30 20:30:47,Delivered,1064.3,137.76,4,UPI,Clear,Low
ORD_007979,CUST_00639,REST_0037,2025-03-30 13:05:00,Delivered,485.42,163.22,3,UPI,Clear,Medium
ORD_007980,CUST_00302,REST_0042,2025-04-05 19:04:16,Delivered,130.88,10.98,3,UPI,Cloudy,High
ORD_007981,CUST_01227,REST_0190,2025-04-27 18:58:53,Delivered,2850.17,879.42,4,UPI,Clear,Medium
ORD_007982,CUST_01120,REST_0115,2025-02-17 21:23:29,Failed,1096.07,0.0,6,UPI,Clear,Medium
ORD_007983,CUST_01292,REST_0002,2025-02-18 21:56:01,Delivered,2852.85,184.03,4,Credit Card,Clear,Medium
ORD_007984,CUST_00324,REST_0024,2025-01-19 12:01:10,Delivered,325.59,25.98,2,Debit Card,Heavy Rain,High
ORD_007985,CUST_00607,REST_0192,2025-02-02 14:24:05,Delivered,141.23,30.18,1,Credit Card,Clear,Medium
ORD_007986,CUST_01472,REST_0067,2025-01-11 17:44:30,Delivered,104.87,7.28,1,UPI,Cloudy,High
ORD_007987,CUST_00240,REST_0011,2025-04-01 18:40:46,Delivered,154.99,10.44,2,Wallet,Cloudy,High
ORD_007988,CUST_01013,REST_0089,2025-03-20 18:30:19,Delivered,585.35,112.48,3,Debit Card,Clear,Low
ORD_007989,CUST_00359,REST_0134,2025-05-11 17:09:25,Delivered,590.42,42.55,2,Wallet,Cloudy,High
ORD_007990,CUST_00753,REST_0025,2025-05-18 22:20:33,Delivered,242.63,28.22,4,Credit Card,Clear,Medium
ORD_007991,CUST_01201,REST_0169,2025-02-13 11:29:00,Delivered,223.25,58.52,2,UPI,Cloudy,Low
ORD_007992,CUST_00736,REST_0154,2025-02-22 11:34:23,Delivered,835.9,87.09,1,UPI,Clear,Low
ORD_007993,CUST_01209,REST_0111,2025-06-17 20:59:48,Delivered,3621.49,307.49,5,Debit Card,Clear,High
ORD_007994,CUST_00641,REST_0077,2025-04-26 13:09:46,Delivered,368.26,17.3,5,Wallet,Heavy Rain,Severe
ORD_007995,CUST_01500,REST_0004,2025-06-01 13:17:56,Delivered,920.18,73.86,3,Credit Card,Clear,High
ORD_007996,CUST_00655,REST_0073,2025-03-13 11:42:12,Delivered,254.7,9.36,1,Credit Card,Clear,Medium
ORD_007997,CUST_00227,REST_0031,2025-05-24 22:08:50,Delivered,549.68,70.41,3,Wallet,Clear,Low
ORD_007998,CUST_00601,REST_0075,2025-03-10 18:10:18,Delivered,1044.68,68.16,4,UPI,Rain,Medium
ORD_007999,CUST_01117,REST_0061,2025-03-05 17:15:28,Delivered,174.15,10.66,2,UPI,Cloudy,Low
ORD_008000,CUST_01273,REST_0074,2025-04-23 19:55:00,Delivered,521.46,35.9,1,Wallet,Cloudy,High
ORD_008001,CUST_00692,REST_0056,2025-03-20 13:31:00,Cancelled,80.0,0.0,1,Wallet,Rain,Severe
ORD_008002,CUST_00896,REST_0189,2025-01-24 07:11:34,Delivered,219.44,8.25,3,Credit Card,Clear,Low
ORD_008003,CUST_01269,REST_0054,2025-02-19 16:13:22,Cancelled,257.8,0.0,1,Cash,Clear,Low
ORD_008004,CUST_01221,REST_0185,2025-02-09 10:47:49,Delivered,296.01,22.19,3,Cash,Heavy Rain,Severe
ORD_008005,CUST_00993,REST_0124,2025-03-16 16:42:04,Delivered,168.28,7.64,2,Credit Card,Clear,Low
ORD_008006,CUST_01223,REST_0200,2025-04-04 11:32:24,Delivered,1374.27,188.76,5,UPI,Rain,High
ORD_008007,CUST_00868,REST_0109,2025-04-20 22:39:27,Delivered,370.13,53.26,3,UPI,Cloudy,High
ORD_008008,CUST_00008,REST_0129,2025-04-23 21:20:00,Delivered,776.27,135.32,3,UPI,Clear,Medium
ORD_008009,CUST_00063,REST_0015,2025-01-12 09:10:58,Delivered,309.06,80.15,2,Debit Card,Clear,Low
ORD_008010,CUST_01469,REST_0167,2025-05-11 14:55:57,Delivered,545.32,40.53,6,UPI,Clear,Medium
ORD_008011,CUST_00220,REST_0039,2025-03-28 10:29:00,Delivered,194.0,13.76,1,UPI,Clear,High
ORD_008012,CUST_00606,REST_0193,2025-05-24 14:05:45,Delivered,93.06,2.17,3,Credit Card,Cloudy,High
ORD_008013,CUST_01402,REST_0035,2025-03-13 11:55:18,Delivered,99.0,17.17,1,Credit Card,Clear,Severe
ORD_008014,CUST_00293,REST_0135,2025-05-27 18:08:40,Delivered,80.0,9.67,1,Credit Card,Heavy Rain,Medium
ORD_008015,CUST_01267,REST_0192,2025-04-03 11:25:29,Delivered,527.77,59.13,4,UPI,Clear,High
ORD_008016,CUST_01228,REST_0067,2025-03-19 18:10:52,Delivered,246.06,29.15,3,UPI,Clear,High
ORD_008017,CUST_01479,REST_0031,2025-04-26 21:05:27,Cancelled,826.25,0.0,5,Debit Card,Clear,Low
ORD_008018,CUST_00424,REST_0096,2025-02-05 22:29:21,Delivered,418.61,42.4,4,Cash,Clear,Low
ORD_008019,CUST_00474,REST_0138,2025-03-18 17:28:00,Delivered,649.95,33.9,5,UPI,Cloudy,High
ORD_008020,CUST_01356,REST_0198,2025-03-12 21:34:45,Delivered,934.73,27.89,4,Debit Card,Clear,Low
ORD_008021,CUST_00354,REST_0020,2025-03-27 13:21:05,Delivered,454.64,9.44,5,UPI,Clear,Medium
ORD_008022,CUST_00824,REST_0189,2025-04-30 20:42:24,Delivered,285.24,26.55,3,UPI,Rain,Medium
ORD_008023,CUST_01064,REST_0124,2025-05-26 11:53:34,Delivered,331.26,4.61,4,Credit Card,Rain,Medium
ORD_008024,CUST_00410,REST_0058,2025-01-24 10:39:39,Delivered,234.39,27.0,3,UPI,Clear,Medium
ORD_008025,CUST_01409,REST_0097,2025-03-28 19:09:14,Delivered,242.08,19.68,2,UPI,Cloudy,Low
ORD_008026,CUST_01005,REST_0178,2025-05-18 11:52:28,Delivered,2565.57,523.51,5,UPI,Clear,Low
ORD_008027,CUST_00072,REST_0133,2025-04-08 18:24:20,Delivered,840.06,115.46,4,UPI,Cloudy,Low
ORD_008028,CUST_00206,REST_0022,2025-02-20 21:08:26,Cancelled,297.6,0.0,4,UPI,Clear,High
ORD_008029,CUST_00286,REST_0175,2025-03-30 22:09:29,Delivered,230.91,26.61,1,Wallet,Clear,Low
ORD_008030,CUST_00370,REST_0161,2025-05-03 12:59:29,Delivered,1278.26,30.46,3,Wallet,Clear,Severe
ORD_008031,CUST_01100,REST_0131,2025-06-10 10:53:01,Delivered,1012.16,42.62,5,UPI,Clear,Medium
ORD_008032,CUST_00136,REST_0048,2025-03-28 09:46:19,Delivered,465.35,43.86,5,Cash,Rain,High
ORD_008033,CUST_00524,REST_0197,2025-03-30 17:53:01,Delivered,487.45,35.13,3,UPI,Clear,Medium
ORD_008034,CUST_01368,REST_0193,2025-01-06 17:03:17,Delivered,167.28,10.81,3,UPI,Clear,High
ORD_008035,CUST_00838,REST_0154,2025-04-29 15:42:04,Delivered,1397.08,74.36,3,Wallet,Cloudy,Low
ORD_008036,CUST_00400,REST_0145,2025-02-20 12:23:00,Delivered,322.3,30.43,3,Credit Card,Clear,Severe
ORD_008037,CUST_01437,REST_0074,2025-05-11 14:31:23,Delivered,2004.16,155.18,4,Cash,Heavy Rain,High
ORD_008038,CUST_00369,REST_0105,2025-05-10 18:07:44,Delivered,359.51,4.93,2,Wallet,Clear,Medium
ORD_008039,CUST_01359,REST_0032,2025-03-19 12:05:00,Delivered,505.9,31.25,2,UPI,Cloudy,Low
ORD_008040,CUST_01092,REST_0186,2025-05-28 11:41:55,Failed,470.43,0.0,4,UPI,Clear,Low
ORD_008041,CUST_01114,REST_0131,2025-02-04 19:39:17,Delivered,757.71,179.07,3,UPI,Clear,Low
ORD_008042,CUST_01150,REST_0080,2025-01-07 14:38:29,Delivered,80.0,11.14,1,UPI,Rain,High
ORD_008043,CUST_00763,REST_0163,2025-01-23 19:25:47,Delivered,1246.63,7.57,5,Credit Card,Clear,Severe
ORD_008044,CUST_01223,REST_0194,2025-02-16 08:30:26,Cancelled,115.11,0.0,2,UPI,Cloudy,High
ORD_008045,CUST_01254,REST_0084,2025-03-04 14:22:53,Delivered,216.42,15.55,4,Debit Card,Cloudy,Medium
ORD_008046,CUST_00538,REST_0154,2025-04-27 17:46:57,Delivered,1279.26,301.92,2,UPI,Cloudy,Medium
ORD_008047,CUST_00599,REST_0158,2025-03-28 18:36:39,Delivered,176.48,14.94,4,Credit Card,Clear,Medium
ORD_008048,CUST_01335,REST_0095,2025-06-15 20:17:34,Delivered,316.3,4.53,1,Debit Card,Clear,Medium
ORD_008049,CUST_00791,REST_0199,2025-03-12 20:21:52,Delivered,151.96,9.71,2,Wallet,Rain,High
ORD_008050,CUST_01303,REST_0172,2025-01-25 16:08:26,Delivered,1352.54,183.46,2,UPI,Cloudy,Low
ORD_008051,CUST_00946,REST_0134,2025-02-20 22:27:56,Delivered,1080.8,182.36,4,UPI,Clear,Low
ORD_008052,CUST_00895,REST_0034,2025-03-23 11:12:54,Delivered,250.55,24.6,2,Credit Card,Cloudy,Low
ORD_008053,CUST_00048,REST_0004,2025-06-23 12:27:21,Delivered,1075.72,127.82,6,UPI,Cloudy,High
ORD_008054,CUST_00418,REST_0096,2025-04-21 18:37:19,Delivered,625.46,189.99,3,Credit Card,Clear,Medium
ORD_008055,CUST_00757,REST_0155,2025-04-07 13:58:14,Delivered,134.29,6.7,1,Wallet,Cloudy,Low
ORD_008056,CUST_00885,REST_0011,2025-05-22 20:58:07,Delivered,190.03,8.21,2,Wallet,Clear,High
ORD_008057,CUST_00951,REST_0123,2025-02-26 20:19:23,Delivered,532.77,88.88,3,UPI,Clear,Low
ORD_008058,CUST_01079,REST_0117,2025-01-21 11:48:22,Delivered,717.92,15.46,4,UPI,Cloudy,Low
ORD_008059,CUST_00991,REST_0161,2025-04-02 19:29:00,Delivered,1053.36,231.05,2,UPI,Clear,Low
ORD_008060,CUST_01274,REST_0187,2025-02-15 23:47:27,Delivered,148.35,19.24,3,UPI,Clear,Medium
ORD_008061,CUST_00446,REST_0025,2025-04-05 14:18:52,Cancelled,152.82,0.0,4,Credit Card,Clear,Medium
ORD_008062,CUST_00968,REST_0107,2025-03-04 20:36:12,Delivered,106.42,27.31,2,Wallet,Cloudy,Medium
ORD_008063,CUST_00079,REST_0077,2025-03-11 11:35:15,Delivered,182.93,10.51,3,UPI,Clear,High
ORD_008064,CUST_00723,REST_0132,2025-03-13 13:53:58,Delivered,532.12,27.08,3,UPI,Rain,Medium
ORD_008065,CUST_00404,REST_0183,2025-05-09 18:35:10,Delivered,791.88,108.12,4,Wallet,Rain,High
ORD_008066,CUST_00569,REST_0081,2025-03-25 08:09:36,Cancelled,119.13,0.0,2,UPI,Clear,High
ORD_008067,CUST_00531,REST_0072,2025-05-02 20:21:10,Delivered,1362.98,215.25,7,Wallet,Clear,Low
ORD_008068,CUST_00093,REST_0030,2025-04-09 18:53:50,Delivered,225.01,25.53,2,UPI,Rain,High
ORD_008069,CUST_00703,REST_0101,2025-03-24 02:35:43,Delivered,783.61,49.78,4,UPI,Clear,High
ORD_008070,CUST_01492,REST_0097,2025-05-11 19:03:55,Delivered,361.8,54.78,6,Debit Card,Clear,Low
ORD_008071,CUST_00450,REST_0097,2025-06-17 16:33:35,Delivered,80.0,8.27,1,UPI,Rain,Medium
ORD_008072,CUST_01107,REST_0102,2025-06-10 10:38:04,Delivered,452.72,20.9,6,UPI,Clear,Low
ORD_008073,CUST_00824,REST_0171,2025-04-29 15:12:39,Delivered,1973.18,139.75,4,UPI,Rain,Severe
ORD_008074,CUST_00489,REST_0077,2025-05-06 14:09:09,Delivered,526.93,16.51,5,Wallet,Clear,Low
ORD_008075,CUST_00137,REST_0025,2025-03-07 18:00:29,Delivered,151.22,25.9,4,UPI,Clear,Low
ORD_008076,CUST_00326,REST_0191,2025-03-23 19:52:38,Delivered,587.39,16.14,6,UPI,Clear,Low
ORD_008077,CUST_01174,REST_0034,2025-04-22 13:05:35,Delivered,348.14,23.14,5,Credit Card,Cloudy,Medium
ORD_008078,CUST_00420,REST_0084,2025-03-21 13:10:55,Delivered,186.39,11.54,2,UPI,Clear,Severe
ORD_008079,CUST_00219,REST_0072,2025-01-17 20:59:07,Delivered,492.89,148.34,3,Credit Card,Clear,Medium
ORD_008080,CUST_00498,REST_0161,2025-05-04 19:47:24,Delivered,1086.19,65.67,3,UPI,Clear,Low
ORD_008081,CUST_00880,REST_0071,2025-02-20 16:09:31,Delivered,616.56,166.12,3,UPI,Clear,Low
ORD_008082,CUST_01059,REST_0114,2025-03-20 15:03:27,Delivered,621.22,87.11,4,UPI,Rain,Low
ORD_008083,CUST_00578,REST_0083,2025-05-12 11:11:14,Delivered,4896.86,123.87,4,Credit Card,Cloudy,Medium
ORD_008084,CUST_00751,REST_0133,2025-03-07 20:24:00,Delivered,1701.16,163.89,5,UPI,Clear,Medium
ORD_008085,CUST_00685,REST_0036,2025-04-20 13:39:11,Delivered,2114.36,242.69,3,Debit Card,Cloudy,Medium
ORD_008086,CUST_00013,REST_0015,2025-04-20 22:41:29,Delivered,229.81,10.93,2,Credit Card,Cloudy,Low
ORD_008087,CUST_00591,REST_0054,2025-04-09 15:08:16,Delivered,947.6,259.35,5,Debit Card,Clear,Medium
ORD_008088,CUST_00885,REST_0194,2025-05-04 20:29:40,Delivered,127.27,10.98,2,Credit Card,Rain,Medium
ORD_008089,CUST_00858,REST_0081,2025-04-29 19:11:49,Delivered,110.15,18.22,2,UPI,Clear,Low
ORD_008090,CUST_01127,REST_0164,2025-06-19 22:02:32,Delivered,672.36,15.25,4,UPI,Clear,Low
ORD_008091,CUST_01012,REST_0097,2025-04-14 19:39:19,Delivered,463.82,30.98,4,Credit Card,Rain,High
ORD_008092,CUST_00417,REST_0072,2025-06-10 11:49:08,Delivered,365.65,64.24,2,Credit Card,Cloudy,Medium
ORD_008093,CUST_00386,REST_0077,2025-03-03 11:07:00,Cancelled,81.95,0.0,2,UPI,Clear,Low
ORD_008094,CUST_00699,REST_0089,2025-02-14 14:12:00,Delivered,386.1,96.63,2,UPI,Cloudy,Low
ORD_008095,CUST_01103,REST_0123,2025-06-08 12:55:46,Delivered,667.6,83.72,4,UPI,Rain,High
ORD_008096,CUST_00143,REST_0015,2025-05-14 18:14:32,Delivered,239.28,21.97,3,UPI,Clear,Low
ORD_008097,CUST_01425,REST_0010,2025-05-01 13:42:14,Delivered,117.03,17.18,1,Wallet,Clear,Medium
ORD_008098,CUST_00816,REST_0195,2025-05-28 20:28:58,Cancelled,546.96,0.0,3,Wallet,Rain,Medium
ORD_008099,CUST_00462,REST_0166,2025-03-14 20:43:33,Cancelled,95.4,0.0,1,UPI,Cloudy,Medium
ORD_008100,CUST_01045,REST_0041,2025-02-16 20:59:47,Delivered,2536.13,255.75,4,UPI,Cloudy,Low
ORD_008101,CUST_00069,REST_0188,2025-01-30 18:58:54,Delivered,203.16,14.73,4,UPI,Clear,Low
ORD_008102,CUST_00730,REST_0072,2025-05-12 18:31:06,Delivered,153.65,55.35,1,UPI,Clear,Low
ORD_008103,CUST_00732,REST_0169,2025-02-07 21:41:02,Delivered,490.31,103.66,4,UPI,Clear,High
ORD_008104,CUST_00246,REST_0095,2025-02-25 12:55:16,Delivered,674.35,73.56,3,Wallet,Rain,Medium
ORD_008105,CUST_01256,REST_0029,2025-05-24 21:17:13,Delivered,86.73,9.56,1,UPI,Clear,Severe
ORD_008106,CUST_01196,REST_0022,2025-02-03 14:20:25,Delivered,388.39,52.16,3,UPI,Clear,Medium
ORD_008107,CUST_00232,REST_0188,2025-06-19 14:01:56,Delivered,209.8,6.47,3,UPI,Clear,Severe
ORD_008108,CUST_00543,REST_0103,2025-02-19 06:33:10,Delivered,1685.93,346.05,2,Debit Card,Cloudy,Medium
ORD_008109,CUST_00154,REST_0029,2025-05-07 21:53:06,Delivered,775.9,44.29,5,UPI,Cloudy,Low
ORD_008110,CUST_01274,REST_0081,2025-06-04 21:16:14,Delivered,171.85,22.6,3,Credit Card,Cloudy,Medium
ORD_008111,CUST_00486,REST_0192,2025-05-17 20:59:01,Delivered,871.23,64.82,4,UPI,Rain,High
ORD_008112,CUST_00661,REST_0037,2025-02-18 07:15:02,Delivered,1041.65,150.52,5,Debit Card,Rain,Medium
ORD_008113,CUST_00486,REST_0058,2025-04-25 20:42:25,Delivered,920.96,203.54,6,Credit Card,Clear,Medium
ORD_008114,CUST_00467,REST_0054,2025-04-20 22:12:36,Delivered,693.66,85.87,3,UPI,Heavy Rain,Severe
ORD_008115,CUST_01123,REST_0105,2025-01-01 10:21:10,Failed,762.01,0.0,4,Debit Card,Clear,High
ORD_008116,CUST_01124,REST_0146,2025-04-23 14:13:13,Delivered,409.58,84.93,2,UPI,Cloudy,Medium
ORD_008117,CUST_00780,REST_0182,2025-01-19 18:21:05,Delivered,618.21,86.7,2,Cash,Cloudy,Low
ORD_008118,CUST_00993,REST_0042,2025-03-04 21:53:18,Delivered,119.68,7.15,3,Wallet,Clear,Medium
ORD_008119,CUST_00771,REST_0011,2025-04-05 22:12:16,Delivered,88.84,5.51,1,UPI,Heavy Rain,Severe
ORD_008120,CUST_00044,REST_0169,2025-05-13 12:53:38,Delivered,524.9,16.42,3,Wallet,Clear,Low
ORD_008121,CUST_00102,REST_0067,2025-05-28 11:14:52,Delivered,279.54,8.92,3,UPI,Rain,Medium
ORD_008122,CUST_00574,REST_0060,2025-02-02 12:01:49,Cancelled,851.01,0.0,3,UPI,Clear,Medium
ORD_008123,CUST_01127,REST_0082,2025-02-01 21:08:54,Delivered,511.45,35.25,3,Debit Card,Clear,Low
ORD_008124,CUST_01371,REST_0168,2025-06-05 15:52:41,Delivered,1285.72,85.32,4,UPI,Cloudy,Low
ORD_008125,CUST_00046,REST_0160,2025-01-02 13:24:24,Delivered,1871.94,306.64,4,Credit Card,Clear,High
ORD_008126,CUST_00550,REST_0136,2025-06-09 12:30:36,Delivered,933.26,36.46,3,UPI,Clear,Low
ORD_008127,CUST_00338,REST_0076,2025-03-09 19:08:05,Delivered,213.45,2.71,4,UPI,Clear,Low
ORD_008128,CUST_01224,REST_0192,2025-02-15 14:43:54,Delivered,601.34,155.42,4,Debit Card,Clear,Low
ORD_008129,CUST_01270,REST_0113,2025-03-01 11:35:31,Delivered,622.93,55.71,5,Debit Card,Clear,Medium
ORD_008130,CUST_00311,REST_0200,2025-02-17 22:05:04,Delivered,1435.44,65.03,6,UPI,Cloudy,High
ORD_008131,CUST_01070,REST_0068,2025-04-13 13:09:48,Delivered,328.41,28.02,1,UPI,Rain,Medium
ORD_008132,CUST_01102,REST_0048,2025-06-01 20:57:20,Delivered,244.23,6.14,2,Credit Card,Cloudy,High
ORD_008133,CUST_00266,REST_0069,2025-06-10 21:30:48,Delivered,1742.55,81.07,7,UPI,Clear,High
ORD_008134,CUST_00652,REST_0058,2025-04-26 19:18:51,Delivered,453.37,115.34,4,UPI,Clear,Medium
ORD_008135,CUST_00936,REST_0067,2025-01-17 07:35:34,Delivered,239.34,6.24,2,UPI,Rain,Severe
ORD_008136,CUST_00041,REST_0143,2025-06-17 22:33:57,Delivered,766.04,187.22,3,UPI,Clear,Medium
ORD_008137,CUST_00606,REST_0093,2025-03-23 12:31:27,Cancelled,144.04,0.0,2,UPI,Clear,Low
ORD_008138,CUST_00236,REST_0150,2025-04-09 10:07:00,Delivered,357.88,33.43,2,UPI,Clear,High
ORD_008139,CUST_00814,REST_0106,2025-02-13 19:20:59,Delivered,1353.82,256.57,5,Credit Card,Clear,Medium
ORD_008140,CUST_01265,REST_0010,2025-01-01 19:48:32,Delivered,470.2,107.52,4,Debit Card,Cloudy,Medium
ORD_008141,CUST_00791,REST_0068,2025-01-21 22:54:56,Delivered,1851.53,156.15,6,UPI,Cloudy,Medium
ORD_008142,CUST_00055,REST_0131,2025-06-04 11:15:52,Delivered,971.83,210.18,3,Cash,Cloudy,Low
ORD_008143,CUST_00046,REST_0171,2025-02-17 11:40:31,Delivered,2424.7,136.46,3,Cash,Clear,Low
ORD_008144,CUST_00913,REST_0049,2025-06-30 14:01:56,Delivered,1178.23,235.54,4,Wallet,Clear,Low
ORD_008145,CUST_00492,REST_0035,2025-01-22 20:51:16,Cancelled,1092.0,0.0,5,UPI,Clear,Medium
ORD_008146,CUST_00862,REST_0031,2025-04-06 20:57:33,Delivered,800.04,45.42,5,Wallet,Rain,Medium
ORD_008147,CUST_00248,REST_0195,2025-05-25 21:22:54,Delivered,817.26,69.68,2,UPI,Clear,High
ORD_008148,CUST_01167,REST_0054,2025-02-02 22:56:04,Delivered,604.91,131.82,2,UPI,Clear,Medium
ORD_008149,CUST_01293,REST_0126,2025-02-20 17:19:00,Delivered,185.71,20.78,1,Credit Card,Cloudy,High
ORD_008150,CUST_01336,REST_0013,2025-02-23 11:25:09,Delivered,680.48,38.07,3,UPI,Clear,Low
ORD_008151,CUST_00458,REST_0131,2025-02-11 11:53:34,Delivered,847.86,202.11,3,UPI,Clear,Medium
ORD_008152,CUST_00998,REST_0141,2025-01-28 18:43:06,Delivered,561.36,26.58,4,UPI,Clear,Low
ORD_008153,CUST_00420,REST_0140,2025-05-24 18:34:27,Delivered,334.07,50.78,4,UPI,Clear,Medium
ORD_008154,CUST_01147,REST_0165,2025-01-07 14:58:35,Delivered,88.22,0.76,1,Credit Card,Clear,Medium
ORD_008155,CUST_00184,REST_0088,2025-03-03 09:01:21,Delivered,201.75,19.45,4,Credit Card,Clear,High
ORD_008156,CUST_01147,REST_0117,2025-05-24 19:39:47,Delivered,1021.33,201.44,3,UPI,Cloudy,High
ORD_008157,CUST_00662,REST_0051,2025-04-30 13:32:33,Delivered,412.7,49.34,6,UPI,Rain,Medium
ORD_008158,CUST_01285,REST_0027,2025-04-26 18:19:09,Delivered,691.18,150.43,3,UPI,Cloudy,Medium
ORD_008159,CUST_01111,REST_0162,2025-05-27 17:11:09,Delivered,2284.69,274.49,4,UPI,Cloudy,Medium
ORD_008160,CUST_00562,REST_0111,2025-03-12 18:10:49,Delivered,4040.48,106.94,5,Cash,Clear,Medium
ORD_008161,CUST_01357,REST_0068,2025-03-02 14:16:53,Delivered,1596.41,151.48,4,Wallet,Clear,Low
ORD_008162,CUST_00427,REST_0017,2025-06-22 23:41:30,Delivered,382.71,77.68,3,Credit Card,Clear,Medium
ORD_008163,CUST_01451,REST_0155,2025-04-16 22:19:08,Delivered,337.88,67.27,3,UPI,Clear,Low
ORD_008164,CUST_01152,REST_0200,2025-02-12 08:00:54,Delivered,539.54,83.1,2,UPI,Clear,Low
ORD_008165,CUST_01486,REST_0014,2025-04-18 19:04:57,Delivered,317.09,48.13,3,Cash,Clear,Low
ORD_008166,CUST_00082,REST_0039,2025-05-20 18:38:31,Delivered,526.02,42.77,3,UPI,Clear,Medium
ORD_008167,CUST_00413,REST_0060,2025-02-09 11:08:41,Delivered,970.52,32.32,3,UPI,Cloudy,Medium
ORD_008168,CUST_01115,REST_0073,2025-04-08 08:07:00,Delivered,954.31,165.21,3,Credit Card,Clear,Low
ORD_008169,CUST_01384,REST_0152,2025-03-19 11:08:54,Delivered,148.36,30.04,2,UPI,Cloudy,Medium
ORD_008170,CUST_00045,REST_0032,2025-04-29 15:18:57,Cancelled,1242.97,0.0,5,UPI,Cloudy,Low
ORD_008171,CUST_00001,REST_0057,2025-06-02 23:21:28,Delivered,797.3,73.62,3,UPI,Clear,Low
ORD_008172,CUST_00387,REST_0011,2025-02-24 17:43:56,Delivered,80.04,9.28,1,Credit Card,Rain,Medium
ORD_008173,CUST_01281,REST_0195,2025-03-18 16:27:02,Delivered,581.06,33.0,2,UPI,Cloudy,Medium
ORD_008174,CUST_01152,REST_0151,2025-05-10 21:56:55,Cancelled,263.66,0.0,5,UPI,Cloudy,Medium
ORD_008175,CUST_00510,REST_0032,2025-05-01 07:57:25,Delivered,1235.05,108.82,4,UPI,Clear,Low
ORD_008176,CUST_00003,REST_0173,2025-03-04 21:00:20,Delivered,1698.98,322.52,4,UPI,Clear,High
ORD_008177,CUST_00835,REST_0035,2025-03-05 19:04:59,Delivered,300.05,59.73,2,Debit Card,Clear,Medium
ORD_008178,CUST_00360,REST_0049,2025-05-01 15:37:00,Delivered,688.94,38.14,2,UPI,Clear,Medium
ORD_008179,CUST_01121,REST_0192,2025-01-13 19:46:13,Delivered,341.93,13.58,2,UPI,Clear,Low
ORD_008180,CUST_00672,REST_0166,2025-05-13 15:25:54,Cancelled,338.75,0.0,3,UPI,Clear,Medium
ORD_008181,CUST_01023,REST_0170,2025-01-30 22:16:27,Delivered,162.2,24.36,1,UPI,Clear,Medium
ORD_008182,CUST_01280,REST_0186,2025-03-11 23:26:35,Delivered,238.14,24.67,2,UPI,Cloudy,Medium
ORD_008183,CUST_00806,REST_0193,2025-03-28 16:42:00,Delivered,148.53,27.82,2,UPI,Cloudy,Low
ORD_008184,CUST_00504,REST_0018,2025-02-10 13:32:29,Delivered,297.89,8.03,1,UPI,Rain,High
ORD_008185,CUST_01156,REST_0012,2025-01-06 13:38:19,Delivered,2835.12,96.73,4,UPI,Clear,Low
ORD_008186,CUST_00400,REST_0190,2025-03-30 14:11:21,Delivered,2988.45,247.64,3,UPI,Cloudy,Medium
ORD_008187,CUST_01339,REST_0186,2025-03-17 10:47:53,Delivered,105.69,4.15,2,Credit Card,Rain,Medium
ORD_008188,CUST_00110,REST_0138,2025-02-05 22:13:01,Delivered,93.11,2.77,1,Cash,Cloudy,Severe
ORD_008189,CUST_01253,REST_0085,2025-02-27 21:36:00,Delivered,874.36,140.79,5,Cash,Cloudy,Medium
ORD_008190,CUST_00140,REST_0010,2025-06-02 21:08:30,Delivered,369.69,81.52,3,Debit Card,Cloudy,Medium
ORD_008191,CUST_00086,REST_0159,2025-01-28 12:00:01,Cancelled,366.14,0.0,5,Credit Card,Clear,Medium
ORD_008192,CUST_00542,REST_0014,2025-02-12 18:22:48,Delivered,221.46,42.36,2,UPI,Cloudy,Medium
ORD_008193,CUST_01436,REST_0020,2025-01-08 20:20:34,Delivered,248.58,19.64,3,Credit Card,Rain,High
ORD_008194,CUST_01474,REST_0142,2025-04-11 18:34:17,Delivered,158.51,7.04,3,Wallet,Clear,Low
ORD_008195,CUST_00305,REST_0065,2025-03-02 12:03:29,Delivered,336.43,31.6,3,Wallet,Rain,Medium
ORD_008196,CUST_00226,REST_0102,2025-04-19 17:03:08,Delivered,139.14,10.21,2,Debit Card,Clear,Low
ORD_008197,CUST_00528,REST_0097,2025-01-17 03:23:56,Delivered,474.02,4.22,5,Debit Card,Rain,Low
ORD_008198,CUST_00506,REST_0033,2025-04-13 07:25:18,Delivered,483.92,8.48,3,UPI,Clear,Low
ORD_008199,CUST_01142,REST_0024,2025-03-22 22:25:12,Delivered,705.58,46.74,4,Wallet,Rain,High
ORD_008200,CUST_00668,REST_0010,2025-06-26 22:20:51,Delivered,93.59,18.64,1,Debit Card,Clear,Medium
ORD_008201,CUST_01171,REST_0116,2025-06-28 12:29:28,Delivered,244.26,20.45,3,UPI,Cloudy,High
ORD_008202,CUST_01125,REST_0025,2025-04-03 13:07:43,Delivered,164.2,16.68,4,UPI,Clear,Medium
ORD_008203,CUST_00871,REST_0058,2025-03-22 12:04:33,Delivered,418.74,39.91,5,UPI,Rain,Medium
ORD_008204,CUST_01250,REST_0104,2025-06-29 11:04:33,Delivered,498.74,97.88,3,UPI,Clear,High
ORD_008205,CUST_00294,REST_0184,2025-01-09 18:26:48,Delivered,2158.8,86.3,3,UPI,Rain,High
ORD_008206,CUST_00245,REST_0078,2025-04-27 21:44:40,Delivered,334.14,44.94,2,Cash,Clear,Medium
ORD_008207,CUST_01128,REST_0064,2025-03-07 14:28:42,Delivered,719.87,54.32,1,UPI,Rain,High
ORD_008208,CUST_00369,REST_0033,2025-06-12 19:09:55,Delivered,424.74,38.77,3,UPI,Clear,Medium
ORD_008209,CUST_00004,REST_0061,2025-02-03 16:05:42,Delivered,548.1,37.87,5,UPI,Rain,Medium
ORD_008210,CUST_01369,REST_0122,2025-01-16 14:04:24,Delivered,280.09,76.83,3,Wallet,Clear,Medium
ORD_008211,CUST_00940,REST_0116,2025-01-27 09:59:54,Delivered,99.57,8.31,1,Debit Card,Clear,Medium
ORD_008212,CUST_00670,REST_0194,2025-04-17 19:51:44,Delivered,226.02,24.97,5,UPI,Cloudy,Low
ORD_008213,CUST_01092,REST_0021,2025-04-18 07:44:36,Delivered,1732.73,38.68,4,UPI,Clear,Low
ORD_008214,CUST_00500,REST_0082,2025-06-05 11:57:12,Delivered,705.07,43.39,3,UPI,Cloudy,Medium
ORD_008215,CUST_01432,REST_0188,2025-03-30 12:18:12,Delivered,109.76,6.6,2,UPI,Clear,Medium
ORD_008216,CUST_00105,REST_0152,2025-03-16 07:13:09,Delivered,366.27,11.5,4,Credit Card,Clear,Low
ORD_008217,CUST_00967,REST_0085,2025-04-08 15:22:39,Delivered,611.32,6.04,3,UPI,Heavy Rain,Severe
ORD_008218,CUST_01167,REST_0142,2025-03-05 20:58:19,Delivered,237.69,9.07,3,UPI,Clear,Low
ORD_008219,CUST_00707,REST_0149,2025-06-09 20:45:17,Delivered,507.83,33.09,6,Debit Card,Clear,High
ORD_008220,CUST_01135,REST_0060,2025-04-21 18:27:47,Delivered,857.69,26.92,3,Debit Card,Clear,Low
ORD_008221,CUST_01391,REST_0133,2025-05-22 01:20:33,Delivered,616.98,27.3,2,UPI,Rain,High
ORD_008222,CUST_01119,REST_0142,2025-03-22 08:27:00,Delivered,395.19,109.13,5,UPI,Clear,Low
ORD_008223,CUST_00466,REST_0157,2025-04-30 21:29:41,Delivered,672.99,135.27,3,UPI,Clear,Medium
ORD_008224,CUST_00846,REST_0040,2025-05-01 17:37:06,Delivered,3112.8,873.96,4,Debit Card,Cloudy,Medium
ORD_008225,CUST_01368,REST_0058,2025-02-28 14:48:13,Delivered,241.61,9.2,2,Credit Card,Cloudy,Medium
ORD_008226,CUST_00676,REST_0105,2025-03-29 18:27:00,Delivered,191.57,9.0,1,UPI,Rain,High
ORD_008227,CUST_01027,REST_0012,2025-01-27 18:01:48,Delivered,2290.25,322.25,4,UPI,Clear,Medium
ORD_008228,CUST_00701,REST_0029,2025-03-31 22:51:51,Delivered,621.82,30.31,3,Wallet,Cloudy,Medium
ORD_008229,CUST_00186,REST_0168,2025-05-13 18:31:28,Cancelled,342.45,0.0,1,UPI,Clear,Low
ORD_008230,CUST_00090,REST_0138,2025-04-30 13:39:30,Delivered,623.06,74.72,6,UPI,Clear,Medium
ORD_008231,CUST_01430,REST_0118,2025-02-17 20:28:08,Delivered,876.67,74.43,4,UPI,Clear,Low
ORD_008232,CUST_00924,REST_0136,2025-03-25 21:18:38,Delivered,722.91,39.25,2,Credit Card,Clear,Medium
ORD_008233,CUST_00159,REST_0127,2025-03-15 18:22:05,Delivered,572.03,41.08,3,UPI,Clear,Medium
ORD_008234,CUST_01288,REST_0043,2025-04-05 14:14:58,Delivered,792.62,169.63,3,Wallet,Cloudy,Medium
ORD_008235,CUST_00788,REST_0046,2025-02-11 14:45:00,Delivered,85.26,2.45,1,UPI,Rain,Medium
ORD_008236,CUST_01159,REST_0107,2025-03-15 21:45:47,Delivered,220.94,17.4,3,Debit Card,Cloudy,Medium
ORD_008237,CUST_00193,REST_0054,2025-02-06 17:13:06,Delivered,881.79,97.58,4,UPI,Cloudy,Medium
ORD_008238,CUST_01361,REST_0077,2025-04-25 11:59:53,Delivered,171.11,7.65,2,UPI,Rain,Medium
ORD_008239,CUST_00891,REST_0189,2025-03-20 22:32:55,Delivered,432.4,4.23,4,Credit Card,Clear,High
ORD_008240,CUST_01110,REST_0129,2025-04-21 12:21:42,Delivered,396.48,65.31,2,UPI,Clear,Low
ORD_008241,CUST_00049,REST_0136,2025-02-10 07:25:14,Delivered,969.73,299.18,3,UPI,Clear,Medium
ORD_008242,CUST_00474,REST_0104,2025-05-26 20:53:54,Delivered,910.85,77.71,4,Wallet,Clear,Low
ORD_008243,CUST_00403,REST_0156,2025-05-22 12:32:36,Delivered,442.47,44.6,3,UPI,Cloudy,Medium
ORD_008244,CUST_01426,REST_0094,2025-01-01 11:34:09,Delivered,241.8,17.63,3,UPI,Clear,Low
ORD_008245,CUST_00278,REST_0177,2025-03-24 11:34:01,Delivered,356.83,64.82,4,UPI,Cloudy,Medium
ORD_008246,CUST_01064,REST_0015,2025-03-03 18:30:00,Delivered,261.17,3.74,3,UPI,Cloudy,Medium
ORD_008247,CUST_00066,REST_0127,2025-06-24 14:29:37,Delivered,1182.53,39.96,5,Wallet,Cloudy,Low
ORD_008248,CUST_00297,REST_0196,2025-01-05 17:53:11,Cancelled,761.58,0.0,4,UPI,Clear,Severe
ORD_008249,CUST_00508,REST_0191,2025-05-12 13:24:25,Delivered,530.82,38.11,5,UPI,Rain,Medium
ORD_008250,CUST_01193,REST_0104,2025-02-24 12:45:45,Delivered,652.8,151.69,4,UPI,Clear,Medium
ORD_008251,CUST_01186,REST_0136,2025-02-12 08:20:22,Delivered,741.35,85.96,2,Cash,Cloudy,Medium
ORD_008252,CUST_01430,REST_0199,2025-06-14 15:20:12,Delivered,228.33,37.94,3,Debit Card,Clear,Low
ORD_008253,CUST_01376,REST_0129,2025-04-27 22:05:58,Delivered,525.4,28.8,2,Credit Card,Cloudy,Medium
ORD_008254,CUST_00124,REST_0127,2025-03-17 20:55:29,Delivered,590.07,45.31,3,Debit Card,Clear,Medium
ORD_008255,CUST_01245,REST_0110,2025-02-06 18:44:06,Delivered,553.51,104.14,3,UPI,Cloudy,High
ORD_008256,CUST_00679,REST_0037,2025-05-09 12:52:43,Delivered,621.31,29.45,3,UPI,Rain,Medium
ORD_008257,CUST_01302,REST_0168,2025-03-08 20:51:38,Delivered,417.02,8.48,1,UPI,Clear,Medium
ORD_008258,CUST_00137,REST_0010,2025-01-10 18:13:14,Delivered,337.28,63.94,3,UPI,Clear,Medium
ORD_008259,CUST_01235,REST_0178,2025-05-14 22:15:46,Delivered,5000.0,532.11,6,UPI,Clear,Medium
ORD_008260,CUST_00242,REST_0154,2025-03-23 15:24:32,Delivered,2063.25,321.2,3,UPI,Clear,Low
ORD_008261,CUST_00501,REST_0129,2025-04-30 14:37:10,Delivered,199.81,6.41,1,UPI,Clear,High
ORD_008262,CUST_00045,REST_0110,2025-04-30 19:59:37,Delivered,502.89,88.04,3,Debit Card,Clear,Severe
ORD_008263,CUST_00189,REST_0093,2025-03-06 19:56:31,Delivered,332.22,44.0,5,UPI,Clear,Medium
ORD_008264,CUST_00671,REST_0039,2025-02-15 17:54:22,Delivered,374.08,39.49,2,Credit Card,Clear,Low
ORD_008265,CUST_01228,REST_0153,2025-03-21 14:38:32,Delivered,1725.19,45.18,2,UPI,Rain,Medium
ORD_008266,CUST_01161,REST_0080,2025-02-10 21:37:55,Delivered,412.34,25.19,6,Credit Card,Cloudy,Medium
ORD_008267,CUST_00356,REST_0055,2025-03-04 11:11:54,Delivered,163.8,24.53,1,UPI,Rain,Low
ORD_008268,CUST_00230,REST_0158,2025-06-28 07:54:52,Delivered,181.02,10.75,3,Debit Card,Rain,Medium
ORD_008269,CUST_00581,REST_0063,2025-03-06 20:21:26,Delivered,295.84,15.95,4,UPI,Clear,Medium
ORD_008270,CUST_01327,REST_0037,2025-03-13 13:17:03,Delivered,521.94,47.23,3,UPI,Rain,High
ORD_008271,CUST_00140,REST_0146,2025-03-06 14:43:15,Delivered,785.81,94.73,3,Wallet,Cloudy,Medium
ORD_008272,CUST_00816,REST_0033,2025-04-04 11:27:49,Cancelled,561.66,0.0,3,UPI,Heavy Rain,High
ORD_008273,CUST_00136,REST_0011,2025-04-11 20:08:01,Delivered,329.75,63.06,4,UPI,Clear,Low
ORD_008274,CUST_00709,REST_0118,2025-04-20 20:31:15,Delivered,297.4,1.35,2,Wallet,Cloudy,Medium
ORD_008275,CUST_00193,REST_0064,2025-03-18 17:30:32,Delivered,2426.3,419.55,3,Debit Card,Clear,Low
ORD_008276,CUST_00122,REST_0023,2025-01-21 14:56:12,Delivered,976.6,34.79,4,UPI,Clear,High
ORD_008277,CUST_00286,REST_0181,2025-03-01 20:34:32,Delivered,266.56,18.02,5,UPI,Rain,Severe
ORD_008278,CUST_00386,REST_0041,2025-03-08 09:39:22,Delivered,448.35,64.18,1,UPI,Cloudy,Medium
ORD_008279,CUST_00416,REST_0157,2025-02-17 14:44:10,Cancelled,121.65,0.0,1,UPI,Cloudy,High
ORD_008280,CUST_00973,REST_0006,2025-03-24 08:20:00,Delivered,333.44,44.37,3,UPI,Rain,Low
ORD_008281,CUST_00084,REST_0057,2025-03-13 18:14:22,Delivered,613.97,22.2,2,UPI,Cloudy,High
ORD_008282,CUST_00123,REST_0186,2025-04-01 15:52:01,Delivered,431.65,2.03,4,Cash,Clear,Severe
ORD_008283,CUST_00283,REST_0131,2025-05-05 18:06:15,Delivered,242.33,35.64,1,UPI,Clear,Low
ORD_008284,CUST_01310,REST_0176,2025-03-27 22:31:06,Delivered,857.34,30.91,4,UPI,Cloudy,Low
ORD_008285,CUST_00948,REST_0073,2025-04-17 11:06:37,Delivered,1315.69,45.96,4,Credit Card,Clear,Medium
ORD_008286,CUST_01099,REST_0100,2025-06-25 12:21:34,Delivered,1243.29,392.99,5,Credit Card,Clear,Medium
ORD_008287,CUST_00553,REST_0013,2025-03-23 19:01:58,Delivered,439.94,82.65,2,UPI,Clear,Medium
ORD_008288,CUST_00322,REST_0078,2025-02-11 19:39:19,Delivered,976.92,70.19,6,UPI,Clear,Low
ORD_008289,CUST_00058,REST_0150,2025-02-14 22:59:00,Delivered,875.9,35.36,5,UPI,Clear,High
ORD_008290,CUST_00736,REST_0063,2025-02-09 14:38:50,Delivered,296.67,15.16,3,Credit Card,Cloudy,High
ORD_008291,CUST_00865,REST_0096,2025-04-20 11:25:00,Delivered,526.88,94.89,3,Cash,Cloudy,High
ORD_008292,CUST_01348,REST_0151,2025-05-07 19:45:02,Delivered,353.72,17.75,6,Credit Card,Clear,Medium
ORD_008293,CUST_01325,REST_0185,2025-05-03 16:16:49,Cancelled,395.26,0.0,3,Wallet,Clear,Low
ORD_008294,CUST_00638,REST_0162,2025-03-06 22:02:18,Delivered,374.18,16.58,1,Cash,Clear,High
ORD_008295,CUST_00636,REST_0194,2025-06-19 21:33:04,Delivered,80.0,10.89,1,UPI,Rain,Low
ORD_008296,CUST_00244,REST_0082,2025-06-26 14:45:15,Delivered,594.42,3.83,5,UPI,Rain,Medium
ORD_008297,CUST_00389,REST_0122,2025-02-25 19:13:29,Delivered,197.61,34.27,2,UPI,Clear,Low
ORD_008298,CUST_01389,REST_0092,2025-04-06 18:50:44,Delivered,1107.93,239.98,4,UPI,Clear,Medium
ORD_008299,CUST_00215,REST_0099,2025-03-17 17:25:47,Delivered,496.23,151.18,3,UPI,Clear,Low
ORD_008300,CUST_01454,REST_0081,2025-01-23 21:19:37,Delivered,141.13,16.01,3,UPI,Rain,High
ORD_008301,CUST_00760,REST_0022,2025-02-15 18:02:20,Delivered,269.7,43.29,2,UPI,Clear,Low
ORD_008302,CUST_00687,REST_0077,2025-02-20 10:04:19,Delivered,80.0,0.28,1,Cash,Clear,Medium
ORD_008303,CUST_00263,REST_0116,2025-04-29 19:41:08,Delivered,301.76,37.78,3,UPI,Cloudy,High
ORD_008304,CUST_00999,REST_0058,2025-05-11 13:09:15,Delivered,217.03,26.81,2,Credit Card,Rain,High
ORD_008305,CUST_00692,REST_0135,2025-06-01 15:01:05,Delivered,260.88,15.82,2,UPI,Cloudy,Medium
ORD_008306,CUST_00553,REST_0187,2025-03-12 10:37:35,Delivered,174.42,1.37,3,Wallet,Cloudy,High
ORD_008307,CUST_00399,REST_0145,2025-06-06 15:04:46,Delivered,267.32,41.12,4,UPI,Rain,Severe
ORD_008308,CUST_00102,REST_0087,2025-04-13 19:44:55,Delivered,1370.76,212.61,5,UPI,Clear,Medium
ORD_008309,CUST_00783,REST_0096,2025-05-06 09:19:42,Delivered,165.73,79.4,1,UPI,Cloudy,Low
ORD_008310,CUST_00471,REST_0102,2025-02-17 22:16:00,Delivered,185.08,6.61,3,Credit Card,Rain,High
ORD_008311,CUST_01065,REST_0038,2025-03-20 14:35:00,Delivered,1198.03,250.95,5,UPI,Clear,Medium
ORD_008312,CUST_01089,REST_0110,2025-03-10 13:47:26,Delivered,860.84,123.64,4,Credit Card,Rain,Medium
ORD_008313,CUST_00499,REST_0073,2025-03-30 10:29:00,Cancelled,499.78,0.0,2,UPI,Cloudy,Low
ORD_008314,CUST_01010,REST_0005,2025-01-17 19:40:54,Delivered,183.82,8.51,4,UPI,Cloudy,High
ORD_008315,CUST_00391,REST_0001,2025-04-04 22:27:51,Delivered,204.68,17.95,3,Wallet,Clear,Low
ORD_008316,CUST_01094,REST_0066,2025-01-03 13:01:53,Delivered,137.59,42.88,1,UPI,Clear,High
ORD_008317,CUST_00025,REST_0085,2025-06-15 14:16:11,Delivered,152.72,15.45,1,UPI,Clear,High
ORD_008318,CUST_00230,REST_0140,2025-04-28 14:15:17,Delivered,412.51,51.29,6,Cash,Clear,High
ORD_008319,CUST_00370,REST_0071,2025-01-08 13:30:17,Delivered,683.63,226.67,4,UPI,Clear,Low
ORD_008320,CUST_01160,REST_0063,2025-01-02 14:55:47,Delivered,80.0,1.39,1,Credit Card,Clear,Medium
ORD_008321,CUST_00102,REST_0112,2025-04-16 18:52:17,Delivered,1284.19,106.52,2,UPI,Clear,Medium
ORD_008322,CUST_00281,REST_0085,2025-03-20 22:47:57,Cancelled,504.44,0.0,3,UPI,Clear,Medium
ORD_008323,CUST_00536,REST_0078,2025-01-23 11:41:03,Delivered,341.21,33.87,1,UPI,Clear,Low
ORD_008324,CUST_00014,REST_0152,2025-06-03 21:09:21,Delivered,407.92,4.57,5,UPI,Cloudy,Low
ORD_008325,CUST_01146,REST_0095,2025-03-30 17:13:00,Delivered,1636.72,157.72,5,Cash,Clear,Medium
ORD_008326,CUST_00843,REST_0126,2025-05-24 11:06:23,Delivered,318.75,5.84,2,UPI,Heavy Rain,High
ORD_008327,CUST_01353,REST_0019,2025-02-04 09:40:14,Delivered,388.62,4.21,7,UPI,Clear,Medium
ORD_008328,CUST_00048,REST_0109,2025-04-18 20:22:18,Delivered,201.91,35.1,2,Credit Card,Cloudy,Low
ORD_008329,CUST_00409,REST_0096,2025-03-19 18:54:37,Cancelled,257.77,0.0,1,UPI,Cloudy,Medium
ORD_008330,CUST_01101,REST_0117,2025-05-19 12:31:39,Delivered,1423.53,198.29,7,UPI,Cloudy,Low
ORD_008331,CUST_01018,REST_0147,2025-02-27 10:57:33,Delivered,168.8,10.24,2,UPI,Clear,Medium
ORD_008332,CUST_00367,REST_0020,2025-03-08 19:22:39,Delivered,80.0,19.83,1,UPI,Clear,Medium
ORD_008333,CUST_00898,REST_0056,2025-02-25 11:48:42,Delivered,271.5,34.5,3,Wallet,Rain,High
ORD_008334,CUST_01192,REST_0057,2025-04-06 13:43:45,Delivered,1849.44,260.34,5,Debit Card,Clear,Medium
ORD_008335,CUST_00052,REST_0195,2025-01-31 21:11:17,Delivered,492.84,31.96,2,Debit Card,Clear,Medium
ORD_008336,CUST_01081,REST_0036,2025-03-29 21:28:24,Delivered,1868.32,205.46,4,Wallet,Clear,High
ORD_008337,CUST_00382,REST_0026,2025-05-31 12:16:44,Delivered,766.86,13.88,3,UPI,Clear,Medium
ORD_008338,CUST_01424,REST_0079,2025-06-26 22:57:18,Delivered,875.68,110.72,3,Cash,Clear,High
ORD_008339,CUST_00809,REST_0157,2025-05-13 21:33:56,Delivered,390.03,24.58,2,Cash,Rain,High
ORD_008340,CUST_00052,REST_0082,2025-03-14 13:43:25,Delivered,357.24,8.93,2,UPI,Rain,Medium
ORD_008341,CUST_00604,REST_0108,2025-05-13 13:23:20,Delivered,207.09,8.82,3,Debit Card,Cloudy,Medium
ORD_008342,CUST_01450,REST_0029,2025-01-22 11:20:56,Cancelled,945.4,0.0,4,UPI,Clear,Medium
ORD_008343,CUST_01100,REST_0161,2025-06-07 17:09:02,Delivered,2092.57,531.68,4,Cash,Cloudy,Medium
ORD_008344,CUST_00452,REST_0127,2025-06-16 13:01:12,Delivered,1218.59,391.23,5,UPI,Cloudy,Medium
ORD_008345,CUST_00867,REST_0113,2025-04-01 22:03:07,Delivered,564.98,130.57,5,Cash,Clear,Medium
ORD_008346,CUST_00904,REST_0073,2025-01-05 18:23:43,Delivered,1060.02,100.25,4,UPI,Clear,Medium
ORD_008347,CUST_00036,REST_0015,2025-01-28 13:53:04,Delivered,567.69,66.92,5,Credit Card,Rain,High
ORD_008348,CUST_00269,REST_0168,2025-01-13 20:16:29,Delivered,251.38,33.15,1,UPI,Rain,High
ORD_008349,CUST_00830,REST_0012,2025-04-12 18:48:48,Delivered,1578.37,72.0,5,UPI,Clear,Low
ORD_008350,CUST_00603,REST_0122,2025-03-23 11:54:27,Delivered,82.26,6.78,1,UPI,Cloudy,Medium
ORD_008351,CUST_00285,REST_0063,2025-01-30 19:03:03,Delivered,186.95,33.77,3,UPI,Clear,Medium
ORD_008352,CUST_01160,REST_0063,2025-04-11 13:10:22,Delivered,154.86,96.46,2,UPI,Clear,Medium
ORD_008353,CUST_00737,REST_0183,2025-04-09 16:10:01,Delivered,339.42,19.45,3,UPI,Clear,High
ORD_008354,CUST_00467,REST_0197,2025-04-28 13:14:39,Failed,296.01,0.0,2,Debit Card,Clear,High
ORD_008355,CUST_00245,REST_0122,2025-01-28 12:33:54,Delivered,192.36,33.81,3,UPI,Cloudy,Low
ORD_008356,CUST_00922,REST_0065,2025-06-27 08:52:07,Delivered,379.12,88.79,5,Wallet,Clear,Medium
ORD_008357,CUST_01006,REST_0006,2025-05-20 19:55:01,Delivered,139.97,15.22,2,UPI,Clear,High
ORD_008358,CUST_01011,REST_0029,2025-05-20 11:11:44,Delivered,1239.75,92.58,8,UPI,Rain,High
ORD_008359,CUST_00332,REST_0150,2025-01-09 21:42:08,Cancelled,271.62,0.0,2,UPI,Clear,Medium
ORD_008360,CUST_00898,REST_0053,2025-05-16 23:27:55,Cancelled,986.8,0.0,3,UPI,Clear,Medium
ORD_008361,CUST_01360,REST_0188,2025-03-23 14:35:52,Delivered,233.4,135.16,3,UPI,Cloudy,Low
ORD_008362,CUST_00529,REST_0158,2025-06-14 20:38:48,Cancelled,174.23,0.0,4,Debit Card,Clear,Medium
ORD_008363,CUST_00318,REST_0127,2025-05-26 21:47:08,Delivered,367.8,11.47,2,Credit Card,Clear,Medium
ORD_008364,CUST_01159,REST_0002,2025-06-28 22:03:15,Delivered,883.96,80.52,1,Wallet,Cloudy,Severe
ORD_008365,CUST_00266,REST_0177,2025-05-05 10:18:23,Delivered,448.99,13.65,5,UPI,Clear,High
ORD_008366,CUST_00384,REST_0125,2025-04-25 14:01:31,Delivered,1008.33,23.93,3,Debit Card,Clear,High
ORD_008367,CUST_00154,REST_0011,2025-01-01 17:38:31,Delivered,287.14,145.65,3,UPI,Clear,Medium
ORD_008368,CUST_00404,REST_0127,2025-01-09 12:55:23,Delivered,1095.65,137.2,4,UPI,Clear,Medium
ORD_008369,CUST_00615,REST_0180,2025-05-01 20:15:28,Delivered,300.78,24.55,4,UPI,Rain,Severe
ORD_008370,CUST_00098,REST_0039,2025-04-15 19:56:03,Delivered,708.65,98.33,3,Debit Card,Clear,Medium
ORD_008371,CUST_01310,REST_0169,2025-03-31 19:01:30,Delivered,350.34,21.51,2,Cash,Clear,Medium
ORD_008372,CUST_00774,REST_0021,2025-06-27 10:33:00,Delivered,941.82,60.51,4,Credit Card,Heavy Rain,Severe
ORD_008373,CUST_00887,REST_0017,2025-02-08 19:35:58,Delivered,798.52,41.74,7,UPI,Clear,Medium
ORD_008374,CUST_00554,REST_0165,2025-05-20 13:07:10,Delivered,237.49,32.3,4,Debit Card,Rain,Medium
ORD_008375,CUST_01011,REST_0048,2025-04-19 12:17:53,Delivered,80.0,5.96,1,Credit Card,Clear,Medium
ORD_008376,CUST_00649,REST_0146,2025-05-16 13:48:29,Delivered,1276.75,191.48,4,UPI,Clear,Medium
ORD_008377,CUST_01145,REST_0024,2025-03-25 12:24:53,Delivered,1180.79,135.05,5,Wallet,Cloudy,High
ORD_008378,CUST_01233,REST_0154,2025-05-14 22:50:13,Delivered,1890.79,220.12,4,UPI,Rain,Medium
ORD_008379,CUST_01014,REST_0046,2025-04-02 18:32:00,Delivered,463.32,70.11,5,UPI,Cloudy,Medium
ORD_008380,CUST_00740,REST_0164,2025-01-20 21:25:53,Delivered,253.83,43.91,2,Cash,Clear,High
ORD_008381,CUST_01175,REST_0189,2025-03-26 12:41:49,Delivered,720.81,155.29,6,UPI,Clear,Medium
ORD_008382,CUST_00745,REST_0086,2025-03-22 08:26:53,Delivered,174.76,16.76,1,UPI,Cloudy,Medium
ORD_008383,CUST_00171,REST_0120,2025-04-10 22:40:34,Delivered,427.74,74.32,4,Credit Card,Clear,Medium
ORD_008384,CUST_00179,REST_0014,2025-02-07 13:41:48,Delivered,557.5,70.68,5,UPI,Clear,Medium
ORD_008385,CUST_01425,REST_0022,2025-02-26 21:09:59,Delivered,333.87,10.05,3,Credit Card,Rain,Severe
ORD_008386,CUST_00322,REST_0162,2025-02-09 11:21:16,Delivered,1760.29,4.26,3,Wallet,Heavy Rain,High
ORD_008387,CUST_01224,REST_0155,2025-01-12 12:12:24,Delivered,235.98,38.62,2,UPI,Clear,Low
ORD_008388,CUST_00373,REST_0118,2025-01-26 21:45:38,Delivered,748.63,162.88,4,UPI,Cloudy,Low
ORD_008389,CUST_00647,REST_0145,2025-04-23 13:07:12,Delivered,185.7,13.53,2,UPI,Clear,Low
ORD_008390,CUST_00989,REST_0157,2025-03-31 11:23:23,Delivered,283.74,23.61,2,UPI,Clear,Low
ORD_008391,CUST_00241,REST_0129,2025-03-30 15:05:00,Delivered,977.02,61.19,3,Debit Card,Cloudy,High
ORD_008392,CUST_01109,REST_0126,2025-06-05 14:50:23,Delivered,375.19,69.1,2,Credit Card,Clear,Low
ORD_008393,CUST_01040,REST_0101,2025-04-02 20:01:12,Delivered,601.66,136.11,3,UPI,Cloudy,Low
ORD_008394,CUST_00816,REST_0089,2025-04-11 21:12:18,Delivered,573.84,58.58,4,Credit Card,Cloudy,Medium
ORD_008395,CUST_00852,REST_0110,2025-03-10 16:12:00,Delivered,1427.38,346.35,7,UPI,Clear,Low
ORD_008396,CUST_00162,REST_0100,2025-03-09 21:49:05,Delivered,266.74,19.34,1,UPI,Cloudy,Low
ORD_008397,CUST_00656,REST_0039,2025-05-19 08:41:25,Cancelled,259.02,0.0,2,UPI,Clear,Low
ORD_008398,CUST_00132,REST_0139,2025-05-19 21:02:01,Delivered,80.0,0.48,1,UPI,Cloudy,Low
ORD_008399,CUST_00464,REST_0067,2025-01-26 11:36:25,Delivered,416.16,47.26,4,UPI,Cloudy,Medium
ORD_008400,CUST_01352,REST_0191,2025-02-05 22:01:20,Delivered,785.88,103.6,5,Wallet,Cloudy,Medium
ORD_008401,CUST_00866,REST_0060,2025-05-15 12:55:43,Delivered,1097.16,299.95,4,UPI,Clear,Low
ORD_008402,CUST_01118,REST_0193,2025-02-23 18:57:36,Delivered,127.97,5.74,2,Wallet,Clear,Medium
ORD_008403,CUST_00864,REST_0009,2025-04-30 21:53:38,Delivered,1322.03,48.12,2,Wallet,Cloudy,Medium
ORD_008404,CUST_00292,REST_0003,2025-04-14 10:26:05,Delivered,999.94,9.84,5,Credit Card,Clear,High
ORD_008405,CUST_00897,REST_0010,2025-04-14 14:43:47,Delivered,220.85,12.42,2,Credit Card,Clear,Medium
ORD_008406,CUST_01136,REST_0018,2025-06-07 09:19:58,Delivered,974.94,124.38,4,Wallet,Clear,Medium
ORD_008407,CUST_00210,REST_0142,2025-02-05 08:04:59,Delivered,423.9,42.71,6,UPI,Clear,Medium
ORD_008408,CUST_01226,REST_0110,2025-05-27 11:59:18,Delivered,453.18,121.86,2,Credit Card,Clear,Low
ORD_008409,CUST_00836,REST_0129,2025-05-19 20:08:19,Delivered,766.61,152.09,3,Wallet,Clear,Medium
ORD_008410,CUST_00007,REST_0153,2025-03-07 10:50:00,Delivered,2920.3,403.31,4,Wallet,Cloudy,Medium
ORD_008411,CUST_00783,REST_0096,2025-03-15 13:12:31,Cancelled,167.66,0.0,1,Debit Card,Rain,High
ORD_008412,CUST_00592,REST_0117,2025-06-22 18:21:27,Delivered,746.41,155.12,3,UPI,Clear,Low
ORD_008413,CUST_00447,REST_0023,2025-01-18 18:30:40,Delivered,603.32,160.85,4,Credit Card,Clear,Medium
ORD_008414,CUST_01158,REST_0139,2025-02-03 11:04:20,Delivered,181.99,22.88,4,Wallet,Rain,Low
ORD_008415,CUST_01351,REST_0026,2025-05-14 15:49:34,Delivered,1202.15,293.36,4,UPI,Cloudy,Low
ORD_008416,CUST_01147,REST_0183,2025-04-16 14:32:37,Delivered,1547.28,56.58,7,Credit Card,Rain,High
ORD_008417,CUST_01271,REST_0187,2025-03-28 22:48:58,Delivered,563.85,47.74,6,UPI,Heavy Rain,Medium
ORD_008418,CUST_01364,REST_0005,2025-05-24 19:06:07,Delivered,139.42,1.39,3,Wallet,Rain,High
ORD_008419,CUST_01370,REST_0083,2025-05-11 14:18:06,Delivered,4137.25,176.17,5,UPI,Rain,Severe
ORD_008420,CUST_00176,REST_0043,2025-03-27 20:24:05,Delivered,722.51,125.62,3,UPI,Cloudy,Medium
ORD_008421,CUST_00686,REST_0025,2025-05-13 19:59:37,Delivered,102.9,2.38,2,Credit Card,Rain,Medium
ORD_008422,CUST_00001,REST_0010,2025-04-05 21:56:54,Delivered,678.15,124.61,6,UPI,Clear,Medium
ORD_008423,CUST_00763,REST_0080,2025-02-01 14:40:21,Delivered,496.7,91.83,7,UPI,Rain,Medium
ORD_008424,CUST_01387,REST_0020,2025-03-21 10:07:45,Delivered,456.47,61.18,5,UPI,Clear,Medium
ORD_008425,CUST_00300,REST_0186,2025-06-25 13:12:29,Delivered,198.83,20.02,2,Credit Card,Clear,Medium
ORD_008426,CUST_00965,REST_0148,2025-01-28 11:24:36,Delivered,2244.6,67.86,5,UPI,Clear,Low
ORD_008427,CUST_00972,REST_0112,2025-06-28 19:18:07,Delivered,1487.1,522.95,2,UPI,Clear,Low
ORD_008428,CUST_00243,REST_0103,2025-03-08 20:37:54,Cancelled,1963.71,0.0,2,UPI,Cloudy,Medium
ORD_008429,CUST_00361,REST_0117,2025-06-29 21:18:20,Delivered,2098.37,110.31,7,Cash,Rain,Low
ORD_008430,CUST_00696,REST_0197,2025-01-13 22:53:49,Delivered,330.86,99.06,3,Wallet,Clear,Medium
ORD_008431,CUST_00282,REST_0079,2025-03-25 22:10:26,Delivered,204.02,8.69,1,Debit Card,Clear,Low
ORD_008432,CUST_00882,REST_0132,2025-02-07 16:38:32,Delivered,218.74,24.7,1,Credit Card,Cloudy,Low
ORD_008433,CUST_00730,REST_0051,2025-06-09 07:23:39,Delivered,224.75,6.41,2,UPI,Cloudy,Medium
ORD_008434,CUST_00782,REST_0164,2025-06-04 13:19:32,Delivered,772.27,113.02,4,Wallet,Cloudy,Medium
ORD_008435,CUST_00204,REST_0199,2025-03-10 21:45:38,Delivered,112.47,3.63,1,UPI,Cloudy,Medium
ORD_008436,CUST_00779,REST_0066,2025-06-06 22:30:38,Delivered,403.71,46.86,3,UPI,Clear,Low
ORD_008437,CUST_00076,REST_0078,2025-03-06 13:09:08,Delivered,1383.57,237.5,7,UPI,Cloudy,Low
ORD_008438,CUST_01325,REST_0039,2025-01-13 18:25:05,Delivered,490.47,149.9,3,Debit Card,Clear,Medium
ORD_008439,CUST_00514,REST_0003,2025-04-14 14:28:47,Failed,193.04,0.0,1,Credit Card,Clear,High
ORD_008440,CUST_01286,REST_0184,2025-05-05 10:49:02,Delivered,760.54,125.75,1,UPI,Clear,Low
ORD_008441,CUST_01056,REST_0054,2025-06-27 11:44:09,Delivered,871.41,85.05,4,Debit Card,Clear,High
ORD_008442,CUST_01151,REST_0018,2025-04-27 22:05:15,Delivered,351.28,124.19,1,UPI,Clear,Medium
ORD_008443,CUST_00473,REST_0047,2025-04-04 10:24:34,Delivered,342.7,91.4,2,Credit Card,Clear,Medium
ORD_008444,CUST_00345,REST_0034,2025-04-21 17:33:11,Delivered,552.67,114.08,5,Cash,Clear,Medium
ORD_008445,CUST_00610,REST_0175,2025-01-27 19:21:03,Delivered,730.64,187.94,3,Debit Card,Clear,Medium
ORD_008446,CUST_00038,REST_0036,2025-04-27 12:47:44,Delivered,3481.65,272.91,5,Credit Card,Rain,High
ORD_008447,CUST_01379,REST_0065,2025-05-10 08:30:35,Delivered,140.83,5.84,2,Debit Card,Rain,High
ORD_008448,CUST_00578,REST_0080,2025-04-23 22:32:30,Delivered,238.42,49.73,3,UPI,Clear,Medium
ORD_008449,CUST_01482,REST_0063,2025-06-04 14:42:50,Delivered,157.91,14.6,3,UPI,Clear,Medium
ORD_008450,CUST_01145,REST_0012,2025-05-03 15:08:59,Cancelled,2420.53,0.0,4,UPI,Heavy Rain,Low
ORD_008451,CUST_00123,REST_0178,2025-05-10 19:57:00,Delivered,2031.4,652.01,3,UPI,Clear,Medium
ORD_008452,CUST_00997,REST_0191,2025-04-20 15:25:09,Delivered,543.98,12.82,3,Wallet,Heavy Rain,Medium
ORD_008453,CUST_00408,REST_0110,2025-04-21 22:42:30,Delivered,482.78,28.43,3,UPI,Clear,Medium
ORD_008454,CUST_00368,REST_0045,2025-02-04 23:37:49,Delivered,307.17,25.35,2,Credit Card,Cloudy,Medium
ORD_008455,CUST_00388,REST_0123,2025-02-08 18:35:45,Delivered,165.9,29.37,1,Credit Card,Cloudy,Medium
ORD_008456,CUST_01375,REST_0078,2025-01-20 21:45:20,Delivered,951.95,55.38,5,Credit Card,Clear,High
ORD_008457,CUST_00753,REST_0061,2025-06-12 20:31:35,Delivered,472.52,29.98,6,UPI,Heavy Rain,High
ORD_008458,CUST_01011,REST_0176,2025-04-15 12:51:03,Delivered,619.87,71.07,5,Wallet,Cloudy,Low
ORD_008459,CUST_00423,REST_0073,2025-04-04 13:25:00,Delivered,1028.71,57.64,4,UPI,Clear,Medium
ORD_008460,CUST_00788,REST_0189,2025-06-01 22:08:18,Delivered,472.42,41.44,5,UPI,Clear,Medium
ORD_008461,CUST_00524,REST_0170,2025-06-05 19:33:52,Cancelled,1479.12,0.0,5,UPI,Clear,Medium
ORD_008462,CUST_00482,REST_0167,2025-02-07 18:59:00,Delivered,150.45,16.7,2,UPI,Heavy Rain,High
ORD_008463,CUST_00373,REST_0144,2025-04-29 18:39:55,Delivered,120.33,7.54,3,Debit Card,Rain,Severe
ORD_008464,CUST_00613,REST_0080,2025-02-19 17:39:41,Delivered,333.81,51.83,6,UPI,Cloudy,Medium
ORD_008465,CUST_00997,REST_0068,2025-03-23 15:47:05,Delivered,1017.66,93.06,4,UPI,Clear,Low
ORD_008466,CUST_00335,REST_0116,2025-05-06 21:44:15,Delivered,276.4,43.65,3,UPI,Rain,High
ORD_008467,CUST_01449,REST_0033,2025-04-22 14:55:55,Delivered,481.29,63.44,2,Debit Card,Clear,Medium
ORD_008468,CUST_00191,REST_0015,2025-04-11 14:34:07,Delivered,686.89,109.77,8,UPI,Heavy Rain,High
ORD_008469,CUST_00723,REST_0019,2025-04-09 21:26:13,Delivered,101.7,20.15,2,UPI,Clear,Low
ORD_008470,CUST_00130,REST_0178,2025-04-29 18:56:05,Delivered,1554.15,69.16,2,UPI,Rain,High
ORD_008471,CUST_00035,REST_0187,2025-01-23 22:01:26,Delivered,119.77,10.12,2,Debit Card,Clear,Low
ORD_008472,CUST_01385,REST_0124,2025-06-09 20:45:39,Delivered,351.41,37.58,4,UPI,Rain,High
ORD_008473,CUST_01216,REST_0104,2025-04-14 13:28:32,Delivered,543.34,18.63,3,UPI,Cloudy,High
ORD_008474,CUST_01046,REST_0180,2025-04-10 16:00:57,Delivered,83.53,11.03,2,UPI,Clear,Medium
ORD_008475,CUST_01300,REST_0038,2025-02-12 20:16:41,Cancelled,487.74,0.0,2,UPI,Clear,Low
ORD_008476,CUST_01205,REST_0040,2025-05-07 22:44:26,Delivered,814.98,8.74,1,UPI,Clear,Medium
ORD_008477,CUST_00977,REST_0080,2025-02-12 22:24:33,Delivered,197.37,5.43,3,Debit Card,Clear,Severe
ORD_008478,CUST_01272,REST_0180,2025-04-03 11:40:50,Delivered,275.45,43.52,4,UPI,Clear,Medium
ORD_008479,CUST_00583,REST_0095,2025-03-15 22:53:37,Delivered,509.54,56.78,2,UPI,Clear,Medium
ORD_008480,CUST_00831,REST_0164,2025-03-24 16:48:00,Delivered,460.67,44.51,3,UPI,Heavy Rain,Low
ORD_008481,CUST_01166,REST_0037,2025-03-31 16:22:00,Delivered,873.84,118.57,4,UPI,Rain,Medium
ORD_008482,CUST_00129,REST_0019,2025-03-21 20:44:00,Delivered,162.93,14.62,3,Credit Card,Clear,Severe
ORD_008483,CUST_01290,REST_0053,2025-04-19 12:51:36,Delivered,553.86,142.47,2,UPI,Clear,Medium
ORD_008484,CUST_00239,REST_0187,2025-01-22 12:13:29,Delivered,148.89,20.74,3,UPI,Clear,Low
ORD_008485,CUST_01299,REST_0012,2025-03-03 18:28:13,Delivered,2109.66,384.22,5,UPI,Clear,Medium
ORD_008486,CUST_00469,REST_0095,2025-04-25 11:32:22,Delivered,1227.35,60.22,5,Credit Card,Clear,High
ORD_008487,CUST_00490,REST_0059,2025-05-05 16:19:06,Delivered,325.71,16.8,2,Wallet,Cloudy,High
ORD_008488,CUST_00114,REST_0184,2025-01-17 20:14:12,Delivered,5000.0,189.31,8,UPI,Clear,Low
ORD_008489,CUST_01331,REST_0156,2025-03-03 14:57:02,Delivered,356.35,26.65,2,UPI,Heavy Rain,High
ORD_008490,CUST_00262,REST_0100,2025-03-30 21:15:53,Delivered,478.55,10.45,2,Wallet,Clear,Medium
ORD_008491,CUST_00950,REST_0178,2025-01-01 19:02:19,Delivered,2777.02,132.57,3,Credit Card,Rain,High
ORD_008492,CUST_00972,REST_0067,2025-03-03 00:52:00,Delivered,224.9,24.77,2,UPI,Cloudy,High
ORD_008493,CUST_00423,REST_0110,2025-03-23 21:20:00,Cancelled,606.75,0.0,3,UPI,Rain,High
ORD_008494,CUST_01478,REST_0002,2025-05-26 18:21:15,Delivered,1724.64,99.89,2,Debit Card,Rain,High
ORD_008495,CUST_00098,REST_0013,2025-03-14 21:59:07,Delivered,560.8,37.6,3,Debit Card,Clear,Medium
ORD_008496,CUST_00917,REST_0048,2025-03-16 20:05:55,Delivered,270.14,34.59,2,Wallet,Heavy Rain,High
ORD_008497,CUST_00722,REST_0078,2025-04-30 13:38:06,Cancelled,457.62,0.0,2,Credit Card,Rain,Severe
ORD_008498,CUST_00371,REST_0193,2025-04-18 19:55:18,Delivered,80.0,0.76,2,UPI,Clear,Medium
ORD_008499,CUST_00248,REST_0017,2025-06-30 22:18:57,Cancelled,1033.46,0.0,4,UPI,Clear,Low
ORD_008500,CUST_01109,REST_0180,2025-03-26 15:42:08,Delivered,269.45,17.08,4,UPI,Cloudy,High
ORD_008501,CUST_01375,REST_0059,2025-06-22 22:36:10,Delivered,652.17,51.81,4,UPI,Clear,Medium
ORD_008502,CUST_00164,REST_0109,2025-05-08 22:04:44,Delivered,111.28,1.75,1,Debit Card,Rain,Severe
ORD_008503,CUST_00291,REST_0125,2025-03-03 16:12:33,Delivered,998.25,227.87,4,Wallet,Clear,Medium
ORD_008504,CUST_01478,REST_0088,2025-04-08 20:05:50,Delivered,97.2,3.18,2,UPI,Rain,Severe
ORD_008505,CUST_00024,REST_0130,2025-02-11 07:04:01,Delivered,165.63,18.59,1,UPI,Heavy Rain,Medium
ORD_008506,CUST_00766,REST_0122,2025-04-24 10:01:22,Delivered,542.64,25.03,6,UPI,Heavy Rain,Medium
ORD_008507,CUST_00778,REST_0186,2025-03-03 12:14:29,Delivered,318.39,24.03,4,Cash,Cloudy,High
ORD_008508,CUST_00397,REST_0154,2025-03-27 14:38:00,Delivered,1467.09,49.24,2,UPI,Clear,Medium
ORD_008509,CUST_01001,REST_0158,2025-05-29 23:40:12,Delivered,194.06,24.38,5,Debit Card,Cloudy,Medium
ORD_008510,CUST_01420,REST_0085,2025-05-13 16:13:49,Delivered,116.86,26.82,1,Wallet,Cloudy,High
ORD_008511,CUST_00678,REST_0047,2025-03-12 13:11:45,Delivered,654.88,26.19,3,Wallet,Clear,Medium
ORD_008512,CUST_01126,REST_0166,2025-02-20 20:50:31,Delivered,370.33,22.6,4,UPI,Clear,Medium
ORD_008513,CUST_00975,REST_0124,2025-05-08 23:03:56,Delivered,250.65,91.96,3,UPI,Clear,Medium
ORD_008514,CUST_00713,REST_0063,2025-06-29 18:09:07,Delivered,334.09,12.43,3,UPI,Rain,Medium
ORD_008515,CUST_00076,REST_0083,2025-06-13 20:58:05,Delivered,981.48,174.0,1,UPI,Clear,High
ORD_008516,CUST_01116,REST_0041,2025-03-26 15:07:00,Delivered,1169.32,71.28,2,UPI,Rain,Medium
ORD_008517,CUST_00542,REST_0108,2025-03-19 11:46:48,Delivered,92.93,20.51,1,UPI,Clear,Low
ORD_008518,CUST_00339,REST_0139,2025-03-12 22:12:54,Delivered,80.0,28.69,1,Wallet,Clear,Medium
ORD_008519,CUST_01425,REST_0086,2025-03-05 08:43:35,Delivered,1375.54,114.04,7,UPI,Clear,Medium
ORD_008520,CUST_01161,REST_0162,2025-01-10 21:12:24,Delivered,3366.58,27.15,5,UPI,Rain,Medium
ORD_008521,CUST_01445,REST_0028,2025-05-07 18:09:51,Delivered,772.95,86.72,3,Credit Card,Clear,High
ORD_008522,CUST_00387,REST_0169,2025-06-01 18:38:46,Delivered,718.69,18.96,4,UPI,Cloudy,Severe
ORD_008523,CUST_01253,REST_0080,2025-04-01 14:35:32,Delivered,163.26,45.54,3,UPI,Clear,Medium
ORD_008524,CUST_00917,REST_0169,2025-04-02 21:02:30,Delivered,1101.0,77.38,7,Debit Card,Heavy Rain,Low
ORD_008525,CUST_01472,REST_0067,2025-03-01 13:44:51,Delivered,609.24,72.51,5,Credit Card,Clear,Medium
ORD_008526,CUST_01421,REST_0166,2025-02-11 16:27:20,Delivered,182.33,8.64,2,Debit Card,Clear,Medium
ORD_008527,CUST_01460,REST_0148,2025-06-24 14:55:46,Delivered,2641.77,414.02,5,Wallet,Clear,High
ORD_008528,CUST_01429,REST_0001,2025-03-01 22:03:00,Delivered,101.57,7.28,1,UPI,Clear,Low
ORD_008529,CUST_00012,REST_0150,2025-05-08 13:03:57,Delivered,879.26,35.34,5,Debit Card,Cloudy,Low
ORD_008530,CUST_01115,REST_0111,2025-03-28 13:20:00,Delivered,1883.1,263.33,2,UPI,Clear,Medium
ORD_008531,CUST_00410,REST_0193,2025-02-21 17:36:07,Delivered,251.66,69.17,5,Wallet,Clear,Low
ORD_008532,CUST_01061,REST_0036,2025-05-28 11:05:35,Delivered,1087.18,52.84,2,UPI,Cloudy,High
ORD_008533,CUST_01470,REST_0058,2025-02-01 07:19:44,Delivered,393.74,33.28,3,Credit Card,Clear,High
ORD_008534,CUST_00060,REST_0059,2025-03-09 08:32:30,Delivered,212.73,12.75,2,UPI,Rain,High
ORD_008535,CUST_00853,REST_0189,2025-06-18 20:09:10,Delivered,188.29,11.59,3,UPI,Cloudy,Medium
ORD_008536,CUST_01105,REST_0154,2025-04-24 10:21:23,Delivered,2126.68,523.69,3,Credit Card,Clear,Low
ORD_008537,CUST_00383,REST_0178,2025-04-10 13:15:01,Delivered,3510.61,277.1,4,Credit Card,Clear,Severe
ORD_008538,CUST_00340,REST_0198,2025-05-23 19:48:25,Cancelled,266.45,0.0,2,UPI,Cloudy,Low
ORD_008539,CUST_00092,REST_0185,2025-04-04 07:53:28,Delivered,162.3,22.82,2,Credit Card,Clear,Medium
ORD_008540,CUST_00143,REST_0139,2025-02-09 13:22:25,Delivered,164.97,18.58,4,Debit Card,Cloudy,Medium
ORD_008541,CUST_00992,REST_0070,2025-03-20 22:33:38,Delivered,703.63,107.35,5,UPI,Cloudy,Medium
ORD_008542,CUST_00761,REST_0143,2025-03-22 11:02:39,Delivered,1124.41,12.25,4,UPI,Cloudy,High
ORD_008543,CUST_00047,REST_0136,2025-02-05 12:50:00,Delivered,660.8,157.94,3,Wallet,Cloudy,Low
ORD_008544,CUST_01455,REST_0068,2025-02-15 12:18:54,Delivered,1505.87,195.96,6,UPI,Clear,Medium
ORD_008545,CUST_00991,REST_0077,2025-04-24 08:23:00,Delivered,281.81,56.99,4,UPI,Heavy Rain,Medium
ORD_008546,CUST_00777,REST_0073,2025-04-01 19:25:00,Delivered,513.51,28.4,4,Debit Card,Rain,High
ORD_008547,CUST_00411,REST_0139,2025-04-02 11:24:55,Delivered,279.99,28.4,6,UPI,Cloudy,High
ORD_008548,CUST_00994,REST_0112,2025-05-14 13:02:21,Delivered,4410.59,251.33,6,UPI,Clear,High
ORD_008549,CUST_00544,REST_0092,2025-02-10 19:38:54,Delivered,1380.87,71.18,5,Debit Card,Rain,High
ORD_008550,CUST_01058,REST_0053,2025-06-07 21:01:07,Delivered,756.14,334.64,4,UPI,Clear,Medium
ORD_008551,CUST_01028,REST_0074,2025-04-24 13:32:27,Delivered,2103.16,197.23,3,UPI,Clear,Medium
ORD_008552,CUST_00141,REST_0024,2025-03-15 23:12:20,Cancelled,1176.33,0.0,5,Credit Card,Cloudy,Low
ORD_008553,CUST_01365,REST_0063,2025-04-07 21:00:43,Delivered,259.06,21.96,3,UPI,Cloudy,Medium
ORD_008554,CUST_00734,REST_0176,2025-05-04 19:20:04,Delivered,445.11,4.41,3,Debit Card,Rain,Medium
ORD_008555,CUST_00587,REST_0188,2025-04-09 20:35:46,Delivered,83.38,18.09,1,Credit Card,Clear,Medium
ORD_008556,CUST_01435,REST_0199,2025-06-06 20:35:37,Delivered,206.96,48.52,3,UPI,Clear,Medium
ORD_008557,CUST_00659,REST_0051,2025-04-24 20:57:30,Delivered,355.02,52.31,4,UPI,Rain,Severe
ORD_008558,CUST_01086,REST_0167,2025-04-16 18:53:49,Delivered,177.95,38.47,3,Credit Card,Clear,Medium
ORD_008559,CUST_00990,REST_0068,2025-05-03 11:05:01,Cancelled,283.41,0.0,1,UPI,Cloudy,Medium
ORD_008560,CUST_00249,REST_0055,2025-04-28 06:48:58,Delivered,657.08,137.83,3,Wallet,Clear,Medium
ORD_008561,CUST_01487,REST_0050,2025-04-28 15:48:47,Delivered,477.2,72.85,2,UPI,Clear,Low
ORD_008562,CUST_00698,REST_0069,2025-05-30 20:34:18,Delivered,795.98,48.16,4,UPI,Clear,Medium
ORD_008563,CUST_00590,REST_0117,2025-05-12 13:19:48,Delivered,1427.22,110.91,7,UPI,Clear,Medium
ORD_008564,CUST_01380,REST_0156,2025-01-04 19:25:02,Delivered,134.09,24.74,1,Credit Card,Clear,High
ORD_008565,CUST_00797,REST_0152,2025-02-21 21:35:40,Delivered,429.02,145.07,4,Credit Card,Clear,Low
ORD_008566,CUST_01061,REST_0072,2025-06-28 13:15:46,Delivered,349.2,5.78,2,Debit Card,Clear,High
ORD_008567,CUST_01271,REST_0041,2025-03-21 20:54:33,Delivered,1030.05,98.31,2,Debit Card,Clear,Medium
ORD_008568,CUST_00356,REST_0110,2025-05-04 21:19:08,Delivered,208.11,53.08,1,UPI,Clear,Medium
ORD_008569,CUST_00256,REST_0160,2025-05-19 13:00:26,Cancelled,1971.02,0.0,3,Credit Card,Cloudy,Medium
ORD_008570,CUST_00105,REST_0034,2025-05-02 13:48:05,Delivered,305.96,14.39,3,UPI,Rain,Medium
ORD_008571,CUST_01348,REST_0200,2025-04-28 18:47:57,Delivered,1150.2,209.11,3,Credit Card,Clear,Medium
ORD_008572,CUST_00302,REST_0063,2025-03-02 21:33:19,Delivered,237.84,62.28,4,UPI,Cloudy,Low
ORD_008573,CUST_00464,REST_0112,2025-02-14 20:46:08,Delivered,1602.04,336.26,2,Debit Card,Clear,Low
ORD_008574,CUST_00431,REST_0120,2025-06-23 17:35:45,Delivered,237.03,27.37,2,UPI,Clear,High
ORD_008575,CUST_00459,REST_0050,2025-03-19 22:56:00,Delivered,1601.61,97.96,4,UPI,Clear,High
ORD_008576,CUST_01008,REST_0072,2025-05-06 14:05:42,Delivered,200.89,46.07,1,UPI,Clear,Medium
ORD_008577,CUST_01432,REST_0043,2025-04-20 22:21:38,Delivered,745.03,70.09,3,Debit Card,Clear,Low
ORD_008578,CUST_00495,REST_0128,2025-06-30 13:30:41,Delivered,679.38,69.21,5,UPI,Clear,Low
ORD_008579,CUST_00611,REST_0003,2025-03-04 13:40:49,Delivered,923.01,34.27,5,Debit Card,Rain,High
ORD_008580,CUST_01158,REST_0024,2025-02-28 21:44:03,Delivered,1346.5,64.24,4,UPI,Cloudy,Medium
ORD_008581,CUST_00650,REST_0193,2025-03-31 12:24:00,Delivered,96.66,8.22,2,UPI,Clear,Low
ORD_008582,CUST_01390,REST_0093,2025-05-20 10:00:07,Delivered,240.95,13.4,4,UPI,Clear,Low
ORD_008583,CUST_00758,REST_0079,2025-04-22 20:50:49,Delivered,576.02,98.84,3,Debit Card,Clear,Medium
ORD_008584,CUST_00520,REST_0188,2025-04-14 21:59:51,Delivered,142.17,17.54,3,UPI,Clear,Low
ORD_008585,CUST_01458,REST_0078,2025-05-11 12:05:36,Delivered,513.15,33.06,2,Credit Card,Cloudy,High
ORD_008586,CUST_00640,REST_0054,2025-06-28 22:40:45,Delivered,787.52,136.0,4,UPI,Cloudy,Low
ORD_008587,CUST_00350,REST_0120,2025-03-10 07:16:22,Cancelled,446.64,0.0,3,UPI,Cloudy,Low
ORD_008588,CUST_00267,REST_0062,2025-01-17 11:22:38,Delivered,1652.71,360.81,4,UPI,Clear,Medium
ORD_008589,CUST_01493,REST_0124,2025-06-10 11:18:39,Delivered,94.54,2.11,1,UPI,Cloudy,Low
ORD_008590,CUST_01132,REST_0168,2025-03-14 09:23:11,Delivered,445.6,38.74,2,UPI,Clear,High
ORD_008591,CUST_00613,REST_0083,2025-01-22 20:59:14,Delivered,3186.65,332.53,3,Credit Card,Heavy Rain,Low
ORD_008592,CUST_01240,REST_0042,2025-06-16 21:16:13,Delivered,124.93,12.55,3,UPI,Rain,Medium
ORD_008593,CUST_00822,REST_0130,2025-04-15 18:46:34,Delivered,819.03,141.98,4,Credit Card,Rain,Medium
ORD_008594,CUST_00477,REST_0071,2025-02-03 18:01:44,Delivered,462.2,78.49,3,UPI,Cloudy,Medium
ORD_008595,CUST_01118,REST_0138,2025-06-22 11:51:53,Delivered,358.07,12.41,3,UPI,Clear,Medium
ORD_008596,CUST_01122,REST_0049,2025-02-20 13:20:06,Delivered,1343.14,458.76,3,UPI,Clear,Severe
ORD_008597,CUST_00753,REST_0035,2025-06-02 10:08:01,Delivered,915.13,43.84,4,Credit Card,Clear,Medium
ORD_008598,CUST_00070,REST_0038,2025-04-18 22:43:03,Delivered,817.53,240.56,4,UPI,Cloudy,Low
ORD_008599,CUST_00118,REST_0041,2025-05-29 14:52:43,Delivered,725.99,56.68,2,UPI,Clear,Low
ORD_008600,CUST_01184,REST_0042,2025-06-14 18:09:25,Delivered,95.11,3.42,2,Debit Card,Clear,Medium
ORD_008601,CUST_01236,REST_0188,2025-03-23 19:09:10,Delivered,162.48,13.97,4,Debit Card,Clear,Low
ORD_008602,CUST_01023,REST_0054,2025-02-16 12:43:15,Delivered,800.83,53.51,5,Credit Card,Clear,Medium
ORD_008603,CUST_01259,REST_0129,2025-05-31 21:11:53,Delivered,262.74,50.86,1,UPI,Clear,Medium
ORD_008604,CUST_01084,REST_0044,2025-02-23 18:24:02,Delivered,300.64,50.19,2,Credit Card,Cloudy,Low
ORD_008605,CUST_01348,REST_0200,2025-05-21 12:46:28,Delivered,771.74,64.3,4,UPI,Clear,Severe
ORD_008606,CUST_00229,REST_0134,2025-03-12 16:46:00,Delivered,350.43,40.08,2,Debit Card,Cloudy,Medium
ORD_008607,CUST_00578,REST_0172,2025-03-17 14:22:04,Delivered,3810.39,1000.0,3,Cash,Clear,Low
ORD_008608,CUST_00699,REST_0021,2025-06-06 19:34:34,Delivered,1245.06,69.92,3,UPI,Rain,High
ORD_008609,CUST_00448,REST_0098,2025-03-22 21:01:14,Delivered,1212.44,209.22,4,Debit Card,Clear,Medium
ORD_008610,CUST_01091,REST_0061,2025-04-07 16:04:00,Delivered,582.38,116.81,4,UPI,Cloudy,Low
ORD_008611,CUST_01369,REST_0050,2025-05-08 22:13:23,Delivered,269.01,28.0,1,UPI,Rain,High
ORD_008612,CUST_00618,REST_0130,2025-03-12 11:32:45,Delivered,164.18,11.4,1,Debit Card,Clear,Medium
ORD_008613,CUST_01414,REST_0096,2025-03-13 11:17:56,Delivered,512.14,84.03,5,Debit Card,Clear,Low
ORD_008614,CUST_00779,REST_0161,2025-03-31 20:40:58,Delivered,815.74,49.97,2,Wallet,Rain,High
ORD_008615,CUST_00787,REST_0016,2025-05-23 19:18:41,Delivered,369.78,27.68,2,Wallet,Clear,High
ORD_008616,CUST_00906,REST_0118,2025-03-25 09:53:00,Delivered,472.19,80.1,2,UPI,Cloudy,Medium
ORD_008617,CUST_00405,REST_0172,2025-03-30 10:51:43,Cancelled,3291.67,0.0,4,Debit Card,Cloudy,High
ORD_008618,CUST_00573,REST_0099,2025-06-08 11:37:54,Delivered,1763.27,248.32,5,Cash,Clear,Low
ORD_008619,CUST_00832,REST_0135,2025-03-02 21:54:24,Delivered,256.61,26.32,2,Credit Card,Clear,Medium
ORD_008620,CUST_01415,REST_0129,2025-03-10 22:33:07,Delivered,832.56,170.11,5,Credit Card,Clear,Medium
ORD_008621,CUST_00970,REST_0136,2025-01-25 21:17:57,Delivered,476.35,115.88,2,UPI,Clear,Low
ORD_008622,CUST_00500,REST_0017,2025-05-18 19:16:48,Delivered,428.52,59.56,2,Cash,Clear,Low
ORD_008623,CUST_00016,REST_0015,2025-04-17 09:25:00,Delivered,942.88,100.18,7,Wallet,Clear,Medium
ORD_008624,CUST_01472,REST_0092,2025-05-18 11:06:48,Delivered,1239.91,142.68,5,UPI,Cloudy,Medium
ORD_008625,CUST_00743,REST_0130,2025-02-18 12:41:00,Delivered,306.14,109.06,2,UPI,Clear,Low
ORD_008626,CUST_01409,REST_0130,2025-03-19 20:08:59,Delivered,444.04,80.73,2,Credit Card,Cloudy,Medium
ORD_008627,CUST_00826,REST_0102,2025-02-21 18:10:39,Delivered,171.73,8.33,2,Debit Card,Clear,Low
ORD_008628,CUST_00913,REST_0182,2025-06-12 11:54:02,Delivered,585.74,163.1,2,Debit Card,Clear,Medium
ORD_008629,CUST_01072,REST_0165,2025-04-19 15:52:27,Delivered,163.04,10.38,3,Credit Card,Clear,High
ORD_008630,CUST_00482,REST_0170,2025-02-22 14:52:00,Delivered,786.63,96.82,3,UPI,Clear,Medium
ORD_008631,CUST_01053,REST_0117,2025-02-22 12:40:37,Delivered,701.19,102.47,2,UPI,Clear,Medium
ORD_008632,CUST_00794,REST_0081,2025-03-16 20:09:34,Delivered,151.61,48.72,3,Credit Card,Clear,Low
ORD_008633,CUST_01015,REST_0078,2025-02-09 21:01:47,Delivered,429.23,48.34,2,UPI,Clear,Medium
ORD_008634,CUST_01253,REST_0172,2025-03-06 14:28:00,Delivered,3119.41,401.28,4,UPI,Clear,High
ORD_008635,CUST_00276,REST_0066,2025-02-28 17:48:23,Delivered,457.07,37.89,4,Wallet,Rain,Medium
ORD_008636,CUST_00925,REST_0002,2025-03-17 18:33:22,Delivered,2334.63,564.34,3,UPI,Clear,Severe
ORD_008637,CUST_00080,REST_0074,2025-01-19 21:31:58,Delivered,1879.08,80.17,4,Credit Card,Rain,High
ORD_008638,CUST_00156,REST_0015,2025-06-05 14:44:11,Delivered,587.31,25.88,5,Credit Card,Clear,High
ORD_008639,CUST_01018,REST_0094,2025-04-17 11:59:10,Delivered,857.71,126.93,5,UPI,Clear,Medium
ORD_008640,CUST_00109,REST_0132,2025-05-12 12:46:55,Delivered,315.01,22.67,2,Wallet,Rain,High
ORD_008641,CUST_00898,REST_0119,2025-06-16 13:46:30,Delivered,325.13,33.6,1,UPI,Cloudy,Severe
ORD_008642,CUST_00332,REST_0156,2025-04-25 20:52:29,Delivered,1034.19,14.43,4,UPI,Rain,Severe
ORD_008643,CUST_00458,REST_0131,2025-02-18 07:13:03,Delivered,632.46,117.78,3,Wallet,Clear,Low
ORD_008644,CUST_00198,REST_0164,2025-04-10 21:38:36,Delivered,986.17,136.54,4,UPI,Clear,Medium
ORD_008645,CUST_00376,REST_0070,2025-06-10 21:57:39,Delivered,287.22,17.48,3,Debit Card,Clear,Low
ORD_008646,CUST_01232,REST_0193,2025-04-24 18:33:37,Delivered,94.66,10.13,2,Cash,Clear,Severe
ORD_008647,CUST_00964,REST_0010,2025-06-06 11:35:39,Delivered,797.12,86.24,6,UPI,Cloudy,High
ORD_008648,CUST_01426,REST_0105,2025-04-21 21:28:10,Delivered,1463.43,138.7,8,Credit Card,Clear,High
ORD_008649,CUST_00075,REST_0102,2025-03-13 09:40:17,Delivered,147.16,4.11,2,UPI,Clear,High
ORD_008650,CUST_01189,REST_0115,2025-06-07 23:55:08,Cancelled,380.08,0.0,4,Debit Card,Rain,High
ORD_008651,CUST_01053,REST_0165,2025-06-29 22:02:28,Delivered,404.62,65.67,5,Wallet,Cloudy,Medium
ORD_008652,CUST_00394,REST_0118,2025-05-08 11:26:03,Delivered,1130.02,316.93,6,UPI,Clear,Medium
ORD_008653,CUST_01098,REST_0101,2025-06-12 14:09:25,Delivered,1028.61,44.23,6,UPI,Rain,High
ORD_008654,CUST_01079,REST_0117,2025-03-12 12:11:39,Delivered,329.82,31.47,2,Credit Card,Clear,Medium
ORD_008655,CUST_00691,REST_0019,2025-03-18 09:03:01,Delivered,80.0,10.77,1,Debit Card,Rain,Medium
ORD_008656,CUST_01038,REST_0177,2025-06-14 12:49:05,Cancelled,281.11,0.0,3,UPI,Clear,Medium
ORD_008657,CUST_00669,REST_0170,2025-03-31 19:00:33,Delivered,1073.48,76.57,6,UPI,Heavy Rain,High
ORD_008658,CUST_00504,REST_0142,2025-05-18 10:43:18,Delivered,289.05,36.65,4,UPI,Clear,Medium
ORD_008659,CUST_00703,REST_0085,2025-05-29 08:28:37,Delivered,408.3,96.65,4,Debit Card,Clear,High
ORD_008660,CUST_01345,REST_0005,2025-02-09 22:17:58,Cancelled,240.6,0.0,3,Credit Card,Clear,Low
ORD_008661,CUST_00575,REST_0119,2025-02-18 11:10:35,Delivered,657.36,53.81,2,UPI,Clear,High
ORD_008662,CUST_00605,REST_0039,2025-03-11 19:39:23,Delivered,838.92,208.32,4,UPI,Clear,Medium
ORD_008663,CUST_00918,REST_0091,2025-06-07 20:07:11,Delivered,215.16,32.04,2,Debit Card,Cloudy,High
ORD_008664,CUST_01132,REST_0032,2025-01-26 19:45:43,Delivered,934.09,85.8,3,UPI,Clear,Low
ORD_008665,CUST_01105,REST_0139,2025-05-13 14:15:57,Delivered,171.2,15.54,3,UPI,Clear,Low
ORD_008666,CUST_00031,REST_0095,2025-02-11 11:55:39,Delivered,249.4,20.15,1,Credit Card,Cloudy,High
ORD_008667,CUST_01036,REST_0110,2025-05-14 07:23:26,Delivered,419.45,7.33,2,UPI,Rain,Severe
ORD_008668,CUST_00679,REST_0200,2025-02-21 22:27:17,Delivered,1753.25,106.17,4,UPI,Rain,Medium
ORD_008669,CUST_00790,REST_0078,2025-04-16 12:00:19,Delivered,565.32,14.73,2,Credit Card,Rain,High
ORD_008670,CUST_00845,REST_0139,2025-03-22 11:05:00,Delivered,153.72,2.46,4,UPI,Clear,Medium
ORD_008671,CUST_01102,REST_0011,2025-05-17 14:40:24,Delivered,381.79,47.44,4,UPI,Clear,Low
ORD_008672,CUST_01247,REST_0085,2025-02-17 17:27:01,Delivered,164.56,59.85,1,Credit Card,Clear,Medium
ORD_008673,CUST_00975,REST_0124,2025-01-24 21:43:55,Delivered,97.3,18.82,1,UPI,Cloudy,Medium
ORD_008674,CUST_00849,REST_0063,2025-02-04 19:05:48,Delivered,80.0,14.06,1,UPI,Cloudy,Low
ORD_008675,CUST_00558,REST_0139,2025-05-24 21:12:11,Delivered,142.86,30.41,3,UPI,Cloudy,Medium
ORD_008676,CUST_00209,REST_0186,2025-05-19 22:48:51,Delivered,285.46,53.56,3,UPI,Clear,Medium
ORD_008677,CUST_01440,REST_0088,2025-04-09 19:53:00,Delivered,248.84,5.58,5,UPI,Cloudy,High
ORD_008678,CUST_00695,REST_0159,2025-02-09 21:10:52,Delivered,169.21,22.33,2,Debit Card,Clear,Low
ORD_008679,CUST_00852,REST_0073,2025-03-02 12:18:37,Delivered,974.74,46.12,3,Debit Card,Cloudy,High
ORD_008680,CUST_01129,REST_0032,2025-03-02 21:35:53,Delivered,545.63,140.86,2,Wallet,Clear,Low
ORD_008681,CUST_00105,REST_0136,2025-03-10 08:55:00,Delivered,1250.94,71.19,4,UPI,Clear,Low
ORD_008682,CUST_01284,REST_0015,2025-02-11 13:57:39,Delivered,412.51,9.18,4,UPI,Clear,Medium
ORD_008683,CUST_01196,REST_0134,2025-04-29 19:53:22,Delivered,453.73,141.84,2,Credit Card,Cloudy,Low
ORD_008684,CUST_01163,REST_0009,2025-03-11 18:59:37,Delivered,3034.25,615.21,4,Wallet,Clear,Low
ORD_008685,CUST_00034,REST_0144,2025-01-07 11:01:05,Delivered,127.43,13.06,2,UPI,Clear,Low
ORD_008686,CUST_00794,REST_0143,2025-03-02 21:33:00,Delivered,880.45,18.33,2,UPI,Rain,High
ORD_008687,CUST_00083,REST_0145,2025-05-23 18:09:36,Delivered,181.62,110.97,2,UPI,Cloudy,Medium
ORD_008688,CUST_00828,REST_0130,2025-02-01 17:24:14,Delivered,420.45,84.45,2,UPI,Clear,Medium
ORD_008689,CUST_01082,REST_0125,2025-03-14 10:18:45,Delivered,223.38,29.72,1,UPI,Clear,Medium
ORD_008690,CUST_00186,REST_0117,2025-05-02 22:34:50,Delivered,1030.54,7.12,4,UPI,Clear,Medium
ORD_008691,CUST_01047,REST_0095,2025-04-17 18:37:05,Delivered,765.04,70.21,3,UPI,Clear,High
ORD_008692,CUST_00677,REST_0153,2025-06-28 19:11:49,Delivered,2532.54,171.83,4,UPI,Rain,Medium
ORD_008693,CUST_01218,REST_0127,2025-06-29 13:03:42,Delivered,775.16,119.55,2,UPI,Rain,Medium
ORD_008694,CUST_00803,REST_0004,2025-02-28 08:30:34,Delivered,1052.02,14.27,5,Debit Card,Rain,Medium
ORD_008695,CUST_00504,REST_0192,2025-01-04 12:14:41,Delivered,894.57,168.97,5,UPI,Clear,Medium
ORD_008696,CUST_00499,REST_0110,2025-03-26 12:47:31,Delivered,1282.35,83.78,7,Credit Card,Cloudy,High
ORD_008697,CUST_01349,REST_0162,2025-03-21 12:41:30,Delivered,1933.43,85.58,3,Credit Card,Clear,High
ORD_008698,CUST_00681,REST_0015,2025-06-02 18:02:20,Delivered,407.49,38.75,4,UPI,Clear,Medium
ORD_008699,CUST_00608,REST_0085,2025-03-08 16:31:48,Delivered,592.55,81.12,4,UPI,Clear,Medium
ORD_008700,CUST_00061,REST_0037,2025-04-04 13:12:33,Delivered,586.93,98.77,3,Debit Card,Clear,Medium
ORD_008701,CUST_00544,REST_0046,2025-04-22 19:17:31,Delivered,461.86,75.34,4,UPI,Clear,High
ORD_008702,CUST_01276,REST_0036,2025-05-22 20:42:16,Delivered,549.07,19.53,1,Wallet,Rain,Medium
ORD_008703,CUST_01144,REST_0011,2025-03-13 09:14:00,Delivered,497.14,41.24,5,Cash,Clear,High
ORD_008704,CUST_00333,REST_0178,2025-02-05 11:16:56,Delivered,1203.04,333.25,2,Wallet,Cloudy,Medium
ORD_008705,CUST_00619,REST_0042,2025-02-28 04:21:36,Delivered,215.54,13.45,5,Credit Card,Clear,Low
ORD_008706,CUST_00296,REST_0081,2025-05-06 11:14:11,Delivered,192.11,13.21,5,UPI,Clear,Low
ORD_008707,CUST_01433,REST_0057,2025-03-27 18:34:41,Delivered,1124.12,56.04,4,UPI,Cloudy,Medium
ORD_008708,CUST_00902,REST_0102,2025-05-24 11:42:48,Delivered,152.61,4.09,2,Cash,Cloudy,High
ORD_008709,CUST_01135,REST_0005,2025-03-19 17:15:39,Delivered,128.29,3.58,2,UPI,Cloudy,Medium
ORD_008710,CUST_01075,REST_0004,2025-04-17 22:14:35,Delivered,1755.6,21.41,6,UPI,Clear,High
ORD_008711,CUST_01312,REST_0149,2025-06-04 18:55:16,Failed,748.36,0.0,6,UPI,Cloudy,High
ORD_008712,CUST_01426,REST_0149,2025-05-22 19:26:53,Delivered,424.92,9.49,4,Wallet,Clear,Low
ORD_008713,CUST_00051,REST_0010,2025-03-29 22:44:34,Delivered,533.42,14.81,6,UPI,Clear,High
ORD_008714,CUST_01463,REST_0146,2025-03-09 14:03:33,Delivered,413.78,52.1,2,UPI,Clear,Medium
ORD_008715,CUST_01308,REST_0083,2025-06-17 16:00:00,Delivered,2156.38,189.73,2,Credit Card,Clear,Medium
ORD_008716,CUST_00572,REST_0154,2025-02-06 14:21:00,Delivered,1316.68,66.81,2,UPI,Clear,High
ORD_008717,CUST_01255,REST_0127,2025-05-23 14:01:09,Delivered,867.23,73.71,4,Debit Card,Clear,Low
ORD_008718,CUST_01108,REST_0185,2025-06-26 12:22:21,Delivered,402.84,159.85,4,UPI,Cloudy,Medium
ORD_008719,CUST_01190,REST_0129,2025-06-28 21:28:44,Delivered,340.65,61.58,2,Debit Card,Cloudy,Low
ORD_008720,CUST_00333,REST_0033,2025-06-10 22:00:17,Delivered,518.3,93.63,3,UPI,Clear,Low
ORD_008721,CUST_00979,REST_0065,2025-06-27 21:47:36,Delivered,300.5,42.79,4,Cash,Cloudy,High
ORD_008722,CUST_00040,REST_0142,2025-03-27 12:26:05,Delivered,80.0,19.19,1,UPI,Cloudy,Medium
ORD_008723,CUST_01273,REST_0109,2025-03-31 18:50:00,Delivered,462.71,19.98,3,UPI,Clear,High
ORD_008724,CUST_01428,REST_0127,2025-01-16 21:56:01,Delivered,1323.33,28.73,5,UPI,Heavy Rain,Medium
ORD_008725,CUST_01000,REST_0101,2025-06-14 07:20:12,Delivered,1214.13,252.2,5,UPI,Cloudy,Low
ORD_008726,CUST_00772,REST_0038,2025-04-25 09:47:06,Delivered,1296.39,19.53,4,Cash,Cloudy,High
ORD_008727,CUST_01092,REST_0178,2025-06-08 21:55:21,Delivered,1147.61,87.87,2,Debit Card,Clear,High
ORD_008728,CUST_00490,REST_0162,2025-03-04 11:43:38,Delivered,1211.85,432.92,2,Debit Card,Cloudy,Medium
ORD_008729,CUST_00945,REST_0014,2025-05-22 01:18:59,Delivered,297.56,27.28,4,UPI,Cloudy,Low
ORD_008730,CUST_01083,REST_0181,2025-03-18 22:35:13,Delivered,118.62,4.58,3,Wallet,Clear,Medium
ORD_008731,CUST_00217,REST_0087,2025-06-11 11:29:50,Cancelled,555.29,0.0,2,UPI,Rain,High
ORD_008732,CUST_00213,REST_0027,2025-05-27 14:20:18,Delivered,588.02,12.75,2,UPI,Clear,Medium
ORD_008733,CUST_01079,REST_0004,2025-04-28 20:39:03,Delivered,728.1,45.22,3,Debit Card,Rain,Medium
ORD_008734,CUST_00649,REST_0010,2025-03-26 20:42:28,Delivered,132.38,5.08,1,Debit Card,Cloudy,Medium
ORD_008735,CUST_01336,REST_0077,2025-04-29 08:16:33,Delivered,237.17,59.56,3,Debit Card,Clear,Medium
ORD_008736,CUST_00470,REST_0067,2025-02-19 12:57:00,Cancelled,154.62,0.0,2,Wallet,Clear,High
ORD_008737,CUST_00065,REST_0198,2025-05-29 20:03:21,Delivered,346.54,24.86,2,UPI,Clear,High
ORD_008738,CUST_00981,REST_0144,2025-03-12 12:10:21,Delivered,105.68,15.41,4,UPI,Clear,Medium
ORD_008739,CUST_01031,REST_0171,2025-06-06 09:26:46,Delivered,1633.87,373.68,4,UPI,Clear,Low
ORD_008740,CUST_00833,REST_0019,2025-03-25 13:14:45,Delivered,91.82,7.92,3,UPI,Clear,High
ORD_008741,CUST_01029,REST_0128,2025-06-05 14:50:02,Delivered,377.39,73.39,4,Wallet,Rain,High
ORD_008742,CUST_00790,REST_0083,2025-04-13 20:33:00,Delivered,1721.89,65.46,2,UPI,Clear,Medium
ORD_008743,CUST_01044,REST_0061,2025-03-30 12:05:44,Delivered,691.4,96.67,6,Wallet,Cloudy,Low
ORD_008744,CUST_00068,REST_0052,2025-03-09 17:25:13,Delivered,1628.11,337.43,3,UPI,Cloudy,Medium
ORD_008745,CUST_00550,REST_0089,2025-04-22 11:01:40,Delivered,746.87,77.99,4,UPI,Rain,High
ORD_008746,CUST_00318,REST_0004,2025-06-22 10:13:36,Delivered,778.2,200.4,4,UPI,Clear,Medium
ORD_008747,CUST_00152,REST_0053,2025-05-10 11:01:00,Delivered,352.46,54.63,2,UPI,Heavy Rain,High
ORD_008748,CUST_00354,REST_0186,2025-06-25 16:24:45,Delivered,245.87,30.94,3,UPI,Clear,Medium
ORD_008749,CUST_00287,REST_0108,2025-04-04 14:36:46,Delivered,169.66,10.72,2,Credit Card,Cloudy,Medium
ORD_008750,CUST_01460,REST_0045,2025-03-15 13:02:07,Delivered,335.91,64.09,2,UPI,Rain,High
ORD_008751,CUST_00432,REST_0043,2025-06-02 21:59:50,Delivered,977.01,26.25,3,Debit Card,Cloudy,High
ORD_008752,CUST_00350,REST_0134,2025-06-27 22:33:26,Delivered,951.66,323.36,3,UPI,Cloudy,Medium
ORD_008753,CUST_01252,REST_0074,2025-05-18 18:12:50,Delivered,505.02,29.48,1,UPI,Clear,High
ORD_008754,CUST_00629,REST_0081,2025-03-09 08:11:24,Failed,225.8,0.0,4,UPI,Clear,Medium
ORD_008755,CUST_00632,REST_0013,2025-06-26 22:01:08,Delivered,381.6,50.53,2,Wallet,Clear,High
ORD_008756,CUST_00668,REST_0035,2025-05-03 19:12:13,Delivered,397.68,48.47,4,UPI,Cloudy,Medium
ORD_008757,CUST_00625,REST_0048,2025-03-17 20:20:47,Delivered,254.88,14.48,2,Wallet,Rain,High
ORD_008758,CUST_00490,REST_0162,2025-04-24 15:02:21,Delivered,1261.09,278.45,2,UPI,Clear,Low
ORD_008759,CUST_00432,REST_0188,2025-03-14 22:41:52,Delivered,199.96,22.74,3,UPI,Clear,Medium
ORD_008760,CUST_01325,REST_0187,2025-04-28 21:36:05,Failed,80.0,0.0,1,UPI,Clear,Low
ORD_008761,CUST_00245,REST_0125,2025-05-22 12:17:57,Delivered,547.25,18.07,3,UPI,Clear,High
ORD_008762,CUST_00272,REST_0182,2025-05-01 22:28:02,Delivered,446.6,7.85,2,UPI,Clear,Severe
ORD_008763,CUST_00861,REST_0115,2025-03-31 18:13:00,Delivered,889.17,57.17,5,Credit Card,Rain,High
ORD_008764,CUST_00514,REST_0025,2025-06-15 18:40:08,Delivered,266.67,32.27,4,UPI,Cloudy,Low
ORD_008765,CUST_00632,REST_0081,2025-01-22 06:18:32,Delivered,162.44,12.13,3,UPI,Cloudy,Medium
ORD_008766,CUST_01210,REST_0116,2025-02-24 18:34:00,Delivered,215.24,20.69,3,Credit Card,Clear,Medium
ORD_008767,CUST_01357,REST_0052,2025-05-09 22:21:31,Cancelled,406.39,0.0,1,UPI,Cloudy,Low
ORD_008768,CUST_01186,REST_0082,2025-02-28 22:32:48,Delivered,177.69,34.72,1,Debit Card,Cloudy,Medium
ORD_008769,CUST_00356,REST_0168,2025-05-30 22:53:53,Delivered,1563.21,309.65,5,Wallet,Clear,Medium
ORD_008770,CUST_01470,REST_0190,2025-05-20 17:31:02,Delivered,905.21,80.23,1,UPI,Rain,High
ORD_008771,CUST_00542,REST_0049,2025-05-05 07:45:00,Delivered,818.84,80.19,3,Debit Card,Rain,Medium
ORD_008772,CUST_00255,REST_0081,2025-05-01 16:19:16,Delivered,80.0,4.83,2,UPI,Clear,High
ORD_008773,CUST_00753,REST_0137,2025-06-26 13:32:25,Delivered,2514.06,29.41,3,Wallet,Rain,Low
ORD_008774,CUST_01091,REST_0061,2025-03-24 10:12:00,Delivered,488.28,209.25,3,UPI,Clear,Low
ORD_008775,CUST_00127,REST_0117,2025-06-29 21:51:49,Delivered,1527.93,253.66,4,UPI,Clear,Medium
ORD_008776,CUST_00956,REST_0012,2025-01-14 16:25:45,Delivered,1257.54,53.62,3,Wallet,Cloudy,Medium
ORD_008777,CUST_01289,REST_0004,2025-05-02 18:26:39,Delivered,178.89,6.63,1,UPI,Rain,High
ORD_008778,CUST_00396,REST_0200,2025-03-09 12:26:42,Delivered,941.99,163.94,3,Debit Card,Clear,High
ORD_008779,CUST_01045,REST_0130,2025-02-08 12:17:51,Cancelled,477.16,0.0,3,UPI,Cloudy,Medium
ORD_008780,CUST_00598,REST_0126,2025-02-06 11:11:16,Delivered,518.01,63.41,4,UPI,Rain,Medium
ORD_008781,CUST_00620,REST_0129,2025-06-02 19:20:57,Delivered,895.62,78.31,4,Cash,Cloudy,Medium
ORD_008782,CUST_00423,REST_0110,2025-03-29 20:11:48,Delivered,599.21,132.41,4,Debit Card,Clear,Medium
ORD_008783,CUST_00942,REST_0175,2025-02-08 21:48:24,Delivered,365.04,49.13,2,Debit Card,Cloudy,Low
ORD_008784,CUST_00539,REST_0139,2025-06-11 12:15:31,Delivered,180.66,24.76,4,UPI,Cloudy,Low
ORD_008785,CUST_01246,REST_0135,2025-05-23 21:06:36,Delivered,402.42,94.01,3,UPI,Cloudy,Medium
ORD_008786,CUST_01446,REST_0073,2025-02-09 08:35:38,Delivered,235.51,17.93,1,UPI,Clear,Severe
ORD_008787,CUST_01404,REST_0012,2025-04-02 09:58:04,Delivered,994.53,42.77,2,Wallet,Clear,High
ORD_008788,CUST_00247,REST_0061,2025-05-26 14:54:07,Delivered,564.52,19.4,5,Debit Card,Clear,High
ORD_008789,CUST_00022,REST_0009,2025-01-20 23:26:28,Delivered,1259.31,160.02,2,Debit Card,Cloudy,Low
ORD_008790,CUST_00660,REST_0004,2025-06-02 10:18:01,Cancelled,384.76,0.0,2,UPI,Cloudy,High
ORD_008791,CUST_01097,REST_0063,2025-04-16 20:57:01,Delivered,177.02,14.66,2,UPI,Rain,Medium
ORD_008792,CUST_01466,REST_0062,2025-01-07 19:32:10,Delivered,1385.61,156.01,3,UPI,Clear,High
ORD_008793,CUST_01176,REST_0028,2025-04-14 14:09:48,Delivered,415.83,40.86,3,UPI,Cloudy,Low
ORD_008794,CUST_00874,REST_0095,2025-04-22 19:27:00,Delivered,1121.81,388.98,4,UPI,Clear,Medium
ORD_008795,CUST_00041,REST_0013,2025-03-29 10:16:00,Delivered,114.31,7.0,1,Credit Card,Clear,Low
ORD_008796,CUST_01239,REST_0088,2025-06-30 14:56:41,Cancelled,163.71,0.0,3,Wallet,Cloudy,Low
ORD_008797,CUST_00266,REST_0105,2025-03-06 12:05:31,Failed,1409.43,0.0,7,UPI,Clear,Medium
ORD_008798,CUST_00085,REST_0184,2025-02-08 13:20:36,Delivered,1298.34,205.21,2,Wallet,Clear,Low
ORD_008799,CUST_01277,REST_0005,2025-01-12 19:54:14,Delivered,80.0,1.86,1,Debit Card,Cloudy,High
ORD_008800,CUST_00852,REST_0032,2025-05-29 11:35:16,Delivered,598.76,69.73,2,Debit Card,Clear,Medium
ORD_008801,CUST_00196,REST_0097,2025-06-23 08:44:21,Delivered,279.36,39.9,3,Credit Card,Clear,Medium
ORD_008802,CUST_00577,REST_0037,2025-05-18 22:53:11,Delivered,922.22,67.84,4,UPI,Rain,High
ORD_008803,CUST_00131,REST_0200,2025-04-27 13:21:42,Delivered,1453.47,468.82,4,UPI,Clear,Medium
ORD_008804,CUST_00962,REST_0064,2025-03-27 22:05:45,Failed,5000.0,0.0,8,Debit Card,Cloudy,Severe
ORD_008805,CUST_00425,REST_0135,2025-06-29 19:05:08,Delivered,130.45,30.01,1,Wallet,Clear,Low
ORD_008806,CUST_01302,REST_0117,2025-06-06 18:50:12,Delivered,456.09,50.89,2,UPI,Cloudy,High
ORD_008807,CUST_00534,REST_0161,2025-01-27 18:45:33,Delivered,1069.09,105.28,3,Credit Card,Rain,High
ORD_008808,CUST_00746,REST_0162,2025-01-25 12:27:54,Delivered,2485.16,131.24,4,Wallet,Clear,Medium
ORD_008809,CUST_00097,REST_0139,2025-06-03 21:51:38,Delivered,279.23,21.43,5,UPI,Clear,Low
ORD_008810,CUST_00415,REST_0168,2025-01-03 18:14:07,Delivered,1431.17,148.06,5,Credit Card,Rain,Medium
ORD_008811,CUST_01021,REST_0074,2025-06-05 21:15:56,Delivered,1571.1,474.32,3,Debit Card,Cloudy,Low
ORD_008812,CUST_01107,REST_0032,2025-02-03 18:23:28,Delivered,503.03,41.51,3,Debit Card,Clear,Medium
ORD_008813,CUST_00367,REST_0020,2025-01-04 13:37:02,Delivered,236.53,12.9,3,UPI,Cloudy,High
ORD_008814,CUST_00759,REST_0026,2025-05-10 19:27:11,Delivered,781.82,16.81,3,UPI,Clear,High
ORD_008815,CUST_01227,REST_0193,2025-05-05 13:49:40,Delivered,112.89,2.77,2,UPI,Rain,High
ORD_008816,CUST_00568,REST_0005,2025-04-05 21:31:21,Delivered,138.87,4.53,3,Wallet,Clear,Medium
ORD_008817,CUST_00203,REST_0101,2025-05-11 14:55:54,Delivered,409.51,34.44,2,Wallet,Clear,Severe
ORD_008818,CUST_00649,REST_0008,2025-05-20 11:13:07,Delivered,729.6,106.64,3,Wallet,Rain,Severe
ORD_008819,CUST_00906,REST_0128,2025-03-13 21:10:00,Delivered,421.79,14.78,4,Cash,Clear,Severe
ORD_008820,CUST_00011,REST_0183,2025-04-22 17:51:09,Delivered,256.59,26.12,2,UPI,Clear,Medium
ORD_008821,CUST_00522,REST_0184,2025-02-09 22:54:09,Delivered,2867.77,421.55,3,Wallet,Cloudy,Low
ORD_008822,CUST_00917,REST_0200,2025-06-28 12:53:39,Delivered,1042.67,111.26,5,Debit Card,Cloudy,High
ORD_008823,CUST_01429,REST_0131,2025-05-29 19:28:30,Cancelled,819.02,0.0,3,UPI,Clear,Low
ORD_008824,CUST_00613,REST_0083,2025-06-23 19:42:30,Delivered,4299.94,381.74,4,Wallet,Rain,Medium
ORD_008825,CUST_00247,REST_0134,2025-06-18 12:01:55,Delivered,1020.53,223.93,4,UPI,Cloudy,Medium
ORD_008826,CUST_00804,REST_0027,2025-05-29 19:12:18,Delivered,2033.15,478.25,6,UPI,Clear,Low
ORD_008827,CUST_00431,REST_0123,2025-06-10 14:58:39,Delivered,637.22,51.23,4,Credit Card,Clear,Medium
ORD_008828,CUST_00324,REST_0139,2025-02-18 14:57:18,Delivered,198.19,8.25,4,UPI,Clear,Low
ORD_008829,CUST_00891,REST_0189,2025-03-12 22:24:21,Delivered,254.68,12.8,3,Wallet,Clear,High
ORD_008830,CUST_01374,REST_0091,2025-06-27 13:36:49,Delivered,287.69,12.12,4,Debit Card,Cloudy,High
ORD_008831,CUST_01252,REST_0183,2025-05-03 13:41:06,Delivered,855.15,177.55,6,Credit Card,Cloudy,Medium
ORD_008832,CUST_00274,REST_0074,2025-06-29 23:39:57,Delivered,1325.88,117.98,2,UPI,Clear,Low
ORD_008833,CUST_01151,REST_0142,2025-01-24 12:20:39,Delivered,152.5,34.63,2,UPI,Rain,Medium
ORD_008834,CUST_00348,REST_0133,2025-05-28 11:58:19,Delivered,1038.31,179.29,4,UPI,Clear,Low
ORD_008835,CUST_00438,REST_0129,2025-05-26 18:52:21,Delivered,270.39,13.86,1,UPI,Clear,Low
ORD_008836,CUST_01381,REST_0199,2025-02-21 13:57:44,Delivered,83.65,8.18,1,UPI,Cloudy,High
ORD_008837,CUST_01368,REST_0014,2025-06-05 23:37:22,Delivered,242.02,43.49,2,UPI,Cloudy,Medium
ORD_008838,CUST_00254,REST_0188,2025-03-18 13:04:18,Delivered,128.57,7.89,2,Debit Card,Clear,High
ORD_008839,CUST_00098,REST_0100,2025-05-29 01:13:35,Delivered,769.2,69.28,4,Wallet,Rain,High
ORD_008840,CUST_00442,REST_0009,2025-03-11 20:28:28,Delivered,521.1,81.77,1,UPI,Clear,Medium
ORD_008841,CUST_00877,REST_0011,2025-01-02 09:11:21,Delivered,152.52,52.57,2,Debit Card,Clear,Medium
ORD_008842,CUST_01318,REST_0136,2025-05-12 22:05:02,Delivered,1073.83,76.65,3,Credit Card,Rain,Medium
ORD_008843,CUST_00182,REST_0082,2025-03-18 15:34:25,Delivered,591.24,200.53,3,UPI,Cloudy,Low
ORD_008844,CUST_00622,REST_0004,2025-04-26 18:03:33,Delivered,516.32,104.18,2,UPI,Clear,Medium
ORD_008845,CUST_00409,REST_0113,2025-04-11 20:56:36,Delivered,197.71,22.19,2,Wallet,Rain,Medium
ORD_008846,CUST_00023,REST_0186,2025-05-14 21:40:38,Delivered,80.0,17.74,1,UPI,Heavy Rain,High
ORD_008847,CUST_01184,REST_0139,2025-05-13 19:16:18,Delivered,198.79,13.29,3,Debit Card,Cloudy,Low
ORD_008848,CUST_01221,REST_0039,2025-04-19 22:54:08,Delivered,590.07,64.77,2,Debit Card,Rain,Severe
ORD_008849,CUST_00334,REST_0095,2025-05-12 18:09:31,Delivered,295.92,88.42,1,UPI,Cloudy,Medium
ORD_008850,CUST_00230,REST_0101,2025-05-09 20:16:51,Delivered,826.52,9.07,3,UPI,Cloudy,High
ORD_008851,CUST_00220,REST_0156,2025-05-08 11:56:14,Delivered,1357.3,84.77,5,Credit Card,Clear,Medium
ORD_008852,CUST_00699,REST_0020,2025-04-28 12:32:04,Delivered,241.44,33.19,3,Cash,Rain,Medium
ORD_008853,CUST_00372,REST_0016,2025-06-29 22:33:52,Delivered,712.49,96.75,4,UPI,Clear,Medium
ORD_008854,CUST_00770,REST_0108,2025-04-29 14:31:01,Delivered,302.5,5.68,3,Debit Card,Clear,Medium
ORD_008855,CUST_00575,REST_0166,2025-03-21 15:52:11,Delivered,114.87,17.23,1,UPI,Clear,High
ORD_008856,CUST_00318,REST_0113,2025-05-04 21:55:15,Delivered,90.0,2.93,1,UPI,Clear,Medium
ORD_008857,CUST_01129,REST_0095,2025-02-14 19:52:08,Delivered,737.91,24.81,3,UPI,Cloudy,Medium
ORD_008858,CUST_00229,REST_0035,2025-03-31 17:12:00,Delivered,1163.99,100.03,6,UPI,Clear,High
ORD_008859,CUST_01198,REST_0068,2025-01-20 10:22:51,Delivered,1374.42,292.8,4,Debit Card,Clear,Medium
ORD_008860,CUST_00845,REST_0015,2025-03-23 19:42:00,Delivered,393.84,52.97,3,Credit Card,Clear,Medium
ORD_008861,CUST_01248,REST_0068,2025-01-05 19:39:28,Delivered,863.51,61.54,3,UPI,Clear,Low
ORD_008862,CUST_00008,REST_0188,2025-04-14 18:27:00,Cancelled,305.95,0.0,4,UPI,Clear,Low
ORD_008863,CUST_01126,REST_0082,2025-06-08 12:52:44,Delivered,944.37,22.29,5,Debit Card,Cloudy,High
ORD_008864,CUST_00079,REST_0161,2025-06-19 12:37:50,Delivered,785.21,21.74,2,Credit Card,Clear,High
ORD_008865,CUST_01427,REST_0089,2025-04-09 16:08:00,Delivered,546.27,111.89,3,UPI,Clear,Medium
ORD_008866,CUST_01058,REST_0136,2025-03-10 16:31:00,Delivered,775.4,85.9,3,Credit Card,Cloudy,High
ORD_008867,CUST_00481,REST_0182,2025-02-18 21:42:19,Delivered,598.78,144.29,2,Wallet,Clear,Low
ORD_008868,CUST_00481,REST_0049,2025-03-23 08:23:32,Delivered,1026.31,37.74,3,Credit Card,Rain,High
ORD_008869,CUST_01295,REST_0139,2025-01-17 20:24:07,Delivered,465.36,134.95,7,UPI,Clear,Medium
ORD_008870,CUST_01356,REST_0099,2025-04-17 22:28:11,Delivered,346.56,57.82,1,Debit Card,Clear,Medium
ORD_008871,CUST_01339,REST_0045,2025-04-10 11:25:21,Delivered,554.59,141.86,4,Wallet,Clear,Low
ORD_008872,CUST_01214,REST_0174,2025-02-22 19:52:48,Delivered,358.03,69.73,3,Credit Card,Clear,Low
ORD_008873,CUST_01229,REST_0024,2025-02-17 20:14:46,Delivered,1532.27,66.2,6,Credit Card,Rain,Low
ORD_008874,CUST_00863,REST_0093,2025-06-10 20:57:16,Delivered,503.81,152.36,5,Wallet,Rain,Medium
ORD_008875,CUST_00044,REST_0194,2025-02-13 21:42:50,Cancelled,144.03,0.0,3,UPI,Clear,Low
ORD_008876,CUST_00133,REST_0043,2025-04-10 08:48:00,Delivered,438.54,70.02,2,UPI,Clear,Medium
ORD_008877,CUST_00980,REST_0139,2025-04-12 18:46:09,Delivered,126.08,4.46,2,UPI,Rain,High
ORD_008878,CUST_00600,REST_0132,2025-01-28 17:27:21,Delivered,369.57,2.52,2,UPI,Heavy Rain,High
ORD_008879,CUST_00854,REST_0129,2025-04-12 22:51:51,Delivered,606.63,82.46,3,UPI,Cloudy,High
ORD_008880,CUST_00350,REST_0086,2025-02-07 13:27:44,Cancelled,1247.72,0.0,6,Credit Card,Heavy Rain,Medium
ORD_008881,CUST_00980,REST_0063,2025-03-22 10:51:00,Delivered,435.51,43.0,4,UPI,Clear,Medium
ORD_008882,CUST_00367,REST_0065,2025-04-03 13:51:03,Delivered,204.61,31.79,3,UPI,Cloudy,Low
ORD_008883,CUST_00694,REST_0051,2025-05-11 11:07:55,Delivered,435.25,16.65,4,Debit Card,Clear,Medium
ORD_008884,CUST_00721,REST_0089,2025-04-20 18:11:35,Delivered,177.26,42.63,1,Wallet,Clear,Medium
ORD_008885,CUST_00267,REST_0180,2025-05-30 21:44:15,Delivered,277.7,28.8,4,UPI,Cloudy,High
ORD_008886,CUST_01316,REST_0055,2025-01-11 19:24:25,Delivered,564.06,24.79,3,UPI,Clear,Medium
ORD_008887,CUST_00792,REST_0030,2025-06-08 20:25:24,Delivered,173.63,33.02,2,UPI,Clear,Low
ORD_008888,CUST_01303,REST_0050,2025-01-11 08:41:51,Delivered,502.3,155.93,2,Credit Card,Clear,Low
ORD_008889,CUST_00396,REST_0029,2025-06-15 22:28:06,Delivered,224.53,28.22,1,UPI,Cloudy,High
ORD_008890,CUST_00259,REST_0142,2025-06-26 20:53:24,Delivered,218.92,18.38,3,UPI,Cloudy,Medium
ORD_008891,CUST_00029,REST_0148,2025-05-12 21:24:07,Delivered,2779.79,450.11,5,UPI,Cloudy,Medium
ORD_008892,CUST_00143,REST_0124,2025-02-01 20:10:55,Delivered,515.36,47.05,5,Wallet,Clear,Medium
ORD_008893,CUST_00224,REST_0089,2025-02-06 21:35:53,Delivered,277.21,20.75,2,Debit Card,Rain,Medium
ORD_008894,CUST_00121,REST_0197,2025-01-17 16:33:00,Delivered,240.98,8.42,2,UPI,Clear,High
ORD_008895,CUST_01347,REST_0190,2025-06-11 19:55:46,Delivered,4361.93,1000.0,5,Debit Card,Rain,Medium
ORD_008896,CUST_01368,REST_0064,2025-03-13 18:13:29,Delivered,2742.97,157.47,3,UPI,Rain,High
ORD_008897,CUST_01408,REST_0194,2025-05-26 18:35:20,Failed,121.1,0.0,2,UPI,Cloudy,Medium
ORD_008898,CUST_01441,REST_0007,2025-06-30 20:54:32,Delivered,2132.17,107.66,2,UPI,Clear,Medium
ORD_008899,CUST_00741,REST_0120,2025-05-31 11:04:14,Delivered,839.72,67.92,6,UPI,Clear,Medium
ORD_008900,CUST_00798,REST_0018,2025-06-07 12:58:39,Delivered,1394.13,207.44,4,UPI,Clear,Medium
ORD_008901,CUST_00199,REST_0171,2025-04-02 16:37:24,Delivered,1807.1,650.52,2,UPI,Clear,Medium
ORD_008902,CUST_00208,REST_0073,2025-04-02 18:18:30,Cancelled,734.48,0.0,3,UPI,Clear,Medium
ORD_008903,CUST_01160,REST_0063,2025-06-28 12:18:37,Cancelled,131.87,0.0,2,UPI,Clear,Medium
ORD_008904,CUST_01285,REST_0023,2025-02-01 20:57:36,Delivered,261.21,54.48,2,UPI,Cloudy,Low
ORD_008905,CUST_01178,REST_0079,2025-06-03 21:40:24,Delivered,793.69,101.69,3,Debit Card,Clear,Medium
ORD_008906,CUST_01251,REST_0157,2025-06-24 13:56:56,Delivered,822.21,48.44,4,Wallet,Cloudy,Medium
ORD_008907,CUST_00416,REST_0008,2025-03-02 18:55:31,Delivered,190.44,32.74,1,Credit Card,Clear,Medium
ORD_008908,CUST_00702,REST_0019,2025-04-22 14:25:03,Delivered,119.83,13.39,3,Wallet,Clear,Medium
ORD_008909,CUST_00691,REST_0090,2025-01-19 21:46:06,Delivered,2111.91,80.89,5,UPI,Rain,High
ORD_008910,CUST_01494,REST_0149,2025-02-26 10:25:00,Delivered,433.9,91.74,4,Credit Card,Cloudy,High
ORD_008911,CUST_01426,REST_0105,2025-04-22 02:34:33,Delivered,641.19,18.83,3,UPI,Cloudy,Medium
ORD_008912,CUST_00903,REST_0010,2025-01-30 20:58:13,Failed,636.65,0.0,6,UPI,Rain,Medium
ORD_008913,CUST_00210,REST_0138,2025-03-14 13:40:13,Delivered,372.07,26.85,3,Wallet,Clear,Low
ORD_008914,CUST_00391,REST_0081,2025-06-01 22:48:42,Delivered,80.0,7.74,2,Credit Card,Clear,Low
ORD_008915,CUST_00543,REST_0007,2025-01-03 11:44:14,Delivered,3904.64,710.63,4,UPI,Clear,Medium
ORD_008916,CUST_01312,REST_0105,2025-02-12 20:32:54,Delivered,501.4,84.15,2,UPI,Clear,Severe
ORD_008917,CUST_00257,REST_0175,2025-05-06 23:40:17,Delivered,739.82,143.39,3,UPI,Clear,Low
ORD_008918,CUST_00332,REST_0001,2025-05-11 11:15:42,Delivered,80.0,5.86,1,Wallet,Rain,Medium
ORD_008919,CUST_00523,REST_0083,2025-01-23 19:08:57,Delivered,1759.5,131.43,2,UPI,Clear,Severe
ORD_008920,CUST_01391,REST_0075,2025-06-17 09:52:17,Delivered,569.95,94.06,3,UPI,Clear,Low
ORD_008921,CUST_00759,REST_0030,2025-04-12 12:36:45,Delivered,273.97,79.99,3,UPI,Clear,Low
ORD_008922,CUST_00976,REST_0017,2025-03-13 12:28:00,Delivered,224.15,19.89,2,UPI,Clear,Severe
ORD_008923,CUST_00578,REST_0140,2025-05-28 16:00:26,Delivered,255.86,21.44,3,Credit Card,Rain,High
ORD_008924,CUST_00282,REST_0010,2025-04-06 19:24:54,Cancelled,749.83,0.0,7,Wallet,Cloudy,Low
ORD_008925,CUST_00337,REST_0100,2025-03-26 22:29:00,Delivered,823.27,38.25,3,UPI,Cloudy,Low
ORD_008926,CUST_01204,REST_0011,2025-05-19 21:55:41,Delivered,383.94,41.28,5,UPI,Clear,Medium
ORD_008927,CUST_01343,REST_0135,2025-03-10 22:01:09,Delivered,278.18,94.3,2,UPI,Clear,Low
ORD_008928,CUST_00743,REST_0071,2025-03-29 22:24:37,Delivered,585.06,21.47,3,Cash,Rain,High
ORD_008929,CUST_00533,REST_0174,2025-05-14 13:55:54,Delivered,385.57,82.4,3,UPI,Cloudy,Medium
ORD_008930,CUST_01212,REST_0192,2025-03-17 22:41:07,Delivered,641.09,13.23,4,UPI,Cloudy,Severe
ORD_008931,CUST_01016,REST_0013,2025-02-10 18:31:56,Failed,729.79,0.0,3,Debit Card,Clear,Low
ORD_008932,CUST_00063,REST_0129,2025-04-16 18:24:32,Delivered,710.12,69.97,3,Wallet,Cloudy,High
ORD_008933,CUST_00525,REST_0096,2025-04-28 22:30:54,Delivered,578.05,168.71,3,Credit Card,Cloudy,Medium
ORD_008934,CUST_01027,REST_0124,2025-06-29 13:45:43,Delivered,238.21,82.69,2,UPI,Cloudy,Medium
ORD_008935,CUST_00864,REST_0199,2025-03-09 14:26:00,Delivered,139.93,24.16,2,UPI,Cloudy,Severe
ORD_008936,CUST_01467,REST_0163,2025-05-18 02:48:30,Delivered,1631.64,107.38,5,UPI,Cloudy,High
ORD_008937,CUST_01302,REST_0113,2025-04-16 22:08:50,Delivered,386.48,65.61,4,Credit Card,Rain,High
ORD_008938,CUST_00092,REST_0130,2025-06-20 17:24:03,Delivered,1130.14,39.78,5,Cash,Cloudy,Medium
ORD_008939,CUST_01092,REST_0034,2025-06-01 11:47:54,Delivered,436.84,37.36,4,Credit Card,Cloudy,Medium
ORD_008940,CUST_00505,REST_0166,2025-03-15 08:19:00,Delivered,170.15,18.35,2,UPI,Clear,Medium
ORD_008941,CUST_01027,REST_0124,2025-01-30 22:41:54,Delivered,446.88,99.03,4,UPI,Clear,Medium
ORD_008942,CUST_00931,REST_0132,2025-02-28 11:21:14,Delivered,864.21,60.39,5,UPI,Clear,High
ORD_008943,CUST_00758,REST_0128,2025-01-17 09:47:24,Delivered,158.03,7.85,1,UPI,Cloudy,High
ORD_008944,CUST_01281,REST_0020,2025-02-12 11:44:02,Delivered,281.16,33.17,4,UPI,Heavy Rain,High
ORD_008945,CUST_01067,REST_0019,2025-06-13 22:14:45,Delivered,158.7,33.25,3,UPI,Clear,Medium
ORD_008946,CUST_01336,REST_0001,2025-01-28 14:59:44,Delivered,156.55,20.88,2,UPI,Clear,High
ORD_008947,CUST_00424,REST_0127,2025-03-25 19:20:26,Delivered,913.24,64.91,5,UPI,Clear,Medium
ORD_008948,CUST_00521,REST_0084,2025-03-24 11:34:47,Delivered,178.59,34.24,3,UPI,Rain,Low
ORD_008949,CUST_00938,REST_0145,2025-04-07 18:22:12,Delivered,99.74,42.49,1,Debit Card,Clear,Low
ORD_008950,CUST_01451,REST_0058,2025-06-07 19:19:05,Delivered,173.75,12.81,3,Debit Card,Rain,Medium
ORD_008951,CUST_00555,REST_0161,2025-05-27 21:09:55,Delivered,1101.99,406.94,2,UPI,Clear,Medium
ORD_008952,CUST_00051,REST_0068,2025-04-26 20:01:00,Delivered,1342.0,62.1,4,UPI,Clear,High
ORD_008953,CUST_00672,REST_0065,2025-02-08 14:29:45,Delivered,399.61,56.91,4,Debit Card,Cloudy,High
ORD_008954,CUST_00817,REST_0099,2025-06-05 18:54:58,Delivered,1022.28,100.55,3,UPI,Clear,Low
ORD_008955,CUST_01201,REST_0141,2025-04-19 19:35:40,Delivered,284.71,7.62,2,UPI,Clear,Medium
ORD_008956,CUST_01097,REST_0012,2025-05-20 12:35:20,Delivered,945.37,107.51,3,UPI,Clear,Low
ORD_008957,CUST_01448,REST_0034,2025-02-25 17:40:42,Delivered,105.36,8.18,2,Credit Card,Rain,Medium
ORD_008958,CUST_01175,REST_0198,2025-04-16 23:21:42,Delivered,627.65,66.45,3,UPI,Clear,Low
ORD_008959,CUST_00450,REST_0066,2025-02-07 11:54:01,Delivered,830.94,122.31,5,Credit Card,Rain,High
ORD_008960,CUST_00968,REST_0040,2025-05-28 11:41:29,Delivered,3505.58,478.89,5,UPI,Clear,Medium
ORD_008961,CUST_01014,REST_0198,2025-05-26 13:22:52,Delivered,750.42,80.84,4,UPI,Clear,High
ORD_008962,CUST_01498,REST_0156,2025-05-10 22:43:50,Delivered,434.43,8.24,2,Cash,Heavy Rain,Medium
ORD_008963,CUST_00211,REST_0176,2025-04-11 15:00:38,Delivered,453.02,50.04,2,Debit Card,Clear,High
ORD_008964,CUST_00287,REST_0181,2025-03-06 14:53:48,Delivered,151.75,12.36,3,UPI,Clear,Medium
ORD_008965,CUST_00236,REST_0150,2025-04-18 20:07:02,Delivered,276.85,26.83,2,Credit Card,Clear,Low
ORD_008966,CUST_00888,REST_0050,2025-04-21 15:48:33,Delivered,1788.59,61.62,5,Debit Card,Cloudy,Medium
ORD_008967,CUST_00205,REST_0032,2025-02-18 19:06:14,Delivered,246.6,16.14,1,UPI,Clear,High
ORD_008968,CUST_00991,REST_0156,2025-04-15 14:51:00,Delivered,718.77,103.35,3,Credit Card,Rain,Medium
ORD_008969,CUST_01206,REST_0162,2025-02-06 22:00:46,Delivered,1999.81,485.23,4,Debit Card,Clear,Low
ORD_008970,CUST_00651,REST_0009,2025-06-29 18:13:56,Delivered,3000.59,238.14,4,UPI,Heavy Rain,Severe
ORD_008971,CUST_00844,REST_0096,2025-06-11 21:18:18,Delivered,852.27,98.39,4,Debit Card,Rain,High
ORD_008972,CUST_01370,REST_0084,2025-06-21 12:16:01,Delivered,80.0,9.31,1,Debit Card,Clear,Medium
ORD_008973,CUST_00857,REST_0014,2025-05-19 14:40:57,Delivered,517.03,22.2,5,UPI,Cloudy,Medium
ORD_008974,CUST_00314,REST_0169,2025-02-01 13:25:00,Delivered,1266.97,391.67,5,UPI,Clear,Low
ORD_008975,CUST_00514,REST_0091,2025-05-13 14:13:18,Delivered,80.0,2.94,1,Debit Card,Rain,Severe
ORD_008976,CUST_00798,REST_0104,2025-03-29 04:01:30,Delivered,376.51,14.83,2,Credit Card,Clear,High
ORD_008977,CUST_00235,REST_0129,2025-03-13 14:37:25,Delivered,1102.81,88.54,5,UPI,Clear,Low
ORD_008978,CUST_00924,REST_0053,2025-06-20 13:39:06,Delivered,222.9,25.38,1,UPI,Clear,Medium
ORD_008979,CUST_01500,REST_0055,2025-04-30 11:25:29,Delivered,204.07,26.25,1,UPI,Clear,Low
ORD_008980,CUST_00985,REST_0031,2025-06-12 18:03:04,Delivered,431.38,60.69,3,UPI,Clear,Low
ORD_008981,CUST_00555,REST_0041,2025-06-25 20:26:23,Delivered,1948.01,53.85,4,UPI,Heavy Rain,Low
ORD_008982,CUST_00498,REST_0066,2025-03-13 19:46:00,Delivered,615.43,79.98,4,UPI,Clear,Medium
ORD_008983,CUST_01399,REST_0188,2025-01-05 23:46:04,Delivered,241.33,43.4,6,Debit Card,Clear,Medium
ORD_008984,CUST_01309,REST_0112,2025-01-05 08:08:46,Delivered,497.77,83.75,1,Cash,Clear,Low
ORD_008985,CUST_00712,REST_0192,2025-06-04 11:23:26,Cancelled,415.84,0.0,2,UPI,Clear,Medium
ORD_008986,CUST_00529,REST_0163,2025-03-06 18:22:27,Delivered,821.67,144.86,4,Cash,Clear,Medium
ORD_008987,CUST_01070,REST_0057,2025-03-02 12:35:54,Delivered,631.75,128.34,2,UPI,Cloudy,Medium
ORD_008988,CUST_00473,REST_0030,2025-04-19 16:12:08,Delivered,318.87,33.13,4,UPI,Cloudy,High
ORD_008989,CUST_00183,REST_0004,2025-06-14 12:27:45,Cancelled,446.77,0.0,2,Wallet,Clear,Medium
ORD_008990,CUST_00468,REST_0187,2025-06-27 19:47:35,Cancelled,162.59,0.0,3,Cash,Cloudy,Severe
ORD_008991,CUST_00653,REST_0178,2025-01-19 22:16:27,Delivered,5000.0,180.33,8,UPI,Rain,Severe
ORD_008992,CUST_00386,REST_0156,2025-03-12 10:59:00,Delivered,853.31,181.96,4,Wallet,Clear,Severe
ORD_008993,CUST_00327,REST_0130,2025-03-11 10:14:00,Delivered,213.66,10.39,1,UPI,Clear,High
ORD_008994,CUST_00009,REST_0160,2025-03-22 19:35:55,Delivered,1941.6,137.06,3,Credit Card,Cloudy,Medium
ORD_008995,CUST_00951,REST_0191,2025-02-04 11:52:02,Delivered,929.95,27.03,7,Wallet,Cloudy,Medium
ORD_008996,CUST_00927,REST_0031,2025-02-15 13:07:28,Delivered,596.97,149.41,3,UPI,Clear,Medium
ORD_008997,CUST_00281,REST_0162,2025-03-19 14:57:00,Delivered,1782.7,129.48,3,UPI,Clear,Medium
ORD_008998,CUST_01417,REST_0019,2025-04-13 19:29:32,Delivered,215.79,50.99,3,Wallet,Clear,Medium
ORD_008999,CUST_00614,REST_0167,2025-03-02 12:03:22,Delivered,98.75,9.79,2,Debit Card,Rain,High
ORD_009000,CUST_00039,REST_0045,2025-01-29 21:36:36,Delivered,152.77,13.1,1,UPI,Cloudy,Medium
ORD_009001,CUST_00332,REST_0131,2025-03-31 11:23:42,Delivered,1315.61,29.29,5,UPI,Clear,Medium
ORD_009002,CUST_01043,REST_0183,2025-03-07 22:45:39,Delivered,348.29,85.97,3,Debit Card,Cloudy,Medium
ORD_009003,CUST_00304,REST_0117,2025-01-08 22:56:13,Delivered,1938.73,267.16,5,UPI,Clear,Low
ORD_009004,CUST_00082,REST_0066,2025-05-13 18:21:58,Delivered,617.64,85.59,4,Wallet,Clear,Medium
ORD_009005,CUST_00932,REST_0010,2025-02-12 22:43:43,Delivered,218.99,23.18,2,UPI,Clear,Medium
ORD_009006,CUST_00781,REST_0098,2025-02-17 21:49:37,Delivered,879.0,79.94,4,Debit Card,Heavy Rain,High
ORD_009007,CUST_01145,REST_0042,2025-06-14 11:37:06,Delivered,213.61,55.21,4,Wallet,Cloudy,Medium
ORD_009008,CUST_01160,REST_0139,2025-06-20 11:35:41,Delivered,113.74,8.14,2,UPI,Clear,Medium
ORD_009009,CUST_01441,REST_0036,2025-04-15 22:18:30,Delivered,3475.72,189.73,5,Debit Card,Clear,Medium
ORD_009010,CUST_00088,REST_0115,2025-04-04 12:24:12,Delivered,523.57,47.66,3,UPI,Clear,Low
ORD_009011,CUST_00059,REST_0084,2025-01-09 19:08:52,Delivered,114.63,11.77,2,UPI,Rain,Medium
ORD_009012,CUST_01480,REST_0153,2025-06-22 20:40:30,Delivered,1457.69,201.62,2,UPI,Clear,Medium
ORD_009013,CUST_00973,REST_0092,2025-04-03 20:10:41,Delivered,826.06,130.5,4,Credit Card,Clear,Low
ORD_009014,CUST_01078,REST_0033,2025-06-23 20:38:40,Delivered,465.49,47.83,3,Credit Card,Clear,Low
ORD_009015,CUST_00148,REST_0167,2025-03-05 12:11:47,Delivered,80.0,7.93,1,UPI,Clear,Medium
ORD_009016,CUST_00107,REST_0042,2025-03-04 10:44:25,Delivered,107.53,6.04,2,Wallet,Clear,Low
ORD_009017,CUST_00243,REST_0027,2025-04-11 21:39:02,Delivered,1446.76,38.88,5,UPI,Rain,Medium
ORD_009018,CUST_00642,REST_0069,2025-05-07 12:18:38,Cancelled,382.13,0.0,2,Debit Card,Rain,Severe
ORD_009019,CUST_00169,REST_0014,2025-05-20 18:41:27,Delivered,514.94,100.61,5,Debit Card,Rain,Low
ORD_009020,CUST_00672,REST_0053,2025-01-09 20:10:52,Delivered,861.63,57.61,2,UPI,Clear,Low
ORD_009021,CUST_00845,REST_0063,2025-04-11 19:38:00,Cancelled,296.11,0.0,4,UPI,Clear,Low
ORD_009022,CUST_00001,REST_0199,2025-06-10 14:20:54,Delivered,133.24,21.08,2,Credit Card,Rain,Medium
ORD_009023,CUST_00175,REST_0046,2025-03-17 14:22:05,Delivered,606.08,47.77,5,Debit Card,Clear,High
ORD_009024,CUST_00560,REST_0020,2025-05-22 10:48:49,Delivered,150.05,16.68,2,Wallet,Clear,Low
ORD_009025,CUST_00082,REST_0077,2025-02-14 13:10:31,Delivered,344.01,60.81,4,Cash,Cloudy,Low
ORD_009026,CUST_00203,REST_0083,2025-02-18 14:29:59,Delivered,2353.25,209.09,3,UPI,Clear,Medium
ORD_009027,CUST_00351,REST_0181,2025-04-13 12:59:21,Cancelled,80.0,0.0,2,Credit Card,Rain,Medium
ORD_009028,CUST_00646,REST_0150,2025-03-30 11:52:18,Delivered,396.91,8.17,2,Debit Card,Clear,Medium
ORD_009029,CUST_01077,REST_0097,2025-02-18 11:49:26,Delivered,429.03,62.0,6,UPI,Clear,Low
ORD_009030,CUST_00201,REST_0073,2025-01-19 08:29:13,Delivered,717.92,116.44,3,UPI,Rain,Severe
ORD_009031,CUST_01110,REST_0076,2025-06-23 09:31:52,Delivered,80.0,19.12,2,Debit Card,Clear,Low
ORD_009032,CUST_01284,REST_0129,2025-05-31 20:58:37,Delivered,770.95,104.63,4,UPI,Clear,Medium
ORD_009033,CUST_00984,REST_0197,2025-04-28 22:49:37,Cancelled,445.94,0.0,3,UPI,Cloudy,Medium
ORD_009034,CUST_00068,REST_0123,2025-03-20 12:37:51,Delivered,723.22,129.14,4,UPI,Cloudy,Medium
ORD_009035,CUST_00663,REST_0012,2025-05-09 18:02:29,Cancelled,1598.83,0.0,4,UPI,Clear,Medium
ORD_009036,CUST_00997,REST_0036,2025-06-08 10:13:35,Delivered,2161.24,150.53,3,UPI,Cloudy,High
ORD_009037,CUST_01468,REST_0169,2025-06-23 22:42:51,Delivered,440.33,110.49,4,Credit Card,Cloudy,Medium
ORD_009038,CUST_01429,REST_0066,2025-04-15 21:37:24,Delivered,701.07,127.49,5,Debit Card,Rain,Medium
ORD_009039,CUST_00592,REST_0073,2025-02-13 19:49:54,Delivered,951.35,196.86,3,UPI,Rain,Medium
ORD_009040,CUST_00929,REST_0059,2025-02-24 22:57:42,Delivered,473.86,100.73,3,Cash,Cloudy,Medium
ORD_009041,CUST_01338,REST_0012,2025-02-26 21:50:59,Cancelled,1272.42,0.0,2,UPI,Rain,Medium
ORD_009042,CUST_01246,REST_0105,2025-06-11 18:22:07,Delivered,545.17,27.52,3,UPI,Clear,Medium
ORD_009043,CUST_00722,REST_0059,2025-03-10 22:42:56,Delivered,816.26,32.62,5,UPI,Clear,Low
ORD_009044,CUST_00395,REST_0032,2025-02-21 22:15:36,Delivered,501.22,43.85,2,Debit Card,Clear,Low
ORD_009045,CUST_00208,REST_0116,2025-04-22 21:59:41,Delivered,325.96,54.56,3,Debit Card,Clear,Medium
ORD_009046,CUST_00735,REST_0127,2025-04-15 22:23:50,Delivered,1612.63,163.72,5,Credit Card,Clear,Low
ORD_009047,CUST_01088,REST_0114,2025-02-17 20:30:00,Cancelled,310.26,0.0,2,UPI,Rain,Low
ORD_009048,CUST_01455,REST_0157,2025-02-09 11:35:11,Delivered,488.59,48.61,3,Wallet,Clear,Medium
ORD_009049,CUST_01295,REST_0124,2025-01-23 19:07:09,Failed,165.43,0.0,2,UPI,Cloudy,High
ORD_009050,CUST_00308,REST_0077,2025-03-05 13:55:44,Cancelled,474.61,0.0,5,Credit Card,Clear,Low
ORD_009051,CUST_01084,REST_0132,2025-04-06 12:15:38,Delivered,569.51,238.1,3,Debit Card,Clear,Medium
ORD_009052,CUST_00436,REST_0011,2025-01-17 20:11:08,Delivered,208.2,6.24,2,Wallet,Clear,High
ORD_009053,CUST_01029,REST_0146,2025-05-04 13:40:36,Delivered,484.32,29.25,2,UPI,Rain,High
ORD_009054,CUST_01005,REST_0148,2025-03-26 19:36:45,Delivered,1640.77,80.39,3,UPI,Clear,High
ORD_009055,CUST_00411,REST_0043,2025-01-18 18:39:36,Delivered,1070.99,112.88,5,Wallet,Rain,High
ORD_009056,CUST_00355,REST_0150,2025-04-30 12:54:55,Cancelled,585.25,0.0,4,UPI,Clear,Low
ORD_009057,CUST_00159,REST_0168,2025-03-14 12:07:16,Cancelled,494.83,0.0,2,Credit Card,Cloudy,Medium
ORD_009058,CUST_00077,REST_0029,2025-03-29 18:22:32,Delivered,885.31,91.01,3,Debit Card,Rain,Medium
ORD_009059,CUST_01290,REST_0149,2025-01-22 11:21:26,Delivered,404.98,47.59,4,UPI,Clear,Medium
ORD_009060,CUST_00076,REST_0083,2025-02-17 19:12:01,Delivered,1738.75,350.51,3,Cash,Cloudy,Medium
ORD_009061,CUST_00136,REST_0141,2025-02-15 21:10:46,Delivered,292.73,19.16,2,UPI,Cloudy,Severe
ORD_009062,CUST_00361,REST_0004,2025-01-26 15:20:48,Delivered,703.65,206.09,3,UPI,Cloudy,Medium
ORD_009063,CUST_01334,REST_0006,2025-03-20 10:20:52,Delivered,547.14,60.17,4,UPI,Cloudy,Medium
ORD_009064,CUST_00500,REST_0033,2025-04-26 21:54:40,Delivered,501.48,51.96,3,UPI,Cloudy,High
ORD_009065,CUST_00288,REST_0132,2025-04-05 19:41:00,Delivered,471.89,16.94,2,UPI,Clear,Low
ORD_009066,CUST_01078,REST_0148,2025-01-26 22:28:21,Delivered,2999.91,1000.0,5,UPI,Cloudy,Low
ORD_009067,CUST_00479,REST_0189,2025-02-07 18:27:04,Cancelled,389.44,0.0,3,Debit Card,Rain,Medium
ORD_009068,CUST_00500,REST_0148,2025-05-29 14:21:19,Delivered,1607.72,141.7,2,Credit Card,Rain,Medium
ORD_009069,CUST_01111,REST_0080,2025-05-20 18:44:55,Delivered,234.4,19.89,3,Debit Card,Clear,Medium
ORD_009070,CUST_00381,REST_0072,2025-04-14 20:56:10,Delivered,508.79,13.5,4,Credit Card,Cloudy,High
ORD_009071,CUST_01347,REST_0018,2025-05-05 18:24:13,Delivered,852.54,146.19,3,Credit Card,Clear,High
ORD_009072,CUST_00845,REST_0076,2025-04-12 21:19:00,Delivered,157.09,5.77,3,UPI,Cloudy,Medium
ORD_009073,CUST_00809,REST_0052,2025-03-17 10:54:00,Delivered,438.73,30.97,1,Debit Card,Clear,Low
ORD_009074,CUST_00399,REST_0058,2025-04-07 11:51:14,Delivered,238.59,14.77,3,Credit Card,Clear,High
ORD_009075,CUST_01252,REST_0127,2025-03-15 19:36:00,Delivered,898.54,60.09,3,Debit Card,Cloudy,Medium
ORD_009076,CUST_00862,REST_0151,2025-05-09 23:49:32,Delivered,262.92,12.64,4,UPI,Clear,Low
ORD_009077,CUST_00236,REST_0130,2025-04-13 12:01:24,Delivered,506.1,28.96,2,UPI,Rain,High
ORD_009078,CUST_00311,REST_0031,2025-02-09 13:50:37,Delivered,319.12,49.35,3,UPI,Clear,Medium
ORD_009079,CUST_00706,REST_0028,2025-03-05 18:27:09,Delivered,884.25,29.64,4,Credit Card,Cloudy,Medium
ORD_009080,CUST_01171,REST_0165,2025-03-21 11:17:21,Delivered,80.0,12.42,1,UPI,Cloudy,High
ORD_009081,CUST_01410,REST_0157,2025-06-27 20:41:27,Cancelled,844.72,0.0,4,Debit Card,Rain,Medium
ORD_009082,CUST_01002,REST_0088,2025-02-17 19:29:17,Delivered,379.7,58.16,8,Debit Card,Cloudy,Medium
ORD_009083,CUST_00763,REST_0158,2025-06-22 11:18:13,Delivered,144.71,11.42,3,Debit Card,Clear,Low
ORD_009084,CUST_00379,REST_0084,2025-03-07 20:07:02,Delivered,121.03,5.3,2,Credit Card,Clear,Medium
ORD_009085,CUST_01015,REST_0078,2025-01-15 14:12:15,Delivered,1080.99,100.96,5,UPI,Clear,Low
ORD_009086,CUST_01473,REST_0066,2025-03-27 22:01:44,Delivered,631.39,10.14,4,UPI,Clear,Medium
ORD_009087,CUST_00718,REST_0056,2025-04-20 19:13:38,Delivered,231.66,50.02,2,Debit Card,Clear,Medium
ORD_009088,CUST_00246,REST_0106,2025-02-15 20:04:42,Delivered,477.01,94.03,2,Credit Card,Clear,Low
ORD_009089,CUST_00158,REST_0187,2025-05-26 07:25:09,Delivered,139.49,18.22,2,Credit Card,Clear,Low
ORD_009090,CUST_00406,REST_0163,2025-05-22 19:26:08,Delivered,943.51,133.07,4,Debit Card,Heavy Rain,High
ORD_009091,CUST_00857,REST_0049,2025-01-21 17:43:01,Cancelled,579.13,0.0,2,UPI,Clear,Medium
ORD_009092,CUST_01422,REST_0061,2025-05-11 14:32:59,Delivered,337.35,11.7,3,Credit Card,Cloudy,Low
ORD_009093,CUST_00451,REST_0129,2025-05-28 18:17:24,Delivered,796.28,129.26,3,UPI,Clear,Low
ORD_009094,CUST_00461,REST_0151,2025-02-07 19:37:14,Delivered,140.19,26.54,3,Credit Card,Clear,Medium
ORD_009095,CUST_00725,REST_0095,2025-06-06 17:31:07,Delivered,354.3,14.25,1,Credit Card,Rain,High
ORD_009096,CUST_01378,REST_0073,2025-02-12 20:20:13,Delivered,986.63,92.0,4,UPI,Cloudy,Medium
ORD_009097,CUST_00629,REST_0039,2025-02-18 18:51:00,Delivered,192.83,76.23,1,Credit Card,Clear,Low
ORD_009098,CUST_00337,REST_0156,2025-05-16 18:18:10,Delivered,1203.41,128.03,5,Credit Card,Clear,Medium
ORD_009099,CUST_00247,REST_0003,2025-01-10 16:04:15,Delivered,846.09,59.25,5,UPI,Clear,High
ORD_009100,CUST_00687,REST_0185,2025-05-28 13:47:02,Delivered,175.99,5.3,2,Credit Card,Cloudy,Medium
ORD_009101,CUST_01201,REST_0141,2025-06-07 18:48:53,Delivered,247.45,32.8,2,UPI,Clear,Low
ORD_009102,CUST_00439,REST_0118,2025-04-02 20:26:54,Delivered,503.73,66.54,3,Wallet,Clear,Medium
ORD_009103,CUST_00772,REST_0093,2025-04-30 11:33:30,Delivered,345.13,4.86,4,Credit Card,Cloudy,Medium
ORD_009104,CUST_00910,REST_0011,2025-02-01 18:42:37,Delivered,695.6,60.58,8,UPI,Rain,High
ORD_009105,CUST_00679,REST_0048,2025-06-23 17:56:21,Delivered,1014.37,73.41,6,Wallet,Clear,Medium
ORD_009106,CUST_00288,REST_0123,2025-06-06 02:33:44,Cancelled,341.27,0.0,2,Debit Card,Heavy Rain,Severe
ORD_009107,CUST_01383,REST_0080,2025-06-22 22:59:37,Delivered,205.7,33.49,3,UPI,Cloudy,High
ORD_009108,CUST_00851,REST_0133,2025-05-29 19:28:32,Delivered,723.82,31.82,3,UPI,Cloudy,Medium
ORD_009109,CUST_01098,REST_0125,2025-06-16 22:06:44,Delivered,657.44,88.77,3,UPI,Clear,Medium
ORD_009110,CUST_00959,REST_0154,2025-03-14 16:10:53,Delivered,1725.65,222.46,3,Credit Card,Rain,Medium
ORD_009111,CUST_01498,REST_0039,2025-06-09 18:48:26,Delivered,171.29,32.11,1,UPI,Cloudy,Medium
ORD_009112,CUST_00686,REST_0036,2025-06-07 11:11:37,Delivered,1081.61,102.69,2,Wallet,Clear,High
ORD_009113,CUST_00638,REST_0158,2025-05-29 08:37:51,Delivered,195.42,3.88,6,UPI,Clear,High
ORD_009114,CUST_00537,REST_0030,2025-01-08 18:33:48,Delivered,410.37,17.71,5,UPI,Rain,Medium
ORD_009115,CUST_00540,REST_0055,2025-02-09 11:08:20,Delivered,212.07,19.65,2,UPI,Clear,Medium
ORD_009116,CUST_00415,REST_0004,2025-02-01 17:42:09,Delivered,759.62,37.26,4,Credit Card,Clear,High
ORD_009117,CUST_01470,REST_0167,2025-06-26 18:12:21,Delivered,283.01,46.49,4,UPI,Clear,Medium
ORD_009118,CUST_01308,REST_0028,2025-03-04 20:51:00,Delivered,588.06,38.99,3,UPI,Clear,Low
ORD_009119,CUST_00476,REST_0066,2025-06-22 20:24:20,Delivered,841.0,94.45,5,UPI,Rain,High
ORD_009120,CUST_00460,REST_0043,2025-04-28 11:20:59,Cancelled,388.69,0.0,2,UPI,Cloudy,Low
ORD_009121,CUST_00158,REST_0130,2025-04-27 18:09:20,Delivered,398.93,145.7,2,Debit Card,Clear,Medium
ORD_009122,CUST_01318,REST_0070,2025-05-25 19:20:52,Delivered,341.52,45.84,3,UPI,Rain,Medium
ORD_009123,CUST_00555,REST_0013,2025-05-04 10:11:24,Delivered,264.57,10.65,1,Wallet,Rain,Medium
ORD_009124,CUST_00862,REST_0141,2025-02-22 18:20:40,Delivered,789.45,67.05,5,UPI,Clear,Medium
ORD_009125,CUST_01352,REST_0068,2025-05-06 19:56:54,Delivered,1572.85,219.38,5,UPI,Cloudy,Medium
ORD_009126,CUST_00612,REST_0144,2025-05-10 18:45:12,Delivered,164.37,15.09,3,Cash,Clear,Low
ORD_009127,CUST_01211,REST_0100,2025-05-11 11:56:04,Delivered,1143.59,93.17,5,Credit Card,Cloudy,Medium
ORD_009128,CUST_00647,REST_0062,2025-03-07 21:28:17,Delivered,1976.72,281.87,4,Cash,Clear,Low
ORD_009129,CUST_01055,REST_0025,2025-05-17 20:59:11,Cancelled,80.0,0.0,1,UPI,Clear,Low
ORD_009130,CUST_00648,REST_0103,2025-02-06 21:54:33,Delivered,2038.12,158.52,3,Wallet,Clear,Medium
ORD_009131,CUST_00586,REST_0149,2025-06-19 00:57:02,Cancelled,227.92,0.0,3,Credit Card,Cloudy,Low
ORD_009132,CUST_01486,REST_0190,2025-02-25 19:55:22,Delivered,1856.05,268.27,2,UPI,Cloudy,Medium
ORD_009133,CUST_00923,REST_0154,2025-03-03 19:23:27,Delivered,2123.75,32.3,3,Debit Card,Rain,High
ORD_009134,CUST_00549,REST_0174,2025-01-06 22:26:44,Delivered,106.92,5.14,2,UPI,Clear,Low
ORD_009135,CUST_00390,REST_0159,2025-04-03 20:47:04,Delivered,208.9,17.26,2,UPI,Cloudy,Low
ORD_009136,CUST_00061,REST_0141,2025-03-07 19:21:00,Delivered,474.76,50.49,4,Wallet,Clear,High
ORD_009137,CUST_01063,REST_0161,2025-04-19 12:01:40,Delivered,3265.33,848.28,7,UPI,Clear,Medium
ORD_009138,CUST_00555,REST_0115,2025-06-04 12:04:21,Delivered,419.43,37.48,2,UPI,Clear,High
ORD_009139,CUST_01232,REST_0175,2025-05-21 21:50:08,Delivered,485.18,67.73,2,UPI,Clear,High
ORD_009140,CUST_00543,REST_0061,2025-06-25 13:35:27,Delivered,300.77,51.01,4,UPI,Clear,Medium
ORD_009141,CUST_00557,REST_0154,2025-05-23 22:57:55,Delivered,2632.88,182.81,6,UPI,Rain,Severe
ORD_009142,CUST_01170,REST_0103,2025-01-06 20:31:45,Delivered,4016.58,752.21,4,Credit Card,Clear,High
ORD_009143,CUST_00737,REST_0110,2025-04-10 13:47:35,Delivered,1122.78,98.74,5,UPI,Clear,Medium
ORD_009144,CUST_01330,REST_0003,2025-02-03 21:42:09,Delivered,1131.02,95.02,6,Debit Card,Clear,Medium
ORD_009145,CUST_00890,REST_0134,2025-02-26 22:58:58,Delivered,510.46,24.57,3,Wallet,Clear,High
ORD_009146,CUST_00364,REST_0011,2025-04-21 17:02:52,Delivered,156.3,6.01,2,Credit Card,Rain,High
ORD_009147,CUST_00855,REST_0076,2025-06-04 07:29:33,Delivered,284.47,46.26,6,UPI,Clear,High
ORD_009148,CUST_00006,REST_0139,2025-01-23 13:16:14,Delivered,239.64,7.68,6,UPI,Clear,Low
ORD_009149,CUST_00470,REST_0112,2025-03-03 11:43:06,Delivered,1901.52,321.79,3,UPI,Clear,Medium
ORD_009150,CUST_00314,REST_0037,2025-05-05 21:51:02,Delivered,471.2,62.32,2,Wallet,Cloudy,Severe
ORD_009151,CUST_00988,REST_0091,2025-03-08 09:34:39,Delivered,326.4,116.1,3,UPI,Cloudy,Medium
ORD_009152,CUST_00206,REST_0010,2025-05-16 13:14:04,Delivered,274.19,5.36,3,UPI,Cloudy,High
ORD_009153,CUST_00438,REST_0063,2025-05-21 19:11:34,Delivered,516.81,66.91,6,Wallet,Clear,Medium
ORD_009154,CUST_00498,REST_0100,2025-04-04 13:27:00,Delivered,468.49,36.88,2,UPI,Clear,Medium
ORD_009155,CUST_00005,REST_0073,2025-01-22 18:21:26,Failed,1370.18,0.0,6,UPI,Clear,Medium
ORD_009156,CUST_00072,REST_0030,2025-03-23 04:04:15,Delivered,480.86,59.4,5,Cash,Rain,Medium
ORD_009157,CUST_00469,REST_0168,2025-04-23 19:18:43,Delivered,900.6,47.34,3,UPI,Clear,Medium
ORD_009158,CUST_00336,REST_0190,2025-03-28 22:39:00,Delivered,1831.23,34.09,2,UPI,Rain,Medium
ORD_009159,CUST_00179,REST_0197,2025-03-14 09:08:50,Delivered,345.53,72.97,2,Credit Card,Cloudy,High
ORD_009160,CUST_00234,REST_0054,2025-01-11 21:39:23,Delivered,237.75,10.22,1,UPI,Rain,High
ORD_009161,CUST_01253,REST_0122,2025-03-25 19:15:24,Delivered,475.82,73.38,6,UPI,Clear,Medium
ORD_009162,CUST_01029,REST_0199,2025-04-25 21:02:31,Delivered,292.57,45.26,4,UPI,Clear,Low
ORD_009163,CUST_00729,REST_0063,2025-02-03 18:42:57,Delivered,80.0,0.94,1,UPI,Clear,Medium
ORD_009164,CUST_01364,REST_0161,2025-05-15 12:28:39,Delivered,3159.18,178.28,6,Debit Card,Clear,Low
ORD_009165,CUST_00046,REST_0160,2025-01-25 11:04:26,Delivered,2683.58,419.99,3,UPI,Rain,High
ORD_009166,CUST_00516,REST_0100,2025-03-17 14:07:49,Delivered,555.29,21.7,3,Credit Card,Cloudy,Medium
ORD_009167,CUST_01236,REST_0188,2025-06-15 20:08:47,Delivered,80.0,7.17,1,UPI,Clear,Medium
ORD_009168,CUST_00948,REST_0111,2025-02-12 19:01:16,Delivered,2958.16,252.8,3,UPI,Clear,Medium
ORD_009169,CUST_01472,REST_0153,2025-04-19 10:09:25,Delivered,1118.33,131.42,2,Debit Card,Cloudy,Low
ORD_009170,CUST_01419,REST_0076,2025-05-21 10:35:58,Delivered,277.74,40.74,5,UPI,Rain,Medium
ORD_009171,CUST_00256,REST_0087,2025-01-11 19:16:54,Delivered,844.31,98.43,3,UPI,Cloudy,High
ORD_009172,CUST_01458,REST_0101,2025-04-05 16:15:00,Delivered,626.27,41.72,3,Cash,Clear,Medium
ORD_009173,CUST_01420,REST_0050,2025-03-05 11:51:37,Delivered,2086.93,245.45,6,UPI,Clear,Medium
ORD_009174,CUST_00558,REST_0043,2025-03-18 15:34:24,Delivered,1089.58,198.79,6,Credit Card,Cloudy,Medium
ORD_009175,CUST_01473,REST_0156,2025-02-17 22:34:50,Delivered,916.04,149.22,3,UPI,Clear,Medium
ORD_009176,CUST_00055,REST_0013,2025-05-23 07:48:29,Delivered,311.3,21.78,2,Wallet,Clear,Medium
ORD_009177,CUST_00998,REST_0048,2025-05-29 22:39:21,Delivered,967.12,61.35,8,Credit Card,Rain,Medium
ORD_009178,CUST_00402,REST_0106,2025-06-18 18:08:23,Delivered,879.0,77.3,3,Debit Card,Rain,High
ORD_009179,CUST_00197,REST_0045,2025-04-21 13:40:23,Delivered,1203.83,146.49,6,Debit Card,Clear,High
ORD_009180,CUST_00870,REST_0159,2025-01-08 09:14:23,Delivered,209.24,21.38,2,UPI,Clear,Medium
ORD_009181,CUST_00462,REST_0148,2025-06-27 19:10:30,Delivered,550.29,100.36,1,Debit Card,Clear,High
ORD_009182,CUST_01006,REST_0160,2025-04-30 22:44:53,Delivered,1803.25,209.69,2,UPI,Clear,Medium
ORD_009183,CUST_00812,REST_0172,2025-03-18 22:24:47,Delivered,2622.33,135.87,3,UPI,Rain,Medium
ORD_009184,CUST_00586,REST_0177,2025-05-20 19:25:49,Delivered,384.89,50.47,5,UPI,Clear,Low
ORD_009185,CUST_00273,REST_0052,2025-03-09 11:38:00,Delivered,4484.82,112.2,6,Credit Card,Clear,Medium
ORD_009186,CUST_00907,REST_0139,2025-02-14 22:37:47,Delivered,106.02,19.51,2,Credit Card,Cloudy,Medium
ORD_009187,CUST_01244,REST_0053,2025-04-01 09:38:00,Delivered,552.11,54.7,2,UPI,Rain,High
ORD_009188,CUST_00905,REST_0040,2025-02-23 22:28:00,Delivered,2680.11,602.63,4,Debit Card,Cloudy,Medium
ORD_009189,CUST_00921,REST_0155,2025-03-13 23:13:35,Cancelled,391.06,0.0,3,Debit Card,Rain,Medium
ORD_009190,CUST_00771,REST_0037,2025-06-18 14:26:19,Delivered,793.6,73.52,5,UPI,Rain,Medium
ORD_009191,CUST_00579,REST_0165,2025-04-12 22:47:28,Delivered,288.31,51.11,5,UPI,Clear,Medium
ORD_009192,CUST_00688,REST_0159,2025-04-14 14:08:00,Delivered,176.18,10.76,2,Debit Card,Cloudy,High
ORD_009193,CUST_01484,REST_0150,2025-05-20 18:55:10,Delivered,443.71,128.27,4,Credit Card,Cloudy,Low
ORD_009194,CUST_01127,REST_0089,2025-06-16 20:40:14,Delivered,623.52,50.19,4,UPI,Clear,Medium
ORD_009195,CUST_00647,REST_0018,2025-05-12 17:43:38,Delivered,640.06,102.3,2,UPI,Clear,Severe
ORD_009196,CUST_00688,REST_0005,2025-04-15 21:36:57,Delivered,80.0,1.36,1,Credit Card,Clear,High
ORD_009197,CUST_00753,REST_0091,2025-06-09 00:25:03,Delivered,297.49,40.08,3,UPI,Cloudy,Medium
ORD_009198,CUST_00996,REST_0120,2025-01-10 02:35:04,Delivered,359.0,14.17,3,UPI,Rain,Medium
ORD_009199,CUST_00702,REST_0009,2025-06-27 14:22:12,Delivered,2527.08,137.6,4,UPI,Cloudy,Medium
ORD_009200,CUST_01034,REST_0105,2025-05-09 09:22:53,Delivered,170.44,8.38,1,UPI,Clear,Medium
ORD_009201,CUST_00494,REST_0039,2025-05-08 10:47:47,Delivered,1167.55,149.91,6,Credit Card,Cloudy,Medium
ORD_009202,CUST_00615,REST_0175,2025-02-18 19:43:33,Delivered,814.99,301.74,3,UPI,Clear,Low
ORD_009203,CUST_01299,REST_0188,2025-02-25 14:11:11,Delivered,199.12,46.52,4,UPI,Clear,Medium
ORD_009204,CUST_00494,REST_0187,2025-04-23 22:35:34,Delivered,159.5,13.98,3,Debit Card,Rain,Medium
ORD_009205,CUST_01448,REST_0178,2025-01-25 18:40:56,Cancelled,871.32,0.0,1,UPI,Clear,Medium
ORD_009206,CUST_00260,REST_0198,2025-05-30 22:28:06,Delivered,563.49,153.33,3,UPI,Cloudy,Low
ORD_009207,CUST_00365,REST_0179,2025-04-01 09:55:00,Failed,3470.6,0.0,3,UPI,Cloudy,Medium
ORD_009208,CUST_00698,REST_0179,2025-01-20 19:35:59,Delivered,779.15,70.97,1,Credit Card,Cloudy,Low
ORD_009209,CUST_01197,REST_0042,2025-03-19 16:50:01,Delivered,80.0,3.26,1,Debit Card,Clear,Medium
ORD_009210,CUST_01102,REST_0011,2025-02-21 20:04:00,Delivered,464.87,132.79,4,UPI,Clear,Low
ORD_009211,CUST_00262,REST_0150,2025-05-28 18:00:29,Delivered,196.86,23.84,1,UPI,Clear,Low
ORD_009212,CUST_00358,REST_0124,2025-03-24 08:00:04,Cancelled,401.51,0.0,4,Wallet,Cloudy,Medium
ORD_009213,CUST_00867,REST_0168,2025-01-10 12:13:59,Delivered,702.84,39.58,4,UPI,Clear,High
ORD_009214,CUST_00445,REST_0126,2025-02-11 11:24:35,Delivered,237.06,16.6,2,UPI,Rain,Severe
ORD_009215,CUST_00633,REST_0192,2025-04-05 13:59:26,Delivered,388.92,33.51,3,UPI,Clear,High
ORD_009216,CUST_00733,REST_0025,2025-05-19 12:40:27,Delivered,133.83,11.86,3,UPI,Clear,Low
ORD_009217,CUST_00896,REST_0153,2025-05-31 22:59:23,Delivered,3792.8,97.6,5,UPI,Clear,Medium
ORD_009218,CUST_00380,REST_0117,2025-04-19 12:37:00,Delivered,765.61,17.25,5,UPI,Clear,Medium
ORD_009219,CUST_00247,REST_0057,2025-06-02 11:21:01,Delivered,1045.35,316.45,3,Credit Card,Cloudy,Low
ORD_009220,CUST_00596,REST_0134,2025-01-24 20:02:56,Cancelled,862.49,0.0,3,Credit Card,Clear,Medium
ORD_009221,CUST_00125,REST_0124,2025-03-31 20:06:08,Delivered,183.06,5.22,2,Credit Card,Clear,Low
ORD_009222,CUST_00794,REST_0161,2025-06-22 18:54:43,Delivered,1735.74,100.22,4,UPI,Clear,Low
ORD_009223,CUST_01260,REST_0112,2025-05-22 12:36:57,Delivered,2497.71,115.55,5,UPI,Cloudy,Low
ORD_009224,CUST_00183,REST_0183,2025-02-17 15:48:00,Delivered,305.36,30.96,2,Credit Card,Cloudy,Medium
ORD_009225,CUST_00173,REST_0110,2025-02-01 00:16:57,Delivered,365.11,11.88,2,UPI,Clear,Medium
ORD_009226,CUST_00122,REST_0137,2025-06-01 21:40:14,Delivered,1804.87,219.0,2,Credit Card,Clear,Medium
ORD_009227,CUST_01273,REST_0168,2025-04-01 12:59:56,Delivered,1092.41,136.4,3,Wallet,Cloudy,High
ORD_009228,CUST_00123,REST_0149,2025-02-02 19:19:48,Delivered,531.91,14.68,6,Credit Card,Cloudy,High
ORD_009229,CUST_01474,REST_0181,2025-03-09 19:59:45,Delivered,164.07,31.55,4,Debit Card,Cloudy,Low
ORD_009230,CUST_00535,REST_0163,2025-02-23 14:07:00,Delivered,702.27,83.37,2,Debit Card,Clear,High
ORD_009231,CUST_00493,REST_0195,2025-01-30 18:44:22,Delivered,683.93,70.24,3,Cash,Cloudy,High
ORD_009232,CUST_00140,REST_0036,2025-03-02 20:12:59,Delivered,2175.69,7.11,4,Credit Card,Cloudy,Medium
ORD_009233,CUST_00883,REST_0124,2025-05-17 13:34:17,Delivered,198.73,33.38,2,UPI,Clear,Low
ORD_009234,CUST_00883,REST_0154,2025-05-07 22:40:15,Delivered,1328.94,152.98,2,UPI,Clear,High
ORD_009235,CUST_00745,REST_0068,2025-01-13 18:11:53,Delivered,1016.0,316.57,4,Debit Card,Cloudy,Medium
ORD_009236,CUST_00468,REST_0060,2025-04-08 07:05:17,Delivered,645.22,82.49,3,Cash,Clear,Low
ORD_009237,CUST_00550,REST_0178,2025-03-08 11:35:48,Delivered,2342.67,96.14,2,UPI,Clear,Medium
ORD_009238,CUST_00482,REST_0181,2025-02-24 12:21:06,Delivered,80.0,12.55,1,Credit Card,Clear,Medium
ORD_009239,CUST_00640,REST_0155,2025-04-04 13:14:21,Delivered,327.77,2.89,3,UPI,Cloudy,High
ORD_009240,CUST_00512,REST_0046,2025-02-18 13:07:38,Delivered,190.74,2.31,2,Credit Card,Cloudy,High
ORD_009241,CUST_01019,REST_0001,2025-04-10 22:07:13,Delivered,473.48,20.7,6,UPI,Rain,Severe
ORD_009242,CUST_00446,REST_0118,2025-05-01 18:17:53,Delivered,788.43,90.12,4,UPI,Clear,High
ORD_009243,CUST_00525,REST_0004,2025-01-21 11:46:58,Delivered,621.76,62.04,3,UPI,Cloudy,Medium
ORD_009244,CUST_00655,REST_0102,2025-06-08 04:54:51,Delivered,246.48,21.38,3,Cash,Cloudy,High
ORD_009245,CUST_00006,REST_0139,2025-06-24 14:40:35,Delivered,80.0,7.18,1,UPI,Cloudy,Medium
ORD_009246,CUST_00742,REST_0076,2025-05-08 14:12:48,Failed,211.73,0.0,4,Cash,Clear,Low
ORD_009247,CUST_00386,REST_0013,2025-05-12 18:57:36,Delivered,937.15,116.84,5,UPI,Clear,Low
ORD_009248,CUST_00086,REST_0115,2025-03-05 09:22:57,Delivered,343.88,17.67,2,UPI,Cloudy,High
ORD_009249,CUST_01368,REST_0175,2025-03-28 12:28:35,Delivered,515.16,113.15,2,Debit Card,Clear,Medium
ORD_009250,CUST_00484,REST_0110,2025-05-07 14:34:45,Delivered,671.51,124.39,3,Credit Card,Clear,Low
ORD_009251,CUST_00640,REST_0182,2025-04-08 08:04:00,Delivered,995.99,19.2,4,UPI,Cloudy,Medium
ORD_009252,CUST_01241,REST_0042,2025-06-22 18:03:06,Delivered,110.28,2.97,2,UPI,Clear,Low
ORD_009253,CUST_00252,REST_0054,2025-04-07 19:17:14,Delivered,298.19,40.52,2,UPI,Clear,Medium
ORD_009254,CUST_01277,REST_0115,2025-05-06 10:59:04,Delivered,845.34,123.91,5,Cash,Clear,Low
ORD_009255,CUST_00365,REST_0082,2025-06-25 20:09:24,Delivered,649.63,2.3,3,UPI,Clear,High
ORD_009256,CUST_00888,REST_0172,2025-05-30 13:27:44,Delivered,3181.31,623.05,4,UPI,Rain,Medium
ORD_009257,CUST_01033,REST_0057,2025-02-21 19:37:39,Delivered,578.1,77.96,2,Credit Card,Clear,Medium
ORD_009258,CUST_01359,REST_0116,2025-05-23 11:11:12,Delivered,451.0,16.82,5,Credit Card,Clear,High
ORD_009259,CUST_00917,REST_0048,2025-03-08 14:18:25,Delivered,120.78,30.21,2,Debit Card,Clear,Medium
ORD_009260,CUST_00682,REST_0194,2025-01-30 17:17:52,Delivered,89.21,19.99,2,UPI,Cloudy,Medium
ORD_009261,CUST_00862,REST_0194,2025-03-04 20:13:23,Delivered,166.83,14.54,4,UPI,Cloudy,Medium
ORD_009262,CUST_00305,REST_0089,2025-04-26 11:56:23,Delivered,622.22,43.62,3,Wallet,Clear,Low
ORD_009263,CUST_01038,REST_0186,2025-03-16 23:42:39,Delivered,238.99,32.83,3,UPI,Clear,Medium
ORD_009264,CUST_00280,REST_0111,2025-05-18 16:32:19,Delivered,2220.49,985.65,2,UPI,Cloudy,Medium
ORD_009265,CUST_00839,REST_0039,2025-04-16 13:21:34,Delivered,237.43,16.07,1,UPI,Clear,Medium
ORD_009266,CUST_00977,REST_0059,2025-04-25 18:29:57,Delivered,351.41,116.67,2,UPI,Clear,Medium
ORD_009267,CUST_01350,REST_0176,2025-03-11 22:57:03,Delivered,383.57,11.32,2,UPI,Cloudy,Low
ORD_009268,CUST_00678,REST_0002,2025-06-02 20:37:58,Delivered,804.15,59.73,1,Wallet,Rain,High
ORD_009269,CUST_01164,REST_0122,2025-06-14 20:28:33,Delivered,533.95,89.86,6,UPI,Heavy Rain,Medium
ORD_009270,CUST_00253,REST_0079,2025-03-23 19:45:11,Delivered,590.23,34.27,2,UPI,Clear,Severe
ORD_009271,CUST_00237,REST_0193,2025-05-17 18:38:41,Delivered,227.84,45.16,4,UPI,Clear,Medium
ORD_009272,CUST_00791,REST_0007,2025-06-11 22:27:25,Delivered,1941.38,297.22,3,Credit Card,Clear,Medium
ORD_009273,CUST_00899,REST_0054,2025-04-10 17:53:58,Cancelled,1305.09,0.0,5,Credit Card,Rain,Medium
ORD_009274,CUST_00953,REST_0079,2025-06-22 20:38:41,Delivered,749.41,212.74,3,UPI,Rain,Severe
ORD_009275,CUST_01122,REST_0193,2025-05-19 22:37:56,Delivered,80.0,9.77,1,Cash,Clear,Medium
ORD_009276,CUST_00445,REST_0197,2025-05-03 18:57:08,Delivered,245.38,65.2,2,Credit Card,Clear,Medium
ORD_009277,CUST_00939,REST_0006,2025-05-30 12:57:56,Delivered,214.06,72.23,3,Debit Card,Cloudy,Medium
ORD_009278,CUST_00282,REST_0009,2025-03-08 21:51:29,Delivered,2317.88,254.67,3,Debit Card,Clear,Medium
ORD_009279,CUST_00330,REST_0062,2025-05-01 11:53:31,Delivered,986.09,245.86,2,Debit Card,Clear,Medium
ORD_009280,CUST_00104,REST_0163,2025-01-22 07:01:13,Delivered,287.37,25.83,2,UPI,Rain,High
ORD_009281,CUST_01123,REST_0017,2025-05-13 04:59:12,Delivered,161.17,17.33,1,Wallet,Rain,Medium
ORD_009282,CUST_00764,REST_0044,2025-03-24 14:13:03,Failed,327.64,0.0,3,Wallet,Rain,High
ORD_009283,CUST_00360,REST_0193,2025-06-03 02:37:33,Delivered,267.02,51.29,4,Credit Card,Cloudy,Medium
ORD_009284,CUST_00837,REST_0145,2025-02-03 18:51:35,Delivered,395.32,70.25,4,UPI,Clear,Medium
ORD_009285,CUST_00530,REST_0018,2025-03-24 21:53:00,Delivered,375.14,129.65,1,Credit Card,Clear,Low
ORD_009286,CUST_01256,REST_0037,2025-05-08 10:45:01,Delivered,278.35,27.27,2,UPI,Clear,Medium
ORD_009287,CUST_00796,REST_0032,2025-01-14 10:21:53,Delivered,845.29,75.83,2,Debit Card,Clear,Medium
ORD_009288,CUST_00046,REST_0046,2025-06-10 22:46:52,Delivered,275.12,25.07,3,UPI,Clear,Severe
ORD_009289,CUST_01477,REST_0143,2025-06-21 13:30:34,Cancelled,616.02,0.0,2,Credit Card,Clear,Medium
ORD_009290,CUST_00114,REST_0002,2025-03-24 19:35:18,Delivered,2081.32,200.15,3,UPI,Rain,Medium
ORD_009291,CUST_01049,REST_0061,2025-04-20 22:07:50,Delivered,481.08,63.26,4,Debit Card,Heavy Rain,Severe
ORD_009292,CUST_00658,REST_0009,2025-06-03 11:00:25,Delivered,2354.02,150.23,3,Debit Card,Clear,High
ORD_009293,CUST_00377,REST_0028,2025-02-16 12:34:17,Delivered,452.44,94.29,2,Wallet,Clear,Medium
ORD_009294,CUST_01020,REST_0137,2025-05-27 18:27:02,Delivered,2149.96,24.96,4,UPI,Clear,Severe
ORD_009295,CUST_00192,REST_0185,2025-05-26 19:26:51,Delivered,250.68,19.02,2,Wallet,Clear,Medium
ORD_009296,CUST_01289,REST_0113,2025-02-09 18:56:23,Delivered,230.16,34.62,3,UPI,Clear,High
ORD_009297,CUST_00379,REST_0084,2025-04-29 12:25:19,Delivered,108.67,34.22,3,Wallet,Clear,Medium
ORD_009298,CUST_00540,REST_0106,2025-03-17 22:11:37,Delivered,727.59,146.19,4,UPI,Rain,Severe
ORD_009299,CUST_00954,REST_0012,2025-05-07 12:22:03,Delivered,767.8,110.55,2,Debit Card,Rain,Low
ORD_009300,CUST_00002,REST_0132,2025-03-17 21:36:28,Cancelled,451.39,0.0,2,Debit Card,Rain,Medium
ORD_009301,CUST_00712,REST_0049,2025-05-14 19:07:30,Delivered,178.16,21.37,1,UPI,Clear,Medium
ORD_009302,CUST_01343,REST_0164,2025-05-28 14:59:54,Delivered,795.33,36.79,4,UPI,Clear,High
ORD_009303,CUST_01025,REST_0128,2025-03-20 19:12:46,Delivered,968.03,55.31,5,Credit Card,Clear,Low
ORD_009304,CUST_00579,REST_0095,2025-04-30 20:19:27,Delivered,631.95,67.77,2,UPI,Cloudy,Medium
ORD_009305,CUST_00997,REST_0079,2025-02-23 13:56:00,Delivered,1544.89,492.18,4,UPI,Clear,Medium
ORD_009306,CUST_01407,REST_0068,2025-04-18 19:41:12,Delivered,1359.14,192.25,4,UPI,Rain,Medium
ORD_009307,CUST_00281,REST_0172,2025-04-07 15:26:00,Delivered,3672.08,743.86,3,Credit Card,Cloudy,Low
ORD_009308,CUST_00800,REST_0137,2025-02-12 12:05:12,Delivered,1254.41,23.07,2,Wallet,Heavy Rain,Severe
ORD_009309,CUST_00355,REST_0131,2025-06-06 06:29:24,Delivered,672.37,40.13,2,UPI,Rain,High
ORD_009310,CUST_01283,REST_0095,2025-06-17 19:53:06,Delivered,1263.68,112.87,4,UPI,Cloudy,Low
ORD_009311,CUST_01085,REST_0139,2025-06-27 18:07:06,Delivered,92.76,1.73,2,Debit Card,Rain,Medium
ORD_009312,CUST_01202,REST_0080,2025-04-10 22:47:50,Delivered,147.03,10.39,3,Debit Card,Clear,Low
ORD_009313,CUST_01416,REST_0022,2025-03-15 13:28:15,Delivered,427.36,33.89,4,Wallet,Rain,Medium
ORD_009314,CUST_00352,REST_0001,2025-06-02 11:19:35,Delivered,519.84,203.94,5,Credit Card,Cloudy,Medium
ORD_009315,CUST_00075,REST_0113,2025-05-03 18:26:12,Delivered,743.07,133.34,6,UPI,Clear,Medium
ORD_009316,CUST_00439,REST_0118,2025-06-03 19:24:27,Delivered,491.92,14.5,2,UPI,Rain,Severe
ORD_009317,CUST_00597,REST_0052,2025-03-14 21:11:25,Delivered,1288.11,289.15,2,Wallet,Cloudy,Medium
ORD_009318,CUST_00943,REST_0167,2025-06-24 20:11:23,Delivered,232.8,50.48,3,Credit Card,Clear,Medium
ORD_009319,CUST_01197,REST_0076,2025-01-30 18:22:01,Delivered,80.0,7.1,1,UPI,Heavy Rain,Severe
ORD_009320,CUST_00523,REST_0163,2025-05-11 16:20:44,Cancelled,701.7,0.0,2,Credit Card,Clear,Low
ORD_009321,CUST_00714,REST_0085,2025-01-20 19:03:24,Delivered,386.88,46.31,2,Wallet,Clear,Low
ORD_009322,CUST_01180,REST_0142,2025-04-25 17:06:32,Delivered,349.29,22.21,5,UPI,Rain,Severe
ORD_009323,CUST_00340,REST_0171,2025-02-20 11:07:25,Delivered,2955.65,249.73,5,Debit Card,Clear,Low
ORD_009324,CUST_00327,REST_0150,2025-04-27 21:18:06,Delivered,1016.79,226.4,6,Credit Card,Clear,Medium
ORD_009325,CUST_00888,REST_0101,2025-02-25 18:38:36,Delivered,458.21,182.86,2,Credit Card,Cloudy,Medium
ORD_009326,CUST_00656,REST_0066,2025-01-18 20:49:05,Delivered,511.97,17.33,5,Debit Card,Clear,High
ORD_009327,CUST_01425,REST_0091,2025-04-11 11:25:07,Delivered,256.68,30.44,3,UPI,Cloudy,High
ORD_009328,CUST_00533,REST_0107,2025-03-24 15:12:00,Delivered,80.0,17.84,1,Cash,Clear,Medium
ORD_009329,CUST_01142,REST_0012,2025-02-17 15:00:00,Delivered,2469.34,198.23,4,UPI,Heavy Rain,High
ORD_009330,CUST_00878,REST_0049,2025-01-31 15:08:26,Delivered,269.22,70.29,1,Credit Card,Clear,Medium
ORD_009331,CUST_00084,REST_0068,2025-01-08 20:21:17,Delivered,2648.93,339.13,7,Credit Card,Cloudy,Low
ORD_009332,CUST_00129,REST_0086,2025-04-30 19:10:52,Delivered,645.86,74.77,6,UPI,Clear,High
ORD_009333,CUST_00306,REST_0073,2025-05-10 19:52:25,Delivered,571.96,135.2,2,UPI,Clear,Low
ORD_009334,CUST_00218,REST_0028,2025-06-28 17:27:34,Delivered,1121.01,162.2,4,Credit Card,Clear,Medium
ORD_009335,CUST_00494,REST_0159,2025-01-06 22:57:33,Delivered,84.64,5.56,1,UPI,Clear,Medium
ORD_009336,CUST_00872,REST_0135,2025-05-01 14:36:36,Delivered,85.97,9.5,1,Debit Card,Cloudy,Medium
ORD_009337,CUST_00908,REST_0024,2025-01-08 19:39:32,Delivered,1270.65,247.56,5,Debit Card,Cloudy,High
ORD_009338,CUST_00886,REST_0125,2025-04-26 19:30:33,Delivered,387.77,93.25,2,Wallet,Clear,Medium
ORD_009339,CUST_00180,REST_0063,2025-05-19 22:16:57,Delivered,80.11,0.67,1,UPI,Rain,Medium
ORD_009340,CUST_00906,REST_0103,2025-03-24 21:30:00,Delivered,3255.71,503.44,5,UPI,Clear,Medium
ORD_009341,CUST_00614,REST_0062,2025-04-26 12:25:27,Delivered,914.99,286.79,2,UPI,Clear,High
ORD_009342,CUST_01356,REST_0112,2025-05-29 09:35:10,Delivered,649.84,31.53,1,UPI,Rain,High
ORD_009343,CUST_01369,REST_0028,2025-05-27 19:24:50,Delivered,1117.21,279.69,6,Credit Card,Clear,Low
ORD_009344,CUST_01154,REST_0051,2025-03-31 22:20:19,Delivered,496.45,15.06,4,UPI,Heavy Rain,High
ORD_009345,CUST_01059,REST_0164,2025-05-26 17:27:11,Delivered,780.13,263.06,4,UPI,Clear,Medium
ORD_009346,CUST_00176,REST_0042,2025-02-09 18:23:49,Delivered,85.21,6.2,2,Credit Card,Rain,High
ORD_009347,CUST_00129,REST_0003,2025-06-20 13:41:18,Delivered,928.81,293.97,5,UPI,Clear,Low
ORD_009348,CUST_01262,REST_0102,2025-04-21 10:27:28,Delivered,333.27,57.95,3,UPI,Cloudy,Low
ORD_009349,CUST_00642,REST_0164,2025-04-23 22:18:58,Delivered,525.41,77.93,4,UPI,Clear,Low
ORD_009350,CUST_00679,REST_0048,2025-01-08 09:42:33,Delivered,218.82,27.12,2,UPI,Clear,Low
ORD_009351,CUST_01273,REST_0110,2025-04-19 14:28:00,Delivered,1272.61,188.64,5,UPI,Clear,High
ORD_009352,CUST_00938,REST_0104,2025-05-13 11:22:18,Delivered,958.66,71.21,6,Credit Card,Clear,Medium
ORD_009353,CUST_00270,REST_0007,2025-06-19 16:57:13,Delivered,3056.97,139.41,5,Debit Card,Cloudy,High
ORD_009354,CUST_00318,REST_0165,2025-02-17 22:39:10,Delivered,137.96,14.34,3,UPI,Rain,High
ORD_009355,CUST_00010,REST_0188,2025-04-18 18:54:31,Delivered,243.17,16.78,4,UPI,Cloudy,High
ORD_009356,CUST_01070,REST_0036,2025-06-13 12:26:47,Delivered,927.05,76.79,2,UPI,Cloudy,Low
ORD_009357,CUST_00732,REST_0200,2025-04-16 19:56:43,Delivered,920.87,18.13,4,Debit Card,Clear,Low
ORD_009358,CUST_01427,REST_0148,2025-06-11 18:27:51,Delivered,3332.05,711.68,5,Wallet,Clear,Medium
ORD_009359,CUST_01075,REST_0106,2025-05-18 21:11:40,Delivered,842.79,11.05,3,Wallet,Rain,High
ORD_009360,CUST_00158,REST_0143,2025-05-11 11:39:48,Delivered,288.2,202.23,1,UPI,Clear,Low
ORD_009361,CUST_00245,REST_0140,2025-04-12 07:29:23,Delivered,116.81,27.95,2,UPI,Heavy Rain,Medium
ORD_009362,CUST_00756,REST_0150,2025-04-15 18:13:26,Delivered,1323.01,89.59,7,UPI,Rain,High
ORD_009363,CUST_01388,REST_0171,2025-01-30 21:36:52,Delivered,578.67,68.91,1,Wallet,Rain,Low
ORD_009364,CUST_00374,REST_0012,2025-05-14 14:36:00,Delivered,3829.57,439.21,8,Debit Card,Rain,Medium
ORD_009365,CUST_01239,REST_0040,2025-03-19 19:37:00,Delivered,1776.43,398.23,2,Credit Card,Clear,Low
ORD_009366,CUST_00470,REST_0171,2025-05-25 11:26:10,Delivered,2465.28,386.79,4,UPI,Cloudy,Low
ORD_009367,CUST_00407,REST_0148,2025-03-09 13:35:43,Delivered,526.71,68.44,1,UPI,Clear,High
ORD_009368,CUST_01354,REST_0142,2025-04-20 19:00:58,Delivered,327.17,37.15,4,Wallet,Clear,Medium
ORD_009369,CUST_00073,REST_0133,2025-01-20 20:10:58,Delivered,878.87,143.54,3,UPI,Cloudy,Low
ORD_009370,CUST_00998,REST_0029,2025-01-25 12:18:31,Delivered,882.99,45.11,4,Debit Card,Clear,Low
ORD_009371,CUST_00067,REST_0009,2025-03-06 21:02:57,Delivered,1514.34,119.36,2,UPI,Rain,Medium
ORD_009372,CUST_01201,REST_0141,2025-02-09 11:35:42,Delivered,530.21,65.96,3,Debit Card,Clear,Low
ORD_009373,CUST_01244,REST_0148,2025-05-16 22:55:33,Delivered,1599.43,400.09,2,UPI,Clear,Medium
ORD_009374,CUST_01342,REST_0009,2025-04-21 15:24:00,Delivered,2418.58,58.12,4,UPI,Rain,High
ORD_009375,CUST_00279,REST_0039,2025-06-18 11:29:07,Delivered,809.14,41.24,3,Credit Card,Cloudy,Medium
ORD_009376,CUST_00190,REST_0077,2025-03-16 20:33:20,Failed,261.79,0.0,3,UPI,Clear,High
ORD_009377,CUST_00759,REST_0184,2025-03-10 14:57:16,Delivered,5000.0,432.91,5,UPI,Cloudy,High
ORD_009378,CUST_00409,REST_0004,2025-05-29 20:06:10,Delivered,1645.16,294.06,6,UPI,Clear,Low
ORD_009379,CUST_00915,REST_0043,2025-03-23 18:11:55,Delivered,909.17,100.65,4,Cash,Clear,Medium
ORD_009380,CUST_00774,REST_0177,2025-05-30 20:42:22,Cancelled,80.0,0.0,1,Debit Card,Rain,High
ORD_009381,CUST_00220,REST_0077,2025-05-01 19:28:33,Delivered,278.59,9.85,4,UPI,Cloudy,Medium
ORD_009382,CUST_01112,REST_0103,2025-04-18 14:44:53,Delivered,1102.5,42.46,2,Credit Card,Cloudy,Medium
ORD_009383,CUST_01206,REST_0050,2025-06-01 17:31:42,Delivered,827.66,47.71,3,Credit Card,Rain,Medium
ORD_009384,CUST_01446,REST_0096,2025-05-13 09:37:34,Delivered,923.5,334.91,5,UPI,Cloudy,Medium
ORD_009385,CUST_00591,REST_0142,2025-04-12 09:49:23,Delivered,315.95,36.2,5,UPI,Clear,Low
ORD_009386,CUST_00507,REST_0118,2025-05-13 15:32:26,Delivered,1277.21,107.24,4,UPI,Clear,Medium
ORD_009387,CUST_00289,REST_0150,2025-05-30 12:04:09,Delivered,237.3,6.3,2,UPI,Clear,High
ORD_009388,CUST_00272,REST_0170,2025-05-11 20:58:45,Delivered,755.04,60.64,4,UPI,Clear,Medium
ORD_009389,CUST_00482,REST_0014,2025-06-14 02:19:50,Delivered,709.37,118.14,6,Credit Card,Clear,Low
ORD_009390,CUST_01472,REST_0160,2025-05-12 19:30:33,Delivered,4138.42,242.62,4,UPI,Clear,Low
ORD_009391,CUST_00141,REST_0139,2025-03-08 11:36:51,Delivered,195.49,49.52,3,UPI,Clear,Medium
ORD_009392,CUST_00392,REST_0155,2025-06-13 08:58:09,Delivered,217.13,39.86,2,Wallet,Rain,High
ORD_009393,CUST_00131,REST_0200,2025-05-25 18:51:07,Delivered,1772.05,252.81,6,UPI,Cloudy,Medium
ORD_009394,CUST_00412,REST_0147,2025-05-31 21:58:42,Delivered,162.88,6.4,2,Debit Card,Heavy Rain,Medium
ORD_009395,CUST_00141,REST_0042,2025-02-05 18:46:39,Delivered,204.5,46.04,3,Wallet,Rain,Medium
ORD_009396,CUST_00766,REST_0085,2025-05-01 07:51:43,Delivered,588.92,77.01,3,Wallet,Clear,Low
ORD_009397,CUST_00660,REST_0183,2025-02-02 21:19:07,Delivered,648.26,34.99,5,Debit Card,Cloudy,Medium
ORD_009398,CUST_00262,REST_0071,2025-03-21 18:46:26,Delivered,869.5,48.55,5,UPI,Rain,Medium
ORD_009399,CUST_00263,REST_0055,2025-06-13 19:52:49,Cancelled,418.31,0.0,3,UPI,Cloudy,Low
ORD_009400,CUST_00944,REST_0148,2025-02-06 14:14:49,Delivered,2232.74,158.01,4,UPI,Cloudy,High
ORD_009401,CUST_00578,REST_0078,2025-04-23 12:25:55,Delivered,929.89,109.13,4,UPI,Cloudy,Low
ORD_009402,CUST_00086,REST_0071,2025-01-25 21:08:36,Delivered,381.16,44.74,2,UPI,Clear,High
ORD_009403,CUST_01381,REST_0035,2025-06-15 22:12:22,Delivered,389.47,12.09,3,Cash,Clear,Medium
ORD_009404,CUST_00607,REST_0054,2025-03-28 21:23:54,Failed,1135.34,0.0,5,Wallet,Clear,High
ORD_009405,CUST_00891,REST_0067,2025-06-14 12:19:17,Delivered,315.37,1.71,3,Debit Card,Clear,High
ORD_009406,CUST_01331,REST_0041,2025-01-07 20:25:11,Delivered,517.48,159.01,1,UPI,Cloudy,Medium
ORD_009407,CUST_00602,REST_0009,2025-04-04 19:07:32,Delivered,550.54,7.99,1,Wallet,Rain,High
ORD_009408,CUST_01231,REST_0152,2025-06-23 07:53:29,Delivered,199.38,13.24,2,UPI,Clear,Medium
ORD_009409,CUST_01373,REST_0154,2025-03-04 20:41:44,Delivered,3685.89,251.72,4,Wallet,Rain,Medium
ORD_009410,CUST_00262,REST_0185,2025-03-29 21:59:47,Delivered,134.99,4.37,1,Debit Card,Clear,Low
ORD_009411,CUST_01341,REST_0166,2025-01-04 22:59:57,Delivered,80.0,12.75,1,Debit Card,Cloudy,Low
ORD_009412,CUST_00184,REST_0174,2025-06-06 22:25:31,Delivered,256.21,21.99,2,Cash,Clear,Low
ORD_009413,CUST_00414,REST_0105,2025-03-27 11:33:36,Delivered,152.95,18.8,1,UPI,Rain,High
ORD_009414,CUST_01213,REST_0048,2025-06-21 17:31:50,Delivered,370.86,62.39,4,UPI,Clear,Medium
ORD_009415,CUST_01353,REST_0061,2025-04-28 19:20:11,Delivered,223.12,16.31,3,Wallet,Clear,Low
ORD_009416,CUST_01030,REST_0060,2025-03-25 20:01:13,Delivered,257.31,10.54,1,Debit Card,Rain,Medium
ORD_009417,CUST_00160,REST_0134,2025-05-25 11:14:48,Delivered,1150.84,24.07,5,Credit Card,Clear,Medium
ORD_009418,CUST_00788,REST_0006,2025-04-08 12:41:02,Delivered,290.85,15.79,4,UPI,Rain,Medium
ORD_009419,CUST_00862,REST_0031,2025-03-16 11:14:31,Delivered,433.29,132.87,3,Credit Card,Cloudy,Medium
ORD_009420,CUST_00424,REST_0127,2025-01-11 20:06:27,Delivered,696.02,75.64,3,UPI,Clear,Medium
ORD_009421,CUST_01487,REST_0122,2025-02-08 19:37:50,Failed,318.91,0.0,4,UPI,Clear,Low
ORD_009422,CUST_00504,REST_0193,2025-02-05 13:18:48,Delivered,166.93,11.04,3,UPI,Rain,High
ORD_009423,CUST_00317,REST_0026,2025-04-27 18:11:48,Failed,740.15,0.0,3,UPI,Clear,Low
ORD_009424,CUST_00169,REST_0138,2025-01-15 21:59:19,Cancelled,216.33,0.0,3,UPI,Clear,Low
ORD_009425,CUST_00565,REST_0125,2025-06-05 15:17:49,Cancelled,613.5,0.0,3,UPI,Rain,High
ORD_009426,CUST_01044,REST_0051,2025-06-13 22:26:00,Delivered,195.4,24.35,2,Wallet,Clear,Low
ORD_009427,CUST_00350,REST_0157,2025-03-10 19:09:49,Delivered,216.45,4.23,1,Credit Card,Cloudy,Medium
ORD_009428,CUST_01156,REST_0015,2025-01-10 08:37:02,Delivered,337.86,33.45,3,UPI,Rain,Severe
ORD_009429,CUST_00205,REST_0117,2025-01-20 19:05:24,Delivered,1179.31,34.76,5,Wallet,Clear,Low
ORD_009430,CUST_00662,REST_0199,2025-03-30 12:00:53,Delivered,380.23,38.41,4,Credit Card,Cloudy,Medium
ORD_009431,CUST_01057,REST_0158,2025-03-08 12:57:14,Delivered,296.94,68.33,5,Credit Card,Clear,High
ORD_009432,CUST_00205,REST_0109,2025-05-12 05:54:07,Delivered,177.12,20.13,1,Debit Card,Clear,Low
ORD_009433,CUST_00902,REST_0117,2025-04-11 12:23:18,Delivered,435.69,6.82,2,Credit Card,Clear,High
ORD_009434,CUST_01198,REST_0003,2025-01-24 20:44:20,Delivered,662.97,377.06,4,UPI,Clear,Low
ORD_009435,CUST_00898,REST_0034,2025-03-22 07:58:18,Delivered,529.61,55.25,4,UPI,Clear,Medium
ORD_009436,CUST_00770,REST_0093,2025-06-30 21:22:36,Delivered,186.76,43.98,2,UPI,Clear,Medium
ORD_009437,CUST_01258,REST_0177,2025-01-28 19:15:15,Delivered,154.51,7.08,2,UPI,Cloudy,High
ORD_009438,CUST_01477,REST_0130,2025-03-12 14:40:34,Delivered,182.0,13.73,1,Debit Card,Cloudy,Severe
ORD_009439,CUST_00272,REST_0108,2025-04-20 20:13:19,Delivered,177.02,14.93,2,UPI,Clear,High
ORD_009440,CUST_01042,REST_0060,2025-04-02 19:26:05,Delivered,440.03,61.57,2,UPI,Clear,Medium
ORD_009441,CUST_00123,REST_0105,2025-05-12 06:34:27,Delivered,804.15,73.44,4,Credit Card,Clear,Low
ORD_009442,CUST_00066,REST_0106,2025-03-23 12:51:34,Delivered,372.03,30.05,2,UPI,Cloudy,High
ORD_009443,CUST_00423,REST_0055,2025-03-23 09:32:00,Delivered,272.98,39.49,2,Credit Card,Heavy Rain,Low
ORD_009444,CUST_01457,REST_0057,2025-04-13 20:22:01,Delivered,460.78,47.12,3,Credit Card,Cloudy,Low
ORD_009445,CUST_00831,REST_0166,2025-04-05 13:38:00,Delivered,228.8,5.72,3,UPI,Clear,Low
ORD_009446,CUST_00404,REST_0106,2025-06-24 12:12:39,Delivered,1060.26,110.98,5,UPI,Rain,High
ORD_009447,CUST_00201,REST_0165,2025-03-24 05:30:57,Delivered,262.62,5.93,4,UPI,Rain,High
ORD_009448,CUST_01381,REST_0191,2025-02-15 12:12:40,Delivered,195.44,35.07,2,UPI,Clear,High
ORD_009449,CUST_00541,REST_0132,2025-05-19 21:45:46,Delivered,215.55,9.96,1,UPI,Rain,Medium
ORD_009450,CUST_00463,REST_0139,2025-06-26 19:54:34,Delivered,80.0,18.09,1,UPI,Clear,Medium
ORD_009451,CUST_01289,REST_0110,2025-03-08 11:29:31,Delivered,336.88,10.96,2,UPI,Clear,Low
ORD_009452,CUST_00912,REST_0095,2025-04-23 08:12:55,Delivered,732.94,88.18,3,UPI,Clear,Medium
ORD_009453,CUST_00254,REST_0063,2025-04-05 15:04:00,Delivered,445.26,55.76,5,UPI,Clear,Medium
ORD_009454,CUST_00632,REST_0130,2025-02-27 22:08:21,Delivered,593.47,19.94,3,UPI,Clear,High
ORD_009455,CUST_01393,REST_0055,2025-01-04 01:32:05,Delivered,626.28,3.6,5,UPI,Clear,Medium
ORD_009456,CUST_01354,REST_0190,2025-02-04 16:40:34,Cancelled,2549.57,0.0,3,Debit Card,Cloudy,Medium
ORD_009457,CUST_00108,REST_0150,2025-05-01 21:02:56,Delivered,970.93,151.79,6,UPI,Clear,High
ORD_009458,CUST_00405,REST_0140,2025-06-20 23:58:51,Cancelled,480.59,0.0,5,UPI,Clear,Low
ORD_009459,CUST_00235,REST_0042,2025-02-08 13:08:16,Delivered,181.35,15.56,3,UPI,Clear,Severe
ORD_009460,CUST_00803,REST_0102,2025-03-01 18:44:04,Cancelled,291.12,0.0,3,UPI,Clear,Low
ORD_009461,CUST_01127,REST_0045,2025-02-15 18:28:10,Delivered,144.07,33.83,1,Credit Card,Cloudy,Low
ORD_009462,CUST_00446,REST_0027,2025-01-28 18:08:00,Delivered,1228.45,131.2,4,Credit Card,Clear,High
ORD_009463,CUST_01140,REST_0192,2025-05-29 18:12:31,Delivered,538.16,41.64,3,UPI,Cloudy,Medium
ORD_009464,CUST_01009,REST_0001,2025-01-26 12:35:44,Delivered,264.33,21.89,4,UPI,Cloudy,Low
ORD_009465,CUST_01096,REST_0145,2025-01-30 14:08:23,Cancelled,170.11,0.0,2,Debit Card,Clear,Low
ORD_009466,CUST_01425,REST_0052,2025-05-04 18:08:21,Delivered,2033.1,20.82,4,UPI,Clear,Low
ORD_009467,CUST_00637,REST_0032,2025-05-08 13:06:11,Delivered,1077.88,181.21,5,Credit Card,Rain,Medium
ORD_009468,CUST_00513,REST_0113,2025-02-05 17:02:26,Delivered,313.61,43.5,3,Wallet,Clear,Low
ORD_009469,CUST_01030,REST_0100,2025-04-02 09:19:00,Delivered,367.81,113.47,2,Credit Card,Cloudy,Low
ORD_009470,CUST_01212,REST_0142,2025-03-06 13:13:16,Delivered,80.0,1.7,1,Wallet,Cloudy,High
ORD_009471,CUST_00287,REST_0014,2025-05-07 14:16:50,Cancelled,304.21,0.0,3,UPI,Rain,High
ORD_009472,CUST_01271,REST_0097,2025-04-15 12:43:29,Delivered,218.37,25.54,2,UPI,Cloudy,Medium
ORD_009473,CUST_00089,REST_0039,2025-06-25 21:55:10,Delivered,742.09,56.88,3,Credit Card,Clear,Low
ORD_009474,CUST_00010,REST_0129,2025-05-28 11:33:41,Delivered,773.63,131.51,3,UPI,Cloudy,Medium
ORD_009475,CUST_00241,REST_0042,2025-06-18 18:16:11,Delivered,242.03,10.21,5,Credit Card,Clear,High
ORD_009476,CUST_01468,REST_0176,2025-03-09 11:03:33,Delivered,880.65,51.34,4,UPI,Clear,Medium
ORD_009477,CUST_00789,REST_0095,2025-03-18 12:08:42,Delivered,1037.36,212.45,3,Credit Card,Cloudy,High
ORD_009478,CUST_00071,REST_0054,2025-05-28 12:28:16,Delivered,247.1,11.62,1,Debit Card,Cloudy,High
ORD_009479,CUST_01496,REST_0039,2025-03-13 11:24:19,Delivered,534.38,115.48,3,UPI,Clear,Medium
ORD_009480,CUST_01121,REST_0138,2025-02-28 16:12:56,Delivered,609.12,24.85,5,UPI,Rain,Severe
ORD_009481,CUST_01257,REST_0139,2025-03-18 18:29:12,Delivered,80.0,5.43,1,UPI,Rain,Medium
ORD_009482,CUST_00321,REST_0168,2025-06-17 13:50:41,Delivered,655.57,138.03,3,Debit Card,Cloudy,Medium
ORD_009483,CUST_00161,REST_0153,2025-03-17 16:13:41,Delivered,1337.76,8.51,2,Credit Card,Cloudy,Medium
ORD_009484,CUST_00776,REST_0137,2025-05-25 13:54:56,Delivered,1351.8,138.99,2,Wallet,Cloudy,Low
ORD_009485,CUST_01159,REST_0184,2025-04-21 20:25:51,Failed,4199.38,0.0,5,UPI,Cloudy,High
ORD_009486,CUST_00962,REST_0155,2025-06-23 19:39:08,Delivered,231.46,17.46,2,UPI,Rain,High
ORD_009487,CUST_00951,REST_0132,2025-02-20 09:40:54,Delivered,974.72,211.21,5,UPI,Clear,Medium
ORD_009488,CUST_01139,REST_0090,2025-06-05 12:06:13,Delivered,957.12,198.5,2,Debit Card,Clear,Medium
ORD_009489,CUST_00343,REST_0136,2025-02-18 20:39:00,Delivered,1022.36,88.33,3,UPI,Clear,Medium
ORD_009490,CUST_00999,REST_0155,2025-06-05 15:11:29,Delivered,568.67,40.54,5,Debit Card,Clear,Medium
ORD_009491,CUST_00585,REST_0109,2025-02-27 11:39:39,Delivered,450.31,20.31,4,Debit Card,Clear,Low
ORD_009492,CUST_00107,REST_0042,2025-01-18 11:09:35,Delivered,80.0,9.33,1,UPI,Clear,Medium
ORD_009493,CUST_00305,REST_0195,2025-02-17 18:52:48,Delivered,1043.51,117.52,3,Credit Card,Clear,Low
ORD_009494,CUST_01192,REST_0134,2025-05-17 20:58:57,Delivered,321.73,10.4,2,UPI,Clear,High
ORD_009495,CUST_01346,REST_0079,2025-05-21 19:10:56,Delivered,793.39,161.43,3,UPI,Clear,Medium
ORD_009496,CUST_00426,REST_0155,2025-04-20 00:19:48,Delivered,101.6,15.17,1,Credit Card,Cloudy,Medium
ORD_009497,CUST_00285,REST_0124,2025-06-17 19:05:19,Cancelled,170.3,0.0,2,UPI,Cloudy,Severe
ORD_009498,CUST_00042,REST_0179,2025-01-02 12:47:33,Delivered,1764.33,152.32,3,UPI,Cloudy,High
ORD_009499,CUST_01424,REST_0052,2025-02-15 20:59:30,Delivered,2444.56,73.01,4,UPI,Clear,Medium
ORD_009500,CUST_01030,REST_0131,2025-06-07 13:32:40,Delivered,780.61,63.02,3,Credit Card,Clear,Medium
ORD_009501,CUST_01437,REST_0102,2025-04-23 22:22:41,Delivered,359.34,12.17,6,UPI,Heavy Rain,Severe
ORD_009502,CUST_01298,REST_0131,2025-01-13 18:53:18,Delivered,287.21,27.56,1,Debit Card,Rain,Severe
ORD_009503,CUST_00510,REST_0096,2025-06-04 12:06:24,Delivered,307.31,22.89,2,UPI,Rain,Severe
ORD_009504,CUST_00173,REST_0183,2025-06-26 06:06:54,Delivered,358.71,82.86,3,Credit Card,Clear,Low
ORD_009505,CUST_00752,REST_0099,2025-03-25 13:27:48,Delivered,708.85,44.98,3,UPI,Cloudy,Medium
ORD_009506,CUST_00042,REST_0094,2025-03-10 19:30:50,Delivered,169.74,23.28,2,Credit Card,Clear,High
ORD_009507,CUST_00228,REST_0199,2025-02-02 23:09:37,Delivered,112.97,30.74,2,Wallet,Clear,Low
ORD_009508,CUST_00353,REST_0113,2025-06-21 15:53:30,Delivered,340.27,119.62,3,Cash,Rain,High
ORD_009509,CUST_01005,REST_0166,2025-05-17 16:04:50,Delivered,586.03,57.42,5,UPI,Clear,Severe
ORD_009510,CUST_00768,REST_0126,2025-02-23 22:27:42,Delivered,418.39,85.73,2,UPI,Clear,Medium
ORD_009511,CUST_00455,REST_0086,2025-01-12 23:16:07,Delivered,264.41,22.98,2,Wallet,Clear,Low
ORD_009512,CUST_00850,REST_0019,2025-03-01 08:24:00,Delivered,138.6,13.31,2,Debit Card,Cloudy,High
ORD_009513,CUST_00192,REST_0161,2025-02-10 11:04:42,Delivered,1494.41,121.89,4,UPI,Clear,Severe
ORD_009514,CUST_01137,REST_0055,2025-06-24 12:47:18,Delivered,817.88,73.71,4,UPI,Rain,Low
ORD_009515,CUST_01072,REST_0055,2025-01-21 20:39:55,Delivered,637.24,32.63,5,UPI,Rain,Medium
ORD_009516,CUST_00326,REST_0146,2025-05-07 14:23:35,Delivered,560.21,143.69,2,UPI,Clear,Medium
ORD_009517,CUST_00915,REST_0015,2025-01-06 19:39:45,Delivered,449.79,50.46,4,Debit Card,Clear,Medium
ORD_009518,CUST_00758,REST_0199,2025-05-31 20:52:37,Delivered,202.72,6.87,3,Debit Card,Clear,Medium
ORD_009519,CUST_00093,REST_0002,2025-02-04 21:49:46,Delivered,3112.89,337.0,3,UPI,Clear,Medium
ORD_009520,CUST_00419,REST_0045,2025-02-05 14:43:48,Delivered,681.34,136.2,5,UPI,Cloudy,Severe
ORD_009521,CUST_01500,REST_0168,2025-03-31 13:33:00,Delivered,784.0,56.18,2,UPI,Rain,High
ORD_009522,CUST_00152,REST_0149,2025-03-31 17:16:00,Delivered,366.33,10.89,4,Debit Card,Clear,Medium
ORD_009523,CUST_00763,REST_0140,2025-02-07 19:34:58,Delivered,102.42,6.45,1,Cash,Clear,Medium
ORD_009524,CUST_01275,REST_0059,2025-02-23 10:25:12,Delivered,427.58,34.91,4,Credit Card,Clear,High
ORD_009525,CUST_00453,REST_0176,2025-01-19 16:26:57,Delivered,429.58,85.7,2,UPI,Cloudy,High
ORD_009526,CUST_00394,REST_0086,2025-01-13 22:57:18,Delivered,511.36,50.12,3,UPI,Clear,High
ORD_009527,CUST_01338,REST_0012,2025-03-24 23:25:05,Delivered,1836.7,221.3,3,Debit Card,Cloudy,Medium
ORD_009528,CUST_00460,REST_0015,2025-05-21 13:26:40,Cancelled,472.59,0.0,6,Wallet,Clear,Low
ORD_009529,CUST_00984,REST_0142,2025-03-29 14:22:46,Delivered,283.5,14.94,5,UPI,Clear,Medium
ORD_009530,CUST_01114,REST_0115,2025-01-12 12:17:57,Delivered,394.93,29.03,3,UPI,Cloudy,High
ORD_009531,CUST_01184,REST_0124,2025-05-10 11:22:22,Delivered,115.89,21.97,1,UPI,Clear,Low
ORD_009532,CUST_01493,REST_0063,2025-02-23 16:11:54,Delivered,187.65,27.44,2,UPI,Cloudy,Medium
ORD_009533,CUST_01205,REST_0002,2025-02-11 08:19:00,Delivered,2300.28,227.94,3,Credit Card,Clear,Low
ORD_009534,CUST_00992,REST_0065,2025-04-15 21:15:33,Delivered,285.52,38.14,3,UPI,Rain,Medium
ORD_009535,CUST_01345,REST_0071,2025-03-23 11:18:29,Delivered,1543.1,124.18,5,Wallet,Clear,Medium
ORD_009536,CUST_01360,REST_0015,2025-03-09 20:50:54,Delivered,422.8,21.57,4,Wallet,Clear,Low
ORD_009537,CUST_01460,REST_0069,2025-02-06 14:54:38,Delivered,590.37,79.49,4,Wallet,Rain,High
ORD_009538,CUST_01166,REST_0048,2025-06-26 19:34:47,Delivered,227.55,10.65,2,UPI,Cloudy,High
ORD_009539,CUST_00293,REST_0021,2025-04-28 20:32:52,Delivered,1947.35,53.73,4,UPI,Rain,High
ORD_009540,CUST_01068,REST_0128,2025-02-08 18:49:28,Delivered,101.87,10.16,1,UPI,Heavy Rain,Severe
ORD_009541,CUST_00115,REST_0167,2025-01-31 02:14:00,Delivered,283.85,55.99,5,Credit Card,Cloudy,Medium
ORD_009542,CUST_00478,REST_0103,2025-02-25 11:57:26,Delivered,2213.31,215.85,3,UPI,Clear,Medium
ORD_009543,CUST_00178,REST_0196,2025-05-29 21:42:32,Delivered,369.56,27.3,2,UPI,Clear,Low
ORD_009544,CUST_01427,REST_0177,2025-05-10 19:02:13,Delivered,269.08,9.33,4,Debit Card,Cloudy,Low
ORD_009545,CUST_00508,REST_0146,2025-01-05 16:00:55,Failed,1237.61,0.0,4,Credit Card,Cloudy,Severe
ORD_009546,CUST_01074,REST_0063,2025-02-12 21:47:58,Delivered,348.56,32.11,4,UPI,Clear,Severe
ORD_009547,CUST_00860,REST_0013,2025-03-19 13:45:06,Delivered,225.98,63.03,1,Credit Card,Clear,Low
ORD_009548,CUST_00164,REST_0073,2025-06-19 15:46:58,Delivered,723.93,107.28,3,Credit Card,Rain,High
ORD_009549,CUST_00845,REST_0012,2025-03-29 18:46:18,Delivered,2178.6,166.32,4,UPI,Rain,High
ORD_009550,CUST_00998,REST_0029,2025-02-22 19:33:01,Delivered,467.6,44.58,2,UPI,Clear,Low
ORD_009551,CUST_01325,REST_0001,2025-03-06 22:35:34,Cancelled,287.0,0.0,4,Wallet,Cloudy,Medium
ORD_009552,CUST_00108,REST_0156,2025-01-24 13:54:28,Delivered,989.5,103.28,4,Wallet,Cloudy,Medium
ORD_009553,CUST_00446,REST_0157,2025-05-09 22:08:35,Delivered,1071.7,119.52,4,Debit Card,Clear,Low
ORD_009554,CUST_01044,REST_0016,2025-01-15 18:15:37,Delivered,640.57,125.16,4,Wallet,Rain,Severe
ORD_009555,CUST_00053,REST_0154,2025-06-25 21:52:14,Delivered,1782.11,230.54,4,Credit Card,Cloudy,Severe
ORD_009556,CUST_00306,REST_0111,2025-05-11 02:36:47,Delivered,2086.0,426.2,2,UPI,Clear,High
ORD_009557,CUST_00330,REST_0064,2025-05-16 18:34:15,Delivered,2948.61,522.54,4,UPI,Rain,Low
ORD_009558,CUST_01010,REST_0130,2025-03-12 09:07:59,Delivered,282.68,9.11,2,Debit Card,Cloudy,Low
ORD_009559,CUST_00431,REST_0025,2025-01-12 20:45:15,Delivered,309.05,74.22,6,UPI,Clear,Medium
ORD_009560,CUST_00904,REST_0073,2025-04-25 08:34:44,Failed,534.9,0.0,2,UPI,Rain,High
ORD_009561,CUST_01449,REST_0098,2025-03-15 14:29:00,Delivered,1297.51,41.11,4,UPI,Rain,Low
ORD_009562,CUST_01191,REST_0162,2025-05-23 12:58:01,Cancelled,1706.4,0.0,4,Credit Card,Cloudy,Medium
ORD_009563,CUST_00500,REST_0105,2025-05-02 11:15:22,Failed,426.08,0.0,2,Credit Card,Rain,Medium
ORD_009564,CUST_00712,REST_0142,2025-04-05 20:29:02,Delivered,308.94,40.11,4,UPI,Cloudy,Medium
ORD_009565,CUST_00302,REST_0076,2025-04-29 07:15:03,Delivered,128.29,1.56,2,UPI,Clear,High
ORD_009566,CUST_00025,REST_0028,2025-04-20 20:49:49,Delivered,780.94,16.07,6,UPI,Rain,Medium
ORD_009567,CUST_00437,REST_0200,2025-01-28 00:02:25,Delivered,881.62,102.01,2,UPI,Cloudy,Medium
ORD_009568,CUST_00552,REST_0036,2025-06-16 07:53:12,Delivered,2912.57,551.09,4,UPI,Clear,Low
ORD_009569,CUST_00849,REST_0139,2025-04-30 14:15:56,Delivered,241.99,46.4,5,UPI,Clear,Low
ORD_009570,CUST_01418,REST_0108,2025-03-01 09:41:09,Delivered,350.34,35.73,4,UPI,Clear,High
ORD_009571,CUST_01424,REST_0027,2025-01-05 20:29:46,Delivered,733.12,89.94,4,UPI,Heavy Rain,Severe
ORD_009572,CUST_00108,REST_0060,2025-02-10 11:30:35,Delivered,780.6,51.01,3,Debit Card,Cloudy,Low
ORD_009573,CUST_00927,REST_0011,2025-06-20 17:00:08,Delivered,200.82,36.67,2,UPI,Clear,Medium
ORD_009574,CUST_00065,REST_0153,2025-01-12 20:41:08,Delivered,1311.03,346.43,2,Credit Card,Clear,Low
ORD_009575,CUST_00978,REST_0136,2025-06-30 14:56:19,Delivered,1250.03,96.51,5,Cash,Clear,Medium
ORD_009576,CUST_00180,REST_0124,2025-01-16 12:49:03,Delivered,255.69,33.41,3,Debit Card,Cloudy,High
ORD_009577,CUST_01422,REST_0022,2025-04-25 22:59:27,Delivered,311.45,41.07,3,Wallet,Clear,Medium
ORD_009578,CUST_01299,REST_0015,2025-04-19 12:27:00,Delivered,282.16,22.33,3,Wallet,Clear,Low
ORD_009579,CUST_00035,REST_0187,2025-06-11 20:20:26,Delivered,80.0,20.94,1,UPI,Rain,High
ORD_009580,CUST_01174,REST_0089,2025-05-29 12:43:15,Delivered,559.79,82.47,3,Credit Card,Cloudy,Low
ORD_009581,CUST_00959,REST_0139,2025-04-20 11:16:04,Delivered,118.62,9.75,3,Debit Card,Clear,High
ORD_009582,CUST_00747,REST_0116,2025-03-27 13:04:00,Delivered,238.87,24.82,3,UPI,Rain,High
ORD_009583,CUST_00909,REST_0162,2025-04-15 15:06:35,Delivered,1002.17,99.88,2,UPI,Clear,Medium
ORD_009584,CUST_01023,REST_0145,2025-02-24 11:26:37,Delivered,298.79,33.65,3,UPI,Clear,Medium
ORD_009585,CUST_01329,REST_0049,2025-04-22 20:23:44,Delivered,523.55,28.29,2,UPI,Cloudy,High
ORD_009586,CUST_01153,REST_0068,2025-04-18 13:53:26,Delivered,632.03,62.72,2,Debit Card,Clear,Medium
ORD_009587,CUST_00867,REST_0113,2025-02-03 02:00:09,Delivered,205.22,29.56,2,Credit Card,Rain,High
ORD_009588,CUST_01237,REST_0077,2025-04-04 11:41:29,Delivered,234.11,10.53,3,Debit Card,Clear,Medium
ORD_009589,CUST_01479,REST_0194,2025-01-28 22:42:40,Delivered,80.0,6.7,1,UPI,Clear,Low
ORD_009590,CUST_00452,REST_0106,2025-03-24 20:30:33,Delivered,843.69,223.81,4,UPI,Clear,Medium
ORD_009591,CUST_00182,REST_0020,2025-02-10 17:57:41,Delivered,260.24,30.04,3,Credit Card,Clear,Medium
ORD_009592,CUST_01101,REST_0109,2025-02-13 14:51:10,Delivered,751.27,35.86,5,Cash,Clear,Medium
ORD_009593,CUST_01468,REST_0151,2025-02-05 10:31:22,Delivered,143.19,1.32,2,UPI,Clear,Medium
ORD_009594,CUST_00179,REST_0093,2025-04-14 11:38:02,Delivered,167.44,7.47,2,UPI,Clear,Severe
ORD_009595,CUST_00649,REST_0118,2025-04-02 18:18:45,Delivered,820.57,52.55,3,UPI,Clear,High
ORD_009596,CUST_00095,REST_0137,2025-06-06 18:55:17,Delivered,1932.21,473.71,3,Wallet,Clear,Severe
ORD_009597,CUST_01166,REST_0011,2025-06-22 19:23:37,Delivered,218.76,29.26,2,UPI,Clear,High
ORD_009598,CUST_01425,REST_0009,2025-05-06 10:59:40,Delivered,4021.85,423.0,5,UPI,Clear,Low
ORD_009599,CUST_00752,REST_0198,2025-05-06 11:12:34,Delivered,730.42,150.82,4,UPI,Clear,Low
ORD_009600,CUST_00614,REST_0181,2025-03-24 11:32:08,Delivered,205.82,23.97,5,UPI,Clear,Low
ORD_009601,CUST_01363,REST_0049,2025-01-03 06:17:01,Delivered,1628.98,116.41,5,Credit Card,Rain,Severe
ORD_009602,CUST_00203,REST_0163,2025-06-20 21:19:26,Cancelled,619.09,0.0,3,Wallet,Rain,High
ORD_009603,CUST_01339,REST_0020,2025-04-10 14:18:15,Delivered,332.33,76.61,5,Debit Card,Clear,Medium
ORD_009604,CUST_00585,REST_0165,2025-01-26 20:17:27,Delivered,369.2,6.05,7,UPI,Rain,High
ORD_009605,CUST_00842,REST_0016,2025-04-21 20:40:20,Delivered,903.95,74.97,5,UPI,Clear,Severe
ORD_009606,CUST_00796,REST_0004,2025-05-29 19:29:48,Delivered,1265.22,306.73,4,UPI,Clear,Low
ORD_009607,CUST_00929,REST_0080,2025-03-02 22:54:00,Delivered,80.0,1.92,1,UPI,Heavy Rain,Medium
ORD_009608,CUST_01415,REST_0024,2025-04-04 10:23:09,Delivered,540.12,127.72,3,Credit Card,Clear,Medium
ORD_009609,CUST_01428,REST_0168,2025-01-01 19:51:34,Delivered,660.66,249.39,2,UPI,Clear,Low
ORD_009610,CUST_01246,REST_0021,2025-05-24 12:44:36,Delivered,1129.22,27.38,2,Wallet,Cloudy,High
ORD_009611,CUST_00287,REST_0018,2025-04-29 14:48:24,Delivered,842.74,84.88,4,UPI,Clear,Medium
ORD_009612,CUST_00500,REST_0166,2025-03-08 19:31:47,Delivered,347.66,19.12,3,UPI,Cloudy,Medium
ORD_009613,CUST_00735,REST_0032,2025-05-10 16:18:19,Delivered,1762.5,211.68,6,UPI,Clear,High
ORD_009614,CUST_01360,REST_0012,2025-03-27 13:17:26,Delivered,1218.04,169.83,3,UPI,Clear,Medium
ORD_009615,CUST_00785,REST_0038,2025-06-08 19:54:44,Delivered,194.92,14.81,1,UPI,Clear,Low
ORD_009616,CUST_01466,REST_0173,2025-05-29 20:08:30,Delivered,472.76,64.41,1,UPI,Cloudy,High
ORD_009617,CUST_01475,REST_0009,2025-05-17 19:32:00,Delivered,2093.52,73.95,4,Credit Card,Cloudy,Medium
ORD_009618,CUST_00903,REST_0146,2025-01-03 22:29:15,Cancelled,942.17,0.0,4,UPI,Cloudy,Medium
ORD_009619,CUST_01318,REST_0056,2025-06-27 19:26:28,Delivered,190.19,20.51,2,Wallet,Clear,Medium
ORD_009620,CUST_01500,REST_0111,2025-05-07 12:13:04,Delivered,3567.99,894.36,4,UPI,Clear,Medium
ORD_009621,CUST_01276,REST_0123,2025-04-17 14:05:23,Delivered,457.78,24.98,3,Debit Card,Rain,High
ORD_009622,CUST_00992,REST_0033,2025-02-09 21:41:48,Delivered,788.69,17.6,3,UPI,Clear,Low
ORD_009623,CUST_01269,REST_0142,2025-03-08 12:21:44,Delivered,189.14,16.51,3,UPI,Cloudy,Medium
ORD_009624,CUST_00126,REST_0109,2025-03-13 07:29:51,Delivered,707.83,44.03,4,UPI,Clear,Low
ORD_009625,CUST_00957,REST_0128,2025-05-16 13:37:35,Delivered,277.67,22.34,2,Debit Card,Rain,Severe
ORD_009626,CUST_00326,REST_0019,2025-05-14 13:09:30,Delivered,352.31,37.2,6,UPI,Clear,Low
ORD_009627,CUST_00178,REST_0075,2025-05-19 18:10:39,Delivered,542.07,157.88,2,UPI,Clear,Low
ORD_009628,CUST_01341,REST_0164,2025-06-09 20:25:21,Delivered,1268.9,118.02,6,UPI,Cloudy,Medium
ORD_009629,CUST_00965,REST_0089,2025-03-06 15:51:38,Delivered,307.89,19.57,2,Credit Card,Cloudy,Low
ORD_009630,CUST_00368,REST_0148,2025-06-02 11:28:36,Delivered,2917.41,54.93,4,UPI,Rain,High
ORD_009631,CUST_00577,REST_0029,2025-02-01 20:59:58,Delivered,234.3,30.55,2,Cash,Cloudy,Low
ORD_009632,CUST_01460,REST_0056,2025-03-23 22:02:11,Delivered,231.95,17.96,2,UPI,Rain,High
ORD_009633,CUST_01296,REST_0164,2025-02-20 17:52:00,Delivered,523.24,38.58,3,Debit Card,Rain,High
ORD_009634,CUST_00025,REST_0080,2025-05-06 10:07:41,Cancelled,182.82,0.0,3,Wallet,Rain,Medium
ORD_009635,CUST_01469,REST_0181,2025-04-09 20:50:00,Delivered,324.09,10.64,5,UPI,Cloudy,Low
ORD_009636,CUST_00550,REST_0136,2025-06-15 14:54:32,Delivered,1647.15,80.54,5,UPI,Rain,Medium
ORD_009637,CUST_01048,REST_0027,2025-05-18 20:02:58,Delivered,466.46,166.24,2,Credit Card,Clear,Medium
ORD_009638,CUST_01074,REST_0015,2025-01-26 09:50:00,Delivered,218.11,21.56,3,UPI,Heavy Rain,High
ORD_009639,CUST_01368,REST_0126,2025-06-18 19:02:19,Delivered,266.97,40.62,2,UPI,Clear,Medium
ORD_009640,CUST_01330,REST_0010,2025-02-20 01:50:48,Delivered,544.29,46.26,6,UPI,Clear,Medium
ORD_009641,CUST_00424,REST_0127,2025-03-13 20:07:58,Delivered,1058.99,94.58,4,Credit Card,Clear,Medium
ORD_009642,CUST_00971,REST_0004,2025-05-16 16:47:09,Delivered,1476.55,203.93,5,UPI,Heavy Rain,Medium
ORD_009643,CUST_00588,REST_0082,2025-03-13 11:56:07,Delivered,450.94,2.29,3,UPI,Cloudy,Severe
ORD_009644,CUST_00792,REST_0047,2025-04-01 18:04:00,Delivered,835.09,122.71,4,UPI,Clear,Medium
ORD_009645,CUST_00835,REST_0003,2025-01-05 18:46:42,Delivered,1003.2,84.64,6,Cash,Cloudy,Low
ORD_009646,CUST_00592,REST_0055,2025-05-23 20:44:18,Delivered,632.33,89.95,5,Wallet,Rain,Medium
ORD_009647,CUST_00699,REST_0177,2025-02-13 20:11:22,Delivered,85.37,11.68,1,Debit Card,Clear,Low
ORD_009648,CUST_00314,REST_0176,2025-02-19 17:35:10,Delivered,2308.62,569.01,8,Wallet,Clear,Medium
ORD_009649,CUST_00917,REST_0037,2025-03-27 12:55:56,Delivered,182.03,16.81,2,UPI,Cloudy,Medium
ORD_009650,CUST_01141,REST_0093,2025-03-10 21:56:09,Delivered,330.0,52.35,3,UPI,Cloudy,High
ORD_009651,CUST_00646,REST_0187,2025-02-11 22:21:37,Delivered,253.68,29.12,4,Debit Card,Clear,Medium
ORD_009652,CUST_01467,REST_0028,2025-06-15 18:49:57,Delivered,829.29,7.76,3,Credit Card,Clear,High
ORD_009653,CUST_00088,REST_0100,2025-06-13 10:06:31,Delivered,1169.84,210.36,5,Wallet,Clear,Medium
ORD_009654,CUST_00888,REST_0059,2025-03-23 18:01:06,Delivered,570.2,125.53,4,UPI,Clear,Medium
ORD_009655,CUST_00879,REST_0179,2025-02-12 10:19:06,Delivered,4646.41,527.88,6,Debit Card,Clear,Medium
ORD_009656,CUST_00055,REST_0013,2025-02-21 14:33:45,Delivered,292.2,26.86,2,UPI,Cloudy,Low
ORD_009657,CUST_00339,REST_0042,2025-04-13 14:49:39,Delivered,100.29,8.91,3,Debit Card,Clear,Low
ORD_009658,CUST_01360,REST_0139,2025-03-21 20:40:31,Cancelled,80.0,0.0,2,UPI,Rain,High
ORD_009659,CUST_00818,REST_0087,2025-06-15 13:29:40,Delivered,1203.13,44.96,5,Credit Card,Cloudy,High
ORD_009660,CUST_00656,REST_0071,2025-04-13 11:55:52,Delivered,1019.44,92.77,6,Credit Card,Clear,Low
ORD_009661,CUST_00623,REST_0059,2025-05-15 18:16:51,Delivered,643.47,79.05,4,Debit Card,Clear,Severe
ORD_009662,CUST_01334,REST_0189,2025-05-29 12:22:04,Delivered,468.68,50.19,4,UPI,Clear,Low
ORD_009663,CUST_00548,REST_0098,2025-02-23 10:04:00,Delivered,548.2,55.83,2,Credit Card,Cloudy,Medium
ORD_009664,CUST_01291,REST_0111,2025-01-01 21:59:06,Delivered,3553.92,499.88,5,Debit Card,Cloudy,Severe
ORD_009665,CUST_00466,REST_0146,2025-04-01 22:07:13,Delivered,704.66,65.07,3,UPI,Cloudy,High
ORD_009666,CUST_00800,REST_0019,2025-04-29 22:06:32,Delivered,313.63,10.18,6,UPI,Cloudy,Low
ORD_009667,CUST_00219,REST_0137,2025-06-18 18:56:58,Delivered,3841.79,863.52,5,UPI,Clear,Low
ORD_009668,CUST_01238,REST_0174,2025-01-20 21:13:53,Delivered,225.57,8.13,2,UPI,Clear,Low
ORD_009669,CUST_01107,REST_0165,2025-05-23 22:34:26,Delivered,130.27,23.71,2,Cash,Cloudy,Medium
ORD_009670,CUST_00798,REST_0058,2025-05-05 14:54:27,Cancelled,360.27,0.0,4,Credit Card,Clear,Medium
ORD_009671,CUST_00040,REST_0173,2025-04-08 13:59:48,Delivered,1103.07,201.41,3,Credit Card,Rain,High
ORD_009672,CUST_00725,REST_0111,2025-05-11 21:29:38,Delivered,2292.24,733.36,3,UPI,Clear,Low
ORD_009673,CUST_00340,REST_0198,2025-06-09 09:10:35,Delivered,863.7,135.84,5,UPI,Clear,Medium
ORD_009674,CUST_00619,REST_0015,2025-02-01 20:53:26,Delivered,216.25,11.8,2,Wallet,Rain,Medium
ORD_009675,CUST_01286,REST_0196,2025-04-22 09:24:27,Delivered,610.41,57.6,3,Debit Card,Rain,High
ORD_009676,CUST_01156,REST_0024,2025-05-26 22:01:33,Delivered,980.89,192.37,3,UPI,Clear,Medium
ORD_009677,CUST_00366,REST_0106,2025-04-21 08:02:00,Delivered,774.83,118.81,5,UPI,Cloudy,Low
ORD_009678,CUST_01477,REST_0060,2025-02-17 18:18:18,Delivered,1493.93,78.0,5,Wallet,Rain,Medium
ORD_009679,CUST_01356,REST_0006,2025-06-29 14:40:28,Cancelled,284.87,0.0,3,UPI,Rain,Medium
ORD_009680,CUST_00797,REST_0020,2025-04-07 15:37:00,Delivered,409.83,37.95,4,UPI,Cloudy,Low
ORD_009681,CUST_00798,REST_0062,2025-06-27 22:32:35,Delivered,2323.89,126.64,4,UPI,Clear,Medium
ORD_009682,CUST_01354,REST_0058,2025-03-23 08:19:50,Delivered,369.03,44.41,3,UPI,Clear,Medium
ORD_009683,CUST_00960,REST_0162,2025-06-23 18:06:40,Delivered,527.01,58.67,1,UPI,Cloudy,Medium
ORD_009684,CUST_00807,REST_0012,2025-02-26 16:46:10,Delivered,1760.81,159.76,3,UPI,Clear,Low
ORD_009685,CUST_01126,REST_0166,2025-02-07 11:03:48,Delivered,280.62,10.31,4,UPI,Rain,Medium
ORD_009686,CUST_00356,REST_0168,2025-06-15 21:25:24,Delivered,358.42,1.73,1,Debit Card,Cloudy,Medium
ORD_009687,CUST_01320,REST_0083,2025-01-14 22:27:07,Delivered,1859.4,173.01,4,Wallet,Heavy Rain,High
ORD_009688,CUST_00800,REST_0035,2025-06-19 11:34:58,Delivered,1689.37,263.58,7,UPI,Clear,Low
ORD_009689,CUST_00910,REST_0141,2025-01-31 20:58:45,Delivered,426.31,33.82,4,UPI,Clear,High
ORD_009690,CUST_00138,REST_0148,2025-05-25 22:25:40,Delivered,2376.02,342.51,3,Debit Card,Clear,Low
ORD_009691,CUST_00466,REST_0044,2025-04-02 20:21:57,Delivered,273.3,25.37,3,UPI,Clear,High
ORD_009692,CUST_00641,REST_0115,2025-06-18 19:35:01,Delivered,314.64,7.07,2,UPI,Cloudy,Medium
ORD_009693,CUST_00620,REST_0129,2025-03-03 10:16:00,Delivered,211.65,9.18,1,Credit Card,Rain,High
ORD_009694,CUST_01169,REST_0170,2025-05-16 13:14:29,Delivered,191.38,9.91,1,UPI,Clear,High
ORD_009695,CUST_00425,REST_0069,2025-02-16 20:56:21,Delivered,763.38,13.64,4,Credit Card,Clear,Low
ORD_009696,CUST_00273,REST_0134,2025-06-02 12:38:55,Delivered,1499.81,175.35,4,UPI,Cloudy,Low
ORD_009697,CUST_00878,REST_0104,2025-04-24 19:13:06,Delivered,706.01,70.84,5,UPI,Cloudy,Low
ORD_009698,CUST_00928,REST_0120,2025-04-05 21:53:58,Delivered,342.29,39.89,3,UPI,Cloudy,Severe
ORD_009699,CUST_00186,REST_0116,2025-03-24 14:53:46,Delivered,387.26,10.71,4,UPI,Rain,Medium
ORD_009700,CUST_00004,REST_0023,2025-01-19 21:42:12,Delivered,538.08,44.94,3,UPI,Clear,Low
ORD_009701,CUST_01377,REST_0101,2025-06-13 22:55:20,Delivered,827.31,80.17,4,UPI,Rain,High
ORD_009702,CUST_00122,REST_0118,2025-02-03 19:17:42,Cancelled,779.12,0.0,3,UPI,Clear,Severe
ORD_009703,CUST_01349,REST_0101,2025-02-03 13:23:00,Delivered,561.07,9.68,2,Wallet,Cloudy,Severe
ORD_009704,CUST_00597,REST_0134,2025-05-10 07:37:14,Delivered,633.62,177.22,3,UPI,Cloudy,Medium
ORD_009705,CUST_00986,REST_0146,2025-03-16 20:03:18,Delivered,586.0,87.13,3,Wallet,Clear,Low
ORD_009706,CUST_00278,REST_0166,2025-01-14 17:07:12,Delivered,291.82,16.65,3,Credit Card,Cloudy,Medium
ORD_009707,CUST_01237,REST_0077,2025-04-03 19:15:49,Delivered,589.46,163.26,7,Wallet,Clear,Medium
ORD_009708,CUST_00271,REST_0113,2025-03-28 15:23:30,Delivered,175.35,22.65,2,UPI,Clear,Medium
ORD_009709,CUST_00577,REST_0194,2025-06-15 22:55:00,Delivered,116.92,12.49,2,Debit Card,Clear,Severe
ORD_009710,CUST_00360,REST_0192,2025-03-31 18:16:36,Delivered,753.81,343.77,4,UPI,Clear,Low
ORD_009711,CUST_01256,REST_0031,2025-01-27 13:40:24,Delivered,1260.7,101.38,8,UPI,Rain,High
ORD_009712,CUST_01290,REST_0186,2025-04-12 21:48:57,Delivered,282.43,16.63,4,UPI,Clear,Medium
ORD_009713,CUST_00555,REST_0161,2025-05-04 14:52:20,Delivered,941.86,107.15,2,UPI,Cloudy,Medium
ORD_009714,CUST_00463,REST_0042,2025-04-22 12:16:00,Delivered,80.0,5.91,2,Cash,Rain,High
ORD_009715,CUST_01161,REST_0162,2025-06-06 10:17:24,Delivered,2397.88,283.72,4,UPI,Rain,High
ORD_009716,CUST_01320,REST_0158,2025-06-11 18:00:27,Delivered,170.72,8.34,4,UPI,Rain,High
ORD_009717,CUST_00942,REST_0175,2025-02-08 19:35:00,Delivered,874.87,52.84,4,UPI,Rain,Medium
ORD_009718,CUST_01392,REST_0062,2025-01-21 22:19:40,Delivered,1141.85,140.57,2,Cash,Clear,Low
ORD_009719,CUST_00572,REST_0043,2025-06-30 12:30:35,Delivered,501.76,56.62,2,Credit Card,Clear,Low
ORD_009720,CUST_00231,REST_0066,2025-06-02 22:16:14,Delivered,1023.82,50.63,5,UPI,Clear,Low
ORD_009721,CUST_00270,REST_0016,2025-05-28 12:28:35,Delivered,417.16,117.19,3,UPI,Cloudy,High
ORD_009722,CUST_01011,REST_0151,2025-02-19 07:27:07,Delivered,213.92,12.04,4,UPI,Clear,High
ORD_009723,CUST_00611,REST_0016,2025-06-10 18:58:28,Delivered,958.99,96.88,6,Wallet,Clear,Low
ORD_009724,CUST_00238,REST_0133,2025-05-30 14:22:02,Delivered,505.45,30.29,2,UPI,Clear,Low
ORD_009725,CUST_00441,REST_0042,2025-01-06 11:11:04,Delivered,153.22,23.01,4,UPI,Clear,Medium
ORD_009726,CUST_00799,REST_0074,2025-03-24 22:29:00,Delivered,2177.09,104.25,3,Wallet,Cloudy,Medium
ORD_009727,CUST_00186,REST_0168,2025-02-26 05:18:55,Delivered,1278.08,71.88,4,Debit Card,Clear,Medium
ORD_009728,CUST_00005,REST_0032,2025-06-05 07:22:06,Delivered,618.66,50.13,3,UPI,Rain,Medium
ORD_009729,CUST_01376,REST_0129,2025-02-07 12:56:20,Delivered,913.11,45.32,4,UPI,Clear,Low
ORD_009730,CUST_00460,REST_0063,2025-02-06 07:26:51,Cancelled,238.7,0.0,3,Debit Card,Cloudy,Medium
ORD_009731,CUST_00334,REST_0116,2025-04-16 14:15:49,Delivered,372.84,61.53,4,UPI,Clear,Low
ORD_009732,CUST_01052,REST_0107,2025-02-28 11:56:00,Delivered,100.48,26.35,2,UPI,Cloudy,Medium
ORD_009733,CUST_01281,REST_0152,2025-04-27 09:18:32,Delivered,227.0,46.58,2,UPI,Clear,Medium
ORD_009734,CUST_00953,REST_0044,2025-05-16 12:35:47,Delivered,261.37,27.31,2,UPI,Rain,High
ORD_009735,CUST_00385,REST_0074,2025-03-01 18:37:26,Delivered,1127.74,397.18,2,UPI,Clear,Medium
ORD_009736,CUST_01295,REST_0154,2025-06-16 20:41:50,Delivered,1985.53,420.16,3,UPI,Cloudy,Low
ORD_009737,CUST_00769,REST_0055,2025-03-29 11:21:22,Failed,632.37,0.0,4,Credit Card,Cloudy,Medium
ORD_009738,CUST_00569,REST_0143,2025-02-10 09:31:50,Delivered,560.96,62.05,2,UPI,Clear,High
ORD_009739,CUST_00912,REST_0102,2025-04-19 10:12:00,Cancelled,472.32,0.0,5,UPI,Cloudy,Low
ORD_009740,CUST_01055,REST_0072,2025-05-02 22:21:48,Delivered,148.97,36.02,1,UPI,Clear,Medium
ORD_009741,CUST_00895,REST_0098,2025-01-18 22:01:29,Delivered,879.52,139.0,3,Wallet,Clear,Low
ORD_009742,CUST_01381,REST_0044,2025-03-30 19:16:46,Delivered,341.42,100.65,4,Cash,Cloudy,Medium
ORD_009743,CUST_00948,REST_0116,2025-01-16 21:02:41,Delivered,193.07,17.15,2,UPI,Cloudy,Severe
ORD_009744,CUST_01320,REST_0085,2025-03-04 13:01:42,Delivered,281.8,54.48,2,Credit Card,Clear,Medium
ORD_009745,CUST_00885,REST_0169,2025-04-14 12:51:23,Delivered,145.26,23.16,1,Debit Card,Cloudy,Medium
ORD_009746,CUST_00495,REST_0137,2025-01-28 18:24:36,Delivered,614.89,3.49,1,UPI,Rain,Medium
ORD_009747,CUST_00801,REST_0143,2025-05-14 21:30:33,Delivered,1361.16,35.43,4,Wallet,Clear,High
ORD_009748,CUST_00132,REST_0154,2025-06-05 12:52:15,Delivered,1633.55,113.56,3,UPI,Clear,Low
ORD_009749,CUST_00348,REST_0184,2025-06-03 16:30:26,Delivered,1923.2,144.82,2,Cash,Clear,Low
ORD_009750,CUST_01151,REST_0126,2025-04-22 22:08:25,Delivered,1079.06,257.9,6,Debit Card,Clear,Medium
ORD_009751,CUST_00999,REST_0142,2025-01-06 13:48:09,Delivered,377.95,58.72,5,UPI,Clear,Medium
ORD_009752,CUST_00251,REST_0176,2025-02-12 20:30:47,Delivered,770.37,62.82,5,UPI,Rain,High
ORD_009753,CUST_00659,REST_0036,2025-04-11 22:09:27,Delivered,1798.75,63.65,3,Debit Card,Clear,High
ORD_009754,CUST_00216,REST_0159,2025-02-22 09:05:41,Delivered,204.78,9.63,3,Credit Card,Clear,Medium
ORD_009755,CUST_01285,REST_0086,2025-05-19 06:04:33,Delivered,361.84,3.75,2,UPI,Cloudy,High
ORD_009756,CUST_00167,REST_0128,2025-04-06 18:23:12,Delivered,585.98,35.7,4,UPI,Clear,Low
ORD_009757,CUST_00988,REST_0134,2025-02-24 19:33:50,Delivered,860.9,130.95,4,Credit Card,Clear,Low
ORD_009758,CUST_00916,REST_0143,2025-01-25 12:49:45,Delivered,729.52,63.61,5,Credit Card,Cloudy,Severe
ORD_009759,CUST_00713,REST_0024,2025-06-21 07:47:16,Delivered,964.58,128.51,4,UPI,Clear,High
ORD_009760,CUST_00419,REST_0164,2025-01-14 23:37:57,Delivered,831.18,59.91,3,UPI,Clear,Medium
ORD_009761,CUST_00605,REST_0150,2025-06-07 11:53:56,Failed,684.59,0.0,5,UPI,Clear,Low
ORD_009762,CUST_01210,REST_0074,2025-03-08 11:59:00,Delivered,2238.21,723.48,4,UPI,Clear,Low
ORD_009763,CUST_01145,REST_0188,2025-04-25 08:48:19,Failed,299.7,0.0,5,UPI,Cloudy,Medium
ORD_009764,CUST_01111,REST_0059,2025-02-25 22:21:53,Delivered,339.43,32.8,2,UPI,Cloudy,Low
ORD_009765,CUST_01127,REST_0178,2025-06-12 20:43:23,Delivered,4992.81,116.98,6,UPI,Clear,Medium
ORD_009766,CUST_00219,REST_0090,2025-01-15 13:30:04,Delivered,1562.56,121.78,3,UPI,Cloudy,Low
ORD_009767,CUST_00151,REST_0001,2025-01-17 22:02:18,Delivered,140.52,7.75,2,Debit Card,Clear,Low
ORD_009768,CUST_01295,REST_0063,2025-04-12 16:31:36,Delivered,341.73,93.24,3,UPI,Cloudy,Medium
ORD_009769,CUST_01256,REST_0151,2025-05-29 07:53:10,Delivered,178.91,17.08,4,Cash,Clear,Medium
ORD_009770,CUST_01026,REST_0192,2025-06-07 19:48:42,Delivered,539.32,150.63,3,UPI,Clear,Medium
ORD_009771,CUST_00914,REST_0096,2025-02-05 11:56:41,Delivered,397.82,32.37,2,Debit Card,Cloudy,Medium
ORD_009772,CUST_00548,REST_0147,2025-04-30 22:42:17,Delivered,534.27,88.49,5,Credit Card,Cloudy,High
ORD_009773,CUST_00338,REST_0076,2025-04-08 22:21:23,Cancelled,155.63,0.0,3,UPI,Clear,Low
ORD_009774,CUST_01008,REST_0132,2025-05-20 22:20:15,Delivered,634.5,103.37,4,Wallet,Clear,Medium
ORD_009775,CUST_01370,REST_0028,2025-06-13 12:52:27,Delivered,758.31,45.7,4,UPI,Clear,High
ORD_009776,CUST_00657,REST_0062,2025-01-24 21:12:13,Delivered,1196.6,188.02,3,UPI,Clear,Low
ORD_009777,CUST_00457,REST_0188,2025-04-05 21:39:50,Delivered,148.18,7.71,3,UPI,Cloudy,High
ORD_009778,CUST_00408,REST_0113,2025-03-22 19:12:53,Delivered,84.08,13.37,1,UPI,Clear,Low
ORD_009779,CUST_00037,REST_0069,2025-06-24 09:58:39,Delivered,1118.69,206.29,5,UPI,Rain,Medium
ORD_009780,CUST_00784,REST_0040,2025-06-09 13:11:42,Delivered,2466.51,292.14,3,Credit Card,Rain,High
ORD_009781,CUST_01481,REST_0018,2025-02-21 09:33:05,Delivered,1025.03,58.5,4,UPI,Clear,Low
ORD_009782,CUST_01224,REST_0058,2025-02-17 22:46:38,Delivered,172.45,31.98,1,UPI,Clear,Medium
ORD_009783,CUST_01348,REST_0151,2025-01-07 21:33:52,Delivered,80.0,25.59,2,Credit Card,Clear,Low
ORD_009784,CUST_00937,REST_0177,2025-01-01 21:27:04,Delivered,520.87,86.8,6,Debit Card,Clear,Medium
ORD_009785,CUST_00725,REST_0113,2025-04-13 20:52:58,Delivered,254.74,23.01,2,Wallet,Clear,High
ORD_009786,CUST_01485,REST_0179,2025-04-12 14:23:48,Delivered,3051.7,378.75,3,UPI,Clear,Medium
ORD_009787,CUST_00673,REST_0102,2025-02-28 18:45:57,Delivered,274.82,32.48,4,Cash,Heavy Rain,High
ORD_009788,CUST_01376,REST_0043,2025-01-23 17:46:10,Delivered,1145.74,173.3,4,UPI,Cloudy,Low
ORD_009789,CUST_01146,REST_0113,2025-05-21 23:00:56,Delivered,788.47,24.82,5,UPI,Clear,High
ORD_009790,CUST_00497,REST_0193,2025-03-07 12:45:29,Delivered,119.28,16.39,3,UPI,Clear,Low
ORD_009791,CUST_00758,REST_0025,2025-01-07 19:47:29,Delivered,213.75,22.72,5,UPI,Cloudy,Severe
ORD_009792,CUST_00574,REST_0039,2025-02-12 19:35:09,Delivered,360.67,111.21,2,UPI,Cloudy,Medium
ORD_009793,CUST_00207,REST_0139,2025-05-09 12:25:42,Delivered,161.17,10.3,3,Debit Card,Clear,Medium
ORD_009794,CUST_00533,REST_0002,2025-04-17 22:29:00,Delivered,2948.66,303.71,3,UPI,Cloudy,Medium
ORD_009795,CUST_01335,REST_0102,2025-03-04 08:54:56,Delivered,261.78,89.23,4,Credit Card,Cloudy,Medium
ORD_009796,CUST_01132,REST_0074,2025-04-27 13:24:49,Delivered,1276.9,425.12,3,Credit Card,Cloudy,Medium
ORD_009797,CUST_00418,REST_0117,2025-04-27 21:50:36,Delivered,1122.32,88.41,5,UPI,Clear,Medium
ORD_009798,CUST_00550,REST_0149,2025-06-23 15:26:18,Delivered,240.67,21.1,2,UPI,Rain,High
ORD_009799,CUST_00930,REST_0139,2025-03-24 20:53:20,Delivered,135.57,36.59,4,Debit Card,Rain,High
ORD_009800,CUST_00624,REST_0135,2025-04-05 13:50:35,Delivered,254.16,45.49,2,Debit Card,Clear,Low
ORD_009801,CUST_00758,REST_0144,2025-05-07 16:29:30,Delivered,290.91,121.62,6,UPI,Cloudy,Medium
ORD_009802,CUST_01052,REST_0088,2025-03-30 22:56:52,Delivered,107.8,29.86,2,UPI,Clear,Medium
ORD_009803,CUST_00704,REST_0070,2025-03-02 18:55:08,Delivered,301.97,51.28,3,Debit Card,Cloudy,High
ORD_009804,CUST_00286,REST_0145,2025-01-25 10:46:40,Cancelled,89.34,0.0,1,Debit Card,Clear,Medium
ORD_009805,CUST_00785,REST_0126,2025-06-28 18:06:26,Cancelled,269.84,0.0,3,Credit Card,Heavy Rain,Severe
ORD_009806,CUST_00532,REST_0104,2025-06-25 20:42:05,Delivered,505.63,21.96,2,UPI,Rain,Low
ORD_009807,CUST_00438,REST_0063,2025-06-12 12:05:48,Delivered,632.55,14.84,6,UPI,Clear,Low
ORD_009808,CUST_00492,REST_0144,2025-01-18 07:15:55,Delivered,229.17,12.23,4,UPI,Clear,Medium
ORD_009809,CUST_00660,REST_0117,2025-03-22 14:52:15,Failed,1117.46,0.0,3,Debit Card,Clear,Low
ORD_009810,CUST_01332,REST_0022,2025-05-25 13:56:20,Delivered,184.75,34.38,2,UPI,Clear,Medium
ORD_009811,CUST_01104,REST_0045,2025-06-18 12:40:52,Delivered,276.4,11.78,2,UPI,Clear,High
ORD_009812,CUST_01008,REST_0157,2025-03-15 22:52:32,Delivered,1029.31,64.83,5,Debit Card,Clear,Low
ORD_009813,CUST_00710,REST_0169,2025-04-13 21:37:37,Delivered,409.66,69.97,3,UPI,Cloudy,High
ORD_009814,CUST_00003,REST_0175,2025-04-02 11:00:09,Delivered,737.22,13.21,3,Credit Card,Cloudy,Medium
ORD_009815,CUST_00510,REST_0074,2025-02-28 12:47:32,Delivered,3428.1,408.48,5,UPI,Clear,Medium
ORD_009816,CUST_01221,REST_0161,2025-01-16 19:15:20,Delivered,1546.84,159.52,3,UPI,Cloudy,Medium
ORD_009817,CUST_00579,REST_0102,2025-02-27 22:49:06,Delivered,377.64,36.25,5,UPI,Cloudy,Medium
ORD_009818,CUST_00848,REST_0142,2025-05-01 19:29:13,Delivered,123.92,20.1,2,UPI,Rain,High
ORD_009819,CUST_00308,REST_0187,2025-06-26 09:32:23,Delivered,169.32,13.09,3,Credit Card,Clear,Medium
ORD_009820,CUST_01374,REST_0007,2025-02-19 13:15:00,Delivered,1592.64,183.74,2,UPI,Cloudy,High
ORD_009821,CUST_01385,REST_0024,2025-03-05 14:32:01,Cancelled,246.18,0.0,1,UPI,Rain,High
ORD_009822,CUST_00222,REST_0193,2025-06-16 22:11:16,Delivered,216.92,29.28,3,Wallet,Clear,Medium
ORD_009823,CUST_01090,REST_0073,2025-03-19 09:55:43,Delivered,957.2,53.52,4,Credit Card,Clear,Medium
ORD_009824,CUST_00116,REST_0142,2025-02-09 22:59:05,Delivered,254.01,30.68,4,UPI,Clear,Low
ORD_009825,CUST_00903,REST_0019,2025-01-31 18:57:42,Delivered,80.0,7.62,1,Credit Card,Cloudy,High
ORD_009826,CUST_00268,REST_0127,2025-04-19 12:37:07,Delivered,1638.12,332.55,5,Debit Card,Rain,High
ORD_009827,CUST_00221,REST_0109,2025-02-03 20:29:17,Delivered,685.4,253.46,4,Credit Card,Clear,Medium
ORD_009828,CUST_00007,REST_0189,2025-02-22 18:44:56,Delivered,462.65,117.15,5,UPI,Clear,Low
ORD_009829,CUST_01413,REST_0141,2025-05-28 18:13:26,Delivered,703.39,53.39,6,Debit Card,Clear,Low
ORD_009830,CUST_01244,REST_0166,2025-06-24 20:05:40,Delivered,235.01,12.49,2,UPI,Clear,Medium
ORD_009831,CUST_00119,REST_0092,2025-03-28 10:02:00,Delivered,712.3,14.29,3,Wallet,Rain,High
ORD_009832,CUST_00904,REST_0111,2025-04-18 21:31:10,Failed,3644.31,0.0,4,UPI,Heavy Rain,Severe
ORD_009833,CUST_00352,REST_0131,2025-03-27 18:27:49,Delivered,944.08,225.59,3,Credit Card,Clear,Medium
ORD_009834,CUST_00398,REST_0091,2025-04-12 14:51:00,Delivered,358.52,6.81,4,Wallet,Heavy Rain,High
ORD_009835,CUST_01313,REST_0109,2025-05-12 14:48:11,Delivered,715.39,70.79,5,UPI,Clear,High
ORD_009836,CUST_00175,REST_0171,2025-03-07 11:16:00,Delivered,1321.53,1.76,2,Debit Card,Cloudy,Medium
ORD_009837,CUST_00907,REST_0076,2025-01-11 18:48:23,Delivered,80.0,7.63,1,Credit Card,Clear,High
ORD_009838,CUST_00600,REST_0144,2025-03-23 22:05:21,Delivered,87.54,11.33,2,UPI,Clear,Medium
ORD_009839,CUST_00286,REST_0170,2025-02-11 14:11:24,Delivered,1362.89,112.38,5,Credit Card,Cloudy,Medium
ORD_009840,CUST_00680,REST_0070,2025-01-18 21:14:30,Delivered,666.89,49.7,5,UPI,Rain,High
ORD_009841,CUST_01412,REST_0080,2025-04-16 18:53:33,Delivered,105.99,12.71,2,Cash,Cloudy,Low
ORD_009842,CUST_01173,REST_0099,2025-06-29 21:22:23,Cancelled,345.17,0.0,1,Debit Card,Cloudy,Low
ORD_009843,CUST_00201,REST_0113,2025-04-20 15:45:12,Delivered,347.7,37.47,3,Wallet,Clear,Low
ORD_009844,CUST_01275,REST_0101,2025-04-07 22:13:16,Delivered,573.24,23.17,2,Cash,Rain,Medium
ORD_009845,CUST_01408,REST_0011,2025-05-02 17:14:42,Delivered,358.3,55.5,4,UPI,Rain,High
ORD_009846,CUST_00417,REST_0052,2025-01-12 11:10:52,Delivered,1360.75,147.3,3,UPI,Clear,Low
ORD_009847,CUST_00500,REST_0149,2025-02-12 07:26:51,Delivered,779.28,15.92,7,Credit Card,Rain,Medium
ORD_009848,CUST_00193,REST_0182,2025-02-25 09:39:15,Delivered,637.8,48.99,2,UPI,Clear,Low
ORD_009849,CUST_00516,REST_0001,2025-03-21 12:57:31,Delivered,229.39,36.71,4,UPI,Clear,Severe
ORD_009850,CUST_01016,REST_0115,2025-04-01 21:25:14,Delivered,818.79,96.31,4,UPI,Clear,Medium
ORD_009851,CUST_00410,REST_0104,2025-06-22 17:33:37,Cancelled,891.04,0.0,5,Debit Card,Heavy Rain,Medium
ORD_009852,CUST_00010,REST_0042,2025-06-03 20:28:31,Delivered,80.0,3.56,1,Wallet,Clear,High
ORD_009853,CUST_00508,REST_0118,2025-01-21 13:54:59,Delivered,907.02,200.94,4,Credit Card,Rain,Low
ORD_009854,CUST_00682,REST_0048,2025-01-12 11:58:09,Delivered,377.85,42.38,3,UPI,Rain,Low
ORD_009855,CUST_00852,REST_0168,2025-03-11 12:47:30,Delivered,521.46,29.5,2,UPI,Clear,Severe
ORD_009856,CUST_01030,REST_0156,2025-05-11 22:58:32,Delivered,1057.18,42.25,4,UPI,Rain,Medium
ORD_009857,CUST_00094,REST_0120,2025-02-05 14:02:10,Delivered,467.87,167.99,4,Debit Card,Clear,Medium
ORD_009858,CUST_00708,REST_0042,2025-05-11 22:58:53,Delivered,95.98,1.65,3,UPI,Rain,Medium
ORD_009859,CUST_00402,REST_0055,2025-01-28 10:28:09,Failed,201.59,0.0,2,UPI,Clear,Medium
ORD_009860,CUST_01424,REST_0052,2025-06-04 19:31:17,Delivered,2845.46,655.69,6,UPI,Clear,Medium
ORD_009861,CUST_00537,REST_0088,2025-06-30 11:16:48,Delivered,80.0,7.56,1,Credit Card,Cloudy,High
ORD_009862,CUST_00153,REST_0088,2025-06-03 22:43:43,Delivered,193.67,47.78,4,Debit Card,Clear,Medium
ORD_009863,CUST_00064,REST_0032,2025-06-01 16:55:50,Delivered,514.81,5.32,2,UPI,Rain,Low
ORD_009864,CUST_00400,REST_0155,2025-02-14 19:07:00,Delivered,351.12,56.69,3,UPI,Rain,Medium
ORD_009865,CUST_00269,REST_0074,2025-05-27 16:42:43,Delivered,897.46,51.11,2,UPI,Clear,High
ORD_009866,CUST_00981,REST_0022,2025-06-02 22:24:34,Delivered,704.61,253.77,5,UPI,Clear,Medium
ORD_009867,CUST_01272,REST_0064,2025-02-08 09:45:01,Delivered,1875.43,72.7,2,UPI,Cloudy,High
ORD_009868,CUST_00471,REST_0110,2025-03-06 11:55:00,Delivered,967.97,182.41,5,UPI,Clear,Medium
ORD_009869,CUST_00870,REST_0161,2025-01-10 11:12:53,Delivered,1129.52,106.94,2,UPI,Clear,Low
ORD_009870,CUST_01099,REST_0081,2025-01-02 21:16:50,Delivered,185.93,14.0,5,Credit Card,Rain,Severe
ORD_009871,CUST_00596,REST_0003,2025-04-18 14:35:33,Delivered,580.74,51.77,3,Credit Card,Heavy Rain,High
ORD_009872,CUST_00102,REST_0099,2025-01-29 20:22:22,Delivered,680.31,104.99,2,UPI,Clear,Low
ORD_009873,CUST_00347,REST_0062,2025-01-16 19:06:44,Delivered,1454.63,194.28,3,UPI,Clear,Medium
ORD_009874,CUST_01327,REST_0011,2025-03-06 14:32:33,Delivered,464.17,18.53,5,Credit Card,Rain,Severe
ORD_009875,CUST_01237,REST_0143,2025-05-09 19:22:24,Delivered,1743.63,182.26,5,UPI,Clear,Medium
ORD_009876,CUST_00132,REST_0129,2025-03-29 09:32:36,Delivered,225.19,31.38,1,UPI,Heavy Rain,High
ORD_009877,CUST_00338,REST_0124,2025-05-10 12:45:40,Delivered,120.39,10.69,1,UPI,Cloudy,High
ORD_009878,CUST_01155,REST_0030,2025-02-07 13:11:43,Delivered,532.58,57.67,6,UPI,Cloudy,Medium
ORD_009879,CUST_00732,REST_0176,2025-01-24 19:27:14,Delivered,396.2,24.85,2,UPI,Rain,Low
ORD_009880,CUST_01143,REST_0008,2025-01-10 12:28:30,Delivered,1135.3,157.64,5,UPI,Rain,Medium
ORD_009881,CUST_00318,REST_0111,2025-03-04 22:06:26,Delivered,1600.19,193.2,2,UPI,Clear,Low
ORD_009882,CUST_01430,REST_0009,2025-05-17 20:52:20,Delivered,1373.74,231.98,2,Credit Card,Clear,Medium
ORD_009883,CUST_01177,REST_0100,2025-04-02 13:02:44,Delivered,723.52,84.84,4,UPI,Cloudy,Medium
ORD_009884,CUST_00297,REST_0075,2025-05-25 20:08:16,Delivered,588.99,42.54,2,UPI,Rain,Medium
ORD_009885,CUST_00840,REST_0036,2025-06-09 19:27:17,Delivered,1144.43,321.12,3,Debit Card,Clear,Medium
ORD_009886,CUST_00173,REST_0096,2025-03-11 20:16:52,Delivered,950.18,122.71,6,Wallet,Rain,Medium
ORD_009887,CUST_00540,REST_0183,2025-01-10 19:42:24,Delivered,713.76,58.78,5,Credit Card,Rain,Low
ORD_009888,CUST_00996,REST_0120,2025-06-15 18:25:40,Delivered,489.8,58.34,4,Wallet,Clear,Medium
ORD_009889,CUST_00496,REST_0119,2025-03-14 20:56:00,Delivered,1081.84,24.79,4,UPI,Cloudy,Medium
ORD_009890,CUST_00992,REST_0177,2025-06-08 13:23:02,Delivered,199.5,18.41,3,UPI,Clear,Medium
ORD_009891,CUST_00369,REST_0119,2025-02-25 11:27:43,Failed,540.63,0.0,2,Credit Card,Clear,Low
ORD_009892,CUST_01086,REST_0093,2025-01-30 07:41:57,Delivered,356.1,74.23,5,Debit Card,Clear,Low
ORD_009893,CUST_00537,REST_0088,2025-01-04 12:52:59,Delivered,111.44,9.35,2,UPI,Cloudy,Medium
ORD_009894,CUST_01186,REST_0053,2025-03-29 08:19:44,Delivered,1109.26,50.78,3,UPI,Clear,High
ORD_009895,CUST_00208,REST_0113,2025-05-25 09:12:16,Delivered,417.76,129.48,4,UPI,Cloudy,Low
ORD_009896,CUST_00541,REST_0199,2025-06-28 21:03:17,Cancelled,260.65,0.0,3,Credit Card,Clear,Medium
ORD_009897,CUST_00699,REST_0053,2025-04-17 21:55:02,Delivered,853.58,169.8,3,UPI,Clear,Low
ORD_009898,CUST_00636,REST_0176,2025-03-23 13:56:36,Delivered,231.4,69.22,1,UPI,Cloudy,Medium
ORD_009899,CUST_00651,REST_0118,2025-04-30 20:51:49,Delivered,488.24,51.18,3,UPI,Clear,Low
ORD_009900,CUST_00670,REST_0037,2025-05-13 21:05:39,Delivered,1138.21,91.3,6,UPI,Clear,Medium
ORD_009901,CUST_01482,REST_0063,2025-02-28 17:49:59,Delivered,442.82,73.42,6,UPI,Clear,Low
ORD_009902,CUST_00290,REST_0006,2025-03-02 13:04:00,Delivered,373.86,75.15,4,Credit Card,Cloudy,Medium
ORD_009903,CUST_01155,REST_0088,2025-06-01 12:18:44,Delivered,136.46,28.48,4,UPI,Clear,High
ORD_009904,CUST_00830,REST_0042,2025-03-23 21:36:22,Delivered,223.58,66.57,4,UPI,Clear,Low
ORD_009905,CUST_00620,REST_0015,2025-06-22 22:57:53,Delivered,633.61,142.74,4,UPI,Heavy Rain,Severe
ORD_009906,CUST_00955,REST_0087,2025-05-14 20:26:47,Delivered,413.46,46.63,2,Wallet,Clear,High
ORD_009907,CUST_01282,REST_0085,2025-06-17 23:16:25,Delivered,593.08,58.1,3,Debit Card,Rain,Medium
ORD_009908,CUST_00703,REST_0050,2025-05-21 18:37:25,Delivered,711.43,145.3,3,UPI,Clear,Medium
ORD_009909,CUST_01300,REST_0145,2025-01-31 15:58:19,Delivered,305.18,56.71,3,UPI,Clear,Low
ORD_009910,CUST_00143,REST_0012,2025-05-31 18:14:37,Failed,1405.39,0.0,3,UPI,Clear,Medium
ORD_009911,CUST_00986,REST_0137,2025-05-19 21:12:21,Delivered,1742.62,40.53,2,UPI,Cloudy,Medium
ORD_009912,CUST_00500,REST_0053,2025-06-11 08:31:10,Delivered,333.28,53.03,1,UPI,Clear,Medium
ORD_009913,CUST_00577,REST_0151,2025-01-10 19:41:40,Delivered,162.97,15.41,4,UPI,Heavy Rain,High
ORD_009914,CUST_00860,REST_0161,2025-04-29 16:03:57,Delivered,447.28,33.05,2,UPI,Rain,High
ORD_009915,CUST_00723,REST_0044,2025-05-29 22:29:37,Delivered,281.01,53.14,3,UPI,Clear,Medium
ORD_009916,CUST_00570,REST_0121,2025-03-17 12:53:18,Delivered,188.61,62.2,3,UPI,Cloudy,High
ORD_009917,CUST_00465,REST_0043,2025-01-02 13:56:50,Delivered,317.52,15.43,1,Wallet,Clear,Severe
ORD_009918,CUST_00933,REST_0191,2025-04-10 22:03:27,Delivered,988.43,89.29,7,UPI,Clear,Medium
ORD_009919,CUST_00762,REST_0076,2025-03-19 18:40:36,Delivered,128.0,14.52,3,Wallet,Clear,Medium
ORD_009920,CUST_00486,REST_0126,2025-01-07 19:23:33,Delivered,196.9,38.36,1,UPI,Clear,Medium
ORD_009921,CUST_00309,REST_0173,2025-06-29 12:59:05,Delivered,1869.09,211.08,4,UPI,Rain,High
ORD_009922,CUST_01163,REST_0191,2025-04-20 12:14:44,Delivered,225.41,5.48,2,Wallet,Rain,Severe
ORD_009923,CUST_01199,REST_0076,2025-05-20 19:05:52,Delivered,80.0,19.48,1,UPI,Cloudy,High
ORD_009924,CUST_00323,REST_0200,2025-05-29 20:31:26,Delivered,1349.29,60.9,4,UPI,Cloudy,Medium
ORD_009925,CUST_00395,REST_0096,2025-04-29 18:35:22,Delivered,438.97,7.78,3,UPI,Rain,Medium
ORD_009926,CUST_00362,REST_0129,2025-04-11 22:26:33,Delivered,636.93,46.13,3,Cash,Clear,Low
ORD_009927,CUST_01329,REST_0175,2025-05-28 19:03:28,Delivered,1474.39,350.22,7,Wallet,Clear,Medium
ORD_009928,CUST_01162,REST_0012,2025-02-18 19:53:41,Delivered,531.56,17.15,2,UPI,Clear,Medium
ORD_009929,CUST_00115,REST_0054,2025-06-10 12:39:36,Delivered,551.97,121.64,2,UPI,Clear,Medium
ORD_009930,CUST_01249,REST_0142,2025-05-15 18:10:30,Delivered,189.1,17.68,2,Debit Card,Cloudy,Medium
ORD_009931,CUST_00056,REST_0009,2025-04-18 20:25:59,Delivered,2577.45,71.88,3,UPI,Clear,Medium
ORD_009932,CUST_00383,REST_0148,2025-01-06 21:42:42,Delivered,1720.24,239.07,3,Credit Card,Heavy Rain,High
ORD_009933,CUST_01379,REST_0114,2025-03-06 11:10:00,Delivered,602.27,28.66,5,Credit Card,Clear,Medium
ORD_009934,CUST_01299,REST_0012,2025-03-11 15:54:12,Delivered,2266.65,454.68,4,UPI,Clear,Low
ORD_009935,CUST_01173,REST_0067,2025-05-06 17:38:09,Delivered,280.34,2.45,3,Credit Card,Clear,Medium
ORD_009936,CUST_00688,REST_0130,2025-03-23 22:07:19,Delivered,1240.21,357.9,6,UPI,Clear,Low
ORD_009937,CUST_00483,REST_0185,2025-02-24 18:55:01,Delivered,344.32,18.6,3,Credit Card,Rain,High
ORD_009938,CUST_01325,REST_0060,2025-03-05 21:23:18,Delivered,1718.91,184.04,6,Wallet,Cloudy,High
ORD_009939,CUST_00992,REST_0164,2025-02-02 21:26:00,Delivered,1053.02,62.98,4,UPI,Clear,Medium
ORD_009940,CUST_00446,REST_0132,2025-06-20 18:24:00,Delivered,1024.37,367.3,4,Credit Card,Cloudy,Medium
ORD_009941,CUST_00698,REST_0164,2025-04-14 19:44:32,Delivered,191.24,58.57,1,UPI,Clear,Medium
ORD_009942,CUST_01325,REST_0081,2025-01-22 20:26:10,Delivered,200.31,42.17,4,UPI,Cloudy,Low
ORD_009943,CUST_01357,REST_0007,2025-02-11 07:39:42,Delivered,2244.52,496.52,2,UPI,Cloudy,Medium
ORD_009944,CUST_00996,REST_0120,2025-01-22 11:58:32,Delivered,205.01,44.53,2,Cash,Clear,Medium
ORD_009945,CUST_01103,REST_0035,2025-02-26 11:17:11,Delivered,402.79,31.67,2,Debit Card,Cloudy,Medium
ORD_009946,CUST_00060,REST_0085,2025-06-17 16:44:48,Delivered,619.47,30.31,3,Debit Card,Rain,High
ORD_009947,CUST_00912,REST_0127,2025-05-09 10:01:56,Delivered,864.2,13.5,4,Debit Card,Clear,Severe
ORD_009948,CUST_01038,REST_0105,2025-03-27 13:44:45,Cancelled,619.22,0.0,4,UPI,Cloudy,Severe
ORD_009949,CUST_00032,REST_0038,2025-03-26 15:09:00,Delivered,1346.46,49.72,6,UPI,Clear,High
ORD_009950,CUST_01267,REST_0192,2025-04-02 13:01:00,Delivered,438.26,137.2,3,UPI,Clear,Low
ORD_009951,CUST_01393,REST_0168,2025-04-27 18:28:45,Delivered,1084.01,23.39,4,UPI,Rain,High
ORD_009952,CUST_00360,REST_0062,2025-01-27 09:57:44,Delivered,2151.15,332.64,4,UPI,Clear,High
ORD_009953,CUST_01270,REST_0109,2025-06-18 20:27:53,Delivered,352.77,30.49,3,UPI,Clear,High
ORD_009954,CUST_01005,REST_0056,2025-03-20 22:30:00,Delivered,148.26,13.69,2,UPI,Clear,Low
ORD_009955,CUST_00875,REST_0188,2025-01-30 22:30:11,Delivered,115.54,14.87,2,Debit Card,Cloudy,Medium
ORD_009956,CUST_01266,REST_0156,2025-01-09 13:36:49,Delivered,174.06,15.78,1,UPI,Cloudy,Low
ORD_009957,CUST_00430,REST_0008,2025-06-05 13:25:18,Delivered,844.41,113.12,4,UPI,Cloudy,Medium
ORD_009958,CUST_01187,REST_0102,2025-05-29 19:15:23,Delivered,585.39,143.08,7,Wallet,Clear,Low
ORD_009959,CUST_00473,REST_0040,2025-01-25 13:00:52,Delivered,2129.83,256.29,3,UPI,Clear,Medium
ORD_009960,CUST_01182,REST_0158,2025-04-17 22:56:23,Delivered,80.0,5.34,1,Cash,Cloudy,Low
ORD_009961,CUST_00679,REST_0048,2025-01-27 22:23:39,Delivered,473.71,109.8,4,Credit Card,Clear,Medium
ORD_009962,CUST_00179,REST_0192,2025-05-04 21:19:37,Delivered,948.26,170.94,4,Credit Card,Cloudy,Medium
ORD_009963,CUST_00570,REST_0072,2025-06-13 20:04:16,Delivered,846.83,52.07,4,Debit Card,Heavy Rain,Severe
ORD_009964,CUST_00353,REST_0111,2025-05-18 23:28:52,Delivered,5000.0,179.54,5,UPI,Rain,Medium
ORD_009965,CUST_00154,REST_0176,2025-05-22 13:27:53,Delivered,567.11,68.08,4,UPI,Cloudy,High
ORD_009966,CUST_00169,REST_0058,2025-04-27 21:01:35,Delivered,246.08,69.71,3,UPI,Clear,Low
ORD_009967,CUST_01172,REST_0198,2025-04-14 11:38:08,Delivered,587.53,71.71,4,Debit Card,Clear,Medium
ORD_009968,CUST_01325,REST_0081,2025-06-13 21:08:24,Delivered,138.71,19.31,2,UPI,Heavy Rain,Severe
ORD_009969,CUST_01391,REST_0174,2025-06-27 06:45:46,Delivered,216.1,24.94,2,UPI,Rain,High
ORD_009970,CUST_01282,REST_0028,2025-06-10 18:32:37,Delivered,665.57,168.01,3,UPI,Clear,Medium
ORD_009971,CUST_01245,REST_0106,2025-05-16 20:42:35,Delivered,572.44,338.19,2,UPI,Cloudy,Medium
ORD_009972,CUST_00106,REST_0156,2025-04-17 12:48:40,Delivered,351.1,71.23,2,UPI,Cloudy,Medium
ORD_009973,CUST_01186,REST_0021,2025-05-16 22:44:34,Delivered,2788.49,539.79,6,UPI,Cloudy,Low
ORD_009974,CUST_01176,REST_0028,2025-04-20 15:28:15,Delivered,774.56,34.16,4,Wallet,Clear,High
ORD_009975,CUST_00199,REST_0171,2025-05-18 19:49:03,Delivered,1706.75,54.38,3,Debit Card,Heavy Rain,Medium
ORD_009976,CUST_00999,REST_0197,2025-01-02 12:10:54,Delivered,604.98,125.94,5,Debit Card,Cloudy,Medium
ORD_009977,CUST_00681,REST_0024,2025-06-27 22:32:44,Delivered,251.18,10.99,1,UPI,Clear,High
ORD_009978,CUST_01352,REST_0061,2025-06-14 22:47:52,Delivered,226.77,26.67,3,Credit Card,Clear,Medium
ORD_009979,CUST_01048,REST_0019,2025-01-17 23:50:26,Delivered,88.67,4.46,2,UPI,Clear,High
ORD_009980,CUST_01428,REST_0096,2025-01-09 00:20:52,Delivered,552.57,65.16,2,Cash,Clear,Low
ORD_009981,CUST_00160,REST_0086,2025-04-03 20:32:52,Delivered,458.66,44.35,3,UPI,Clear,Low
ORD_009982,CUST_00062,REST_0069,2025-03-11 04:24:34,Delivered,1671.95,161.13,6,UPI,Cloudy,Severe
ORD_009983,CUST_01461,REST_0197,2025-01-17 12:42:39,Delivered,276.0,74.98,2,UPI,Clear,Medium
ORD_009984,CUST_00122,REST_0009,2025-03-30 22:53:36,Delivered,1725.76,150.0,2,Credit Card,Rain,Medium
ORD_009985,CUST_00576,REST_0111,2025-02-13 12:40:24,Delivered,4058.65,590.24,3,UPI,Clear,Medium
ORD_009986,CUST_00981,REST_0008,2025-02-18 11:00:49,Delivered,418.94,76.35,2,UPI,Clear,Low
ORD_009987,CUST_01323,REST_0151,2025-01-28 15:13:00,Delivered,157.65,14.42,2,Credit Card,Clear,Medium
ORD_009988,CUST_00385,REST_0127,2025-06-13 22:09:08,Delivered,1041.17,68.25,4,UPI,Clear,High
ORD_009989,CUST_00045,REST_0110,2025-02-19 10:41:16,Delivered,817.61,233.72,5,UPI,Cloudy,High
ORD_009990,CUST_00786,REST_0008,2025-02-16 12:24:34,Delivered,528.1,75.71,3,UPI,Clear,Low
ORD_009991,CUST_00710,REST_0176,2025-02-20 14:48:24,Delivered,620.89,131.82,3,Credit Card,Clear,Low
ORD_009992,CUST_00463,REST_0139,2025-04-19 18:30:00,Cancelled,362.34,0.0,5,Wallet,Rain,Medium
ORD_009993,CUST_01313,REST_0102,2025-03-03 11:30:00,Delivered,326.57,69.17,5,UPI,Clear,Low
ORD_009994,CUST_01126,REST_0053,2025-06-14 13:18:21,Delivered,1279.93,185.96,4,UPI,Clear,Medium
ORD_009995,CUST_01289,REST_0116,2025-06-22 08:49:11,Delivered,182.95,22.53,2,Wallet,Rain,Severe
ORD_009996,CUST_00245,REST_0050,2025-01-05 21:26:19,Cancelled,1064.09,0.0,5,Debit Card,Rain,Medium
ORD_009997,CUST_01044,REST_0025,2025-05-16 16:15:57,Delivered,118.98,8.75,2,UPI,Clear,Medium
ORD_009998,CUST_01463,REST_0008,2025-06-22 20:30:22,Delivered,643.56,67.92,4,Debit Card,Rain,High
ORD_009999,CUST_00923,REST_0124,2025-05-29 10:03:36,Delivered,278.43,12.73,2,Credit Card,Clear,High
ORD_010000,CUST_00258,REST_0178,2025-03-16 13:52:08,Delivered,1761.98,93.08,2,Debit Card,Clear,Severe
