delivery_id,order_id,driver_id,delivery_distance_km,preparation_time_min,estimated_delivery_time_min,actual_delivery_time_min
DEL_000001,ORD_000001,DRV_0041,4.26,16.7,39.4,43.0
DEL_000002,ORD_000002,DRV_0084,0.91,20.6,20.4,23.6
DEL_000003,ORD_000003,DRV_0139,10.6,19.5,58.8,68.2
DEL_000004,ORD_000004,DRV_0222,7.79,26.6,49.0,53.1
DEL_000005,ORD_000005,DRV_0206,6.73,18.3,38.4,43.0
DEL_000006,ORD_000006,DRV_0231,1.64,23.8,32.0,27.8
DEL_000007,ORD_000009,DRV_0131,7.9,12.0,33.5,31.1
DEL_000008,ORD_000010,DRV_0183,4.81,25.0,48.9,55.5
DEL_000009,ORD_000011,DRV_0245,3.61,20.2,39.1,36.1
DEL_000010,ORD_000012,DRV_0235,2.49,12.8,31.8,28.9
DEL_000011,ORD_000013,DRV_0257,6.75,18.4,50.0,47.1
DEL_000012,ORD_000014,DRV_0223,11.88,24.4,75.0,71.0
DEL_000013,ORD_000015,DRV_0075,1.38,17.0,22.1,26.1
DEL_000014,ORD_000016,DRV_0210,4.15,29.4,54.3,49.7
DEL_000015,ORD_000017,DRV_0258,8.77,23.8,55.2,57.1
DEL_000016,ORD_000020,DRV_0297,5.05,20.4,39.0,41.1
DEL_000017,ORD_000022,DRV_0224,6.87,32.0,50.0,49.9
DEL_000018,ORD_000023,DRV_0039,2.99,21.3,42.6,40.3
DEL_000019,ORD_000025,DRV_0117,4.08,20.7,45.6,40.2
DEL_000020,ORD_000026,DRV_0286,8.95,23.6,66.2,65.7
DEL_000021,ORD_000027,DRV_0149,3.03,23.9,38.4,40.3
DEL_000022,ORD_000028,DRV_0077,9.46,23.1,63.0,55.4
DEL_000023,ORD_000029,DRV_0032,3.84,24.1,37.7,40.4
DEL_000024,ORD_000030,DRV_0016,4.34,25.9,43.2,49.3
DEL_000025,ORD_000031,DRV_0149,3.02,22.7,47.7,46.9
DEL_000026,ORD_000032,DRV_0163,3.73,18.0,32.9,31.3
DEL_000027,ORD_000033,DRV_0052,1.32,26.0,34.5,32.0
DEL_000028,ORD_000034,DRV_0112,2.39,27.4,35.7,35.8
DEL_000029,ORD_000036,DRV_0216,5.42,10.3,32.3,30.2
DEL_000030,ORD_000037,DRV_0056,5.46,16.5,36.1,34.2
DEL_000031,ORD_000038,DRV_0279,8.05,20.0,55.5,54.9
DEL_000032,ORD_000039,DRV_0179,5.07,6.4,24.6,27.4
DEL_000033,ORD_000040,DRV_0140,6.83,18.9,43.1,46.6
DEL_000034,ORD_000041,DRV_0177,1.06,29.4,36.6,37.5
DEL_000035,ORD_000042,DRV_0044,3.69,26.1,34.2,31.3
DEL_000036,ORD_000043,DRV_0242,2.5,34.1,37.9,41.8
DEL_000037,ORD_000044,DRV_0228,0.82,20.9,29.0,27.3
DEL_000038,ORD_000045,DRV_0245,8.92,8.0,42.8,49.7
DEL_000039,ORD_000046,DRV_0250,3.66,10.8,29.2,28.7
DEL_000040,ORD_000047,DRV_0078,7.16,17.9,41.0,44.0
DEL_000041,ORD_000048,DRV_0186,1.54,18.7,28.0,26.7
DEL_000042,ORD_000049,DRV_0230,5.69,14.4,58.8,60.8
DEL_000043,ORD_000050,DRV_0039,1.44,20.4,23.1,25.3
DEL_000044,ORD_000051,DRV_0152,7.85,17.2,45.1,50.1
DEL_000045,ORD_000052,DRV_0233,3.31,33.9,66.0,60.8
DEL_000046,ORD_000053,DRV_0236,15.15,25.2,67.0,61.2
DEL_000047,ORD_000054,DRV_0271,15.57,22.6,68.1,78.5
DEL_000048,ORD_000055,DRV_0116,3.77,18.0,34.0,36.0
DEL_000049,ORD_000056,DRV_0142,2.45,13.8,29.9,23.9
DEL_000050,ORD_000058,DRV_0196,7.15,17.1,55.3,50.8
DEL_000051,ORD_000059,DRV_0110,8.79,20.8,78.6,85.3
DEL_000052,ORD_000060,DRV_0191,3.86,22.3,32.0,35.3
DEL_000053,ORD_000061,DRV_0291,8.26,17.9,58.8,70.7
DEL_000054,ORD_000062,DRV_0036,2.94,11.9,24.7,24.6
DEL_000055,ORD_000064,DRV_0177,17.81,19.8,82.7,101.8
DEL_000056,ORD_000065,DRV_0029,5.03,16.8,27.5,27.9
DEL_000057,ORD_000066,DRV_0298,8.46,21.0,78.0,71.2
DEL_000058,ORD_000067,DRV_0054,6.17,24.9,58.3,54.2
DEL_000059,ORD_000068,DRV_0122,1.83,31.1,39.8,38.6
DEL_000060,ORD_000069,DRV_0193,4.51,23.7,51.4,52.2
DEL_000061,ORD_000070,DRV_0171,5.83,31.4,65.6,63.1
DEL_000062,ORD_000071,DRV_0219,5.9,16.7,31.3,36.9
DEL_000063,ORD_000072,DRV_0178,2.74,25.0,28.5,36.8
DEL_000064,ORD_000073,DRV_0150,5.72,30.0,76.9,75.1
DEL_000065,ORD_000074,DRV_0292,2.37,24.2,27.3,26.0
DEL_000066,ORD_000075,DRV_0138,5.43,18.0,60.9,60.6
DEL_000067,ORD_000076,DRV_0222,5.37,13.3,65.4,55.9
DEL_000068,ORD_000077,DRV_0131,3.95,14.3,30.8,31.0
DEL_000069,ORD_000078,DRV_0125,4.57,33.7,65.0,63.2
DEL_000070,ORD_000079,DRV_0122,7.36,28.2,53.8,51.0
DEL_000071,ORD_000080,DRV_0097,10.95,19.7,59.1,74.2
DEL_000072,ORD_000081,DRV_0266,5.81,15.1,35.7,39.2
DEL_000073,ORD_000082,DRV_0198,7.5,29.1,60.5,57.9
DEL_000074,ORD_000083,DRV_0300,4.68,34.8,75.3,69.0
DEL_000075,ORD_000084,DRV_0127,6.3,24.5,56.2,54.0
DEL_000076,ORD_000085,DRV_0181,5.98,23.4,54.5,64.9
DEL_000077,ORD_000086,DRV_0064,8.37,24.8,91.5,99.4
DEL_000078,ORD_000087,DRV_0248,9.09,12.9,42.7,46.6
DEL_000079,ORD_000088,DRV_0280,8.68,13.2,64.2,54.4
DEL_000080,ORD_000090,DRV_0246,1.92,22.3,37.7,37.7
DEL_000081,ORD_000091,DRV_0165,8.01,18.9,56.0,62.7
DEL_000082,ORD_000092,DRV_0104,5.2,18.7,38.4,37.4
DEL_000083,ORD_000093,DRV_0234,4.92,27.7,45.8,53.9
DEL_000084,ORD_000094,DRV_0202,6.53,16.6,48.5,51.5
DEL_000085,ORD_000095,DRV_0298,7.53,32.2,53.1,59.1
DEL_000086,ORD_000096,DRV_0019,5.74,12.8,38.0,32.5
DEL_000087,ORD_000097,DRV_0182,10.77,18.7,77.4,90.1
DEL_000088,ORD_000098,DRV_0029,5.56,11.7,44.5,42.9
DEL_000089,ORD_000101,DRV_0110,10.22,37.9,97.9,80.1
DEL_000090,ORD_000102,DRV_0169,6.37,7.7,40.7,39.5
DEL_000091,ORD_000103,DRV_0194,6.14,20.9,51.4,48.4
DEL_000092,ORD_000104,DRV_0179,6.57,19.7,37.7,44.0
DEL_000093,ORD_000105,DRV_0240,6.26,13.8,39.4,41.2
DEL_000094,ORD_000107,DRV_0073,2.11,12.5,16.9,16.8
DEL_000095,ORD_000108,DRV_0239,13.92,14.3,79.8,81.5
DEL_000096,ORD_000109,DRV_0276,7.57,18.0,46.0,45.2
DEL_000097,ORD_000110,DRV_0191,3.8,35.5,51.0,55.6
DEL_000098,ORD_000111,DRV_0142,8.33,35.7,76.0,79.8
DEL_000099,ORD_000112,DRV_0043,1.6,29.5,45.3,41.4
DEL_000100,ORD_000113,DRV_0012,13.61,22.2,87.4,76.7
DEL_000101,ORD_000114,DRV_0058,3.71,33.3,62.3,62.8
DEL_000102,ORD_000115,DRV_0050,1.55,24.2,29.0,28.0
DEL_000103,ORD_000116,DRV_0218,0.89,40.1,56.8,45.6
DEL_000104,ORD_000117,DRV_0013,6.2,10.4,30.8,33.3
DEL_000105,ORD_000118,DRV_0160,1.65,21.4,21.7,26.5
DEL_000106,ORD_000120,DRV_0043,5.86,24.6,46.8,49.6
DEL_000107,ORD_000121,DRV_0184,2.57,28.0,35.8,39.9
DEL_000108,ORD_000122,DRV_0183,4.15,8.4,27.9,26.8
DEL_000109,ORD_000123,DRV_0006,4.49,31.0,71.5,60.2
DEL_000110,ORD_000124,DRV_0294,3.3,16.9,34.7,26.2
DEL_000111,ORD_000125,DRV_0020,4.67,28.6,48.3,54.4
DEL_000112,ORD_000126,DRV_0178,2.69,27.5,37.8,38.0
DEL_000113,ORD_000127,DRV_0005,6.98,30.0,70.5,79.9
DEL_000114,ORD_000128,DRV_0119,2.7,21.9,34.7,33.8
DEL_000115,ORD_000129,DRV_0197,2.39,11.7,18.8,19.9
DEL_000116,ORD_000130,DRV_0129,7.17,10.9,41.3,42.0
DEL_000117,ORD_000131,DRV_0124,4.71,28.1,35.3,36.8
DEL_000118,ORD_000132,DRV_0067,6.15,10.9,36.0,40.1
DEL_000119,ORD_000133,DRV_0211,1.44,25.6,37.6,35.2
DEL_000120,ORD_000134,DRV_0086,4.62,18.0,38.1,36.6
DEL_000121,ORD_000135,DRV_0080,0.74,30.5,28.5,28.6
DEL_000122,ORD_000136,DRV_0294,3.69,23.9,37.8,40.1
DEL_000123,ORD_000138,DRV_0067,3.29,18.5,32.3,32.0
DEL_000124,ORD_000139,DRV_0110,5.32,22.9,43.5,43.1
DEL_000125,ORD_000141,DRV_0166,11.05,22.3,81.1,81.5
DEL_000126,ORD_000142,DRV_0062,2.29,21.2,30.7,30.1
DEL_000127,ORD_000143,DRV_0187,7.62,23.7,52.0,56.8
DEL_000128,ORD_000144,DRV_0270,2.99,35.2,44.5,42.5
DEL_000129,ORD_000145,DRV_0239,3.16,17.8,34.4,34.4
DEL_000130,ORD_000146,DRV_0184,4.42,17.7,39.2,38.9
DEL_000131,ORD_000147,DRV_0153,6.33,19.8,44.6,46.0
DEL_000132,ORD_000148,DRV_0180,5.22,21.4,40.1,42.2
DEL_000133,ORD_000149,DRV_0100,7.31,31.9,61.7,67.0
DEL_000134,ORD_000150,DRV_0209,8.87,25.4,62.7,66.9
DEL_000135,ORD_000151,DRV_0263,2.09,15.5,31.7,28.8
DEL_000136,ORD_000152,DRV_0224,16.66,32.4,108.3,104.0
DEL_000137,ORD_000153,DRV_0173,15.52,24.7,65.7,85.9
DEL_000138,ORD_000154,DRV_0123,7.62,19.0,52.7,60.2
DEL_000139,ORD_000155,DRV_0260,20.0,19.6,87.4,82.7
DEL_000140,ORD_000156,DRV_0178,7.02,25.4,46.2,46.4
DEL_000141,ORD_000157,DRV_0018,1.08,15.4,19.6,20.1
DEL_000142,ORD_000158,DRV_0218,3.8,26.8,44.1,42.5
DEL_000143,ORD_000159,DRV_0181,9.8,30.0,61.0,66.0
DEL_000144,ORD_000160,DRV_0126,8.69,21.2,59.3,59.8
DEL_000145,ORD_000161,DRV_0179,1.49,23.9,29.8,26.0
DEL_000146,ORD_000162,DRV_0083,5.51,24.4,42.7,50.5
DEL_000147,ORD_000163,DRV_0179,12.17,15.1,69.5,61.8
DEL_000148,ORD_000164,DRV_0111,10.81,26.5,90.1,93.0
DEL_000149,ORD_000165,DRV_0131,6.24,20.8,47.3,48.9
DEL_000150,ORD_000166,DRV_0257,7.32,35.4,87.0,89.6
DEL_000151,ORD_000167,DRV_0087,13.72,16.1,75.0,76.0
DEL_000152,ORD_000168,DRV_0216,3.11,24.6,28.2,34.0
DEL_000153,ORD_000169,DRV_0219,10.69,17.3,63.5,68.9
DEL_000154,ORD_000170,DRV_0176,14.62,31.2,89.7,95.5
DEL_000155,ORD_000171,DRV_0186,2.38,11.1,26.8,28.3
DEL_000156,ORD_000172,DRV_0205,3.94,15.2,41.0,46.6
DEL_000157,ORD_000173,DRV_0108,8.97,28.3,65.7,62.1
DEL_000158,ORD_000174,DRV_0012,5.62,17.9,32.7,29.2
DEL_000159,ORD_000175,DRV_0270,11.4,22.5,64.3,72.8
DEL_000160,ORD_000176,DRV_0249,11.76,22.7,84.5,91.8
DEL_000161,ORD_000178,DRV_0148,5.97,20.7,53.4,43.7
DEL_000162,ORD_000179,DRV_0239,17.03,13.7,86.9,92.3
DEL_000163,ORD_000180,DRV_0159,8.89,26.5,102.0,92.8
DEL_000164,ORD_000181,DRV_0217,5.5,34.9,65.6,71.2
DEL_000165,ORD_000182,DRV_0076,9.42,18.6,103.1,101.4
DEL_000166,ORD_000184,DRV_0011,6.49,27.5,77.5,71.3
DEL_000167,ORD_000185,DRV_0212,1.13,21.9,25.2,26.0
DEL_000168,ORD_000186,DRV_0155,8.83,24.2,80.9,98.8
DEL_000169,ORD_000187,DRV_0157,0.72,28.1,38.0,32.7
DEL_000170,ORD_000188,DRV_0054,1.43,24.0,31.5,35.6
DEL_000171,ORD_000189,DRV_0074,2.43,27.2,38.3,40.3
DEL_000172,ORD_000190,DRV_0232,3.15,29.1,42.9,41.2
DEL_000173,ORD_000191,DRV_0219,0.88,24.0,31.0,31.2
DEL_000174,ORD_000192,DRV_0198,1.36,17.1,20.9,25.9
DEL_000175,ORD_000193,DRV_0011,4.35,30.3,33.0,34.1
DEL_000176,ORD_000194,DRV_0175,5.14,29.8,53.0,59.0
DEL_000177,ORD_000195,DRV_0097,5.56,29.5,49.0,50.7
DEL_000178,ORD_000196,DRV_0178,5.36,26.4,63.4,62.3
DEL_000179,ORD_000197,DRV_0209,3.35,14.6,28.3,35.0
DEL_000180,ORD_000198,DRV_0026,6.56,18.8,43.8,50.9
DEL_000181,ORD_000199,DRV_0286,15.97,18.1,59.4,75.0
DEL_000182,ORD_000200,DRV_0277,6.84,19.6,45.6,45.3
DEL_000183,ORD_000201,DRV_0038,2.47,21.2,33.9,30.6
DEL_000184,ORD_000202,DRV_0017,3.89,33.7,51.0,54.9
DEL_000185,ORD_000203,DRV_0134,2.41,21.0,38.4,40.9
DEL_000186,ORD_000204,DRV_0156,2.25,21.4,28.3,30.8
DEL_000187,ORD_000205,DRV_0063,3.67,20.9,44.8,41.2
DEL_000188,ORD_000206,DRV_0110,12.19,18.2,66.0,80.5
DEL_000189,ORD_000207,DRV_0217,8.23,10.5,77.2,62.3
DEL_000190,ORD_000208,DRV_0068,13.28,19.6,68.6,74.6
DEL_000191,ORD_000209,DRV_0277,2.67,34.1,45.0,49.3
DEL_000192,ORD_000210,DRV_0020,16.43,28.5,98.2,101.2
DEL_000193,ORD_000212,DRV_0203,1.98,27.3,38.1,33.5
DEL_000194,ORD_000213,DRV_0219,7.15,16.9,50.8,49.6
DEL_000195,ORD_000214,DRV_0140,12.28,22.7,67.5,69.5
DEL_000196,ORD_000215,DRV_0205,4.65,16.1,40.3,38.3
DEL_000197,ORD_000216,DRV_0150,4.61,20.8,51.1,53.0
DEL_000198,ORD_000217,DRV_0233,0.94,12.8,13.0,13.4
DEL_000199,ORD_000218,DRV_0116,3.17,12.7,26.0,25.4
DEL_000200,ORD_000219,DRV_0269,2.01,23.9,39.2,40.3
DEL_000201,ORD_000220,DRV_0203,2.53,24.5,37.5,36.9
DEL_000202,ORD_000221,DRV_0192,5.0,22.9,44.4,41.0
DEL_000203,ORD_000222,DRV_0112,1.8,29.2,40.4,41.0
DEL_000204,ORD_000223,DRV_0028,8.34,23.3,53.7,53.7
DEL_000205,ORD_000224,DRV_0160,1.15,20.4,23.4,27.3
DEL_000206,ORD_000225,DRV_0064,3.87,23.1,49.3,46.3
DEL_000207,ORD_000226,DRV_0169,4.61,20.7,50.2,49.5
DEL_000208,ORD_000227,DRV_0006,3.06,18.7,46.7,45.9
DEL_000209,ORD_000228,DRV_0054,2.45,17.0,26.8,25.0
DEL_000210,ORD_000229,DRV_0071,3.02,24.9,34.4,41.1
DEL_000211,ORD_000230,DRV_0251,3.58,18.7,26.0,28.8
DEL_000212,ORD_000231,DRV_0269,3.51,13.5,34.0,31.2
DEL_000213,ORD_000232,DRV_0035,4.22,28.7,41.4,51.0
DEL_000214,ORD_000233,DRV_0167,14.55,24.9,60.0,80.0
DEL_000215,ORD_000234,DRV_0216,3.45,22.1,25.8,33.4
DEL_000216,ORD_000235,DRV_0196,8.43,20.0,63.1,66.4
DEL_000217,ORD_000236,DRV_0262,9.68,23.4,49.0,61.4
DEL_000218,ORD_000238,DRV_0159,0.81,16.1,20.6,20.8
DEL_000219,ORD_000240,DRV_0290,4.46,26.1,52.7,51.4
DEL_000220,ORD_000241,DRV_0280,8.31,19.1,51.4,63.3
DEL_000221,ORD_000242,DRV_0066,7.16,14.5,44.8,44.6
DEL_000222,ORD_000243,DRV_0151,13.58,18.4,73.0,75.0
DEL_000223,ORD_000244,DRV_0103,1.43,26.5,31.8,29.9
DEL_000224,ORD_000245,DRV_0219,4.41,28.8,45.7,49.2
DEL_000225,ORD_000246,DRV_0082,3.09,20.1,34.6,33.2
DEL_000226,ORD_000247,DRV_0221,4.81,22.2,29.6,34.6
DEL_000227,ORD_000248,DRV_0226,4.53,14.4,34.7,35.6
DEL_000228,ORD_000250,DRV_0287,18.14,22.6,106.9,101.1
DEL_000229,ORD_000251,DRV_0102,4.77,11.8,30.5,32.0
DEL_000230,ORD_000253,DRV_0022,3.58,28.0,39.5,46.2
DEL_000231,ORD_000254,DRV_0209,4.41,26.2,43.5,46.8
DEL_000232,ORD_000255,DRV_0133,19.45,22.3,116.8,110.3
DEL_000233,ORD_000256,DRV_0025,1.95,25.8,31.7,35.5
DEL_000234,ORD_000257,DRV_0065,3.68,18.2,20.3,24.0
DEL_000235,ORD_000258,DRV_0202,3.67,29.6,66.1,59.3
DEL_000236,ORD_000259,DRV_0117,6.45,33.8,64.4,63.9
DEL_000237,ORD_000260,DRV_0229,5.47,16.9,48.4,44.0
DEL_000238,ORD_000261,DRV_0187,9.95,24.5,66.8,70.9
DEL_000239,ORD_000262,DRV_0183,2.43,25.5,33.6,35.5
DEL_000240,ORD_000263,DRV_0264,4.54,17.5,40.5,36.3
DEL_000241,ORD_000264,DRV_0123,1.6,19.6,25.7,25.4
DEL_000242,ORD_000265,DRV_0070,2.91,30.4,44.7,46.1
DEL_000243,ORD_000266,DRV_0227,2.17,21.4,28.1,26.8
DEL_000244,ORD_000267,DRV_0168,7.56,9.7,52.3,48.3
DEL_000245,ORD_000269,DRV_0172,9.24,23.5,76.7,75.0
DEL_000246,ORD_000271,DRV_0022,8.78,33.2,63.9,69.3
DEL_000247,ORD_000272,DRV_0195,6.4,23.9,38.3,44.5
DEL_000248,ORD_000273,DRV_0267,0.92,34.4,31.4,40.5
DEL_000249,ORD_000274,DRV_0256,1.1,26.3,32.1,35.8
DEL_000250,ORD_000275,DRV_0163,3.7,12.2,50.3,48.6
DEL_000251,ORD_000276,DRV_0201,1.77,23.0,26.6,30.7
DEL_000252,ORD_000277,DRV_0031,19.84,17.5,116.7,118.5
DEL_000253,ORD_000278,DRV_0034,2.27,22.0,38.5,36.9
DEL_000254,ORD_000279,DRV_0049,2.16,27.4,31.3,32.7
DEL_000255,ORD_000280,DRV_0298,9.97,28.0,65.2,58.4
DEL_000256,ORD_000282,DRV_0222,0.89,19.6,21.3,22.6
DEL_000257,ORD_000284,DRV_0150,6.08,24.3,52.6,54.7
DEL_000258,ORD_000285,DRV_0095,9.48,21.2,66.9,60.8
DEL_000259,ORD_000286,DRV_0142,1.82,28.3,29.5,32.5
DEL_000260,ORD_000287,DRV_0151,5.05,17.5,42.6,39.2
DEL_000261,ORD_000288,DRV_0292,0.53,33.6,43.2,41.9
DEL_000262,ORD_000289,DRV_0117,3.74,37.9,63.8,62.6
DEL_000263,ORD_000290,DRV_0143,1.78,20.4,25.8,26.7
DEL_000264,ORD_000291,DRV_0047,8.68,18.6,64.9,61.0
DEL_000265,ORD_000292,DRV_0269,3.85,19.9,40.8,37.5
DEL_000266,ORD_000293,DRV_0159,4.48,28.4,42.0,46.9
DEL_000267,ORD_000294,DRV_0008,1.26,15.7,20.8,23.8
DEL_000268,ORD_000295,DRV_0024,5.02,10.8,43.5,41.6
DEL_000269,ORD_000296,DRV_0065,5.25,6.4,30.7,30.6
DEL_000270,ORD_000297,DRV_0241,4.22,12.8,24.3,22.9
DEL_000271,ORD_000299,DRV_0173,12.08,12.1,81.4,78.8
DEL_000272,ORD_000300,DRV_0061,11.9,18.1,72.6,64.1
DEL_000273,ORD_000301,DRV_0078,11.32,18.6,64.8,60.3
DEL_000274,ORD_000302,DRV_0017,3.58,5.0,18.5,20.0
DEL_000275,ORD_000304,DRV_0090,7.43,26.5,67.6,70.2
DEL_000276,ORD_000305,DRV_0204,7.54,20.6,40.8,41.6
DEL_000277,ORD_000306,DRV_0127,4.09,19.3,26.5,29.7
DEL_000278,ORD_000307,DRV_0200,6.37,16.5,42.8,38.7
DEL_000279,ORD_000308,DRV_0269,10.12,19.0,68.0,69.7
DEL_000280,ORD_000309,DRV_0029,9.89,16.8,62.3,59.6
DEL_000281,ORD_000310,DRV_0290,7.18,19.9,43.9,49.7
DEL_000282,ORD_000311,DRV_0184,8.54,22.0,65.4,70.2
DEL_000283,ORD_000312,DRV_0291,1.72,18.8,25.0,24.4
DEL_000284,ORD_000313,DRV_0030,1.74,22.4,20.5,34.3
DEL_000285,ORD_000314,DRV_0201,11.45,22.8,58.9,65.8
DEL_000286,ORD_000315,DRV_0014,4.91,32.3,56.9,61.7
DEL_000287,ORD_000316,DRV_0279,3.35,17.1,27.3,31.3
DEL_000288,ORD_000317,DRV_0051,3.13,18.0,30.5,32.3
DEL_000289,ORD_000318,DRV_0214,1.57,31.7,44.4,41.3
DEL_000290,ORD_000319,DRV_0024,3.62,22.3,39.7,36.2
DEL_000291,ORD_000320,DRV_0160,5.61,24.6,46.1,53.6
DEL_000292,ORD_000321,DRV_0298,19.96,14.0,67.4,82.5
DEL_000293,ORD_000322,DRV_0002,3.14,29.6,43.4,45.6
DEL_000294,ORD_000323,DRV_0222,5.61,15.4,39.2,37.9
DEL_000295,ORD_000324,DRV_0161,8.43,18.5,68.2,73.5
DEL_000296,ORD_000325,DRV_0142,5.58,23.9,45.9,49.7
DEL_000297,ORD_000326,DRV_0174,12.37,19.4,59.2,57.9
DEL_000298,ORD_000327,DRV_0152,8.36,19.7,56.3,60.9
DEL_000299,ORD_000328,DRV_0141,4.58,6.4,23.7,26.9
DEL_000300,ORD_000329,DRV_0040,2.1,25.8,44.0,39.5
DEL_000301,ORD_000330,DRV_0157,4.07,21.4,41.0,39.3
DEL_000302,ORD_000331,DRV_0205,6.41,27.4,53.8,57.5
DEL_000303,ORD_000332,DRV_0043,1.43,21.6,25.0,29.3
DEL_000304,ORD_000333,DRV_0206,1.75,29.4,36.5,37.9
DEL_000305,ORD_000334,DRV_0195,0.65,18.0,25.6,24.1
DEL_000306,ORD_000335,DRV_0222,8.59,23.6,49.6,58.4
DEL_000307,ORD_000336,DRV_0218,8.99,25.0,57.0,49.8
DEL_000308,ORD_000337,DRV_0024,12.62,12.5,88.5,89.1
DEL_000309,ORD_000338,DRV_0109,2.76,21.3,30.8,31.2
DEL_000310,ORD_000339,DRV_0279,4.17,18.1,34.7,33.4
DEL_000311,ORD_000340,DRV_0299,3.81,16.0,41.3,38.5
DEL_000312,ORD_000341,DRV_0078,16.16,13.2,79.0,74.3
DEL_000313,ORD_000342,DRV_0259,4.05,25.6,43.3,44.7
DEL_000314,ORD_000343,DRV_0272,2.38,32.6,45.5,43.5
DEL_000315,ORD_000345,DRV_0225,8.03,32.9,66.2,69.2
DEL_000316,ORD_000346,DRV_0134,3.49,16.5,29.9,31.5
DEL_000317,ORD_000347,DRV_0056,0.79,26.2,31.7,30.8
DEL_000318,ORD_000348,DRV_0203,2.71,22.2,32.6,32.3
DEL_000319,ORD_000349,DRV_0276,2.98,16.6,23.4,28.0
DEL_000320,ORD_000350,DRV_0242,15.65,26.4,99.7,97.0
DEL_000321,ORD_000351,DRV_0187,5.53,22.0,49.9,47.5
DEL_000322,ORD_000352,DRV_0194,8.4,24.0,56.1,51.1
DEL_000323,ORD_000353,DRV_0236,2.9,26.5,46.3,42.9
DEL_000324,ORD_000355,DRV_0239,0.79,20.6,29.4,29.2
DEL_000325,ORD_000357,DRV_0072,7.3,20.5,61.8,63.2
DEL_000326,ORD_000358,DRV_0057,4.1,31.0,41.2,43.4
DEL_000327,ORD_000359,DRV_0069,7.41,21.3,52.0,45.8
DEL_000328,ORD_000360,DRV_0236,5.86,24.2,53.0,49.9
DEL_000329,ORD_000361,DRV_0238,2.38,32.6,44.1,45.8
DEL_000330,ORD_000362,DRV_0153,7.74,14.2,55.8,49.3
DEL_000331,ORD_000363,DRV_0049,4.74,19.3,36.0,45.4
DEL_000332,ORD_000365,DRV_0083,8.81,5.0,39.3,35.6
DEL_000333,ORD_000366,DRV_0128,16.37,17.8,84.9,101.2
DEL_000334,ORD_000367,DRV_0209,1.66,14.7,20.6,24.8
DEL_000335,ORD_000368,DRV_0293,4.62,17.1,31.0,39.7
DEL_000336,ORD_000369,DRV_0003,3.85,11.1,34.9,30.7
DEL_000337,ORD_000370,DRV_0054,3.39,23.9,38.7,43.6
DEL_000338,ORD_000371,DRV_0160,4.56,16.2,49.1,46.5
DEL_000339,ORD_000372,DRV_0239,1.0,38.0,35.4,38.5
DEL_000340,ORD_000373,DRV_0089,2.77,20.5,30.7,27.8
DEL_000341,ORD_000374,DRV_0090,4.78,24.4,44.1,44.3
DEL_000342,ORD_000375,DRV_0196,13.37,7.3,64.4,61.8
DEL_000343,ORD_000376,DRV_0288,6.52,11.1,33.5,42.4
DEL_000344,ORD_000377,DRV_0243,1.45,25.6,24.1,28.3
DEL_000345,ORD_000378,DRV_0220,8.0,20.4,46.0,54.0
DEL_000346,ORD_000379,DRV_0052,7.88,16.2,69.7,70.0
DEL_000347,ORD_000380,DRV_0209,8.84,21.9,58.1,60.7
DEL_000348,ORD_000381,DRV_0134,7.81,22.8,42.3,48.9
DEL_000349,ORD_000382,DRV_0173,4.8,25.9,54.2,52.2
DEL_000350,ORD_000383,DRV_0276,18.44,30.1,123.4,116.2
DEL_000351,ORD_000384,DRV_0071,3.1,31.6,47.0,44.9
DEL_000352,ORD_000385,DRV_0238,2.31,12.4,19.0,18.9
DEL_000353,ORD_000386,DRV_0101,12.43,20.4,55.4,60.1
DEL_000354,ORD_000387,DRV_0073,2.42,20.4,29.8,32.0
DEL_000355,ORD_000389,DRV_0258,2.9,24.4,34.4,33.7
DEL_000356,ORD_000390,DRV_0219,4.98,31.7,55.0,55.1
DEL_000357,ORD_000391,DRV_0101,9.33,28.4,69.7,64.7
DEL_000358,ORD_000392,DRV_0037,6.67,34.1,76.4,67.5
DEL_000359,ORD_000393,DRV_0047,12.03,12.4,52.3,59.8
DEL_000360,ORD_000394,DRV_0271,13.04,23.8,73.1,76.4
DEL_000361,ORD_000395,DRV_0193,4.87,25.5,49.3,47.9
DEL_000362,ORD_000396,DRV_0198,2.14,21.2,28.4,25.4
DEL_000363,ORD_000397,DRV_0062,7.1,17.8,53.0,49.9
DEL_000364,ORD_000398,DRV_0225,8.13,22.8,59.3,64.8
DEL_000365,ORD_000399,DRV_0216,9.54,21.4,70.6,69.0
DEL_000366,ORD_000400,DRV_0183,3.3,31.7,42.5,44.8
DEL_000367,ORD_000401,DRV_0211,6.01,31.4,64.9,63.3
DEL_000368,ORD_000402,DRV_0113,7.19,15.4,42.7,48.0
DEL_000369,ORD_000403,DRV_0164,12.49,14.6,74.6,79.9
DEL_000370,ORD_000404,DRV_0245,14.53,5.0,62.4,62.4
DEL_000371,ORD_000405,DRV_0059,0.64,17.7,21.3,21.8
DEL_000372,ORD_000406,DRV_0149,5.12,31.0,51.9,44.6
DEL_000373,ORD_000407,DRV_0281,5.9,21.5,44.5,42.5
DEL_000374,ORD_000408,DRV_0274,11.22,23.1,72.5,74.4
DEL_000375,ORD_000409,DRV_0032,4.95,25.5,73.6,77.7
DEL_000376,ORD_000410,DRV_0103,12.18,22.1,65.3,74.6
DEL_000377,ORD_000411,DRV_0299,5.1,16.5,42.0,50.5
DEL_000378,ORD_000412,DRV_0258,4.19,27.6,53.0,48.8
DEL_000379,ORD_000413,DRV_0278,3.07,20.1,41.7,41.0
DEL_000380,ORD_000414,DRV_0014,4.9,15.0,28.8,32.9
DEL_000381,ORD_000415,DRV_0172,4.15,25.3,37.9,42.2
DEL_000382,ORD_000416,DRV_0085,5.77,15.1,37.0,42.3
DEL_000383,ORD_000417,DRV_0040,20.0,17.9,96.9,104.4
DEL_000384,ORD_000418,DRV_0261,4.18,21.7,41.0,40.0
DEL_000385,ORD_000420,DRV_0235,11.16,15.5,61.1,60.5
DEL_000386,ORD_000421,DRV_0081,6.03,27.9,67.2,62.4
DEL_000387,ORD_000422,DRV_0207,1.61,15.5,21.8,25.8
DEL_000388,ORD_000423,DRV_0024,12.21,9.1,55.8,54.4
DEL_000389,ORD_000424,DRV_0105,6.67,32.7,52.5,55.3
DEL_000390,ORD_000425,DRV_0050,2.33,19.3,33.0,33.4
DEL_000391,ORD_000426,DRV_0110,9.0,18.5,55.3,57.4
DEL_000392,ORD_000427,DRV_0068,4.6,25.1,44.5,46.9
DEL_000393,ORD_000428,DRV_0187,2.72,16.8,29.2,30.0
DEL_000394,ORD_000429,DRV_0202,12.4,20.1,72.4,65.2
DEL_000395,ORD_000430,DRV_0237,5.45,13.1,39.6,42.1
DEL_000396,ORD_000431,DRV_0071,9.77,36.8,70.9,75.4
DEL_000397,ORD_000432,DRV_0144,2.62,17.9,36.0,30.4
DEL_000398,ORD_000433,DRV_0194,7.63,18.9,65.9,74.0
DEL_000399,ORD_000434,DRV_0139,2.87,20.6,23.9,22.6
DEL_000400,ORD_000435,DRV_0116,3.95,29.0,44.4,43.4
DEL_000401,ORD_000436,DRV_0226,9.88,19.9,61.6,55.0
DEL_000402,ORD_000437,DRV_0044,8.9,20.3,47.5,52.5
DEL_000403,ORD_000438,DRV_0064,4.5,22.6,42.1,43.2
DEL_000404,ORD_000439,DRV_0169,6.99,29.4,58.0,62.2
DEL_000405,ORD_000440,DRV_0262,3.03,15.1,26.8,26.2
DEL_000406,ORD_000441,DRV_0085,1.89,20.4,24.0,23.4
DEL_000407,ORD_000442,DRV_0138,2.03,24.4,41.0,37.9
DEL_000408,ORD_000443,DRV_0118,3.61,13.6,27.7,27.4
DEL_000409,ORD_000444,DRV_0111,3.01,31.1,45.5,45.5
DEL_000410,ORD_000445,DRV_0187,4.69,30.2,65.9,56.1
DEL_000411,ORD_000446,DRV_0294,6.42,32.8,68.2,62.4
DEL_000412,ORD_000447,DRV_0070,5.81,37.5,60.9,59.9
DEL_000413,ORD_000448,DRV_0179,9.15,17.6,54.8,63.8
DEL_000414,ORD_000451,DRV_0089,6.58,20.0,49.2,41.9
DEL_000415,ORD_000452,DRV_0059,6.64,14.6,40.0,39.9
DEL_000416,ORD_000453,DRV_0108,4.87,9.3,38.8,34.6
DEL_000417,ORD_000455,DRV_0261,2.22,12.2,30.5,26.2
DEL_000418,ORD_000456,DRV_0182,5.64,21.6,87.4,74.0
DEL_000419,ORD_000457,DRV_0070,2.87,27.1,47.5,44.2
DEL_000420,ORD_000458,DRV_0181,1.94,22.2,29.8,38.6
DEL_000421,ORD_000459,DRV_0120,7.26,19.7,48.7,51.4
DEL_000422,ORD_000461,DRV_0174,6.13,19.5,33.3,35.3
DEL_000423,ORD_000462,DRV_0074,3.32,23.2,51.6,44.3
DEL_000424,ORD_000463,DRV_0007,3.0,33.5,46.3,44.4
DEL_000425,ORD_000464,DRV_0066,3.83,27.4,37.7,43.0
DEL_000426,ORD_000465,DRV_0026,5.76,24.4,44.8,46.2
DEL_000427,ORD_000466,DRV_0203,3.41,24.1,44.8,37.7
DEL_000428,ORD_000467,DRV_0235,5.07,19.3,40.2,42.6
DEL_000429,ORD_000468,DRV_0215,3.08,18.9,39.6,40.1
DEL_000430,ORD_000469,DRV_0261,5.32,21.6,43.7,47.6
DEL_000431,ORD_000470,DRV_0132,2.03,18.6,38.0,34.2
DEL_000432,ORD_000471,DRV_0099,14.45,21.3,89.5,83.8
DEL_000433,ORD_000472,DRV_0098,12.85,32.1,90.3,84.1
DEL_000434,ORD_000473,DRV_0095,5.41,22.9,37.0,46.0
DEL_000435,ORD_000474,DRV_0080,2.25,18.9,27.9,29.1
DEL_000436,ORD_000475,DRV_0159,6.87,17.1,51.8,52.7
DEL_000437,ORD_000476,DRV_0071,4.82,21.3,43.1,42.4
DEL_000438,ORD_000477,DRV_0197,3.01,23.1,36.7,40.6
DEL_000439,ORD_000478,DRV_0256,3.66,28.8,39.1,39.6
DEL_000440,ORD_000479,DRV_0215,2.77,22.6,25.1,26.1
DEL_000441,ORD_000480,DRV_0274,3.16,24.5,43.7,47.0
DEL_000442,ORD_000481,DRV_0049,1.46,22.4,21.3,33.1
DEL_000443,ORD_000482,DRV_0140,5.38,25.8,60.8,60.9
DEL_000444,ORD_000483,DRV_0152,5.58,14.3,35.3,38.5
DEL_000445,ORD_000484,DRV_0107,1.26,19.6,27.3,27.5
DEL_000446,ORD_000485,DRV_0141,4.88,27.1,51.0,48.3
DEL_000447,ORD_000486,DRV_0247,5.3,16.0,34.0,42.7
DEL_000448,ORD_000487,DRV_0092,4.51,12.8,29.8,29.3
DEL_000449,ORD_000488,DRV_0071,4.72,37.2,56.8,59.7
DEL_000450,ORD_000489,DRV_0077,2.57,17.9,26.3,27.5
DEL_000451,ORD_000490,DRV_0026,16.81,36.6,114.2,118.8
DEL_000452,ORD_000491,DRV_0096,1.6,16.7,22.9,21.0
DEL_000453,ORD_000492,DRV_0037,12.67,16.9,73.4,72.2
DEL_000454,ORD_000493,DRV_0067,5.12,14.9,40.4,34.2
DEL_000455,ORD_000494,DRV_0205,6.64,22.2,61.3,59.4
DEL_000456,ORD_000495,DRV_0182,4.72,18.0,25.5,34.6
DEL_000457,ORD_000496,DRV_0117,2.81,23.6,38.6,35.4
DEL_000458,ORD_000497,DRV_0259,2.81,25.7,27.8,30.9
DEL_000459,ORD_000498,DRV_0269,7.74,10.5,73.8,79.8
DEL_000460,ORD_000499,DRV_0185,11.4,22.0,59.2,60.0
DEL_000461,ORD_000501,DRV_0091,4.25,20.2,52.9,48.5
DEL_000462,ORD_000502,DRV_0270,2.32,27.2,41.2,40.7
DEL_000463,ORD_000503,DRV_0164,9.74,27.3,120.0,105.5
DEL_000464,ORD_000504,DRV_0128,4.01,19.5,28.9,30.5
DEL_000465,ORD_000505,DRV_0249,2.4,24.9,36.1,40.3
DEL_000466,ORD_000506,DRV_0175,1.21,20.2,31.6,31.1
DEL_000467,ORD_000507,DRV_0293,4.99,27.8,56.9,58.8
DEL_000468,ORD_000508,DRV_0091,6.1,24.7,52.8,51.8
DEL_000469,ORD_000509,DRV_0038,7.41,15.3,63.9,56.1
DEL_000470,ORD_000510,DRV_0161,12.09,20.6,81.6,88.9
DEL_000471,ORD_000511,DRV_0268,12.75,30.7,76.7,84.5
DEL_000472,ORD_000512,DRV_0094,11.67,26.4,59.4,52.6
DEL_000473,ORD_000513,DRV_0137,1.33,15.4,21.4,19.2
DEL_000474,ORD_000514,DRV_0055,9.34,19.7,63.1,71.1
DEL_000475,ORD_000515,DRV_0297,2.2,20.8,27.7,32.9
DEL_000476,ORD_000516,DRV_0142,10.28,18.9,63.3,69.1
DEL_000477,ORD_000517,DRV_0011,4.44,8.1,24.9,30.2
DEL_000478,ORD_000518,DRV_0179,9.2,23.6,53.2,61.6
DEL_000479,ORD_000519,DRV_0266,3.19,17.4,30.0,29.0
DEL_000480,ORD_000520,DRV_0238,6.21,16.9,47.8,48.5
DEL_000481,ORD_000521,DRV_0131,11.26,24.5,71.2,75.7
DEL_000482,ORD_000522,DRV_0276,3.27,26.7,41.0,38.4
DEL_000483,ORD_000523,DRV_0162,1.36,12.0,20.1,21.7
DEL_000484,ORD_000524,DRV_0195,5.25,27.8,69.1,63.3
DEL_000485,ORD_000525,DRV_0118,6.71,26.0,42.6,57.6
DEL_000486,ORD_000526,DRV_0248,9.35,22.4,49.2,58.1
DEL_000487,ORD_000527,DRV_0043,8.25,37.6,80.5,67.6
DEL_000488,ORD_000528,DRV_0018,1.34,23.4,29.0,31.3
DEL_000489,ORD_000529,DRV_0002,3.53,5.0,16.1,20.9
DEL_000490,ORD_000530,DRV_0201,1.88,22.1,42.9,35.2
DEL_000491,ORD_000531,DRV_0125,9.73,39.3,90.5,80.0
DEL_000492,ORD_000532,DRV_0149,8.52,18.5,66.4,60.6
DEL_000493,ORD_000533,DRV_0171,6.61,24.9,71.6,61.7
DEL_000494,ORD_000534,DRV_0085,8.34,23.6,43.8,56.7
DEL_000495,ORD_000537,DRV_0103,3.23,13.6,26.8,26.0
DEL_000496,ORD_000538,DRV_0115,6.63,25.5,55.5,52.7
DEL_000497,ORD_000539,DRV_0041,6.36,25.4,48.3,50.5
DEL_000498,ORD_000540,DRV_0201,5.27,15.9,34.2,38.1
DEL_000499,ORD_000541,DRV_0082,2.7,17.6,46.5,41.3
DEL_000500,ORD_000542,DRV_0298,4.38,26.4,56.9,54.3
DEL_000501,ORD_000543,DRV_0076,4.78,30.3,73.8,63.7
DEL_000502,ORD_000544,DRV_0294,15.73,27.2,92.9,85.2
DEL_000503,ORD_000545,DRV_0067,2.33,22.1,44.4,36.8
DEL_000504,ORD_000546,DRV_0171,7.58,17.9,51.6,53.1
DEL_000505,ORD_000547,DRV_0225,4.16,42.1,67.6,70.9
DEL_000506,ORD_000548,DRV_0124,2.2,32.0,33.4,33.9
DEL_000507,ORD_000549,DRV_0055,7.19,18.8,60.3,53.6
DEL_000508,ORD_000550,DRV_0181,4.12,27.7,47.3,50.0
DEL_000509,ORD_000551,DRV_0104,4.8,23.2,54.2,51.0
DEL_000510,ORD_000552,DRV_0034,11.13,25.8,83.6,70.0
DEL_000511,ORD_000553,DRV_0124,1.68,26.9,33.9,30.1
DEL_000512,ORD_000554,DRV_0161,6.49,42.5,77.7,79.9
DEL_000513,ORD_000555,DRV_0286,2.95,18.7,20.9,23.3
DEL_000514,ORD_000556,DRV_0197,8.48,20.8,64.2,62.4
DEL_000515,ORD_000557,DRV_0175,17.11,22.5,86.3,91.7
DEL_000516,ORD_000558,DRV_0189,3.75,17.5,25.9,33.8
DEL_000517,ORD_000561,DRV_0060,4.98,18.7,45.1,46.1
DEL_000518,ORD_000562,DRV_0288,3.14,23.3,34.7,36.9
DEL_000519,ORD_000563,DRV_0205,5.24,21.9,46.3,50.9
DEL_000520,ORD_000564,DRV_0201,9.62,22.3,59.0,59.6
DEL_000521,ORD_000565,DRV_0250,19.5,13.7,119.2,134.8
DEL_000522,ORD_000566,DRV_0146,12.08,20.1,59.9,60.4
DEL_000523,ORD_000567,DRV_0056,2.26,22.7,32.4,30.6
DEL_000524,ORD_000568,DRV_0222,4.09,20.3,38.4,40.1
DEL_000525,ORD_000569,DRV_0125,4.4,19.1,31.8,32.3
DEL_000526,ORD_000571,DRV_0039,7.86,19.8,60.7,59.7
DEL_000527,ORD_000572,DRV_0052,1.86,25.5,40.6,40.6
DEL_000528,ORD_000573,DRV_0131,7.82,12.3,80.9,87.6
DEL_000529,ORD_000574,DRV_0114,4.57,31.2,62.5,61.1
DEL_000530,ORD_000575,DRV_0084,7.83,20.1,45.4,45.6
DEL_000531,ORD_000576,DRV_0179,16.73,28.1,83.5,83.3
DEL_000532,ORD_000577,DRV_0191,3.34,16.1,30.7,32.0
DEL_000533,ORD_000578,DRV_0073,6.78,23.7,54.9,53.3
DEL_000534,ORD_000579,DRV_0208,2.45,11.1,21.0,21.7
DEL_000535,ORD_000580,DRV_0006,3.94,16.3,47.2,43.0
DEL_000536,ORD_000581,DRV_0053,13.61,26.4,95.7,89.0
DEL_000537,ORD_000582,DRV_0064,1.66,22.8,29.8,29.4
DEL_000538,ORD_000583,DRV_0221,7.89,26.9,47.2,54.2
DEL_000539,ORD_000584,DRV_0112,6.35,23.9,46.8,48.9
DEL_000540,ORD_000585,DRV_0105,5.56,13.3,38.3,41.9
DEL_000541,ORD_000586,DRV_0167,4.14,28.1,50.2,43.8
DEL_000542,ORD_000587,DRV_0251,3.4,21.6,28.9,33.1
DEL_000543,ORD_000588,DRV_0223,5.59,19.4,63.1,57.4
DEL_000544,ORD_000589,DRV_0112,3.62,21.5,37.8,38.6
DEL_000545,ORD_000590,DRV_0268,7.16,24.8,49.8,43.7
DEL_000546,ORD_000591,DRV_0271,3.82,19.2,28.4,24.4
DEL_000547,ORD_000592,DRV_0267,11.77,24.0,105.9,92.3
DEL_000548,ORD_000593,DRV_0090,5.73,17.1,47.0,49.8
DEL_000549,ORD_000595,DRV_0099,4.47,19.4,43.3,41.8
DEL_000550,ORD_000596,DRV_0167,9.07,31.3,74.7,76.7
DEL_000551,ORD_000597,DRV_0155,3.81,30.0,46.3,50.7
DEL_000552,ORD_000598,DRV_0113,4.58,10.9,26.8,30.8
DEL_000553,ORD_000599,DRV_0277,3.98,21.2,61.2,53.1
DEL_000554,ORD_000600,DRV_0185,3.12,19.1,23.3,28.1
DEL_000555,ORD_000601,DRV_0224,7.04,16.3,45.0,46.4
DEL_000556,ORD_000602,DRV_0125,7.12,10.3,39.3,44.1
DEL_000557,ORD_000603,DRV_0237,11.23,22.3,58.2,59.0
DEL_000558,ORD_000604,DRV_0012,8.82,18.4,41.2,45.9
DEL_000559,ORD_000605,DRV_0276,7.55,22.0,47.5,54.6
DEL_000560,ORD_000606,DRV_0068,5.0,17.8,48.5,41.5
DEL_000561,ORD_000607,DRV_0295,1.35,15.6,27.5,27.5
DEL_000562,ORD_000608,DRV_0141,7.11,17.4,43.2,46.5
DEL_000563,ORD_000609,DRV_0294,5.3,21.8,46.5,47.9
DEL_000564,ORD_000610,DRV_0176,8.12,17.5,56.3,51.1
DEL_000565,ORD_000612,DRV_0115,3.97,8.7,23.8,21.3
DEL_000566,ORD_000613,DRV_0025,10.28,26.3,72.0,71.3
DEL_000567,ORD_000614,DRV_0198,1.3,30.0,34.4,48.8
DEL_000568,ORD_000616,DRV_0129,6.92,18.2,48.1,42.9
DEL_000569,ORD_000617,DRV_0036,5.66,13.6,32.6,31.3
DEL_000570,ORD_000618,DRV_0221,4.91,30.0,52.3,50.5
DEL_000571,ORD_000619,DRV_0201,5.16,30.4,48.9,42.9
DEL_000572,ORD_000620,DRV_0015,3.48,28.3,43.5,46.5
DEL_000573,ORD_000621,DRV_0134,4.98,26.2,46.7,50.0
DEL_000574,ORD_000622,DRV_0232,3.3,30.0,51.7,48.3
DEL_000575,ORD_000623,DRV_0144,3.46,20.8,30.8,31.2
DEL_000576,ORD_000624,DRV_0270,4.26,26.7,46.1,46.5
DEL_000577,ORD_000625,DRV_0078,2.74,29.4,42.5,43.9
DEL_000578,ORD_000626,DRV_0207,10.74,16.7,44.9,58.1
DEL_000579,ORD_000627,DRV_0087,4.48,22.8,38.5,39.1
DEL_000580,ORD_000628,DRV_0078,7.01,17.8,50.6,46.7
DEL_000581,ORD_000629,DRV_0267,3.38,23.4,23.4,31.8
DEL_000582,ORD_000630,DRV_0138,3.38,35.0,53.9,54.4
DEL_000583,ORD_000631,DRV_0146,5.22,19.9,54.2,49.6
DEL_000584,ORD_000632,DRV_0284,11.75,28.5,73.7,81.9
DEL_000585,ORD_000634,DRV_0061,5.62,17.9,62.6,62.3
DEL_000586,ORD_000635,DRV_0180,5.39,28.3,46.8,52.2
DEL_000587,ORD_000636,DRV_0073,5.63,19.4,45.7,43.4
DEL_000588,ORD_000637,DRV_0093,17.23,12.7,77.6,76.2
DEL_000589,ORD_000638,DRV_0052,3.22,11.4,29.2,28.5
DEL_000590,ORD_000639,DRV_0139,4.9,19.2,49.8,49.3
DEL_000591,ORD_000640,DRV_0041,2.85,12.8,28.7,27.7
DEL_000592,ORD_000641,DRV_0067,7.98,19.6,57.2,55.8
DEL_000593,ORD_000642,DRV_0180,8.21,25.8,58.8,61.3
DEL_000594,ORD_000643,DRV_0028,4.03,28.6,40.9,46.2
DEL_000595,ORD_000644,DRV_0053,6.87,14.8,43.4,44.7
DEL_000596,ORD_000645,DRV_0216,4.57,29.5,57.1,49.8
DEL_000597,ORD_000646,DRV_0290,2.01,29.0,39.5,40.0
DEL_000598,ORD_000647,DRV_0064,13.79,40.7,92.2,90.2
DEL_000599,ORD_000648,DRV_0019,2.11,23.1,26.1,30.4
DEL_000600,ORD_000649,DRV_0283,10.53,20.3,72.9,64.0
DEL_000601,ORD_000650,DRV_0174,4.41,28.6,46.4,42.6
DEL_000602,ORD_000652,DRV_0041,6.25,11.1,46.4,42.1
DEL_000603,ORD_000653,DRV_0254,11.24,13.1,88.1,77.5
DEL_000604,ORD_000654,DRV_0272,3.73,15.8,35.1,43.8
DEL_000605,ORD_000655,DRV_0138,2.72,18.6,32.8,30.8
DEL_000606,ORD_000656,DRV_0045,15.92,11.2,63.2,71.9
DEL_000607,ORD_000657,DRV_0258,4.41,22.4,32.4,36.4
DEL_000608,ORD_000658,DRV_0170,0.54,19.1,22.1,21.4
DEL_000609,ORD_000659,DRV_0276,8.1,31.3,72.1,71.5
DEL_000610,ORD_000660,DRV_0187,10.66,17.3,56.2,62.0
DEL_000611,ORD_000662,DRV_0161,5.76,24.4,36.8,35.3
DEL_000612,ORD_000663,DRV_0052,3.23,24.1,40.3,40.9
DEL_000613,ORD_000664,DRV_0227,13.82,24.3,79.7,81.4
DEL_000614,ORD_000665,DRV_0248,3.85,31.3,50.1,48.4
DEL_000615,ORD_000666,DRV_0162,9.35,17.7,47.0,50.5
DEL_000616,ORD_000667,DRV_0211,4.9,22.7,61.1,60.0
DEL_000617,ORD_000668,DRV_0210,3.81,25.7,30.9,33.0
DEL_000618,ORD_000669,DRV_0253,5.74,25.8,41.0,48.2
DEL_000619,ORD_000670,DRV_0269,4.25,28.5,40.1,46.2
DEL_000620,ORD_000671,DRV_0109,4.07,13.0,31.3,32.5
DEL_000621,ORD_000672,DRV_0089,7.29,17.2,63.3,60.7
DEL_000622,ORD_000673,DRV_0093,2.32,16.9,29.9,27.4
DEL_000623,ORD_000676,DRV_0167,1.08,28.8,27.5,31.6
DEL_000624,ORD_000677,DRV_0099,1.81,19.9,32.4,32.0
DEL_000625,ORD_000678,DRV_0269,10.78,25.1,87.1,86.0
DEL_000626,ORD_000679,DRV_0101,2.27,20.8,29.5,29.1
DEL_000627,ORD_000680,DRV_0212,8.53,15.4,76.8,71.1
DEL_000628,ORD_000681,DRV_0017,2.48,16.0,30.1,29.9
DEL_000629,ORD_000682,DRV_0053,13.88,21.7,80.8,75.4
DEL_000630,ORD_000684,DRV_0006,2.62,8.7,22.3,20.5
DEL_000631,ORD_000685,DRV_0278,4.13,22.3,39.6,40.4
DEL_000632,ORD_000686,DRV_0218,0.81,27.1,29.6,27.3
DEL_000633,ORD_000687,DRV_0012,5.83,30.5,54.8,53.8
DEL_000634,ORD_000688,DRV_0171,0.81,33.2,39.9,38.6
DEL_000635,ORD_000689,DRV_0129,1.9,24.1,35.8,35.2
DEL_000636,ORD_000690,DRV_0206,1.79,30.7,27.5,34.8
DEL_000637,ORD_000691,DRV_0174,1.67,24.9,35.1,31.6
DEL_000638,ORD_000692,DRV_0094,8.05,11.8,41.8,42.3
DEL_000639,ORD_000693,DRV_0066,8.68,17.6,47.5,41.6
DEL_000640,ORD_000694,DRV_0085,8.26,21.0,73.3,70.6
DEL_000641,ORD_000695,DRV_0162,2.12,12.1,19.0,17.9
DEL_000642,ORD_000697,DRV_0126,6.99,15.0,42.5,47.4
DEL_000643,ORD_000698,DRV_0117,4.76,29.1,41.6,47.5
DEL_000644,ORD_000699,DRV_0281,8.45,27.9,56.4,64.2
DEL_000645,ORD_000700,DRV_0126,10.34,29.0,82.2,81.6
DEL_000646,ORD_000701,DRV_0176,5.92,23.4,56.1,50.9
DEL_000647,ORD_000702,DRV_0143,9.88,18.9,108.8,90.4
DEL_000648,ORD_000703,DRV_0228,6.82,19.5,40.6,40.3
DEL_000649,ORD_000705,DRV_0042,2.63,23.5,36.9,35.4
DEL_000650,ORD_000706,DRV_0246,1.45,35.6,44.8,45.3
DEL_000651,ORD_000707,DRV_0107,3.33,17.6,34.4,33.4
DEL_000652,ORD_000708,DRV_0062,8.72,36.5,87.4,86.2
DEL_000653,ORD_000709,DRV_0162,3.88,25.3,37.5,33.5
DEL_000654,ORD_000710,DRV_0020,2.67,29.8,36.0,36.1
DEL_000655,ORD_000711,DRV_0171,7.69,21.6,63.3,62.1
DEL_000656,ORD_000712,DRV_0259,5.89,17.5,48.3,46.2
DEL_000657,ORD_000713,DRV_0054,3.23,22.1,32.4,34.4
DEL_000658,ORD_000715,DRV_0236,7.0,15.8,48.1,47.1
DEL_000659,ORD_000716,DRV_0186,3.51,22.6,33.4,31.3
DEL_000660,ORD_000717,DRV_0276,20.0,21.7,91.2,126.9
DEL_000661,ORD_000718,DRV_0299,1.32,19.1,22.2,21.5
DEL_000662,ORD_000719,DRV_0218,2.22,17.0,25.6,25.5
DEL_000663,ORD_000720,DRV_0283,9.82,14.3,53.1,69.2
DEL_000664,ORD_000721,DRV_0185,10.35,27.2,59.8,69.0
DEL_000665,ORD_000722,DRV_0244,4.3,24.4,51.9,57.1
DEL_000666,ORD_000723,DRV_0107,4.69,24.5,40.0,43.5
DEL_000667,ORD_000724,DRV_0229,5.6,19.0,50.5,51.2
DEL_000668,ORD_000725,DRV_0137,3.8,25.0,40.8,40.0
DEL_000669,ORD_000726,DRV_0190,5.19,19.2,44.1,46.1
DEL_000670,ORD_000727,DRV_0166,2.2,19.7,24.2,27.4
DEL_000671,ORD_000728,DRV_0040,3.61,33.3,49.2,49.5
DEL_000672,ORD_000729,DRV_0123,3.25,28.6,31.8,32.9
DEL_000673,ORD_000730,DRV_0246,13.25,16.3,88.3,74.5
DEL_000674,ORD_000732,DRV_0121,4.83,11.8,34.5,37.1
DEL_000675,ORD_000733,DRV_0168,9.58,30.8,81.1,80.4
DEL_000676,ORD_000734,DRV_0189,6.33,31.5,54.0,65.8
DEL_000677,ORD_000735,DRV_0194,2.4,24.4,41.2,35.7
DEL_000678,ORD_000737,DRV_0039,4.63,35.5,61.3,49.8
DEL_000679,ORD_000738,DRV_0152,8.61,25.1,38.8,54.1
DEL_000680,ORD_000739,DRV_0261,9.88,34.7,139.1,111.0
DEL_000681,ORD_000740,DRV_0074,2.5,23.8,36.6,38.4
DEL_000682,ORD_000741,DRV_0217,4.64,30.0,37.8,46.8
DEL_000683,ORD_000742,DRV_0207,3.73,18.9,28.2,30.5
DEL_000684,ORD_000743,DRV_0107,0.77,23.3,17.8,20.0
DEL_000685,ORD_000744,DRV_0054,4.25,21.2,30.0,32.7
DEL_000686,ORD_000745,DRV_0064,6.88,18.6,34.8,43.0
DEL_000687,ORD_000746,DRV_0269,1.87,27.7,38.8,44.1
DEL_000688,ORD_000747,DRV_0090,3.44,19.5,38.7,40.2
DEL_000689,ORD_000748,DRV_0167,6.82,26.5,73.0,73.4
DEL_000690,ORD_000749,DRV_0025,13.52,24.7,98.7,92.5
DEL_000691,ORD_000750,DRV_0033,8.99,19.0,76.5,67.9
DEL_000692,ORD_000751,DRV_0081,5.27,28.4,47.3,49.4
DEL_000693,ORD_000752,DRV_0010,7.4,26.5,53.5,59.0
DEL_000694,ORD_000753,DRV_0037,2.95,37.4,55.0,52.2
DEL_000695,ORD_000754,DRV_0129,5.13,21.3,39.1,41.9
DEL_000696,ORD_000755,DRV_0039,1.73,30.3,39.4,34.9
DEL_000697,ORD_000756,DRV_0258,5.28,21.1,54.0,51.9
DEL_000698,ORD_000757,DRV_0195,0.71,24.5,21.7,24.6
DEL_000699,ORD_000758,DRV_0296,4.05,26.9,45.7,47.1
DEL_000700,ORD_000759,DRV_0253,13.67,10.8,49.7,62.3
DEL_000701,ORD_000760,DRV_0068,7.91,19.1,55.6,53.8
DEL_000702,ORD_000761,DRV_0069,2.93,16.0,30.2,29.9
DEL_000703,ORD_000762,DRV_0293,2.33,28.2,28.5,34.6
DEL_000704,ORD_000764,DRV_0106,10.09,18.6,44.9,55.7
DEL_000705,ORD_000765,DRV_0051,1.51,23.7,28.0,30.6
DEL_000706,ORD_000766,DRV_0039,1.17,19.5,15.1,19.8
DEL_000707,ORD_000767,DRV_0249,5.76,29.9,51.4,53.7
DEL_000708,ORD_000768,DRV_0204,1.29,28.2,43.4,36.4
DEL_000709,ORD_000769,DRV_0011,10.13,21.2,67.5,65.3
DEL_000710,ORD_000770,DRV_0071,0.64,29.2,29.7,30.4
DEL_000711,ORD_000771,DRV_0293,9.05,11.8,53.3,51.7
DEL_000712,ORD_000772,DRV_0201,3.4,41.0,61.1,59.4
DEL_000713,ORD_000773,DRV_0150,3.61,23.0,43.5,40.1
DEL_000714,ORD_000774,DRV_0008,3.5,30.1,45.5,49.8
DEL_000715,ORD_000775,DRV_0160,4.25,13.7,26.9,22.5
DEL_000716,ORD_000776,DRV_0118,6.44,28.6,58.6,54.7
DEL_000717,ORD_000777,DRV_0020,15.64,10.5,77.2,82.8
DEL_000718,ORD_000778,DRV_0177,0.99,20.0,26.9,28.5
DEL_000719,ORD_000779,DRV_0014,8.92,19.1,51.8,59.2
DEL_000720,ORD_000780,DRV_0136,1.15,23.6,35.6,31.8
DEL_000721,ORD_000781,DRV_0075,12.44,26.5,79.6,105.7
DEL_000722,ORD_000782,DRV_0212,15.18,12.3,89.1,96.6
DEL_000723,ORD_000783,DRV_0003,8.42,22.5,62.1,54.8
DEL_000724,ORD_000784,DRV_0195,5.22,18.4,42.1,42.5
DEL_000725,ORD_000785,DRV_0035,5.29,25.1,60.5,56.0
DEL_000726,ORD_000786,DRV_0125,7.48,25.2,57.5,60.0
DEL_000727,ORD_000787,DRV_0239,12.11,26.1,83.9,79.2
DEL_000728,ORD_000788,DRV_0201,12.19,29.6,72.5,78.1
DEL_000729,ORD_000789,DRV_0200,3.01,20.7,24.3,32.0
DEL_000730,ORD_000790,DRV_0250,6.13,21.7,91.9,79.8
DEL_000731,ORD_000791,DRV_0113,2.9,22.2,37.4,39.9
DEL_000732,ORD_000792,DRV_0055,7.83,32.2,80.9,70.3
DEL_000733,ORD_000793,DRV_0187,3.85,14.8,54.9,52.7
DEL_000734,ORD_000794,DRV_0199,16.74,28.1,119.6,107.3
DEL_000735,ORD_000795,DRV_0037,9.17,22.5,40.9,47.3
DEL_000736,ORD_000796,DRV_0026,6.48,31.6,55.4,59.4
DEL_000737,ORD_000797,DRV_0286,5.02,24.1,51.9,50.4
DEL_000738,ORD_000798,DRV_0295,4.91,13.9,25.1,29.6
DEL_000739,ORD_000799,DRV_0181,6.27,21.4,39.2,43.9
DEL_000740,ORD_000800,DRV_0137,12.97,27.6,73.6,74.5
DEL_000741,ORD_000801,DRV_0274,1.84,17.6,23.3,24.9
DEL_000742,ORD_000803,DRV_0038,10.72,25.3,96.0,83.0
DEL_000743,ORD_000804,DRV_0078,5.24,23.5,47.9,46.0
DEL_000744,ORD_000805,DRV_0134,5.33,26.8,59.0,62.3
DEL_000745,ORD_000806,DRV_0096,11.27,12.0,70.9,72.2
DEL_000746,ORD_000807,DRV_0071,7.08,26.6,55.9,57.7
DEL_000747,ORD_000808,DRV_0171,7.34,16.6,50.7,45.0
DEL_000748,ORD_000809,DRV_0157,2.62,16.6,31.9,32.0
DEL_000749,ORD_000810,DRV_0208,2.62,15.5,28.9,28.8
DEL_000750,ORD_000811,DRV_0216,5.46,32.2,53.8,58.1
DEL_000751,ORD_000812,DRV_0126,2.5,25.5,30.8,40.5
DEL_000752,ORD_000813,DRV_0208,7.58,31.6,61.8,60.8
DEL_000753,ORD_000814,DRV_0168,3.54,18.0,28.1,33.4
DEL_000754,ORD_000816,DRV_0248,2.78,31.2,32.5,35.6
DEL_000755,ORD_000817,DRV_0080,10.68,31.1,78.5,83.9
DEL_000756,ORD_000818,DRV_0145,6.69,27.1,55.8,49.8
DEL_000757,ORD_000819,DRV_0082,3.84,26.2,38.9,45.2
DEL_000758,ORD_000820,DRV_0088,6.04,29.3,60.2,61.8
DEL_000759,ORD_000821,DRV_0287,3.08,11.7,17.2,19.0
DEL_000760,ORD_000822,DRV_0131,5.98,26.7,67.3,58.2
DEL_000761,ORD_000823,DRV_0282,4.89,30.2,52.3,50.9
DEL_000762,ORD_000824,DRV_0004,3.46,26.4,41.4,38.9
DEL_000763,ORD_000825,DRV_0195,3.05,25.5,47.7,48.5
DEL_000764,ORD_000826,DRV_0205,10.44,22.4,70.3,75.2
DEL_000765,ORD_000827,DRV_0206,16.89,17.8,128.1,113.1
DEL_000766,ORD_000828,DRV_0148,6.22,30.8,59.4,62.9
DEL_000767,ORD_000829,DRV_0274,5.27,26.2,42.6,50.3
DEL_000768,ORD_000830,DRV_0221,5.87,17.9,40.2,39.9
DEL_000769,ORD_000831,DRV_0165,7.08,28.6,69.0,83.2
DEL_000770,ORD_000832,DRV_0050,3.88,26.6,39.9,38.8
DEL_000771,ORD_000833,DRV_0131,11.98,26.0,66.9,67.6
DEL_000772,ORD_000834,DRV_0057,2.93,20.3,41.3,39.5
DEL_000773,ORD_000835,DRV_0223,1.87,25.5,37.6,35.4
DEL_000774,ORD_000836,DRV_0019,5.04,18.5,46.8,48.1
DEL_000775,ORD_000838,DRV_0136,5.04,9.8,30.0,29.8
DEL_000776,ORD_000839,DRV_0240,11.07,29.4,76.1,87.1
DEL_000777,ORD_000840,DRV_0277,6.63,16.1,51.3,45.9
DEL_000778,ORD_000841,DRV_0189,2.55,25.7,39.7,39.1
DEL_000779,ORD_000842,DRV_0059,3.86,39.9,55.0,55.3
DEL_000780,ORD_000843,DRV_0033,7.82,10.6,33.2,38.0
DEL_000781,ORD_000844,DRV_0124,10.05,19.3,41.3,48.1
DEL_000782,ORD_000845,DRV_0032,9.29,16.3,46.1,47.8
DEL_000783,ORD_000846,DRV_0164,3.34,20.4,22.8,26.4
DEL_000784,ORD_000847,DRV_0120,8.79,19.2,62.0,57.6
DEL_000785,ORD_000848,DRV_0046,13.18,22.2,92.0,85.7
DEL_000786,ORD_000849,DRV_0286,4.24,10.0,23.3,24.0
DEL_000787,ORD_000850,DRV_0033,8.35,24.4,49.8,56.5
DEL_000788,ORD_000851,DRV_0027,3.25,20.3,23.1,27.0
DEL_000789,ORD_000852,DRV_0236,7.72,11.8,29.2,29.0
DEL_000790,ORD_000853,DRV_0033,2.31,31.2,51.4,43.3
DEL_000791,ORD_000854,DRV_0005,1.91,33.7,41.1,42.9
DEL_000792,ORD_000855,DRV_0054,6.25,28.9,56.9,59.2
DEL_000793,ORD_000856,DRV_0072,7.52,23.6,42.5,43.4
DEL_000794,ORD_000857,DRV_0255,9.28,9.5,70.9,69.2
DEL_000795,ORD_000858,DRV_0260,7.82,24.8,47.4,53.4
DEL_000796,ORD_000859,DRV_0082,6.59,23.0,59.0,59.4
DEL_000797,ORD_000860,DRV_0297,2.78,15.8,26.0,33.8
DEL_000798,ORD_000861,DRV_0013,3.07,18.3,28.3,29.7
DEL_000799,ORD_000863,DRV_0013,9.49,14.9,55.4,52.3
DEL_000800,ORD_000864,DRV_0019,2.26,20.6,28.2,31.0
DEL_000801,ORD_000865,DRV_0132,6.34,24.1,52.3,58.8
DEL_000802,ORD_000866,DRV_0236,11.29,32.2,64.7,71.8
DEL_000803,ORD_000867,DRV_0240,8.33,23.1,53.3,60.6
DEL_000804,ORD_000868,DRV_0241,10.41,21.3,50.4,56.6
DEL_000805,ORD_000869,DRV_0129,3.73,15.9,31.7,32.1
DEL_000806,ORD_000870,DRV_0188,5.28,27.2,46.2,50.8
DEL_000807,ORD_000872,DRV_0070,4.89,37.0,56.5,59.2
DEL_000808,ORD_000873,DRV_0246,2.76,24.8,38.8,39.1
DEL_000809,ORD_000874,DRV_0261,4.63,21.8,41.6,41.4
DEL_000810,ORD_000875,DRV_0289,4.15,16.7,42.4,41.1
DEL_000811,ORD_000876,DRV_0086,3.44,26.5,47.4,46.5
DEL_000812,ORD_000877,DRV_0004,9.99,29.7,81.5,84.9
DEL_000813,ORD_000878,DRV_0081,6.68,26.2,84.1,74.3
DEL_000814,ORD_000879,DRV_0270,4.57,23.3,41.8,41.9
DEL_000815,ORD_000880,DRV_0244,7.18,34.9,77.6,71.4
DEL_000816,ORD_000881,DRV_0138,5.43,36.9,80.1,70.9
DEL_000817,ORD_000882,DRV_0160,8.65,15.4,48.9,49.9
DEL_000818,ORD_000883,DRV_0016,5.39,24.2,32.3,36.2
DEL_000819,ORD_000884,DRV_0138,8.31,24.5,38.5,55.9
DEL_000820,ORD_000885,DRV_0063,8.08,13.6,42.3,48.1
DEL_000821,ORD_000886,DRV_0170,12.19,21.8,59.7,62.7
DEL_000822,ORD_000887,DRV_0173,4.71,21.8,31.6,29.9
DEL_000823,ORD_000888,DRV_0284,3.67,23.6,37.3,35.4
DEL_000824,ORD_000890,DRV_0149,2.27,22.1,27.0,27.4
DEL_000825,ORD_000891,DRV_0268,7.5,9.5,38.5,41.1
DEL_000826,ORD_000892,DRV_0225,1.59,13.8,17.3,18.5
DEL_000827,ORD_000893,DRV_0273,4.55,22.6,40.8,43.1
DEL_000828,ORD_000894,DRV_0228,2.21,20.9,34.2,30.7
DEL_000829,ORD_000895,DRV_0297,8.32,35.0,69.6,73.4
DEL_000830,ORD_000896,DRV_0117,6.24,17.6,42.6,46.3
DEL_000831,ORD_000897,DRV_0028,9.84,32.3,69.9,69.2
DEL_000832,ORD_000898,DRV_0100,4.13,25.7,45.9,48.8
DEL_000833,ORD_000900,DRV_0275,8.88,27.6,71.1,72.8
DEL_000834,ORD_000901,DRV_0233,5.57,23.9,40.4,42.2
DEL_000835,ORD_000902,DRV_0051,3.71,22.7,38.2,39.1
DEL_000836,ORD_000903,DRV_0252,11.29,14.5,56.7,65.6
DEL_000837,ORD_000904,DRV_0087,5.84,19.5,43.0,39.0
DEL_000838,ORD_000905,DRV_0128,5.97,8.7,81.9,70.9
DEL_000839,ORD_000906,DRV_0078,2.83,15.4,15.5,24.0
DEL_000840,ORD_000907,DRV_0214,8.31,30.5,65.6,65.7
DEL_000841,ORD_000908,DRV_0283,5.43,29.6,49.9,44.0
DEL_000842,ORD_000909,DRV_0004,5.25,17.3,35.3,39.6
DEL_000843,ORD_000912,DRV_0032,3.93,22.8,40.2,40.3
DEL_000844,ORD_000913,DRV_0075,7.83,12.6,54.2,59.9
DEL_000845,ORD_000914,DRV_0014,16.93,23.7,118.4,120.0
DEL_000846,ORD_000915,DRV_0066,2.01,17.6,28.4,29.4
DEL_000847,ORD_000916,DRV_0030,13.74,20.6,77.4,76.7
DEL_000848,ORD_000917,DRV_0257,1.56,27.8,26.2,27.6
DEL_000849,ORD_000918,DRV_0250,2.7,23.1,38.6,33.0
DEL_000850,ORD_000919,DRV_0101,0.5,12.0,21.2,20.9
DEL_000851,ORD_000920,DRV_0201,7.05,5.0,35.8,40.4
DEL_000852,ORD_000921,DRV_0033,8.36,40.1,65.6,73.0
DEL_000853,ORD_000922,DRV_0194,0.95,17.4,21.7,22.5
DEL_000854,ORD_000923,DRV_0106,2.07,22.0,27.6,36.3
DEL_000855,ORD_000924,DRV_0133,15.2,17.3,75.7,71.1
DEL_000856,ORD_000925,DRV_0300,2.94,18.0,25.9,23.4
DEL_000857,ORD_000926,DRV_0014,0.5,23.0,28.7,29.4
DEL_000858,ORD_000927,DRV_0062,5.77,5.0,28.4,25.3
DEL_000859,ORD_000928,DRV_0252,5.02,27.7,44.8,51.7
DEL_000860,ORD_000929,DRV_0176,9.13,11.5,33.0,42.3
DEL_000861,ORD_000930,DRV_0207,1.45,18.1,17.7,19.8
DEL_000862,ORD_000931,DRV_0006,2.66,19.1,23.1,24.3
DEL_000863,ORD_000932,DRV_0038,3.23,29.7,34.9,40.6
DEL_000864,ORD_000933,DRV_0080,4.43,31.1,48.9,48.3
DEL_000865,ORD_000934,DRV_0260,3.26,22.8,46.3,50.2
DEL_000866,ORD_000935,DRV_0047,8.22,17.9,41.3,43.4
DEL_000867,ORD_000936,DRV_0224,1.78,30.1,39.7,40.7
DEL_000868,ORD_000937,DRV_0221,11.28,25.9,64.9,67.4
DEL_000869,ORD_000938,DRV_0035,3.82,24.2,44.7,43.8
DEL_000870,ORD_000939,DRV_0086,9.84,23.2,82.9,74.1
DEL_000871,ORD_000940,DRV_0286,5.43,31.4,42.4,49.4
DEL_000872,ORD_000941,DRV_0005,5.69,25.8,49.4,53.2
DEL_000873,ORD_000942,DRV_0106,5.77,17.1,47.1,49.1
DEL_000874,ORD_000945,DRV_0086,10.82,16.0,71.8,58.5
DEL_000875,ORD_000946,DRV_0223,11.7,12.4,68.8,64.1
DEL_000876,ORD_000948,DRV_0068,2.49,21.2,41.8,40.2
DEL_000877,ORD_000949,DRV_0203,2.98,12.9,16.9,17.9
DEL_000878,ORD_000950,DRV_0226,14.39,16.5,64.9,77.5
DEL_000879,ORD_000951,DRV_0138,14.23,15.4,81.7,94.1
DEL_000880,ORD_000953,DRV_0106,4.84,16.2,52.7,46.9
DEL_000881,ORD_000954,DRV_0299,8.92,19.7,55.1,53.5
DEL_000882,ORD_000955,DRV_0124,3.97,27.8,53.0,51.1
DEL_000883,ORD_000956,DRV_0118,4.69,22.4,39.5,40.1
DEL_000884,ORD_000957,DRV_0200,7.96,32.8,70.7,71.7
DEL_000885,ORD_000958,DRV_0143,2.8,25.0,42.6,39.8
DEL_000886,ORD_000959,DRV_0089,8.57,17.2,46.7,55.3
DEL_000887,ORD_000960,DRV_0018,4.7,22.2,45.0,43.7
DEL_000888,ORD_000961,DRV_0058,1.21,26.7,29.9,29.9
DEL_000889,ORD_000962,DRV_0116,2.88,36.6,39.5,46.2
DEL_000890,ORD_000963,DRV_0184,4.98,34.1,54.3,56.9
DEL_000891,ORD_000964,DRV_0204,5.57,23.5,58.6,54.3
DEL_000892,ORD_000965,DRV_0091,2.52,24.9,33.6,38.4
DEL_000893,ORD_000966,DRV_0043,7.11,12.4,35.5,32.7
DEL_000894,ORD_000967,DRV_0269,7.45,18.1,52.0,58.2
DEL_000895,ORD_000968,DRV_0217,2.09,18.8,32.8,28.9
DEL_000896,ORD_000969,DRV_0234,4.27,19.2,42.1,43.4
DEL_000897,ORD_000970,DRV_0097,8.52,24.1,43.8,62.8
DEL_000898,ORD_000971,DRV_0200,4.45,29.5,49.0,45.6
DEL_000899,ORD_000972,DRV_0183,3.44,30.4,46.1,48.2
DEL_000900,ORD_000973,DRV_0277,2.74,18.7,29.8,31.5
DEL_000901,ORD_000974,DRV_0145,6.5,31.3,56.9,59.4
DEL_000902,ORD_000975,DRV_0042,5.38,18.6,48.2,47.4
DEL_000903,ORD_000976,DRV_0289,9.75,26.0,72.7,73.4
DEL_000904,ORD_000977,DRV_0256,1.29,27.9,30.5,33.2
DEL_000905,ORD_000978,DRV_0224,3.66,19.9,50.0,47.9
DEL_000906,ORD_000979,DRV_0003,9.92,15.6,62.4,61.9
DEL_000907,ORD_000980,DRV_0297,0.88,35.4,40.3,39.0
DEL_000908,ORD_000981,DRV_0168,1.91,15.3,21.6,20.7
DEL_000909,ORD_000982,DRV_0128,2.62,20.9,43.7,41.0
DEL_000910,ORD_000983,DRV_0164,0.76,13.2,16.3,17.4
DEL_000911,ORD_000984,DRV_0280,6.47,19.6,62.9,60.5
DEL_000912,ORD_000985,DRV_0223,12.62,22.7,107.4,104.6
DEL_000913,ORD_000986,DRV_0022,5.04,18.0,33.4,33.4
DEL_000914,ORD_000987,DRV_0232,10.67,22.7,81.5,81.6
DEL_000915,ORD_000988,DRV_0060,3.94,30.1,59.4,58.5
DEL_000916,ORD_000989,DRV_0033,0.5,32.8,36.3,35.1
DEL_000917,ORD_000990,DRV_0215,9.35,25.7,58.2,61.5
DEL_000918,ORD_000991,DRV_0294,3.37,24.5,41.1,41.4
DEL_000919,ORD_000992,DRV_0198,9.88,10.3,38.3,42.8
DEL_000920,ORD_000993,DRV_0210,8.14,17.8,58.5,49.7
DEL_000921,ORD_000994,DRV_0140,3.3,22.1,29.5,34.4
DEL_000922,ORD_000995,DRV_0064,9.79,17.7,45.6,54.0
DEL_000923,ORD_000996,DRV_0020,4.81,8.3,32.0,37.4
DEL_000924,ORD_000998,DRV_0127,9.91,25.9,81.4,82.9
DEL_000925,ORD_000999,DRV_0224,3.38,10.0,29.7,27.3
DEL_000926,ORD_001000,DRV_0040,9.23,24.7,71.7,64.3
DEL_000927,ORD_001001,DRV_0008,3.32,17.0,20.6,24.7
DEL_000928,ORD_001003,DRV_0008,1.5,16.1,26.7,28.9
DEL_000929,ORD_001004,DRV_0125,1.77,19.8,25.5,25.1
DEL_000930,ORD_001006,DRV_0119,5.32,20.4,42.3,39.7
DEL_000931,ORD_001007,DRV_0015,2.81,20.8,27.4,29.9
DEL_000932,ORD_001008,DRV_0193,3.83,13.0,30.4,29.5
DEL_000933,ORD_001009,DRV_0247,1.3,11.6,19.4,22.4
DEL_000934,ORD_001010,DRV_0018,2.65,29.3,43.7,40.4
DEL_000935,ORD_001011,DRV_0163,0.53,31.7,31.8,37.2
DEL_000936,ORD_001012,DRV_0189,20.0,30.4,137.4,150.0
DEL_000937,ORD_001013,DRV_0185,7.21,10.0,30.4,28.8
DEL_000938,ORD_001014,DRV_0025,5.02,24.2,48.6,50.6
DEL_000939,ORD_001015,DRV_0269,3.89,13.4,30.1,32.0
DEL_000940,ORD_001016,DRV_0191,12.12,28.7,69.3,69.8
DEL_000941,ORD_001017,DRV_0113,9.83,25.9,80.3,68.1
DEL_000942,ORD_001018,DRV_0073,7.02,30.4,72.6,55.9
DEL_000943,ORD_001019,DRV_0013,5.77,31.9,51.7,52.7
DEL_000944,ORD_001020,DRV_0118,3.24,9.7,25.9,27.7
DEL_000945,ORD_001022,DRV_0053,8.76,13.2,33.5,40.9
DEL_000946,ORD_001023,DRV_0271,5.62,16.3,56.0,53.8
DEL_000947,ORD_001024,DRV_0060,7.94,23.1,95.4,85.9
DEL_000948,ORD_001025,DRV_0093,10.03,30.1,88.1,88.8
DEL_000949,ORD_001026,DRV_0029,3.0,21.6,38.6,40.0
DEL_000950,ORD_001027,DRV_0141,7.41,28.9,58.5,62.7
DEL_000951,ORD_001028,DRV_0020,10.32,36.5,78.1,77.4
DEL_000952,ORD_001029,DRV_0222,3.79,20.9,39.6,41.2
DEL_000953,ORD_001030,DRV_0145,5.37,23.2,46.8,48.3
DEL_000954,ORD_001031,DRV_0298,4.2,32.9,48.1,50.9
DEL_000955,ORD_001032,DRV_0289,10.49,11.4,61.7,61.5
DEL_000956,ORD_001033,DRV_0088,3.29,16.2,29.9,30.1
DEL_000957,ORD_001035,DRV_0145,7.43,17.5,57.6,49.3
DEL_000958,ORD_001036,DRV_0002,15.73,21.4,81.8,95.7
DEL_000959,ORD_001037,DRV_0132,4.88,28.0,53.6,55.0
DEL_000960,ORD_001038,DRV_0252,8.22,7.4,43.6,41.7
DEL_000961,ORD_001039,DRV_0116,5.13,8.0,32.2,37.3
DEL_000962,ORD_001040,DRV_0235,5.31,21.1,50.6,67.9
DEL_000963,ORD_001041,DRV_0196,4.1,32.7,37.7,47.9
DEL_000964,ORD_001042,DRV_0161,7.03,20.3,60.3,62.7
DEL_000965,ORD_001043,DRV_0182,7.96,18.7,62.8,56.0
DEL_000966,ORD_001044,DRV_0043,2.97,18.3,41.0,35.1
DEL_000967,ORD_001045,DRV_0230,9.24,21.3,55.8,58.2
DEL_000968,ORD_001046,DRV_0243,2.86,28.3,29.7,32.0
DEL_000969,ORD_001047,DRV_0250,11.62,12.8,79.3,79.9
DEL_000970,ORD_001048,DRV_0299,6.69,26.9,45.5,49.4
DEL_000971,ORD_001049,DRV_0100,1.88,16.6,32.7,31.6
DEL_000972,ORD_001050,DRV_0264,6.67,16.0,58.7,51.2
DEL_000973,ORD_001051,DRV_0219,4.67,24.1,46.9,45.8
DEL_000974,ORD_001053,DRV_0230,14.92,28.3,112.8,99.1
DEL_000975,ORD_001054,DRV_0193,1.52,19.5,23.6,24.4
DEL_000976,ORD_001056,DRV_0036,11.19,31.4,49.0,62.1
DEL_000977,ORD_001058,DRV_0026,2.61,13.3,30.3,36.0
DEL_000978,ORD_001059,DRV_0271,9.12,27.4,68.3,57.5
DEL_000979,ORD_001060,DRV_0069,4.74,22.3,44.3,42.6
DEL_000980,ORD_001061,DRV_0087,5.0,19.5,50.5,49.9
DEL_000981,ORD_001062,DRV_0246,1.8,12.4,19.5,16.0
DEL_000982,ORD_001063,DRV_0006,8.07,19.4,55.5,51.8
DEL_000983,ORD_001064,DRV_0207,17.12,14.0,90.2,85.1
DEL_000984,ORD_001065,DRV_0151,7.54,20.9,47.5,49.3
DEL_000985,ORD_001066,DRV_0031,7.51,23.1,49.4,58.3
DEL_000986,ORD_001067,DRV_0222,4.36,22.7,51.7,52.2
DEL_000987,ORD_001068,DRV_0057,8.1,15.8,56.8,60.2
DEL_000988,ORD_001069,DRV_0232,6.19,20.5,38.9,53.4
DEL_000989,ORD_001070,DRV_0205,6.78,17.7,43.4,34.8
DEL_000990,ORD_001071,DRV_0069,3.38,22.2,55.5,52.2
DEL_000991,ORD_001072,DRV_0279,4.98,19.3,36.6,42.9
DEL_000992,ORD_001073,DRV_0156,10.92,33.0,61.7,72.9
DEL_000993,ORD_001074,DRV_0249,8.81,18.2,77.8,77.6
DEL_000994,ORD_001075,DRV_0132,0.79,23.9,22.3,22.8
DEL_000995,ORD_001076,DRV_0096,5.45,24.0,52.5,60.2
DEL_000996,ORD_001077,DRV_0153,5.54,37.0,63.2,65.5
DEL_000997,ORD_001078,DRV_0225,3.05,24.9,28.1,31.4
DEL_000998,ORD_001079,DRV_0270,10.8,21.8,66.9,74.6
DEL_000999,ORD_001080,DRV_0097,9.2,26.6,68.6,73.0
DEL_001000,ORD_001081,DRV_0298,7.19,8.7,71.7,66.2
DEL_001001,ORD_001082,DRV_0167,7.33,37.6,74.8,83.5
DEL_001002,ORD_001083,DRV_0297,10.78,20.6,95.3,80.0
DEL_001003,ORD_001084,DRV_0071,1.86,12.8,16.2,15.5
DEL_001004,ORD_001085,DRV_0114,4.68,18.7,41.8,40.0
DEL_001005,ORD_001086,DRV_0122,7.0,26.8,55.0,50.8
DEL_001006,ORD_001087,DRV_0275,4.41,40.9,64.0,66.0
DEL_001007,ORD_001090,DRV_0032,5.22,14.6,53.1,52.2
DEL_001008,ORD_001091,DRV_0210,3.85,23.5,33.5,40.3
DEL_001009,ORD_001092,DRV_0225,3.55,21.8,39.4,39.3
DEL_001010,ORD_001093,DRV_0248,6.57,21.9,41.8,46.5
DEL_001011,ORD_001094,DRV_0264,10.41,11.7,65.5,69.3
DEL_001012,ORD_001095,DRV_0031,11.84,13.2,81.9,93.7
DEL_001013,ORD_001096,DRV_0266,13.92,25.7,88.4,84.0
DEL_001014,ORD_001097,DRV_0014,10.47,14.7,69.9,63.5
DEL_001015,ORD_001098,DRV_0094,6.58,13.7,41.0,38.6
DEL_001016,ORD_001099,DRV_0155,3.21,38.9,54.9,57.8
DEL_001017,ORD_001100,DRV_0047,3.43,18.9,34.1,33.8
DEL_001018,ORD_001101,DRV_0280,14.17,25.6,72.8,70.9
DEL_001019,ORD_001105,DRV_0188,6.15,11.0,37.6,36.6
DEL_001020,ORD_001106,DRV_0032,1.22,15.9,20.4,23.6
DEL_001021,ORD_001107,DRV_0170,8.72,25.7,89.8,85.9
DEL_001022,ORD_001108,DRV_0255,7.46,18.2,64.2,58.3
DEL_001023,ORD_001110,DRV_0160,1.53,27.6,28.6,29.1
DEL_001024,ORD_001111,DRV_0229,2.06,15.7,20.8,24.9
DEL_001025,ORD_001112,DRV_0239,2.92,15.9,28.4,28.0
DEL_001026,ORD_001113,DRV_0192,2.16,25.6,37.4,36.7
DEL_001027,ORD_001114,DRV_0213,4.92,15.0,43.7,49.8
DEL_001028,ORD_001115,DRV_0089,5.86,5.0,33.1,31.3
DEL_001029,ORD_001116,DRV_0211,3.59,23.8,42.8,38.2
DEL_001030,ORD_001117,DRV_0113,1.89,14.7,17.0,15.8
DEL_001031,ORD_001119,DRV_0073,4.6,14.3,32.0,37.7
DEL_001032,ORD_001120,DRV_0240,5.83,23.5,49.2,54.9
DEL_001033,ORD_001121,DRV_0297,6.15,29.6,54.3,54.1
DEL_001034,ORD_001122,DRV_0196,14.09,29.7,116.4,101.6
DEL_001035,ORD_001124,DRV_0256,8.7,38.0,87.6,85.0
DEL_001036,ORD_001125,DRV_0111,12.11,24.3,79.3,74.3
DEL_001037,ORD_001126,DRV_0221,1.35,27.0,32.5,30.5
DEL_001038,ORD_001127,DRV_0050,5.96,16.5,38.5,45.8
DEL_001039,ORD_001128,DRV_0073,3.77,10.6,18.6,21.2
DEL_001040,ORD_001129,DRV_0033,2.28,9.1,20.0,23.2
DEL_001041,ORD_001130,DRV_0147,14.91,28.7,109.0,104.8
DEL_001042,ORD_001131,DRV_0060,4.88,25.6,53.9,52.5
DEL_001043,ORD_001132,DRV_0158,4.54,20.1,36.4,36.8
DEL_001044,ORD_001133,DRV_0229,2.61,26.5,43.6,42.7
DEL_001045,ORD_001134,DRV_0032,3.11,23.2,34.4,36.1
DEL_001046,ORD_001135,DRV_0260,4.46,13.2,25.5,26.3
DEL_001047,ORD_001136,DRV_0246,2.94,22.9,38.4,40.2
DEL_001048,ORD_001137,DRV_0068,3.29,29.6,55.0,51.8
DEL_001049,ORD_001138,DRV_0079,1.84,29.4,45.3,43.4
DEL_001050,ORD_001139,DRV_0191,5.04,28.0,52.7,55.9
DEL_001051,ORD_001140,DRV_0071,4.14,20.7,27.3,32.7
DEL_001052,ORD_001141,DRV_0011,1.7,7.5,14.1,14.9
DEL_001053,ORD_001142,DRV_0190,1.4,24.9,34.0,34.3
DEL_001054,ORD_001143,DRV_0178,3.54,26.5,48.7,49.6
DEL_001055,ORD_001144,DRV_0220,7.5,24.9,51.8,55.8
DEL_001056,ORD_001145,DRV_0280,4.27,25.9,37.7,42.5
DEL_001057,ORD_001146,DRV_0191,2.87,25.4,34.8,37.3
DEL_001058,ORD_001147,DRV_0131,8.7,16.8,51.7,49.5
DEL_001059,ORD_001148,DRV_0031,1.83,30.0,36.8,36.2
DEL_001060,ORD_001149,DRV_0197,3.24,24.5,43.1,43.1
DEL_001061,ORD_001150,DRV_0245,8.39,20.8,67.4,55.7
DEL_001062,ORD_001151,DRV_0215,14.36,17.1,93.0,85.5
DEL_001063,ORD_001153,DRV_0262,4.55,19.3,43.3,44.0
DEL_001064,ORD_001154,DRV_0017,2.44,25.3,39.8,36.5
DEL_001065,ORD_001155,DRV_0001,3.03,37.4,39.8,46.3
DEL_001066,ORD_001156,DRV_0147,11.35,27.9,83.4,82.8
DEL_001067,ORD_001157,DRV_0277,4.08,19.6,40.1,45.5
DEL_001068,ORD_001158,DRV_0103,6.95,17.2,59.0,52.0
DEL_001069,ORD_001159,DRV_0010,3.36,18.9,30.9,26.8
DEL_001070,ORD_001161,DRV_0253,11.63,24.7,117.5,114.3
DEL_001071,ORD_001162,DRV_0080,6.57,19.4,44.5,43.1
DEL_001072,ORD_001163,DRV_0159,2.47,10.9,18.8,21.5
DEL_001073,ORD_001164,DRV_0089,9.78,30.9,76.9,80.8
DEL_001074,ORD_001165,DRV_0179,6.46,12.9,39.5,42.8
DEL_001075,ORD_001166,DRV_0096,1.47,34.6,36.7,38.6
DEL_001076,ORD_001167,DRV_0099,0.85,33.7,35.4,37.1
DEL_001077,ORD_001168,DRV_0131,1.33,24.8,32.4,35.0
DEL_001078,ORD_001169,DRV_0185,9.05,19.7,50.2,55.1
DEL_001079,ORD_001170,DRV_0092,0.83,10.9,15.9,18.4
DEL_001080,ORD_001171,DRV_0019,4.49,13.3,36.9,33.0
DEL_001081,ORD_001172,DRV_0277,13.4,35.7,113.8,95.4
DEL_001082,ORD_001173,DRV_0243,3.59,21.5,40.7,42.9
DEL_001083,ORD_001174,DRV_0259,6.4,30.7,58.9,57.9
DEL_001084,ORD_001175,DRV_0061,8.11,19.7,57.7,53.6
DEL_001085,ORD_001176,DRV_0281,7.48,29.9,65.5,78.7
DEL_001086,ORD_001177,DRV_0156,6.54,15.5,58.9,57.0
DEL_001087,ORD_001178,DRV_0102,4.03,28.9,46.3,43.7
DEL_001088,ORD_001179,DRV_0129,6.12,23.2,40.0,46.3
DEL_001089,ORD_001180,DRV_0232,3.63,34.3,54.5,55.9
DEL_001090,ORD_001181,DRV_0014,2.64,14.4,24.2,25.5
DEL_001091,ORD_001182,DRV_0101,4.58,21.1,40.5,40.5
DEL_001092,ORD_001183,DRV_0271,10.97,21.9,64.1,69.1
DEL_001093,ORD_001184,DRV_0282,20.0,14.7,82.2,86.4
DEL_001094,ORD_001186,DRV_0110,6.62,25.4,57.7,58.1
DEL_001095,ORD_001188,DRV_0118,8.88,23.3,83.7,80.5
DEL_001096,ORD_001189,DRV_0028,11.46,13.1,63.4,64.6
DEL_001097,ORD_001190,DRV_0246,8.39,21.2,86.7,82.1
DEL_001098,ORD_001191,DRV_0260,4.2,10.3,20.4,24.1
DEL_001099,ORD_001192,DRV_0056,11.01,33.9,94.1,96.0
DEL_001100,ORD_001193,DRV_0038,12.85,22.4,71.1,67.9
DEL_001101,ORD_001194,DRV_0278,11.01,13.5,55.5,61.3
DEL_001102,ORD_001195,DRV_0102,6.57,16.7,53.1,47.8
DEL_001103,ORD_001197,DRV_0155,4.32,12.6,38.5,37.1
DEL_001104,ORD_001198,DRV_0166,0.93,24.2,30.2,28.6
DEL_001105,ORD_001199,DRV_0017,12.66,27.3,93.9,102.8
DEL_001106,ORD_001200,DRV_0269,3.39,16.2,22.8,25.7
DEL_001107,ORD_001201,DRV_0283,9.24,33.9,75.0,75.6
DEL_001108,ORD_001202,DRV_0034,6.66,21.3,52.3,50.7
DEL_001109,ORD_001203,DRV_0212,0.5,19.3,16.7,15.7
DEL_001110,ORD_001205,DRV_0146,6.92,6.1,41.2,45.7
DEL_001111,ORD_001206,DRV_0281,7.02,33.9,78.5,66.2
DEL_001112,ORD_001207,DRV_0079,4.17,19.1,40.7,41.2
DEL_001113,ORD_001208,DRV_0157,1.7,10.6,23.0,24.1
DEL_001114,ORD_001209,DRV_0278,10.13,29.4,61.9,71.9
DEL_001115,ORD_001210,DRV_0119,9.74,21.0,57.1,71.1
DEL_001116,ORD_001213,DRV_0238,6.71,23.3,54.3,48.3
DEL_001117,ORD_001214,DRV_0286,2.96,30.0,47.4,43.7
DEL_001118,ORD_001215,DRV_0151,7.03,18.7,48.2,43.3
DEL_001119,ORD_001216,DRV_0166,1.52,19.8,20.1,25.0
DEL_001120,ORD_001217,DRV_0072,9.99,28.5,70.5,71.3
DEL_001121,ORD_001218,DRV_0196,2.56,28.4,41.4,42.9
DEL_001122,ORD_001219,DRV_0250,5.53,21.9,40.7,46.5
DEL_001123,ORD_001220,DRV_0081,2.62,17.2,36.1,32.9
DEL_001124,ORD_001221,DRV_0233,2.63,13.4,26.5,27.5
DEL_001125,ORD_001222,DRV_0027,2.98,21.3,33.3,35.3
DEL_001126,ORD_001223,DRV_0241,8.48,32.9,66.3,69.4
DEL_001127,ORD_001224,DRV_0186,1.99,7.8,17.2,16.3
DEL_001128,ORD_001226,DRV_0179,6.38,8.7,24.2,29.3
DEL_001129,ORD_001228,DRV_0020,3.29,32.8,54.7,50.9
DEL_001130,ORD_001229,DRV_0080,3.48,17.6,33.4,38.5
DEL_001131,ORD_001230,DRV_0243,5.39,7.4,39.3,34.0
DEL_001132,ORD_001232,DRV_0023,11.86,28.0,62.7,61.4
DEL_001133,ORD_001233,DRV_0088,10.75,27.2,60.2,71.5
DEL_001134,ORD_001234,DRV_0050,4.43,18.0,36.0,37.2
DEL_001135,ORD_001237,DRV_0263,4.51,24.4,55.9,62.9
DEL_001136,ORD_001238,DRV_0288,3.68,28.0,39.3,42.9
DEL_001137,ORD_001239,DRV_0296,4.46,14.3,32.5,33.4
DEL_001138,ORD_001240,DRV_0212,1.72,21.9,27.9,30.8
DEL_001139,ORD_001241,DRV_0174,6.71,18.6,53.6,56.9
DEL_001140,ORD_001242,DRV_0078,10.86,11.9,64.7,62.3
DEL_001141,ORD_001243,DRV_0098,3.11,19.9,34.2,36.8
DEL_001142,ORD_001244,DRV_0080,10.02,13.8,45.3,47.4
DEL_001143,ORD_001245,DRV_0216,1.3,21.0,32.0,28.6
DEL_001144,ORD_001246,DRV_0201,7.94,18.5,40.4,53.9
DEL_001145,ORD_001247,DRV_0049,2.74,21.1,35.2,29.5
DEL_001146,ORD_001248,DRV_0245,6.42,30.6,60.3,68.3
DEL_001147,ORD_001249,DRV_0026,6.85,28.2,72.9,57.0
DEL_001148,ORD_001250,DRV_0109,2.2,23.0,37.3,32.8
DEL_001149,ORD_001251,DRV_0081,12.58,16.8,90.1,111.8
DEL_001150,ORD_001252,DRV_0034,6.22,19.3,38.2,38.0
DEL_001151,ORD_001253,DRV_0053,1.45,20.6,27.7,28.3
DEL_001152,ORD_001254,DRV_0255,1.67,25.8,39.3,42.5
DEL_001153,ORD_001255,DRV_0101,2.84,22.2,33.7,35.9
DEL_001154,ORD_001256,DRV_0213,2.25,8.1,15.7,16.7
DEL_001155,ORD_001257,DRV_0144,4.08,35.6,57.4,52.6
DEL_001156,ORD_001258,DRV_0296,1.58,34.1,43.4,42.3
DEL_001157,ORD_001259,DRV_0063,4.8,23.7,46.1,43.8
DEL_001158,ORD_001260,DRV_0255,11.67,11.0,81.7,74.4
DEL_001159,ORD_001261,DRV_0180,2.74,22.2,21.8,31.0
DEL_001160,ORD_001262,DRV_0298,7.44,16.9,57.4,56.1
DEL_001161,ORD_001263,DRV_0014,9.1,18.8,64.2,59.8
DEL_001162,ORD_001264,DRV_0003,2.38,20.8,26.4,28.3
DEL_001163,ORD_001265,DRV_0286,7.85,20.0,53.9,49.6
DEL_001164,ORD_001266,DRV_0280,8.87,29.0,57.7,59.3
DEL_001165,ORD_001267,DRV_0213,6.96,19.8,41.9,43.8
DEL_001166,ORD_001268,DRV_0252,3.31,23.3,32.6,31.0
DEL_001167,ORD_001269,DRV_0249,2.65,34.9,42.0,40.4
DEL_001168,ORD_001270,DRV_0104,3.71,25.4,47.9,42.9
DEL_001169,ORD_001271,DRV_0219,3.6,27.0,46.5,48.8
DEL_001170,ORD_001272,DRV_0273,11.27,28.3,98.3,83.8
DEL_001171,ORD_001273,DRV_0021,2.47,21.9,32.1,37.1
DEL_001172,ORD_001274,DRV_0030,3.28,19.0,31.1,34.2
DEL_001173,ORD_001275,DRV_0017,8.11,24.2,47.0,46.3
DEL_001174,ORD_001276,DRV_0203,9.41,24.6,71.2,67.7
DEL_001175,ORD_001277,DRV_0262,9.34,12.8,63.1,69.6
DEL_001176,ORD_001278,DRV_0004,13.11,28.6,119.8,114.0
DEL_001177,ORD_001279,DRV_0137,1.79,19.1,31.6,30.0
DEL_001178,ORD_001280,DRV_0254,14.9,21.6,96.8,93.4
DEL_001179,ORD_001281,DRV_0180,20.0,28.9,88.8,108.9
DEL_001180,ORD_001282,DRV_0045,9.19,9.8,65.1,58.7
DEL_001181,ORD_001284,DRV_0109,2.97,19.0,36.6,29.5
DEL_001182,ORD_001285,DRV_0288,5.04,13.7,27.6,29.5
DEL_001183,ORD_001286,DRV_0256,2.38,15.7,19.9,25.0
DEL_001184,ORD_001288,DRV_0108,1.08,18.4,23.7,22.2
DEL_001185,ORD_001289,DRV_0210,5.68,32.6,71.0,76.5
DEL_001186,ORD_001290,DRV_0264,2.83,33.2,48.2,58.5
DEL_001187,ORD_001292,DRV_0114,5.46,23.0,50.0,48.5
DEL_001188,ORD_001293,DRV_0182,12.17,20.1,75.2,79.2
DEL_001189,ORD_001294,DRV_0215,6.14,25.1,47.3,53.2
DEL_001190,ORD_001295,DRV_0156,8.97,23.7,71.0,67.2
DEL_001191,ORD_001296,DRV_0203,1.69,22.5,28.0,28.8
DEL_001192,ORD_001297,DRV_0294,3.22,24.4,38.5,35.5
DEL_001193,ORD_001299,DRV_0128,3.67,25.3,40.7,38.9
DEL_001194,ORD_001300,DRV_0015,13.27,17.5,99.8,108.2
DEL_001195,ORD_001301,DRV_0007,10.92,33.1,97.6,98.2
DEL_001196,ORD_001302,DRV_0164,8.04,17.2,46.6,43.7
DEL_001197,ORD_001303,DRV_0097,2.34,15.1,22.7,22.8
DEL_001198,ORD_001305,DRV_0062,7.98,8.1,35.4,40.5
DEL_001199,ORD_001306,DRV_0122,9.72,21.4,52.2,52.7
DEL_001200,ORD_001307,DRV_0242,2.05,28.3,34.4,35.3
DEL_001201,ORD_001308,DRV_0114,1.55,26.1,32.7,37.4
DEL_001202,ORD_001309,DRV_0187,3.06,16.8,29.5,30.2
DEL_001203,ORD_001311,DRV_0011,1.95,20.5,29.1,30.7
DEL_001204,ORD_001312,DRV_0125,3.42,28.4,47.4,46.3
DEL_001205,ORD_001313,DRV_0270,8.97,9.5,41.8,41.6
DEL_001206,ORD_001314,DRV_0230,3.08,15.3,26.0,29.6
DEL_001207,ORD_001315,DRV_0023,6.99,12.9,61.9,55.1
DEL_001208,ORD_001316,DRV_0026,3.36,6.9,29.5,30.9
DEL_001209,ORD_001318,DRV_0071,4.2,20.9,30.6,39.0
DEL_001210,ORD_001319,DRV_0192,9.69,25.3,105.4,111.4
DEL_001211,ORD_001320,DRV_0052,7.97,23.8,49.1,53.0
DEL_001212,ORD_001321,DRV_0265,5.4,30.8,74.6,80.0
DEL_001213,ORD_001322,DRV_0217,2.51,20.0,32.4,34.6
DEL_001214,ORD_001323,DRV_0168,2.1,20.3,25.7,25.4
DEL_001215,ORD_001324,DRV_0050,15.24,32.9,118.9,109.1
DEL_001216,ORD_001325,DRV_0161,5.86,25.4,59.8,66.3
DEL_001217,ORD_001326,DRV_0137,3.44,26.1,37.8,39.1
DEL_001218,ORD_001327,DRV_0046,2.28,21.6,33.2,35.0
DEL_001219,ORD_001328,DRV_0128,3.67,19.7,30.0,33.4
DEL_001220,ORD_001329,DRV_0151,1.11,26.2,23.2,25.0
DEL_001221,ORD_001330,DRV_0169,5.68,27.9,74.2,61.7
DEL_001222,ORD_001331,DRV_0158,1.77,16.5,16.9,18.6
DEL_001223,ORD_001333,DRV_0123,2.87,30.2,44.4,40.2
DEL_001224,ORD_001334,DRV_0032,1.14,21.9,19.7,25.1
DEL_001225,ORD_001335,DRV_0208,19.47,15.9,112.3,124.1
DEL_001226,ORD_001336,DRV_0220,11.0,12.2,68.3,62.3
DEL_001227,ORD_001337,DRV_0230,3.43,12.3,28.3,28.1
DEL_001228,ORD_001338,DRV_0167,14.26,24.6,86.8,98.1
DEL_001229,ORD_001340,DRV_0143,3.31,17.8,22.6,25.5
DEL_001230,ORD_001341,DRV_0252,3.09,30.9,45.8,44.6
DEL_001231,ORD_001342,DRV_0022,5.26,30.7,41.2,42.6
DEL_001232,ORD_001343,DRV_0216,7.73,17.1,41.8,45.4
DEL_001233,ORD_001344,DRV_0229,4.39,15.3,51.9,46.9
DEL_001234,ORD_001345,DRV_0251,5.79,10.5,42.7,48.2
DEL_001235,ORD_001346,DRV_0167,2.78,30.4,47.5,52.7
DEL_001236,ORD_001347,DRV_0171,11.37,31.8,77.0,81.3
DEL_001237,ORD_001348,DRV_0215,3.34,23.6,36.6,40.8
DEL_001238,ORD_001349,DRV_0119,3.36,12.6,20.4,22.6
DEL_001239,ORD_001350,DRV_0211,5.98,28.0,58.3,52.2
DEL_001240,ORD_001351,DRV_0056,5.85,14.3,29.5,38.0
DEL_001241,ORD_001352,DRV_0200,8.34,16.8,40.3,52.2
DEL_001242,ORD_001353,DRV_0206,2.61,26.1,38.2,40.6
DEL_001243,ORD_001354,DRV_0025,8.04,28.1,50.6,58.6
DEL_001244,ORD_001355,DRV_0152,6.9,10.0,42.3,48.5
DEL_001245,ORD_001356,DRV_0118,5.25,22.0,51.7,52.9
DEL_001246,ORD_001357,DRV_0292,2.44,15.2,27.7,34.2
DEL_001247,ORD_001358,DRV_0064,5.81,17.2,42.4,46.4
DEL_001248,ORD_001359,DRV_0271,9.36,30.8,68.8,84.3
DEL_001249,ORD_001360,DRV_0085,2.68,29.5,43.1,45.6
DEL_001250,ORD_001362,DRV_0178,6.54,26.3,43.9,48.5
DEL_001251,ORD_001363,DRV_0036,7.04,34.2,61.8,62.4
DEL_001252,ORD_001364,DRV_0071,5.05,36.5,48.6,46.3
DEL_001253,ORD_001365,DRV_0268,2.17,25.7,35.2,36.1
DEL_001254,ORD_001366,DRV_0054,2.31,22.7,29.2,32.8
DEL_001255,ORD_001367,DRV_0091,7.39,22.4,69.3,61.8
DEL_001256,ORD_001368,DRV_0275,10.41,17.3,63.3,71.0
DEL_001257,ORD_001369,DRV_0059,5.97,23.1,44.6,51.3
DEL_001258,ORD_001370,DRV_0219,5.18,23.7,42.4,42.6
DEL_001259,ORD_001372,DRV_0271,2.74,17.5,29.6,32.6
DEL_001260,ORD_001373,DRV_0008,6.29,25.0,51.1,53.4
DEL_001261,ORD_001374,DRV_0237,5.08,25.8,52.0,47.7
DEL_001262,ORD_001375,DRV_0170,5.95,27.7,51.8,50.3
DEL_001263,ORD_001376,DRV_0003,4.06,19.9,40.4,41.0
DEL_001264,ORD_001377,DRV_0108,3.77,10.8,21.7,21.4
DEL_001265,ORD_001378,DRV_0122,14.21,21.2,99.5,92.1
DEL_001266,ORD_001379,DRV_0034,9.34,13.9,54.2,62.1
DEL_001267,ORD_001381,DRV_0243,4.98,14.8,55.8,48.4
DEL_001268,ORD_001382,DRV_0149,4.26,21.6,40.8,40.9
DEL_001269,ORD_001383,DRV_0148,8.67,8.2,58.3,56.1
DEL_001270,ORD_001384,DRV_0252,2.13,29.6,30.1,30.8
DEL_001271,ORD_001385,DRV_0110,8.86,25.9,111.6,104.5
DEL_001272,ORD_001386,DRV_0172,8.42,15.1,64.1,58.3
DEL_001273,ORD_001387,DRV_0250,0.89,23.2,24.8,21.5
DEL_001274,ORD_001388,DRV_0070,1.58,37.9,62.7,54.6
DEL_001275,ORD_001389,DRV_0278,1.49,15.6,21.8,23.0
DEL_001276,ORD_001390,DRV_0031,0.94,13.2,13.8,15.3
DEL_001277,ORD_001391,DRV_0200,3.53,18.2,37.9,38.5
DEL_001278,ORD_001392,DRV_0165,4.13,29.6,51.4,50.5
DEL_001279,ORD_001393,DRV_0017,4.74,15.3,49.2,50.1
DEL_001280,ORD_001394,DRV_0234,1.84,18.1,25.5,23.6
DEL_001281,ORD_001395,DRV_0049,4.16,25.4,47.4,47.7
DEL_001282,ORD_001396,DRV_0122,7.13,28.9,63.3,65.0
DEL_001283,ORD_001397,DRV_0195,2.97,18.1,36.1,39.9
DEL_001284,ORD_001398,DRV_0225,7.84,20.8,60.2,64.9
DEL_001285,ORD_001399,DRV_0127,4.91,20.9,31.2,33.7
DEL_001286,ORD_001400,DRV_0030,5.55,22.4,52.5,57.1
DEL_001287,ORD_001401,DRV_0274,3.78,14.3,47.9,43.2
DEL_001288,ORD_001402,DRV_0053,14.94,11.3,110.0,96.5
DEL_001289,ORD_001403,DRV_0008,4.42,26.9,52.9,57.9
DEL_001290,ORD_001404,DRV_0065,1.53,12.5,26.7,29.4
DEL_001291,ORD_001405,DRV_0279,3.24,29.3,35.4,38.8
DEL_001292,ORD_001406,DRV_0259,6.88,27.6,61.8,55.6
DEL_001293,ORD_001409,DRV_0032,12.72,29.6,70.6,84.4
DEL_001294,ORD_001410,DRV_0183,11.19,24.2,83.3,92.9
DEL_001295,ORD_001411,DRV_0241,9.59,20.5,49.6,46.0
DEL_001296,ORD_001412,DRV_0262,8.27,25.1,79.9,61.5
DEL_001297,ORD_001413,DRV_0291,2.51,9.0,24.0,24.9
DEL_001298,ORD_001414,DRV_0144,4.02,16.9,26.9,33.0
DEL_001299,ORD_001415,DRV_0292,0.95,25.4,27.2,26.6
DEL_001300,ORD_001416,DRV_0187,6.06,13.4,32.6,30.4
DEL_001301,ORD_001418,DRV_0081,6.11,16.3,43.8,42.9
DEL_001302,ORD_001420,DRV_0102,6.33,17.5,38.2,49.0
DEL_001303,ORD_001421,DRV_0271,10.16,31.5,84.7,82.5
DEL_001304,ORD_001422,DRV_0179,4.82,20.3,28.6,30.5
DEL_001305,ORD_001423,DRV_0178,2.62,26.0,40.3,44.0
DEL_001306,ORD_001425,DRV_0110,5.12,16.5,35.1,38.9
DEL_001307,ORD_001426,DRV_0177,3.99,29.5,49.9,54.4
DEL_001308,ORD_001427,DRV_0141,1.98,28.1,29.9,31.9
DEL_001309,ORD_001428,DRV_0253,10.75,23.2,57.8,62.5
DEL_001310,ORD_001429,DRV_0268,2.57,18.2,27.3,29.9
DEL_001311,ORD_001430,DRV_0218,5.83,28.3,56.6,53.6
DEL_001312,ORD_001431,DRV_0051,8.55,22.6,57.9,55.2
DEL_001313,ORD_001432,DRV_0283,1.57,16.2,24.0,26.6
DEL_001314,ORD_001433,DRV_0296,5.08,18.1,38.3,36.7
DEL_001315,ORD_001434,DRV_0042,7.01,11.2,39.4,41.0
DEL_001316,ORD_001435,DRV_0071,1.83,20.1,31.3,32.4
DEL_001317,ORD_001436,DRV_0219,9.71,14.0,57.4,51.8
DEL_001318,ORD_001437,DRV_0130,8.09,27.9,88.8,82.4
DEL_001319,ORD_001438,DRV_0016,4.73,23.7,42.4,45.0
DEL_001320,ORD_001439,DRV_0131,2.2,9.7,15.1,14.8
DEL_001321,ORD_001441,DRV_0050,6.18,22.2,43.6,43.5
DEL_001322,ORD_001442,DRV_0189,7.18,23.3,47.4,52.4
DEL_001323,ORD_001443,DRV_0195,6.87,25.2,71.8,69.3
DEL_001324,ORD_001444,DRV_0202,2.65,17.3,42.8,40.6
DEL_001325,ORD_001445,DRV_0298,1.82,17.0,24.0,27.2
DEL_001326,ORD_001446,DRV_0028,8.31,25.1,68.9,64.4
DEL_001327,ORD_001447,DRV_0240,1.74,30.5,49.7,41.4
DEL_001328,ORD_001448,DRV_0035,9.59,20.2,64.2,64.7
DEL_001329,ORD_001449,DRV_0021,3.75,18.5,29.3,34.4
DEL_001330,ORD_001450,DRV_0243,6.22,21.5,63.0,67.4
DEL_001331,ORD_001451,DRV_0293,9.46,16.2,51.1,54.7
DEL_001332,ORD_001452,DRV_0097,16.0,25.5,106.4,123.2
DEL_001333,ORD_001453,DRV_0227,5.46,29.2,45.0,47.7
DEL_001334,ORD_001454,DRV_0186,9.12,17.4,61.5,69.1
DEL_001335,ORD_001456,DRV_0178,1.41,24.8,37.3,39.4
DEL_001336,ORD_001457,DRV_0262,4.23,42.7,67.0,62.7
DEL_001337,ORD_001458,DRV_0130,1.5,35.5,46.2,42.5
DEL_001338,ORD_001459,DRV_0147,1.29,41.7,53.3,48.6
DEL_001339,ORD_001460,DRV_0097,3.93,25.5,29.8,37.4
DEL_001340,ORD_001461,DRV_0168,20.0,8.1,87.1,93.7
DEL_001341,ORD_001462,DRV_0008,2.22,16.4,25.3,27.0
DEL_001342,ORD_001463,DRV_0020,3.0,24.7,45.2,45.5
DEL_001343,ORD_001464,DRV_0020,3.33,11.6,31.9,31.1
DEL_001344,ORD_001466,DRV_0300,10.05,19.7,65.0,66.4
DEL_001345,ORD_001467,DRV_0236,5.87,32.6,59.8,53.3
DEL_001346,ORD_001468,DRV_0164,2.59,23.7,37.1,39.1
DEL_001347,ORD_001469,DRV_0162,8.3,29.2,80.5,80.1
DEL_001348,ORD_001470,DRV_0262,2.71,26.8,35.6,41.1
DEL_001349,ORD_001471,DRV_0182,4.42,28.1,48.8,46.7
DEL_001350,ORD_001472,DRV_0118,4.65,25.2,51.0,49.7
DEL_001351,ORD_001473,DRV_0278,6.77,14.2,55.1,46.7
DEL_001352,ORD_001474,DRV_0216,10.19,21.0,76.8,71.7
DEL_001353,ORD_001475,DRV_0063,4.59,24.0,36.4,34.0
DEL_001354,ORD_001476,DRV_0149,3.6,15.1,37.8,35.7
DEL_001355,ORD_001477,DRV_0292,2.65,29.2,38.6,42.9
DEL_001356,ORD_001478,DRV_0284,1.49,28.8,37.6,35.1
DEL_001357,ORD_001479,DRV_0092,4.14,9.0,19.7,24.0
DEL_001358,ORD_001480,DRV_0224,2.15,28.1,30.1,36.0
DEL_001359,ORD_001481,DRV_0134,2.74,10.5,19.1,21.7
DEL_001360,ORD_001483,DRV_0124,3.38,22.5,43.1,44.4
DEL_001361,ORD_001484,DRV_0080,2.72,21.6,36.3,45.0
DEL_001362,ORD_001485,DRV_0249,3.43,31.5,49.2,53.3
DEL_001363,ORD_001486,DRV_0011,0.63,30.3,26.2,28.1
DEL_001364,ORD_001487,DRV_0045,7.75,34.0,108.5,92.2
DEL_001365,ORD_001488,DRV_0104,7.32,25.3,60.6,59.1
DEL_001366,ORD_001489,DRV_0040,1.3,24.9,28.9,30.5
DEL_001367,ORD_001490,DRV_0219,10.17,28.4,53.7,75.8
DEL_001368,ORD_001491,DRV_0169,3.73,34.2,48.5,50.7
DEL_001369,ORD_001492,DRV_0144,1.69,16.0,31.8,27.4
DEL_001370,ORD_001493,DRV_0164,2.62,21.5,38.3,39.2
DEL_001371,ORD_001494,DRV_0212,4.83,28.5,58.1,62.6
DEL_001372,ORD_001495,DRV_0037,10.99,23.6,66.7,65.5
DEL_001373,ORD_001496,DRV_0119,6.97,25.4,50.0,49.2
DEL_001374,ORD_001497,DRV_0241,4.91,23.4,30.9,34.4
DEL_001375,ORD_001498,DRV_0195,13.51,38.8,82.4,95.8
DEL_001376,ORD_001499,DRV_0281,3.32,25.9,60.7,49.3
DEL_001377,ORD_001500,DRV_0019,6.35,25.8,57.8,54.4
DEL_001378,ORD_001501,DRV_0103,6.59,16.5,41.9,47.3
DEL_001379,ORD_001502,DRV_0167,3.55,16.4,43.2,40.5
DEL_001380,ORD_001503,DRV_0215,3.15,22.6,49.0,45.9
DEL_001381,ORD_001504,DRV_0177,5.22,16.2,39.5,43.1
DEL_001382,ORD_001505,DRV_0024,3.84,21.2,43.0,44.4
DEL_001383,ORD_001506,DRV_0128,13.81,20.9,74.9,78.6
DEL_001384,ORD_001507,DRV_0218,2.0,18.4,27.7,26.9
DEL_001385,ORD_001508,DRV_0282,2.24,24.9,33.3,41.1
DEL_001386,ORD_001509,DRV_0110,17.06,13.2,127.4,122.9
DEL_001387,ORD_001510,DRV_0206,5.99,9.5,47.1,46.4
DEL_001388,ORD_001511,DRV_0136,8.41,13.5,68.3,63.9
DEL_001389,ORD_001512,DRV_0297,1.98,19.5,26.5,22.4
DEL_001390,ORD_001513,DRV_0148,11.0,22.3,83.5,87.6
DEL_001391,ORD_001514,DRV_0249,5.61,29.1,57.0,56.9
DEL_001392,ORD_001515,DRV_0205,12.51,19.3,97.4,99.6
DEL_001393,ORD_001516,DRV_0180,6.85,27.9,64.8,64.8
DEL_001394,ORD_001517,DRV_0087,4.74,21.8,43.3,40.4
DEL_001395,ORD_001518,DRV_0065,2.3,24.8,29.9,35.3
DEL_001396,ORD_001519,DRV_0019,3.24,24.6,38.0,48.8
DEL_001397,ORD_001520,DRV_0298,7.94,27.3,45.0,50.5
DEL_001398,ORD_001521,DRV_0138,4.48,20.4,64.0,57.9
DEL_001399,ORD_001522,DRV_0212,2.34,19.3,27.3,27.8
DEL_001400,ORD_001523,DRV_0051,4.59,23.3,51.1,45.4
DEL_001401,ORD_001524,DRV_0254,11.42,25.9,79.1,78.7
DEL_001402,ORD_001525,DRV_0284,6.05,21.0,41.9,43.2
DEL_001403,ORD_001526,DRV_0063,1.61,22.0,34.4,35.9
DEL_001404,ORD_001527,DRV_0108,5.95,13.9,39.3,44.3
DEL_001405,ORD_001528,DRV_0076,16.99,31.8,89.2,89.1
DEL_001406,ORD_001529,DRV_0020,7.72,16.2,71.1,59.4
DEL_001407,ORD_001531,DRV_0020,7.77,21.1,50.9,49.1
DEL_001408,ORD_001533,DRV_0073,2.72,28.8,41.0,44.8
DEL_001409,ORD_001534,DRV_0129,16.27,21.3,68.3,80.6
DEL_001410,ORD_001535,DRV_0143,1.37,23.1,30.3,26.5
DEL_001411,ORD_001536,DRV_0095,10.33,24.0,84.5,66.3
DEL_001412,ORD_001537,DRV_0267,6.22,40.1,63.7,59.6
DEL_001413,ORD_001538,DRV_0227,7.89,5.0,35.1,35.6
DEL_001414,ORD_001539,DRV_0238,2.23,35.0,57.9,50.1
DEL_001415,ORD_001540,DRV_0255,7.59,19.9,74.0,66.5
DEL_001416,ORD_001541,DRV_0123,7.29,31.1,66.3,63.6
DEL_001417,ORD_001542,DRV_0295,5.81,24.3,50.7,49.9
DEL_001418,ORD_001543,DRV_0170,12.43,18.7,57.6,52.2
DEL_001419,ORD_001544,DRV_0265,6.5,13.8,33.0,39.4
DEL_001420,ORD_001545,DRV_0054,8.07,16.2,39.6,50.6
DEL_001421,ORD_001546,DRV_0097,2.06,19.1,22.1,21.9
DEL_001422,ORD_001547,DRV_0100,2.98,23.7,26.8,25.6
DEL_001423,ORD_001548,DRV_0143,13.38,18.7,67.3,75.2
DEL_001424,ORD_001549,DRV_0124,8.93,18.5,91.8,99.7
DEL_001425,ORD_001550,DRV_0016,2.57,21.7,42.1,40.2
DEL_001426,ORD_001551,DRV_0151,5.72,16.9,43.3,41.4
DEL_001427,ORD_001552,DRV_0104,8.43,31.0,59.5,60.1
DEL_001428,ORD_001554,DRV_0163,6.3,34.2,70.9,64.7
DEL_001429,ORD_001555,DRV_0152,2.31,10.9,21.4,21.9
DEL_001430,ORD_001556,DRV_0020,6.34,22.2,55.5,52.4
DEL_001431,ORD_001557,DRV_0282,4.36,19.4,31.3,36.7
DEL_001432,ORD_001558,DRV_0200,6.88,25.8,47.9,52.6
DEL_001433,ORD_001559,DRV_0156,3.82,21.1,37.5,39.5
DEL_001434,ORD_001560,DRV_0099,3.18,13.6,25.2,26.6
DEL_001435,ORD_001561,DRV_0108,7.47,28.8,66.0,71.3
DEL_001436,ORD_001562,DRV_0062,7.5,27.3,70.6,70.4
DEL_001437,ORD_001563,DRV_0275,5.11,21.0,36.1,44.1
DEL_001438,ORD_001564,DRV_0022,4.99,15.8,35.9,36.8
DEL_001439,ORD_001565,DRV_0104,9.2,12.5,42.7,43.2
DEL_001440,ORD_001566,DRV_0018,10.5,29.4,75.3,75.6
DEL_001441,ORD_001567,DRV_0297,2.03,7.4,8.8,8.9
DEL_001442,ORD_001568,DRV_0180,0.74,23.2,18.5,18.8
DEL_001443,ORD_001569,DRV_0085,12.3,20.9,92.0,100.0
DEL_001444,ORD_001571,DRV_0299,14.41,35.0,89.5,84.9
DEL_001445,ORD_001572,DRV_0099,3.86,13.7,41.8,40.1
DEL_001446,ORD_001573,DRV_0082,1.03,39.6,52.2,50.6
DEL_001447,ORD_001574,DRV_0162,2.02,28.0,42.5,47.0
DEL_001448,ORD_001575,DRV_0001,6.44,21.6,81.2,70.1
DEL_001449,ORD_001576,DRV_0058,4.13,18.8,23.2,29.1
DEL_001450,ORD_001577,DRV_0252,20.0,25.6,116.5,130.0
DEL_001451,ORD_001578,DRV_0142,4.4,24.3,41.7,44.2
DEL_001452,ORD_001579,DRV_0085,2.15,14.0,18.7,15.8
DEL_001453,ORD_001580,DRV_0017,3.79,17.5,54.6,51.0
DEL_001454,ORD_001581,DRV_0050,6.18,16.8,40.2,41.5
DEL_001455,ORD_001583,DRV_0162,10.98,16.9,68.0,59.3
DEL_001456,ORD_001585,DRV_0177,6.46,23.1,47.5,57.7
DEL_001457,ORD_001586,DRV_0250,4.8,24.6,51.5,54.7
DEL_001458,ORD_001587,DRV_0014,3.91,11.3,34.9,34.0
DEL_001459,ORD_001588,DRV_0237,6.16,13.7,38.4,37.9
DEL_001460,ORD_001589,DRV_0105,2.88,30.4,35.1,41.5
DEL_001461,ORD_001590,DRV_0294,8.03,23.8,55.8,59.7
DEL_001462,ORD_001591,DRV_0071,7.48,9.6,34.5,29.4
DEL_001463,ORD_001592,DRV_0262,6.0,22.6,50.6,54.7
DEL_001464,ORD_001593,DRV_0084,8.1,19.9,72.8,66.9
DEL_001465,ORD_001594,DRV_0135,1.65,15.4,23.4,23.6
DEL_001466,ORD_001595,DRV_0265,15.1,26.5,114.5,103.3
DEL_001467,ORD_001596,DRV_0024,4.24,13.4,45.9,46.6
DEL_001468,ORD_001597,DRV_0001,9.21,20.9,52.8,71.8
DEL_001469,ORD_001598,DRV_0114,7.71,16.0,92.5,87.6
DEL_001470,ORD_001599,DRV_0269,8.84,18.9,64.5,71.4
DEL_001471,ORD_001600,DRV_0172,8.26,8.9,54.0,58.3
DEL_001472,ORD_001601,DRV_0101,3.61,27.5,38.5,44.5
DEL_001473,ORD_001602,DRV_0199,7.96,29.8,60.7,72.1
DEL_001474,ORD_001603,DRV_0118,0.93,24.5,25.3,28.6
DEL_001475,ORD_001604,DRV_0196,2.49,29.5,40.4,40.7
DEL_001476,ORD_001605,DRV_0160,5.57,29.2,58.6,58.1
DEL_001477,ORD_001606,DRV_0211,4.21,24.7,53.3,48.2
DEL_001478,ORD_001607,DRV_0182,1.73,34.0,45.8,43.3
DEL_001479,ORD_001608,DRV_0130,5.4,38.7,68.2,67.6
DEL_001480,ORD_001609,DRV_0014,13.5,16.2,87.1,78.8
DEL_001481,ORD_001611,DRV_0043,6.23,17.8,39.3,42.2
DEL_001482,ORD_001612,DRV_0075,4.58,21.0,34.5,34.1
DEL_001483,ORD_001613,DRV_0129,2.54,27.0,37.3,33.5
DEL_001484,ORD_001614,DRV_0084,3.39,17.7,37.4,38.3
DEL_001485,ORD_001615,DRV_0127,7.99,21.2,44.5,49.9
DEL_001486,ORD_001616,DRV_0283,4.62,23.9,33.8,33.8
DEL_001487,ORD_001617,DRV_0150,5.04,19.4,29.5,38.2
DEL_001488,ORD_001618,DRV_0298,3.71,15.7,41.8,37.3
DEL_001489,ORD_001619,DRV_0031,15.86,27.2,138.2,115.1
DEL_001490,ORD_001620,DRV_0018,11.23,17.7,72.6,69.0
DEL_001491,ORD_001622,DRV_0045,6.83,27.4,52.3,54.2
DEL_001492,ORD_001623,DRV_0128,2.2,6.5,11.1,12.0
DEL_001493,ORD_001624,DRV_0218,4.83,29.0,48.2,50.7
DEL_001494,ORD_001625,DRV_0221,7.33,17.2,48.4,53.2
DEL_001495,ORD_001626,DRV_0248,5.32,20.6,60.9,53.0
DEL_001496,ORD_001627,DRV_0037,16.76,34.1,102.5,149.7
DEL_001497,ORD_001628,DRV_0160,6.19,27.6,58.4,60.2
DEL_001498,ORD_001629,DRV_0194,5.69,11.8,42.7,41.7
DEL_001499,ORD_001630,DRV_0296,2.8,25.7,34.2,36.2
DEL_001500,ORD_001631,DRV_0235,6.87,20.9,57.5,62.5
DEL_001501,ORD_001632,DRV_0254,10.76,21.6,68.2,67.5
DEL_001502,ORD_001633,DRV_0055,2.82,10.6,20.2,21.7
DEL_001503,ORD_001634,DRV_0248,3.13,19.7,33.2,30.6
DEL_001504,ORD_001635,DRV_0267,10.64,24.8,55.9,59.7
DEL_001505,ORD_001637,DRV_0199,5.85,21.8,43.6,45.8
DEL_001506,ORD_001640,DRV_0098,13.27,15.7,68.0,71.0
DEL_001507,ORD_001641,DRV_0267,1.58,17.4,28.2,25.9
DEL_001508,ORD_001643,DRV_0226,2.24,26.3,34.5,38.2
DEL_001509,ORD_001644,DRV_0010,3.15,12.3,23.3,25.4
DEL_001510,ORD_001645,DRV_0050,3.52,14.5,32.7,29.0
DEL_001511,ORD_001647,DRV_0118,5.28,27.6,70.9,58.6
DEL_001512,ORD_001648,DRV_0012,3.69,22.2,28.3,31.1
DEL_001513,ORD_001649,DRV_0259,9.97,33.8,97.5,91.4
DEL_001514,ORD_001650,DRV_0252,4.54,25.2,40.3,49.9
DEL_001515,ORD_001651,DRV_0133,0.96,17.4,26.7,22.3
DEL_001516,ORD_001652,DRV_0185,11.05,21.4,75.6,71.0
DEL_001517,ORD_001653,DRV_0132,5.32,24.3,59.9,59.0
DEL_001518,ORD_001654,DRV_0192,4.05,19.1,36.2,40.9
DEL_001519,ORD_001656,DRV_0258,10.03,16.7,61.8,60.3
DEL_001520,ORD_001657,DRV_0034,1.66,26.9,30.4,32.2
DEL_001521,ORD_001658,DRV_0256,4.64,5.0,18.9,19.5
DEL_001522,ORD_001659,DRV_0194,3.61,39.2,50.9,54.8
DEL_001523,ORD_001660,DRV_0092,1.54,29.7,34.5,34.0
DEL_001524,ORD_001661,DRV_0255,5.96,30.0,62.7,59.6
DEL_001525,ORD_001662,DRV_0163,3.56,26.4,36.6,38.0
DEL_001526,ORD_001663,DRV_0054,5.74,15.9,46.3,42.2
DEL_001527,ORD_001664,DRV_0225,3.45,36.7,39.6,52.4
DEL_001528,ORD_001665,DRV_0065,0.53,31.3,35.5,32.2
DEL_001529,ORD_001666,DRV_0158,1.94,24.2,23.1,27.6
DEL_001530,ORD_001667,DRV_0070,7.48,10.0,52.7,47.4
DEL_001531,ORD_001668,DRV_0251,2.96,33.8,52.3,54.0
DEL_001532,ORD_001669,DRV_0175,5.03,11.9,34.1,34.9
DEL_001533,ORD_001670,DRV_0277,1.25,19.3,26.5,24.0
DEL_001534,ORD_001672,DRV_0272,3.2,16.9,28.8,34.0
DEL_001535,ORD_001673,DRV_0196,7.44,22.9,67.8,64.5
DEL_001536,ORD_001674,DRV_0291,10.42,7.9,79.1,68.2
DEL_001537,ORD_001675,DRV_0215,9.81,24.3,77.3,69.7
DEL_001538,ORD_001676,DRV_0124,3.91,40.4,58.3,61.8
DEL_001539,ORD_001677,DRV_0243,2.84,9.3,39.4,37.7
DEL_001540,ORD_001678,DRV_0185,0.9,30.0,32.8,29.6
DEL_001541,ORD_001679,DRV_0230,12.74,19.4,78.1,84.2
DEL_001542,ORD_001680,DRV_0100,6.47,24.2,55.7,55.3
DEL_001543,ORD_001682,DRV_0115,7.48,24.8,64.4,62.4
DEL_001544,ORD_001683,DRV_0290,9.19,19.0,59.8,57.3
DEL_001545,ORD_001684,DRV_0077,11.94,34.2,69.1,78.2
DEL_001546,ORD_001685,DRV_0116,0.83,14.3,19.0,20.8
DEL_001547,ORD_001686,DRV_0140,5.14,29.7,48.2,48.9
DEL_001548,ORD_001687,DRV_0076,2.03,23.5,35.6,29.9
DEL_001549,ORD_001688,DRV_0264,4.16,12.8,38.2,33.3
DEL_001550,ORD_001689,DRV_0105,9.15,22.3,62.7,63.6
DEL_001551,ORD_001690,DRV_0296,2.72,21.8,42.8,42.9
DEL_001552,ORD_001691,DRV_0114,4.06,22.0,32.5,40.4
DEL_001553,ORD_001692,DRV_0029,0.5,18.9,28.5,27.6
DEL_001554,ORD_001693,DRV_0090,8.83,24.3,60.9,68.6
DEL_001555,ORD_001694,DRV_0072,3.73,17.7,40.9,39.9
DEL_001556,ORD_001695,DRV_0055,5.37,15.7,44.0,39.3
DEL_001557,ORD_001696,DRV_0214,3.35,11.5,27.1,26.9
DEL_001558,ORD_001697,DRV_0253,8.5,15.3,40.6,46.9
DEL_001559,ORD_001698,DRV_0106,1.33,19.6,29.0,25.0
DEL_001560,ORD_001700,DRV_0101,5.27,13.3,37.5,35.3
DEL_001561,ORD_001701,DRV_0244,4.43,30.0,61.4,52.8
DEL_001562,ORD_001702,DRV_0241,5.17,29.1,47.3,48.8
DEL_001563,ORD_001703,DRV_0101,6.9,22.7,49.8,47.5
DEL_001564,ORD_001704,DRV_0040,8.18,21.9,59.2,59.8
DEL_001565,ORD_001705,DRV_0019,6.47,21.7,83.7,80.1
DEL_001566,ORD_001706,DRV_0079,7.1,16.9,36.8,41.9
DEL_001567,ORD_001707,DRV_0269,3.77,26.0,49.3,52.8
DEL_001568,ORD_001708,DRV_0296,7.78,26.0,76.7,78.4
DEL_001569,ORD_001709,DRV_0273,4.25,29.0,46.1,50.6
DEL_001570,ORD_001710,DRV_0060,7.13,31.5,52.0,53.9
DEL_001571,ORD_001711,DRV_0059,6.06,7.5,34.0,32.4
DEL_001572,ORD_001713,DRV_0079,0.94,22.3,26.3,25.0
DEL_001573,ORD_001714,DRV_0030,1.82,13.5,19.9,22.9
DEL_001574,ORD_001715,DRV_0295,3.51,10.4,28.6,32.8
DEL_001575,ORD_001716,DRV_0231,2.49,23.1,40.0,34.8
DEL_001576,ORD_001717,DRV_0005,11.57,37.5,91.9,94.9
DEL_001577,ORD_001718,DRV_0093,7.04,25.3,47.3,50.6
DEL_001578,ORD_001719,DRV_0226,3.98,22.6,43.0,37.1
DEL_001579,ORD_001720,DRV_0020,1.43,31.1,40.3,39.0
DEL_001580,ORD_001721,DRV_0106,5.65,24.6,48.9,51.2
DEL_001581,ORD_001723,DRV_0205,5.89,24.4,58.8,54.7
DEL_001582,ORD_001724,DRV_0017,3.74,15.9,31.6,31.9
DEL_001583,ORD_001725,DRV_0084,10.68,15.6,77.9,74.3
DEL_001584,ORD_001726,DRV_0111,2.33,25.0,30.4,32.6
DEL_001585,ORD_001727,DRV_0238,1.68,16.2,22.2,23.1
DEL_001586,ORD_001728,DRV_0107,12.42,15.0,67.3,64.0
DEL_001587,ORD_001729,DRV_0283,6.38,20.0,50.9,52.0
DEL_001588,ORD_001730,DRV_0195,4.21,31.8,52.1,51.9
DEL_001589,ORD_001731,DRV_0142,5.09,5.7,23.9,25.6
DEL_001590,ORD_001732,DRV_0243,5.94,15.9,57.6,49.6
DEL_001591,ORD_001733,DRV_0113,9.74,22.7,81.1,84.3
DEL_001592,ORD_001734,DRV_0202,3.11,16.7,31.4,36.8
DEL_001593,ORD_001735,DRV_0200,6.85,24.1,65.5,55.1
DEL_001594,ORD_001736,DRV_0027,1.63,27.8,34.4,31.4
DEL_001595,ORD_001737,DRV_0203,3.7,12.5,27.1,28.3
DEL_001596,ORD_001738,DRV_0220,4.57,12.8,34.3,36.4
DEL_001597,ORD_001739,DRV_0031,1.08,18.7,26.4,24.0
DEL_001598,ORD_001740,DRV_0231,20.0,28.4,141.6,134.3
DEL_001599,ORD_001741,DRV_0028,4.01,24.7,47.3,42.1
DEL_001600,ORD_001742,DRV_0089,10.21,9.0,61.0,69.9
DEL_001601,ORD_001743,DRV_0218,2.5,12.2,15.9,16.6
DEL_001602,ORD_001744,DRV_0170,1.19,10.5,17.8,18.5
DEL_001603,ORD_001745,DRV_0112,5.0,9.7,31.4,31.2
DEL_001604,ORD_001746,DRV_0192,9.96,15.1,59.0,62.0
DEL_001605,ORD_001747,DRV_0267,2.5,10.7,24.4,25.0
DEL_001606,ORD_001748,DRV_0104,11.47,18.2,52.8,56.2
DEL_001607,ORD_001749,DRV_0005,4.67,29.2,50.6,47.7
DEL_001608,ORD_001750,DRV_0144,3.66,25.6,48.7,49.6
DEL_001609,ORD_001751,DRV_0270,4.68,15.1,39.5,39.4
DEL_001610,ORD_001752,DRV_0269,1.92,18.7,31.9,30.4
DEL_001611,ORD_001753,DRV_0282,3.72,26.5,41.2,45.1
DEL_001612,ORD_001754,DRV_0043,5.15,15.8,38.9,38.0
DEL_001613,ORD_001755,DRV_0071,0.6,18.0,23.9,23.1
DEL_001614,ORD_001756,DRV_0203,5.16,30.1,43.0,46.5
DEL_001615,ORD_001757,DRV_0134,11.37,22.5,57.1,62.9
DEL_001616,ORD_001759,DRV_0282,14.29,10.9,44.5,44.7
DEL_001617,ORD_001760,DRV_0272,3.33,30.1,43.1,42.4
DEL_001618,ORD_001761,DRV_0109,2.21,23.8,33.8,33.6
DEL_001619,ORD_001762,DRV_0171,1.03,15.8,18.2,20.2
DEL_001620,ORD_001763,DRV_0024,4.0,26.8,53.5,57.7
DEL_001621,ORD_001764,DRV_0016,15.32,18.0,52.0,67.0
DEL_001622,ORD_001765,DRV_0216,1.27,30.5,32.3,38.2
DEL_001623,ORD_001766,DRV_0242,0.63,22.2,31.0,27.2
DEL_001624,ORD_001767,DRV_0286,4.79,19.5,35.6,38.9
DEL_001625,ORD_001768,DRV_0275,11.21,12.1,64.8,63.3
DEL_001626,ORD_001770,DRV_0164,9.02,18.4,58.6,53.8
DEL_001627,ORD_001771,DRV_0129,3.01,19.1,25.8,32.6
DEL_001628,ORD_001772,DRV_0283,13.88,22.8,102.6,106.8
DEL_001629,ORD_001773,DRV_0215,1.24,23.2,26.5,30.3
DEL_001630,ORD_001774,DRV_0017,3.19,12.6,27.8,33.0
DEL_001631,ORD_001775,DRV_0056,3.12,17.8,31.3,33.5
DEL_001632,ORD_001776,DRV_0192,2.92,30.4,43.2,56.3
DEL_001633,ORD_001778,DRV_0300,3.6,26.0,37.8,37.9
DEL_001634,ORD_001779,DRV_0219,6.7,20.2,36.6,43.5
DEL_001635,ORD_001780,DRV_0244,7.52,23.8,63.3,58.9
DEL_001636,ORD_001781,DRV_0271,6.21,21.2,46.6,63.1
DEL_001637,ORD_001782,DRV_0244,4.75,12.1,49.2,48.6
DEL_001638,ORD_001783,DRV_0077,4.09,18.0,21.8,30.9
DEL_001639,ORD_001784,DRV_0226,8.06,35.9,76.1,69.1
DEL_001640,ORD_001785,DRV_0164,3.17,8.4,18.5,17.6
DEL_001641,ORD_001786,DRV_0003,9.34,20.3,55.1,61.0
DEL_001642,ORD_001787,DRV_0234,1.95,23.0,26.4,30.4
DEL_001643,ORD_001788,DRV_0224,2.9,28.4,39.6,38.9
DEL_001644,ORD_001789,DRV_0245,2.92,20.1,31.2,36.6
DEL_001645,ORD_001790,DRV_0134,14.1,34.0,74.6,78.2
DEL_001646,ORD_001791,DRV_0188,8.99,21.6,67.2,67.8
DEL_001647,ORD_001792,DRV_0169,9.13,27.7,57.9,52.7
DEL_001648,ORD_001793,DRV_0202,4.56,28.5,46.2,51.4
DEL_001649,ORD_001794,DRV_0063,11.1,32.0,78.8,83.8
DEL_001650,ORD_001795,DRV_0283,2.15,21.0,31.0,34.9
DEL_001651,ORD_001796,DRV_0002,4.2,18.9,40.3,40.9
DEL_001652,ORD_001797,DRV_0115,12.38,39.3,86.3,79.2
DEL_001653,ORD_001798,DRV_0222,0.58,22.0,27.9,23.8
DEL_001654,ORD_001799,DRV_0095,0.75,13.5,18.2,15.2
DEL_001655,ORD_001800,DRV_0020,2.68,20.5,27.7,30.0
DEL_001656,ORD_001801,DRV_0061,4.6,22.6,58.1,61.7
DEL_001657,ORD_001802,DRV_0155,17.81,28.7,97.7,116.6
DEL_001658,ORD_001803,DRV_0054,3.69,18.4,31.1,35.4
DEL_001659,ORD_001804,DRV_0161,4.67,36.7,52.9,57.1
DEL_001660,ORD_001806,DRV_0079,3.05,15.4,30.6,32.3
DEL_001661,ORD_001807,DRV_0245,4.7,32.3,50.1,51.9
DEL_001662,ORD_001808,DRV_0115,13.72,23.4,103.4,86.8
DEL_001663,ORD_001809,DRV_0221,5.22,16.7,29.9,38.4
DEL_001664,ORD_001810,DRV_0063,1.24,28.9,38.9,38.1
DEL_001665,ORD_001811,DRV_0205,2.64,15.5,36.4,32.6
DEL_001666,ORD_001812,DRV_0119,6.64,35.6,82.9,91.6
DEL_001667,ORD_001813,DRV_0045,12.17,25.1,95.7,94.0
DEL_001668,ORD_001814,DRV_0048,4.8,37.6,53.7,55.0
DEL_001669,ORD_001816,DRV_0293,3.47,24.5,51.9,50.6
DEL_001670,ORD_001817,DRV_0105,8.49,5.0,26.7,29.6
DEL_001671,ORD_001818,DRV_0059,5.16,17.7,58.9,52.9
DEL_001672,ORD_001819,DRV_0096,0.69,28.6,33.5,32.0
DEL_001673,ORD_001820,DRV_0278,8.86,5.7,52.2,50.4
DEL_001674,ORD_001821,DRV_0110,8.84,20.6,62.8,63.6
DEL_001675,ORD_001822,DRV_0286,4.72,17.2,40.7,37.6
DEL_001676,ORD_001823,DRV_0105,1.62,11.5,22.0,19.7
DEL_001677,ORD_001824,DRV_0043,4.97,5.0,26.5,28.3
DEL_001678,ORD_001826,DRV_0231,2.78,37.3,41.8,44.8
DEL_001679,ORD_001827,DRV_0086,12.2,16.7,72.6,84.5
DEL_001680,ORD_001828,DRV_0006,9.35,34.1,70.9,78.8
DEL_001681,ORD_001829,DRV_0123,8.83,18.4,57.0,56.2
DEL_001682,ORD_001830,DRV_0022,5.23,22.4,44.5,44.6
DEL_001683,ORD_001832,DRV_0153,6.23,24.4,53.9,56.7
DEL_001684,ORD_001833,DRV_0205,17.87,24.9,98.0,124.3
DEL_001685,ORD_001834,DRV_0024,8.83,27.9,66.1,73.4
DEL_001686,ORD_001835,DRV_0010,0.85,19.1,21.9,21.6
DEL_001687,ORD_001836,DRV_0111,14.07,19.2,90.6,92.1
DEL_001688,ORD_001838,DRV_0246,9.7,13.4,40.7,47.7
DEL_001689,ORD_001839,DRV_0179,7.82,24.5,42.4,44.9
DEL_001690,ORD_001840,DRV_0145,1.89,30.9,40.7,47.3
DEL_001691,ORD_001841,DRV_0143,5.6,43.5,96.2,88.5
DEL_001692,ORD_001842,DRV_0117,4.28,24.8,60.4,57.0
DEL_001693,ORD_001843,DRV_0221,4.1,32.1,57.5,50.7
DEL_001694,ORD_001844,DRV_0125,4.0,5.2,22.2,22.4
DEL_001695,ORD_001845,DRV_0116,4.31,9.4,26.4,26.8
DEL_001696,ORD_001846,DRV_0036,3.12,27.8,36.5,36.4
DEL_001697,ORD_001847,DRV_0155,8.7,13.0,56.3,55.7
DEL_001698,ORD_001848,DRV_0207,16.76,42.8,140.6,120.9
DEL_001699,ORD_001849,DRV_0294,5.98,23.1,59.2,57.1
DEL_001700,ORD_001850,DRV_0083,12.83,16.4,106.9,94.4
DEL_001701,ORD_001851,DRV_0042,6.85,36.2,49.0,59.9
DEL_001702,ORD_001852,DRV_0002,5.94,29.9,44.9,54.1
DEL_001703,ORD_001853,DRV_0145,4.46,16.5,41.2,36.0
DEL_001704,ORD_001854,DRV_0293,9.74,15.1,60.2,59.1
DEL_001705,ORD_001855,DRV_0047,2.93,28.5,46.8,44.0
DEL_001706,ORD_001856,DRV_0003,3.49,32.4,59.1,52.8
DEL_001707,ORD_001857,DRV_0114,6.34,26.2,66.8,56.0
DEL_001708,ORD_001858,DRV_0032,14.14,11.9,89.6,86.3
DEL_001709,ORD_001859,DRV_0211,9.6,26.3,82.7,91.9
DEL_001710,ORD_001860,DRV_0067,2.87,17.4,43.1,44.0
DEL_001711,ORD_001861,DRV_0158,3.54,14.9,27.3,27.8
DEL_001712,ORD_001862,DRV_0274,11.12,18.6,87.4,80.9
DEL_001713,ORD_001863,DRV_0220,2.44,30.9,41.4,45.5
DEL_001714,ORD_001865,DRV_0100,2.53,35.1,46.0,45.5
DEL_001715,ORD_001866,DRV_0068,5.87,7.7,37.8,38.5
DEL_001716,ORD_001867,DRV_0233,2.87,23.5,35.8,39.0
DEL_001717,ORD_001868,DRV_0113,5.96,12.0,30.1,38.3
DEL_001718,ORD_001870,DRV_0084,7.47,26.7,51.1,48.6
DEL_001719,ORD_001871,DRV_0071,5.2,16.4,49.8,44.7
DEL_001720,ORD_001873,DRV_0234,14.31,31.3,93.8,95.4
DEL_001721,ORD_001874,DRV_0262,7.77,24.3,49.5,62.1
DEL_001722,ORD_001875,DRV_0182,8.34,20.8,66.7,62.0
DEL_001723,ORD_001876,DRV_0272,4.46,21.9,38.6,45.5
DEL_001724,ORD_001877,DRV_0104,2.82,22.0,35.3,33.4
DEL_001725,ORD_001878,DRV_0251,3.27,13.2,25.0,25.8
DEL_001726,ORD_001879,DRV_0195,5.63,14.7,55.1,46.9
DEL_001727,ORD_001880,DRV_0035,5.53,27.7,62.1,57.4
DEL_001728,ORD_001883,DRV_0115,10.72,27.7,71.3,71.2
DEL_001729,ORD_001884,DRV_0035,5.16,15.8,44.8,43.5
DEL_001730,ORD_001885,DRV_0077,2.63,32.0,50.1,53.6
DEL_001731,ORD_001886,DRV_0056,2.17,22.6,34.3,41.8
DEL_001732,ORD_001887,DRV_0196,5.99,22.9,33.1,42.0
DEL_001733,ORD_001888,DRV_0224,5.71,25.4,53.7,55.4
DEL_001734,ORD_001889,DRV_0111,14.06,29.5,100.7,124.1
DEL_001735,ORD_001890,DRV_0119,3.25,17.6,41.4,41.0
DEL_001736,ORD_001891,DRV_0222,4.56,20.1,36.0,37.5
DEL_001737,ORD_001892,DRV_0071,4.52,19.5,33.0,40.1
DEL_001738,ORD_001893,DRV_0269,2.89,7.6,20.7,22.9
DEL_001739,ORD_001894,DRV_0112,1.36,23.1,40.2,37.1
DEL_001740,ORD_001895,DRV_0201,6.04,21.9,47.4,43.6
DEL_001741,ORD_001896,DRV_0040,2.52,33.7,46.3,44.1
DEL_001742,ORD_001897,DRV_0294,3.49,23.5,47.1,51.7
DEL_001743,ORD_001898,DRV_0238,2.24,30.2,45.3,49.6
DEL_001744,ORD_001899,DRV_0027,7.63,10.4,54.1,56.0
DEL_001745,ORD_001900,DRV_0138,4.86,31.1,44.0,53.8
DEL_001746,ORD_001901,DRV_0145,2.41,19.8,34.3,40.7
DEL_001747,ORD_001902,DRV_0143,1.03,21.5,21.4,20.6
DEL_001748,ORD_001903,DRV_0251,1.28,7.3,9.6,8.4
DEL_001749,ORD_001904,DRV_0058,1.46,30.7,35.8,38.3
DEL_001750,ORD_001905,DRV_0114,7.76,21.8,42.2,46.7
DEL_001751,ORD_001906,DRV_0171,4.44,18.9,44.9,41.7
DEL_001752,ORD_001907,DRV_0251,11.86,24.0,60.5,58.8
DEL_001753,ORD_001908,DRV_0194,5.1,24.2,46.1,46.2
DEL_001754,ORD_001910,DRV_0054,7.43,28.3,65.6,58.0
DEL_001755,ORD_001911,DRV_0088,5.77,25.6,65.2,66.9
DEL_001756,ORD_001912,DRV_0061,5.08,27.0,44.0,46.1
DEL_001757,ORD_001913,DRV_0112,6.1,14.6,45.3,40.5
DEL_001758,ORD_001915,DRV_0201,11.47,21.6,73.9,76.7
DEL_001759,ORD_001916,DRV_0128,2.39,26.5,33.2,44.4
DEL_001760,ORD_001917,DRV_0147,6.58,20.9,46.9,50.3
DEL_001761,ORD_001918,DRV_0077,2.33,30.7,47.2,46.7
DEL_001762,ORD_001919,DRV_0117,5.47,18.5,59.4,56.2
DEL_001763,ORD_001920,DRV_0080,5.43,32.0,68.9,59.8
DEL_001764,ORD_001921,DRV_0091,3.49,21.9,35.8,33.2
DEL_001765,ORD_001922,DRV_0193,3.49,38.4,65.5,65.1
DEL_001766,ORD_001923,DRV_0083,7.77,21.9,78.8,74.4
DEL_001767,ORD_001924,DRV_0093,5.77,30.3,59.1,66.7
DEL_001768,ORD_001925,DRV_0269,12.92,12.0,76.6,78.2
DEL_001769,ORD_001926,DRV_0083,3.09,26.2,37.7,38.0
DEL_001770,ORD_001927,DRV_0235,9.55,18.1,74.3,75.0
DEL_001771,ORD_001928,DRV_0085,4.22,16.8,40.7,37.4
DEL_001772,ORD_001929,DRV_0023,2.88,23.7,35.4,36.4
DEL_001773,ORD_001930,DRV_0026,4.79,13.6,25.4,29.1
DEL_001774,ORD_001931,DRV_0253,5.52,40.2,44.3,53.3
DEL_001775,ORD_001932,DRV_0221,5.19,22.8,34.7,43.3
DEL_001776,ORD_001933,DRV_0113,3.41,16.3,34.8,35.0
DEL_001777,ORD_001934,DRV_0008,2.96,20.7,30.2,30.6
DEL_001778,ORD_001935,DRV_0156,3.5,24.5,36.2,38.8
DEL_001779,ORD_001936,DRV_0062,4.56,24.6,49.0,46.6
DEL_001780,ORD_001937,DRV_0111,6.13,15.2,37.1,48.0
DEL_001781,ORD_001938,DRV_0217,13.13,15.2,67.9,67.9
DEL_001782,ORD_001939,DRV_0018,3.39,34.1,44.1,46.7
DEL_001783,ORD_001941,DRV_0101,5.41,24.4,51.7,48.6
DEL_001784,ORD_001942,DRV_0161,20.0,27.6,124.9,122.3
DEL_001785,ORD_001943,DRV_0067,3.11,14.3,31.9,33.2
DEL_001786,ORD_001944,DRV_0061,4.66,13.5,33.9,28.6
DEL_001787,ORD_001945,DRV_0052,3.05,23.4,42.9,46.9
DEL_001788,ORD_001946,DRV_0174,9.08,17.4,49.3,59.0
DEL_001789,ORD_001947,DRV_0063,1.47,14.7,17.6,18.8
DEL_001790,ORD_001948,DRV_0213,3.41,25.8,38.1,33.5
DEL_001791,ORD_001949,DRV_0010,3.91,18.7,22.0,27.0
DEL_001792,ORD_001950,DRV_0072,5.16,9.8,29.2,29.5
DEL_001793,ORD_001951,DRV_0190,16.64,15.3,88.3,88.2
DEL_001794,ORD_001952,DRV_0298,8.52,28.1,70.5,74.4
DEL_001795,ORD_001953,DRV_0010,3.41,15.1,34.1,35.6
DEL_001796,ORD_001954,DRV_0299,4.07,24.4,33.8,30.7
DEL_001797,ORD_001955,DRV_0135,7.09,21.9,52.2,55.1
DEL_001798,ORD_001956,DRV_0090,3.63,7.8,21.6,23.0
DEL_001799,ORD_001957,DRV_0084,3.15,30.3,48.4,47.8
DEL_001800,ORD_001958,DRV_0141,2.66,30.8,35.6,39.3
DEL_001801,ORD_001959,DRV_0026,16.21,11.4,93.9,113.6
DEL_001802,ORD_001960,DRV_0248,1.34,23.5,24.2,24.7
DEL_001803,ORD_001961,DRV_0207,8.65,12.8,43.2,38.6
DEL_001804,ORD_001962,DRV_0230,7.99,24.3,56.4,57.0
DEL_001805,ORD_001963,DRV_0142,8.83,25.2,83.5,84.3
DEL_001806,ORD_001964,DRV_0284,7.44,28.4,58.6,59.2
DEL_001807,ORD_001966,DRV_0159,6.73,13.0,54.2,64.5
DEL_001808,ORD_001967,DRV_0175,7.31,13.0,45.3,41.6
DEL_001809,ORD_001968,DRV_0156,3.82,22.7,50.9,47.5
DEL_001810,ORD_001969,DRV_0080,1.1,20.4,23.1,23.6
DEL_001811,ORD_001970,DRV_0276,8.77,17.5,51.8,58.2
DEL_001812,ORD_001971,DRV_0027,4.83,30.0,45.2,46.2
DEL_001813,ORD_001972,DRV_0236,2.38,18.3,23.0,24.3
DEL_001814,ORD_001973,DRV_0016,5.03,19.3,50.9,54.3
DEL_001815,ORD_001974,DRV_0275,5.89,35.7,44.5,59.4
DEL_001816,ORD_001975,DRV_0079,4.9,25.2,46.8,46.6
DEL_001817,ORD_001976,DRV_0180,9.74,13.6,57.3,55.3
DEL_001818,ORD_001977,DRV_0197,16.28,11.4,88.4,88.4
DEL_001819,ORD_001979,DRV_0162,0.72,28.5,37.8,36.8
DEL_001820,ORD_001980,DRV_0277,6.87,20.8,45.9,45.7
DEL_001821,ORD_001981,DRV_0253,4.85,23.5,38.6,41.3
DEL_001822,ORD_001982,DRV_0078,5.0,32.0,59.0,57.0
DEL_001823,ORD_001984,DRV_0074,5.36,20.4,37.5,39.0
DEL_001824,ORD_001985,DRV_0262,7.18,19.7,50.8,61.8
DEL_001825,ORD_001986,DRV_0194,3.95,20.7,43.4,45.0
DEL_001826,ORD_001987,DRV_0025,2.54,11.2,19.7,24.0
DEL_001827,ORD_001988,DRV_0064,0.92,28.3,35.8,32.7
DEL_001828,ORD_001989,DRV_0287,4.43,17.4,43.9,42.6
DEL_001829,ORD_001990,DRV_0003,6.24,11.3,34.6,35.3
DEL_001830,ORD_001991,DRV_0120,3.42,28.3,42.6,38.7
DEL_001831,ORD_001992,DRV_0225,6.53,22.7,36.1,38.9
DEL_001832,ORD_001993,DRV_0262,6.89,30.3,45.3,51.6
DEL_001833,ORD_001994,DRV_0174,1.16,12.2,9.8,13.0
DEL_001834,ORD_001995,DRV_0066,2.25,30.5,43.9,45.0
DEL_001835,ORD_001996,DRV_0186,6.88,27.9,63.6,55.0
DEL_001836,ORD_001997,DRV_0252,4.03,19.3,32.1,37.0
DEL_001837,ORD_001998,DRV_0193,5.4,22.1,61.2,60.4
DEL_001838,ORD_001999,DRV_0281,4.0,22.4,35.9,41.6
DEL_001839,ORD_002001,DRV_0290,1.94,28.5,32.7,32.1
DEL_001840,ORD_002002,DRV_0091,4.17,24.7,69.2,62.0
DEL_001841,ORD_002003,DRV_0164,4.29,17.3,49.3,45.5
DEL_001842,ORD_002004,DRV_0037,3.97,23.7,33.7,36.7
DEL_001843,ORD_002005,DRV_0288,1.11,23.9,34.7,38.4
DEL_001844,ORD_002006,DRV_0218,4.89,12.4,38.5,36.6
DEL_001845,ORD_002007,DRV_0061,7.45,22.3,59.4,54.3
DEL_001846,ORD_002008,DRV_0050,3.79,30.7,47.4,45.6
DEL_001847,ORD_002009,DRV_0205,10.51,26.9,67.7,69.5
DEL_001848,ORD_002010,DRV_0241,3.31,36.1,48.7,51.2
DEL_001849,ORD_002012,DRV_0056,3.0,22.6,43.0,40.9
DEL_001850,ORD_002014,DRV_0165,1.42,18.3,26.2,24.5
DEL_001851,ORD_002016,DRV_0059,9.93,17.7,67.2,66.4
DEL_001852,ORD_002017,DRV_0154,5.44,14.6,35.1,34.7
DEL_001853,ORD_002018,DRV_0114,5.03,19.7,36.6,40.1
DEL_001854,ORD_002019,DRV_0234,8.84,20.4,70.7,80.5
DEL_001855,ORD_002021,DRV_0220,12.08,29.6,84.5,72.4
DEL_001856,ORD_002022,DRV_0045,6.59,5.0,38.9,36.8
DEL_001857,ORD_002023,DRV_0271,11.49,12.5,58.0,59.8
DEL_001858,ORD_002024,DRV_0017,9.38,27.5,56.7,67.1
DEL_001859,ORD_002025,DRV_0172,3.74,28.3,33.7,34.8
DEL_001860,ORD_002026,DRV_0231,4.36,22.6,41.9,46.5
DEL_001861,ORD_002027,DRV_0117,8.26,24.5,54.2,54.6
DEL_001862,ORD_002028,DRV_0027,6.24,25.9,55.5,57.6
DEL_001863,ORD_002029,DRV_0291,2.36,24.5,29.1,38.2
DEL_001864,ORD_002030,DRV_0269,5.61,17.3,50.7,51.9
DEL_001865,ORD_002031,DRV_0098,6.02,33.0,67.8,66.3
DEL_001866,ORD_002032,DRV_0108,6.17,20.1,51.8,57.2
DEL_001867,ORD_002033,DRV_0242,4.19,31.5,46.1,54.8
DEL_001868,ORD_002034,DRV_0169,5.93,22.2,58.4,56.3
DEL_001869,ORD_002035,DRV_0138,0.56,25.0,31.8,31.8
DEL_001870,ORD_002036,DRV_0129,8.65,28.9,54.1,56.7
DEL_001871,ORD_002037,DRV_0266,12.67,19.9,83.0,85.3
DEL_001872,ORD_002038,DRV_0197,2.27,23.2,26.0,28.2
DEL_001873,ORD_002039,DRV_0163,3.89,19.8,45.5,46.7
DEL_001874,ORD_002040,DRV_0194,2.63,15.9,28.8,28.1
DEL_001875,ORD_002041,DRV_0042,4.15,15.5,24.9,27.5
DEL_001876,ORD_002042,DRV_0266,1.36,15.8,24.7,29.4
DEL_001877,ORD_002043,DRV_0287,4.01,34.6,64.9,68.4
DEL_001878,ORD_002044,DRV_0079,8.69,19.2,53.5,56.6
DEL_001879,ORD_002046,DRV_0009,5.07,19.3,34.7,36.6
DEL_001880,ORD_002047,DRV_0146,1.01,27.2,34.2,37.2
DEL_001881,ORD_002048,DRV_0122,5.17,23.2,61.0,60.5
DEL_001882,ORD_002049,DRV_0256,2.43,28.6,42.6,41.6
DEL_001883,ORD_002051,DRV_0060,3.26,23.6,43.0,45.5
DEL_001884,ORD_002052,DRV_0158,2.23,18.3,29.4,32.7
DEL_001885,ORD_002053,DRV_0168,10.84,35.3,73.0,78.4
DEL_001886,ORD_002054,DRV_0224,12.85,21.1,74.5,66.5
DEL_001887,ORD_002055,DRV_0033,4.74,16.5,20.4,22.6
DEL_001888,ORD_002056,DRV_0068,3.55,34.6,58.2,55.8
DEL_001889,ORD_002057,DRV_0169,3.07,13.5,29.5,30.6
DEL_001890,ORD_002058,DRV_0193,6.46,16.5,43.2,41.5
DEL_001891,ORD_002059,DRV_0092,4.19,21.2,43.5,43.9
DEL_001892,ORD_002060,DRV_0195,1.89,29.9,36.7,38.8
DEL_001893,ORD_002061,DRV_0260,8.68,25.7,68.4,54.4
DEL_001894,ORD_002062,DRV_0131,8.0,13.9,47.8,47.3
DEL_001895,ORD_002063,DRV_0040,5.97,22.0,53.7,54.6
DEL_001896,ORD_002064,DRV_0242,4.12,18.3,40.8,40.0
DEL_001897,ORD_002065,DRV_0135,4.68,35.4,68.2,66.0
DEL_001898,ORD_002067,DRV_0200,10.96,33.0,103.7,92.7
DEL_001899,ORD_002068,DRV_0086,18.83,15.5,77.5,86.2
DEL_001900,ORD_002069,DRV_0221,7.34,22.0,45.5,54.2
DEL_001901,ORD_002070,DRV_0267,1.34,24.0,35.9,32.9
DEL_001902,ORD_002071,DRV_0172,4.03,23.7,25.3,30.1
DEL_001903,ORD_002072,DRV_0122,1.01,24.6,29.1,30.2
DEL_001904,ORD_002073,DRV_0132,5.23,25.5,43.9,52.3
DEL_001905,ORD_002074,DRV_0026,5.59,19.5,53.6,53.3
DEL_001906,ORD_002075,DRV_0050,1.41,18.3,24.9,25.5
DEL_001907,ORD_002076,DRV_0168,1.37,24.2,31.2,27.1
DEL_001908,ORD_002077,DRV_0078,12.11,19.7,102.3,96.7
DEL_001909,ORD_002078,DRV_0086,9.96,24.3,58.2,59.3
DEL_001910,ORD_002079,DRV_0082,8.56,39.5,100.0,99.0
DEL_001911,ORD_002080,DRV_0221,7.24,26.3,97.8,97.7
DEL_001912,ORD_002081,DRV_0091,8.24,31.6,62.6,67.1
DEL_001913,ORD_002082,DRV_0164,2.96,34.4,60.4,51.5
DEL_001914,ORD_002083,DRV_0045,10.32,18.6,58.6,60.1
DEL_001915,ORD_002084,DRV_0034,8.83,28.3,55.8,59.7
DEL_001916,ORD_002085,DRV_0160,7.39,35.5,71.1,66.1
DEL_001917,ORD_002086,DRV_0099,4.57,24.4,44.6,40.2
DEL_001918,ORD_002087,DRV_0036,2.44,24.6,40.0,39.0
DEL_001919,ORD_002088,DRV_0176,4.6,29.4,39.6,51.0
DEL_001920,ORD_002089,DRV_0098,2.15,12.3,15.0,15.8
DEL_001921,ORD_002090,DRV_0262,11.43,17.0,49.1,57.1
DEL_001922,ORD_002091,DRV_0188,5.17,24.1,48.0,51.9
DEL_001923,ORD_002092,DRV_0112,10.99,28.5,58.0,69.7
DEL_001924,ORD_002093,DRV_0122,3.56,21.6,35.6,32.5
DEL_001925,ORD_002094,DRV_0133,4.57,21.6,49.6,47.0
DEL_001926,ORD_002095,DRV_0255,9.15,35.6,100.8,86.9
DEL_001927,ORD_002096,DRV_0212,4.25,9.2,45.3,38.1
DEL_001928,ORD_002097,DRV_0018,3.08,26.5,33.4,37.6
DEL_001929,ORD_002098,DRV_0226,6.88,27.5,57.2,48.8
DEL_001930,ORD_002099,DRV_0027,7.94,15.0,55.8,60.4
DEL_001931,ORD_002100,DRV_0199,3.77,25.8,46.1,50.9
DEL_001932,ORD_002101,DRV_0241,4.26,24.8,43.3,40.5
DEL_001933,ORD_002102,DRV_0050,2.9,29.1,38.4,43.0
DEL_001934,ORD_002103,DRV_0240,13.06,21.7,91.9,103.1
DEL_001935,ORD_002104,DRV_0068,8.53,5.0,40.2,39.6
DEL_001936,ORD_002105,DRV_0295,2.24,25.9,27.7,26.8
DEL_001937,ORD_002106,DRV_0254,5.82,17.8,47.7,45.2
DEL_001938,ORD_002107,DRV_0284,4.37,27.9,37.0,42.5
DEL_001939,ORD_002108,DRV_0032,4.52,23.2,41.5,40.9
DEL_001940,ORD_002109,DRV_0094,6.35,30.8,65.8,62.7
DEL_001941,ORD_002110,DRV_0204,10.68,19.5,67.1,69.9
DEL_001942,ORD_002111,DRV_0028,12.58,16.3,50.2,60.5
DEL_001943,ORD_002112,DRV_0130,15.24,20.4,105.5,94.5
DEL_001944,ORD_002113,DRV_0036,9.22,7.9,79.7,78.8
DEL_001945,ORD_002114,DRV_0205,4.37,15.0,41.4,37.6
DEL_001946,ORD_002115,DRV_0072,6.27,17.8,35.1,34.9
DEL_001947,ORD_002116,DRV_0003,20.0,7.5,106.7,107.8
DEL_001948,ORD_002117,DRV_0116,1.52,22.2,27.0,27.5
DEL_001949,ORD_002118,DRV_0193,3.64,21.5,48.9,49.3
DEL_001950,ORD_002119,DRV_0019,4.99,19.1,37.9,45.1
DEL_001951,ORD_002120,DRV_0112,4.27,16.9,51.9,47.6
DEL_001952,ORD_002121,DRV_0271,6.44,5.0,21.2,21.9
DEL_001953,ORD_002122,DRV_0225,12.79,22.7,81.1,80.9
DEL_001954,ORD_002123,DRV_0236,13.59,12.7,82.1,89.3
DEL_001955,ORD_002124,DRV_0170,0.81,29.5,31.6,30.9
DEL_001956,ORD_002125,DRV_0168,8.5,25.1,80.4,86.7
DEL_001957,ORD_002126,DRV_0171,13.13,31.7,106.9,91.3
DEL_001958,ORD_002127,DRV_0065,4.28,25.3,49.3,46.6
DEL_001959,ORD_002128,DRV_0025,7.49,10.6,44.0,39.7
DEL_001960,ORD_002129,DRV_0066,13.9,25.7,123.2,117.0
DEL_001961,ORD_002130,DRV_0208,2.3,17.9,23.7,35.3
DEL_001962,ORD_002131,DRV_0174,6.0,19.1,33.5,32.7
DEL_001963,ORD_002132,DRV_0083,5.9,29.0,58.9,56.5
DEL_001964,ORD_002133,DRV_0249,6.56,15.8,48.8,44.5
DEL_001965,ORD_002135,DRV_0294,6.86,19.2,47.2,46.6
DEL_001966,ORD_002136,DRV_0168,1.39,10.8,13.3,12.4
DEL_001967,ORD_002137,DRV_0034,3.64,28.5,38.5,38.7
DEL_001968,ORD_002138,DRV_0169,9.77,12.0,100.7,80.8
DEL_001969,ORD_002139,DRV_0222,4.69,31.1,63.0,63.1
DEL_001970,ORD_002141,DRV_0133,1.67,21.8,18.6,18.7
DEL_001971,ORD_002142,DRV_0155,12.64,16.9,59.8,69.1
DEL_001972,ORD_002143,DRV_0042,7.25,27.4,59.7,58.4
DEL_001973,ORD_002144,DRV_0098,3.92,19.2,37.1,31.8
DEL_001974,ORD_002145,DRV_0119,4.4,40.4,59.6,55.4
DEL_001975,ORD_002146,DRV_0157,1.64,27.8,28.3,31.8
DEL_001976,ORD_002147,DRV_0248,2.82,33.8,40.3,50.3
DEL_001977,ORD_002148,DRV_0141,6.37,27.4,54.9,60.4
DEL_001978,ORD_002149,DRV_0263,3.98,24.6,44.2,43.7
DEL_001979,ORD_002150,DRV_0038,4.21,11.1,39.0,37.0
DEL_001980,ORD_002151,DRV_0090,11.68,20.9,93.6,90.0
DEL_001981,ORD_002152,DRV_0213,13.58,31.7,84.2,85.8
DEL_001982,ORD_002153,DRV_0009,14.58,40.0,87.4,92.0
DEL_001983,ORD_002154,DRV_0240,4.45,21.0,39.6,42.4
DEL_001984,ORD_002155,DRV_0266,7.64,24.0,52.4,60.3
DEL_001985,ORD_002156,DRV_0126,5.79,13.5,48.4,51.8
DEL_001986,ORD_002157,DRV_0154,6.85,19.2,42.2,36.7
DEL_001987,ORD_002158,DRV_0096,6.14,19.3,44.6,39.3
DEL_001988,ORD_002159,DRV_0206,3.55,9.8,49.7,46.8
DEL_001989,ORD_002160,DRV_0278,6.26,28.7,52.7,63.0
DEL_001990,ORD_002161,DRV_0042,1.87,27.8,30.0,31.5
DEL_001991,ORD_002162,DRV_0171,11.9,23.6,136.3,126.8
DEL_001992,ORD_002163,DRV_0225,3.06,27.0,43.8,42.9
DEL_001993,ORD_002164,DRV_0254,20.0,22.6,117.4,131.5
DEL_001994,ORD_002165,DRV_0209,11.72,32.1,68.0,65.9
DEL_001995,ORD_002166,DRV_0290,2.79,15.5,35.4,33.3
DEL_001996,ORD_002167,DRV_0009,9.67,17.0,50.1,61.5
DEL_001997,ORD_002168,DRV_0230,5.5,24.9,47.8,53.4
DEL_001998,ORD_002169,DRV_0124,8.34,15.2,51.3,46.5
DEL_001999,ORD_002170,DRV_0271,2.03,31.7,33.8,43.6
DEL_002000,ORD_002171,DRV_0296,11.38,25.9,88.8,99.0
DEL_002001,ORD_002174,DRV_0257,4.64,24.1,44.3,40.9
DEL_002002,ORD_002175,DRV_0278,2.44,24.1,33.0,30.6
DEL_002003,ORD_002176,DRV_0144,6.85,19.7,32.3,36.8
DEL_002004,ORD_002177,DRV_0086,0.65,16.0,18.8,17.6
DEL_002005,ORD_002178,DRV_0094,3.6,18.1,32.0,28.4
DEL_002006,ORD_002179,DRV_0172,3.16,32.2,42.6,46.7
DEL_002007,ORD_002180,DRV_0180,0.5,23.6,19.8,20.0
DEL_002008,ORD_002181,DRV_0078,12.28,17.6,62.1,70.5
DEL_002009,ORD_002182,DRV_0292,4.68,22.5,43.2,49.7
DEL_002010,ORD_002183,DRV_0118,1.86,28.3,41.2,40.8
DEL_002011,ORD_002184,DRV_0008,4.84,17.5,34.2,34.4
DEL_002012,ORD_002185,DRV_0084,0.8,19.4,24.1,21.6
DEL_002013,ORD_002186,DRV_0292,10.95,17.2,62.7,64.5
DEL_002014,ORD_002187,DRV_0272,6.07,27.0,57.8,57.3
DEL_002015,ORD_002188,DRV_0021,10.92,24.7,56.6,62.6
DEL_002016,ORD_002189,DRV_0155,7.71,13.1,51.4,54.8
DEL_002017,ORD_002190,DRV_0280,17.22,18.4,105.3,107.0
DEL_002018,ORD_002191,DRV_0028,3.22,21.2,28.3,34.6
DEL_002019,ORD_002192,DRV_0097,3.11,25.7,55.3,49.6
DEL_002020,ORD_002193,DRV_0276,5.02,11.9,45.9,43.1
DEL_002021,ORD_002194,DRV_0121,4.82,13.9,34.2,33.8
DEL_002022,ORD_002195,DRV_0105,7.28,23.7,57.2,53.8
DEL_002023,ORD_002196,DRV_0280,2.9,24.8,48.0,48.9
DEL_002024,ORD_002197,DRV_0065,1.59,26.5,25.4,32.1
DEL_002025,ORD_002198,DRV_0171,5.09,18.5,40.4,44.4
DEL_002026,ORD_002199,DRV_0201,3.0,16.0,23.5,25.4
DEL_002027,ORD_002200,DRV_0246,1.96,17.0,32.4,31.1
DEL_002028,ORD_002201,DRV_0134,5.7,16.4,34.8,39.3
DEL_002029,ORD_002202,DRV_0148,6.02,20.7,37.9,39.6
DEL_002030,ORD_002203,DRV_0193,3.43,5.9,34.7,33.2
DEL_002031,ORD_002204,DRV_0148,19.25,21.7,105.8,96.8
DEL_002032,ORD_002205,DRV_0065,5.7,26.8,43.8,42.1
DEL_002033,ORD_002206,DRV_0141,17.8,26.7,116.5,114.0
DEL_002034,ORD_002207,DRV_0036,2.78,21.0,31.2,28.9
DEL_002035,ORD_002208,DRV_0061,14.68,22.4,95.9,109.2
DEL_002036,ORD_002209,DRV_0135,20.0,13.9,100.4,96.2
DEL_002037,ORD_002210,DRV_0068,4.61,27.1,46.5,53.5
DEL_002038,ORD_002211,DRV_0183,17.45,20.2,64.7,81.9
DEL_002039,ORD_002213,DRV_0003,1.8,32.4,44.9,44.7
DEL_002040,ORD_002214,DRV_0025,8.45,21.1,61.6,66.0
DEL_002041,ORD_002215,DRV_0126,3.99,23.1,39.5,38.6
DEL_002042,ORD_002216,DRV_0217,2.56,12.8,27.9,26.6
DEL_002043,ORD_002217,DRV_0292,8.49,21.2,59.5,60.5
DEL_002044,ORD_002218,DRV_0011,9.72,26.1,56.6,57.5
DEL_002045,ORD_002219,DRV_0290,4.49,24.1,50.4,57.1
DEL_002046,ORD_002220,DRV_0119,4.68,25.7,41.6,46.7
DEL_002047,ORD_002221,DRV_0285,5.36,22.8,52.1,49.5
DEL_002048,ORD_002223,DRV_0148,15.54,20.2,86.9,90.5
DEL_002049,ORD_002224,DRV_0264,5.12,31.1,67.3,67.7
DEL_002050,ORD_002225,DRV_0076,2.51,29.3,29.3,37.3
DEL_002051,ORD_002226,DRV_0187,5.34,5.0,23.2,26.3
DEL_002052,ORD_002227,DRV_0296,15.69,11.9,75.5,85.4
DEL_002053,ORD_002228,DRV_0016,3.09,28.9,54.7,54.2
DEL_002054,ORD_002229,DRV_0215,3.23,16.4,27.3,27.2
DEL_002055,ORD_002230,DRV_0255,3.66,14.9,37.4,35.9
DEL_002056,ORD_002231,DRV_0164,4.94,23.7,48.2,45.8
DEL_002057,ORD_002232,DRV_0242,8.91,18.5,40.2,48.4
DEL_002058,ORD_002233,DRV_0079,0.5,11.9,21.8,18.1
DEL_002059,ORD_002235,DRV_0248,1.45,21.3,21.0,22.9
DEL_002060,ORD_002236,DRV_0046,4.68,13.6,28.9,26.6
DEL_002061,ORD_002237,DRV_0006,3.75,10.8,33.7,32.5
DEL_002062,ORD_002238,DRV_0078,9.61,16.3,67.2,70.3
DEL_002063,ORD_002239,DRV_0159,2.33,30.4,47.6,42.7
DEL_002064,ORD_002240,DRV_0078,18.36,20.3,92.9,93.5
DEL_002065,ORD_002241,DRV_0006,4.61,18.4,47.9,49.7
DEL_002066,ORD_002242,DRV_0141,5.88,25.7,39.6,44.6
DEL_002067,ORD_002244,DRV_0132,3.42,16.5,46.2,46.5
DEL_002068,ORD_002245,DRV_0292,3.43,12.1,26.9,26.0
DEL_002069,ORD_002247,DRV_0048,8.36,19.3,45.1,47.7
DEL_002070,ORD_002248,DRV_0217,12.8,26.7,107.2,103.8
DEL_002071,ORD_002249,DRV_0084,4.24,27.8,42.7,44.8
DEL_002072,ORD_002250,DRV_0300,5.32,19.5,38.2,48.9
DEL_002073,ORD_002251,DRV_0019,10.03,25.0,65.8,78.5
DEL_002074,ORD_002252,DRV_0248,2.95,13.2,28.1,31.0
DEL_002075,ORD_002253,DRV_0075,3.36,21.3,41.0,38.2
DEL_002076,ORD_002254,DRV_0206,6.94,26.2,58.0,60.9
DEL_002077,ORD_002255,DRV_0166,10.01,16.8,53.6,49.0
DEL_002078,ORD_002256,DRV_0073,5.16,5.0,36.0,36.3
DEL_002079,ORD_002257,DRV_0208,7.17,19.6,45.1,52.3
DEL_002080,ORD_002258,DRV_0198,1.97,18.6,29.2,30.1
DEL_002081,ORD_002259,DRV_0163,12.99,24.6,90.0,100.7
DEL_002082,ORD_002260,DRV_0192,4.91,22.5,37.4,44.2
DEL_002083,ORD_002261,DRV_0229,7.74,28.9,59.3,61.0
DEL_002084,ORD_002262,DRV_0096,1.73,19.2,21.6,25.3
DEL_002085,ORD_002263,DRV_0176,2.09,17.2,24.4,25.4
DEL_002086,ORD_002264,DRV_0267,2.84,12.1,18.6,22.5
DEL_002087,ORD_002265,DRV_0278,2.56,17.3,31.6,34.2
DEL_002088,ORD_002266,DRV_0069,4.4,15.3,35.2,36.2
DEL_002089,ORD_002267,DRV_0030,12.14,25.7,80.0,86.2
DEL_002090,ORD_002268,DRV_0097,8.37,30.7,65.7,65.3
DEL_002091,ORD_002269,DRV_0081,5.1,18.7,38.8,45.4
DEL_002092,ORD_002270,DRV_0228,4.91,30.3,36.3,37.1
DEL_002093,ORD_002271,DRV_0129,8.99,21.2,64.2,73.5
DEL_002094,ORD_002272,DRV_0161,3.52,13.9,20.9,24.5
DEL_002095,ORD_002273,DRV_0030,5.73,36.9,51.7,58.6
DEL_002096,ORD_002275,DRV_0176,5.43,28.4,82.5,77.3
DEL_002097,ORD_002276,DRV_0059,1.89,32.6,34.0,38.1
DEL_002098,ORD_002277,DRV_0133,2.53,13.7,23.9,24.7
DEL_002099,ORD_002278,DRV_0280,7.28,22.8,50.8,46.3
DEL_002100,ORD_002279,DRV_0241,5.18,23.7,43.5,46.3
DEL_002101,ORD_002280,DRV_0188,3.66,23.0,34.3,36.5
DEL_002102,ORD_002281,DRV_0059,9.24,29.0,72.7,70.9
DEL_002103,ORD_002282,DRV_0090,8.81,19.0,66.6,65.3
DEL_002104,ORD_002283,DRV_0014,1.41,23.1,20.9,26.1
DEL_002105,ORD_002284,DRV_0272,5.25,18.6,44.8,40.0
DEL_002106,ORD_002285,DRV_0104,0.5,25.6,27.9,28.4
DEL_002107,ORD_002286,DRV_0057,3.64,22.9,35.0,38.9
DEL_002108,ORD_002287,DRV_0028,3.21,23.8,34.0,34.4
DEL_002109,ORD_002288,DRV_0044,3.38,23.2,30.5,31.7
DEL_002110,ORD_002289,DRV_0252,1.42,28.7,37.8,39.7
DEL_002111,ORD_002290,DRV_0189,3.73,43.3,60.0,62.0
DEL_002112,ORD_002291,DRV_0251,2.02,22.9,26.3,32.8
DEL_002113,ORD_002292,DRV_0007,14.99,34.1,89.6,93.4
DEL_002114,ORD_002293,DRV_0045,3.02,18.6,30.2,30.3
DEL_002115,ORD_002294,DRV_0127,9.41,26.0,70.4,71.3
DEL_002116,ORD_002295,DRV_0027,8.24,20.9,95.2,85.7
DEL_002117,ORD_002296,DRV_0011,9.05,33.5,94.1,88.4
DEL_002118,ORD_002297,DRV_0277,3.83,32.1,66.0,68.3
DEL_002119,ORD_002298,DRV_0210,0.66,22.2,32.3,32.6
DEL_002120,ORD_002299,DRV_0296,3.25,19.4,33.2,31.4
DEL_002121,ORD_002300,DRV_0172,5.24,18.2,39.8,46.4
DEL_002122,ORD_002303,DRV_0184,7.34,16.1,29.4,34.9
DEL_002123,ORD_002304,DRV_0125,13.89,7.7,70.3,78.6
DEL_002124,ORD_002305,DRV_0029,5.93,8.0,25.1,27.6
DEL_002125,ORD_002306,DRV_0270,7.07,24.2,52.4,52.2
DEL_002126,ORD_002307,DRV_0147,2.73,14.6,31.6,36.1
DEL_002127,ORD_002308,DRV_0297,3.91,30.0,80.4,72.7
DEL_002128,ORD_002309,DRV_0209,4.68,35.3,53.7,50.8
DEL_002129,ORD_002310,DRV_0237,7.72,18.7,45.0,50.3
DEL_002130,ORD_002311,DRV_0282,9.48,15.5,55.6,56.5
DEL_002131,ORD_002312,DRV_0243,3.77,35.3,57.1,55.3
DEL_002132,ORD_002313,DRV_0246,1.76,24.0,31.5,32.1
DEL_002133,ORD_002314,DRV_0017,12.3,23.1,84.0,101.3
DEL_002134,ORD_002315,DRV_0083,2.19,16.6,23.2,25.6
DEL_002135,ORD_002316,DRV_0160,1.53,30.3,35.3,34.2
DEL_002136,ORD_002317,DRV_0012,10.59,34.7,80.5,82.0
DEL_002137,ORD_002318,DRV_0228,12.38,14.7,73.0,85.8
DEL_002138,ORD_002319,DRV_0038,5.53,20.1,38.4,36.4
DEL_002139,ORD_002320,DRV_0133,17.09,24.1,75.7,73.2
DEL_002140,ORD_002322,DRV_0289,2.96,28.7,50.1,52.5
DEL_002141,ORD_002324,DRV_0239,12.86,15.2,93.2,87.5
DEL_002142,ORD_002326,DRV_0096,6.65,20.8,44.8,49.0
DEL_002143,ORD_002328,DRV_0218,8.81,26.8,56.6,59.9
DEL_002144,ORD_002330,DRV_0070,18.64,27.2,113.6,112.0
DEL_002145,ORD_002331,DRV_0030,3.33,26.1,31.3,34.3
DEL_002146,ORD_002332,DRV_0252,9.83,19.3,64.9,64.9
DEL_002147,ORD_002334,DRV_0157,3.36,31.1,48.0,50.5
DEL_002148,ORD_002335,DRV_0051,5.19,13.7,43.4,40.4
DEL_002149,ORD_002336,DRV_0111,6.17,20.3,52.3,56.5
DEL_002150,ORD_002337,DRV_0268,3.47,24.3,41.5,37.0
DEL_002151,ORD_002338,DRV_0013,3.64,36.1,37.2,46.5
DEL_002152,ORD_002339,DRV_0262,1.37,27.4,31.5,30.2
DEL_002153,ORD_002340,DRV_0239,7.48,25.7,52.3,59.1
DEL_002154,ORD_002341,DRV_0253,6.86,19.1,50.6,48.7
DEL_002155,ORD_002343,DRV_0021,3.25,23.5,40.4,48.3
DEL_002156,ORD_002344,DRV_0162,5.32,19.4,47.5,49.6
DEL_002157,ORD_002345,DRV_0267,4.48,25.3,47.0,43.8
DEL_002158,ORD_002346,DRV_0046,8.42,22.9,52.7,55.6
DEL_002159,ORD_002347,DRV_0125,3.15,12.7,20.1,20.4
DEL_002160,ORD_002348,DRV_0135,6.09,35.0,62.8,61.6
DEL_002161,ORD_002349,DRV_0280,12.87,5.0,67.9,74.6
DEL_002162,ORD_002350,DRV_0176,5.25,19.0,38.9,36.3
DEL_002163,ORD_002351,DRV_0245,1.55,28.2,31.2,35.7
DEL_002164,ORD_002353,DRV_0184,6.2,29.2,66.9,66.5
DEL_002165,ORD_002354,DRV_0120,7.51,16.7,35.2,40.7
DEL_002166,ORD_002355,DRV_0243,5.16,17.3,49.0,50.1
DEL_002167,ORD_002356,DRV_0174,7.79,18.9,53.1,53.1
DEL_002168,ORD_002357,DRV_0102,8.71,26.0,77.7,60.9
DEL_002169,ORD_002358,DRV_0187,10.87,31.3,101.1,94.8
DEL_002170,ORD_002359,DRV_0162,3.83,29.5,48.5,58.4
DEL_002171,ORD_002361,DRV_0183,4.42,9.7,17.0,21.2
DEL_002172,ORD_002363,DRV_0253,3.11,26.3,31.6,32.9
DEL_002173,ORD_002364,DRV_0112,6.59,30.3,54.8,54.6
DEL_002174,ORD_002365,DRV_0164,6.31,24.7,63.5,64.0
DEL_002175,ORD_002366,DRV_0011,3.9,18.1,44.2,42.4
DEL_002176,ORD_002367,DRV_0295,5.28,17.2,44.1,44.5
DEL_002177,ORD_002368,DRV_0107,4.47,20.7,38.0,40.8
DEL_002178,ORD_002369,DRV_0279,5.61,14.7,56.8,55.1
DEL_002179,ORD_002370,DRV_0036,4.05,26.3,46.0,46.9
DEL_002180,ORD_002371,DRV_0127,1.36,25.3,27.1,31.3
DEL_002181,ORD_002372,DRV_0294,3.86,20.7,40.7,35.2
DEL_002182,ORD_002373,DRV_0153,6.5,10.2,31.5,34.5
DEL_002183,ORD_002374,DRV_0098,6.39,19.2,51.1,47.4
DEL_002184,ORD_002375,DRV_0272,1.83,24.3,20.7,22.5
DEL_002185,ORD_002376,DRV_0090,4.4,36.1,55.7,61.4
DEL_002186,ORD_002377,DRV_0195,7.85,22.8,49.6,63.6
DEL_002187,ORD_002378,DRV_0036,2.6,24.5,38.3,41.9
DEL_002188,ORD_002379,DRV_0230,6.46,16.6,40.9,49.9
DEL_002189,ORD_002380,DRV_0022,1.59,26.0,47.0,42.6
DEL_002190,ORD_002381,DRV_0018,9.65,17.2,56.9,78.3
DEL_002191,ORD_002382,DRV_0061,3.79,20.0,45.3,46.4
DEL_002192,ORD_002383,DRV_0053,4.3,21.3,41.1,38.0
DEL_002193,ORD_002385,DRV_0157,2.65,18.4,28.1,30.0
DEL_002194,ORD_002386,DRV_0047,8.74,16.2,39.9,51.1
DEL_002195,ORD_002387,DRV_0134,6.94,19.0,46.0,50.6
DEL_002196,ORD_002388,DRV_0214,2.42,38.1,44.7,47.1
DEL_002197,ORD_002389,DRV_0181,3.7,25.7,31.5,36.8
DEL_002198,ORD_002390,DRV_0264,3.62,28.3,39.0,41.3
DEL_002199,ORD_002391,DRV_0131,3.72,28.0,39.4,39.2
DEL_002200,ORD_002393,DRV_0247,9.15,8.5,49.4,53.1
DEL_002201,ORD_002395,DRV_0220,11.19,16.7,63.9,71.3
DEL_002202,ORD_002396,DRV_0049,2.1,26.5,33.5,32.1
DEL_002203,ORD_002397,DRV_0237,15.44,24.2,85.5,84.1
DEL_002204,ORD_002398,DRV_0194,4.51,29.3,53.6,57.2
DEL_002205,ORD_002399,DRV_0094,8.81,13.4,55.0,48.6
DEL_002206,ORD_002400,DRV_0120,2.43,16.7,23.8,19.9
DEL_002207,ORD_002401,DRV_0153,8.11,28.7,51.8,66.7
DEL_002208,ORD_002402,DRV_0173,10.08,32.9,65.1,64.6
DEL_002209,ORD_002403,DRV_0201,1.78,31.1,44.4,39.4
DEL_002210,ORD_002404,DRV_0269,6.05,35.2,81.8,78.9
DEL_002211,ORD_002405,DRV_0115,0.5,9.6,13.1,14.1
DEL_002212,ORD_002406,DRV_0282,9.56,18.7,57.4,60.4
DEL_002213,ORD_002407,DRV_0129,0.76,21.3,34.5,28.5
DEL_002214,ORD_002408,DRV_0038,5.15,21.2,38.8,41.5
DEL_002215,ORD_002409,DRV_0276,5.06,25.3,56.9,56.7
DEL_002216,ORD_002410,DRV_0284,2.01,17.8,25.1,24.0
DEL_002217,ORD_002413,DRV_0123,2.69,21.1,32.2,32.1
DEL_002218,ORD_002414,DRV_0269,13.41,23.5,91.8,90.7
DEL_002219,ORD_002415,DRV_0197,4.29,42.3,72.3,71.6
DEL_002220,ORD_002416,DRV_0182,8.2,15.3,56.4,54.7
DEL_002221,ORD_002417,DRV_0100,4.63,26.9,40.6,44.1
DEL_002222,ORD_002418,DRV_0009,5.63,16.5,48.9,44.0
DEL_002223,ORD_002419,DRV_0260,2.85,18.3,33.0,34.5
DEL_002224,ORD_002421,DRV_0161,3.01,11.2,24.4,25.0
DEL_002225,ORD_002422,DRV_0032,3.73,22.3,43.6,44.4
DEL_002226,ORD_002424,DRV_0254,6.37,11.8,44.2,46.7
DEL_002227,ORD_002425,DRV_0038,8.07,31.0,78.6,85.1
DEL_002228,ORD_002426,DRV_0281,3.84,17.8,40.4,49.3
DEL_002229,ORD_002427,DRV_0197,9.87,14.7,97.9,84.9
DEL_002230,ORD_002428,DRV_0224,9.8,30.9,80.0,95.3
DEL_002231,ORD_002429,DRV_0225,8.04,19.5,74.4,67.0
DEL_002232,ORD_002430,DRV_0189,4.23,5.1,24.8,24.3
DEL_002233,ORD_002431,DRV_0161,8.32,21.4,61.0,60.4
DEL_002234,ORD_002432,DRV_0149,5.85,29.0,55.4,59.3
DEL_002235,ORD_002433,DRV_0212,5.12,30.3,61.6,56.1
DEL_002236,ORD_002434,DRV_0042,4.08,32.9,55.9,53.5
DEL_002237,ORD_002435,DRV_0297,11.42,33.4,96.8,97.8
DEL_002238,ORD_002436,DRV_0033,2.65,31.2,44.0,46.5
DEL_002239,ORD_002437,DRV_0262,0.5,35.0,32.2,34.4
DEL_002240,ORD_002439,DRV_0262,12.14,29.2,65.7,70.3
DEL_002241,ORD_002440,DRV_0091,13.34,22.6,65.5,89.4
DEL_002242,ORD_002441,DRV_0241,2.58,35.3,43.8,41.1
DEL_002243,ORD_002442,DRV_0265,6.77,23.9,62.0,64.1
DEL_002244,ORD_002443,DRV_0083,6.12,23.3,51.2,53.4
DEL_002245,ORD_002444,DRV_0026,0.76,39.2,42.3,51.5
DEL_002246,ORD_002445,DRV_0114,2.22,20.9,22.2,26.8
DEL_002247,ORD_002446,DRV_0175,6.28,19.6,67.2,53.9
DEL_002248,ORD_002447,DRV_0276,3.11,27.2,52.4,49.8
DEL_002249,ORD_002448,DRV_0287,8.05,35.2,89.6,92.8
DEL_002250,ORD_002449,DRV_0200,6.49,12.2,67.5,68.1
DEL_002251,ORD_002450,DRV_0215,2.55,22.6,19.9,20.6
DEL_002252,ORD_002451,DRV_0220,2.56,20.1,36.0,37.2
DEL_002253,ORD_002452,DRV_0296,1.72,22.0,30.9,32.7
DEL_002254,ORD_002454,DRV_0121,5.87,28.8,60.4,62.7
DEL_002255,ORD_002457,DRV_0103,7.44,25.8,52.1,58.7
DEL_002256,ORD_002458,DRV_0207,7.88,26.0,56.1,62.4
DEL_002257,ORD_002460,DRV_0017,6.59,15.2,49.5,55.0
DEL_002258,ORD_002461,DRV_0068,4.43,19.7,41.6,46.1
DEL_002259,ORD_002462,DRV_0242,5.16,29.3,54.6,57.1
DEL_002260,ORD_002463,DRV_0212,2.72,30.2,42.0,47.9
DEL_002261,ORD_002464,DRV_0266,6.64,20.1,49.1,59.9
DEL_002262,ORD_002465,DRV_0070,6.76,25.1,54.0,60.2
DEL_002263,ORD_002466,DRV_0194,4.75,20.6,45.3,44.3
DEL_002264,ORD_002467,DRV_0265,7.87,25.2,60.4,69.3
DEL_002265,ORD_002468,DRV_0093,1.43,29.0,39.0,39.5
DEL_002266,ORD_002469,DRV_0039,4.3,5.7,25.5,27.4
DEL_002267,ORD_002470,DRV_0098,7.65,28.2,51.9,54.4
DEL_002268,ORD_002471,DRV_0065,3.72,25.3,33.9,38.4
DEL_002269,ORD_002472,DRV_0128,7.82,15.0,77.8,65.7
DEL_002270,ORD_002473,DRV_0031,8.2,29.2,60.3,65.3
DEL_002271,ORD_002474,DRV_0244,2.29,30.6,44.1,49.1
DEL_002272,ORD_002475,DRV_0063,1.13,26.2,30.5,30.7
DEL_002273,ORD_002476,DRV_0130,1.81,21.0,31.6,29.0
DEL_002274,ORD_002477,DRV_0214,4.82,28.3,53.5,53.2
DEL_002275,ORD_002478,DRV_0217,3.79,21.5,39.5,34.4
DEL_002276,ORD_002479,DRV_0174,5.07,14.4,47.4,45.2
DEL_002277,ORD_002480,DRV_0260,5.56,28.7,66.2,65.6
DEL_002278,ORD_002482,DRV_0186,5.69,14.9,46.5,45.2
DEL_002279,ORD_002483,DRV_0191,4.92,25.7,65.5,63.6
DEL_002280,ORD_002484,DRV_0188,2.06,16.3,24.9,26.5
DEL_002281,ORD_002485,DRV_0107,3.1,20.8,39.6,41.3
DEL_002282,ORD_002486,DRV_0238,6.45,22.4,48.3,51.6
DEL_002283,ORD_002487,DRV_0296,1.7,18.9,30.6,29.9
DEL_002284,ORD_002489,DRV_0142,7.06,25.2,51.0,56.9
DEL_002285,ORD_002490,DRV_0280,5.35,34.8,60.5,64.6
DEL_002286,ORD_002491,DRV_0167,0.7,14.3,16.2,15.1
DEL_002287,ORD_002492,DRV_0119,2.04,28.8,38.3,36.0
DEL_002288,ORD_002493,DRV_0280,13.45,31.1,91.5,89.3
DEL_002289,ORD_002494,DRV_0003,6.46,18.2,46.0,46.1
DEL_002290,ORD_002495,DRV_0101,6.61,26.9,55.3,55.7
DEL_002291,ORD_002496,DRV_0208,3.41,27.6,43.5,45.9
DEL_002292,ORD_002497,DRV_0089,3.29,17.7,25.1,31.9
DEL_002293,ORD_002499,DRV_0199,5.14,22.6,58.0,53.0
DEL_002294,ORD_002500,DRV_0188,1.57,14.7,16.7,19.0
DEL_002295,ORD_002501,DRV_0090,3.09,21.0,31.2,30.8
DEL_002296,ORD_002502,DRV_0091,1.31,24.0,32.3,32.1
DEL_002297,ORD_002503,DRV_0099,19.96,21.7,103.0,96.7
DEL_002298,ORD_002504,DRV_0153,6.88,27.8,94.2,93.3
DEL_002299,ORD_002505,DRV_0053,1.97,30.8,36.2,32.1
DEL_002300,ORD_002507,DRV_0122,3.31,20.0,48.0,46.9
DEL_002301,ORD_002508,DRV_0090,7.11,14.5,43.8,55.4
DEL_002302,ORD_002509,DRV_0220,3.47,32.7,45.6,51.1
DEL_002303,ORD_002510,DRV_0145,6.75,12.2,44.8,44.4
DEL_002304,ORD_002511,DRV_0295,1.4,30.8,36.8,36.8
DEL_002305,ORD_002512,DRV_0152,3.22,21.3,39.7,40.6
DEL_002306,ORD_002513,DRV_0203,13.64,18.8,65.8,60.0
DEL_002307,ORD_002514,DRV_0145,7.98,18.2,30.8,36.9
DEL_002308,ORD_002516,DRV_0010,2.28,14.7,26.5,24.6
DEL_002309,ORD_002517,DRV_0039,11.34,35.6,80.4,75.7
DEL_002310,ORD_002518,DRV_0245,2.5,16.8,27.9,32.4
DEL_002311,ORD_002520,DRV_0018,5.17,15.7,36.8,40.8
DEL_002312,ORD_002522,DRV_0161,1.66,6.7,17.6,19.2
DEL_002313,ORD_002523,DRV_0074,3.16,19.1,29.2,30.0
DEL_002314,ORD_002524,DRV_0038,4.4,15.1,31.9,34.4
DEL_002315,ORD_002525,DRV_0062,2.88,18.5,25.7,26.4
DEL_002316,ORD_002526,DRV_0101,12.7,28.4,90.2,100.3
DEL_002317,ORD_002527,DRV_0244,5.8,12.4,36.5,39.6
DEL_002318,ORD_002528,DRV_0071,1.26,15.8,15.2,16.9
DEL_002319,ORD_002529,DRV_0152,8.54,18.0,69.2,70.5
DEL_002320,ORD_002530,DRV_0111,4.16,23.6,32.2,40.0
DEL_002321,ORD_002531,DRV_0060,10.43,14.4,70.1,59.9
DEL_002322,ORD_002532,DRV_0007,3.34,22.6,28.9,29.4
DEL_002323,ORD_002533,DRV_0248,13.35,14.1,93.3,105.0
DEL_002324,ORD_002534,DRV_0120,1.72,17.8,20.9,21.2
DEL_002325,ORD_002535,DRV_0012,3.12,15.7,27.3,25.3
DEL_002326,ORD_002536,DRV_0265,4.14,19.4,41.3,40.4
DEL_002327,ORD_002537,DRV_0293,7.61,16.1,36.3,41.6
DEL_002328,ORD_002538,DRV_0275,8.56,14.1,52.7,54.3
DEL_002329,ORD_002539,DRV_0151,4.25,5.8,27.2,25.5
DEL_002330,ORD_002540,DRV_0174,12.97,18.8,69.9,73.7
DEL_002331,ORD_002541,DRV_0130,9.66,24.0,61.6,62.4
DEL_002332,ORD_002542,DRV_0022,1.77,22.0,21.7,23.1
DEL_002333,ORD_002543,DRV_0141,8.99,19.6,48.6,47.8
DEL_002334,ORD_002544,DRV_0013,8.58,19.9,69.0,65.6
DEL_002335,ORD_002545,DRV_0124,6.78,19.6,62.2,51.2
DEL_002336,ORD_002546,DRV_0084,5.34,29.4,51.4,53.2
DEL_002337,ORD_002547,DRV_0273,4.71,25.3,44.1,45.0
DEL_002338,ORD_002548,DRV_0237,3.93,25.3,44.1,45.1
DEL_002339,ORD_002549,DRV_0287,8.44,16.3,46.7,47.3
DEL_002340,ORD_002550,DRV_0292,12.29,20.5,89.7,80.0
DEL_002341,ORD_002551,DRV_0068,3.2,26.1,43.0,42.1
DEL_002342,ORD_002552,DRV_0263,1.12,25.7,34.7,36.8
DEL_002343,ORD_002553,DRV_0244,16.45,24.0,119.6,117.1
DEL_002344,ORD_002554,DRV_0282,3.8,13.5,27.4,26.9
DEL_002345,ORD_002555,DRV_0213,6.36,30.7,61.2,71.4
DEL_002346,ORD_002556,DRV_0162,5.4,26.5,41.3,41.6
DEL_002347,ORD_002557,DRV_0090,1.79,24.5,31.0,28.8
DEL_002348,ORD_002558,DRV_0271,2.3,14.9,15.9,18.4
DEL_002349,ORD_002560,DRV_0239,18.48,17.6,127.5,109.0
DEL_002350,ORD_002561,DRV_0041,6.28,18.1,35.0,43.6
DEL_002351,ORD_002562,DRV_0175,4.39,28.5,42.6,48.6
DEL_002352,ORD_002563,DRV_0220,9.16,21.9,60.7,67.0
DEL_002353,ORD_002564,DRV_0107,1.28,26.2,28.6,30.7
DEL_002354,ORD_002565,DRV_0228,8.39,28.6,56.2,54.7
DEL_002355,ORD_002566,DRV_0292,8.05,17.8,57.3,56.0
DEL_002356,ORD_002567,DRV_0194,9.29,10.4,45.4,39.0
DEL_002357,ORD_002568,DRV_0286,5.62,8.8,28.9,28.1
DEL_002358,ORD_002569,DRV_0058,6.29,15.2,40.0,38.1
DEL_002359,ORD_002570,DRV_0124,9.62,27.1,118.9,104.8
DEL_002360,ORD_002571,DRV_0019,15.41,24.0,76.6,84.3
DEL_002361,ORD_002572,DRV_0197,5.74,18.9,48.8,49.7
DEL_002362,ORD_002573,DRV_0265,5.34,29.5,68.2,68.2
DEL_002363,ORD_002574,DRV_0190,1.41,11.6,21.0,18.8
DEL_002364,ORD_002575,DRV_0079,7.61,17.9,46.6,51.6
DEL_002365,ORD_002576,DRV_0072,8.63,23.2,71.3,67.8
DEL_002366,ORD_002577,DRV_0150,8.36,7.2,49.5,49.1
DEL_002367,ORD_002578,DRV_0222,8.8,17.5,53.5,56.5
DEL_002368,ORD_002579,DRV_0049,4.22,23.1,42.3,45.3
DEL_002369,ORD_002580,DRV_0036,4.64,31.7,52.7,56.6
DEL_002370,ORD_002581,DRV_0130,2.91,27.4,30.4,29.4
DEL_002371,ORD_002582,DRV_0031,10.0,25.6,101.3,81.8
DEL_002372,ORD_002584,DRV_0167,3.83,9.0,25.0,23.6
DEL_002373,ORD_002585,DRV_0282,10.29,22.6,74.0,66.3
DEL_002374,ORD_002586,DRV_0156,8.82,31.0,60.9,67.2
DEL_002375,ORD_002587,DRV_0160,2.97,23.8,33.5,35.9
DEL_002376,ORD_002588,DRV_0267,6.74,28.8,54.2,57.5
DEL_002377,ORD_002589,DRV_0014,4.67,27.1,47.4,42.0
DEL_002378,ORD_002590,DRV_0135,9.85,31.8,71.2,70.4
DEL_002379,ORD_002591,DRV_0026,9.24,16.4,61.0,63.2
DEL_002380,ORD_002592,DRV_0137,7.98,21.0,63.6,65.6
DEL_002381,ORD_002593,DRV_0087,5.24,14.7,54.3,53.2
DEL_002382,ORD_002594,DRV_0125,6.91,24.9,54.9,56.8
DEL_002383,ORD_002595,DRV_0123,3.64,24.2,37.2,42.0
DEL_002384,ORD_002596,DRV_0118,4.93,19.3,51.0,47.7
DEL_002385,ORD_002597,DRV_0106,9.57,44.7,92.9,94.4
DEL_002386,ORD_002598,DRV_0154,2.4,32.5,37.9,49.6
DEL_002387,ORD_002599,DRV_0272,10.83,16.2,67.7,84.4
DEL_002388,ORD_002600,DRV_0178,3.37,11.6,28.3,25.2
DEL_002389,ORD_002602,DRV_0092,2.19,19.7,35.5,38.6
DEL_002390,ORD_002603,DRV_0220,2.04,17.1,26.4,25.6
DEL_002391,ORD_002604,DRV_0188,0.62,26.1,23.5,29.2
DEL_002392,ORD_002605,DRV_0041,3.49,24.4,43.8,44.9
DEL_002393,ORD_002606,DRV_0071,3.17,30.2,49.4,47.6
DEL_002394,ORD_002607,DRV_0130,6.0,22.6,54.1,54.9
DEL_002395,ORD_002608,DRV_0019,5.68,23.5,38.6,45.7
DEL_002396,ORD_002609,DRV_0112,7.72,11.4,45.6,43.4
DEL_002397,ORD_002610,DRV_0070,3.0,31.5,39.9,37.5
DEL_002398,ORD_002611,DRV_0070,4.0,32.6,52.2,50.2
DEL_002399,ORD_002612,DRV_0233,10.5,29.2,71.0,65.8
DEL_002400,ORD_002613,DRV_0105,6.72,25.8,57.1,51.5
DEL_002401,ORD_002614,DRV_0170,2.95,24.4,38.4,40.6
DEL_002402,ORD_002615,DRV_0105,7.3,15.1,50.3,46.6
DEL_002403,ORD_002616,DRV_0300,10.8,37.9,66.8,67.4
DEL_002404,ORD_002617,DRV_0259,3.44,25.9,62.0,59.4
DEL_002405,ORD_002618,DRV_0083,4.88,19.9,43.0,43.6
DEL_002406,ORD_002619,DRV_0149,10.65,19.2,71.2,66.8
DEL_002407,ORD_002621,DRV_0255,2.37,17.7,33.0,28.8
DEL_002408,ORD_002622,DRV_0012,9.88,22.1,49.9,58.7
DEL_002409,ORD_002623,DRV_0279,5.95,13.9,39.8,43.9
DEL_002410,ORD_002624,DRV_0157,4.98,27.2,36.8,39.6
DEL_002411,ORD_002625,DRV_0074,2.83,21.6,29.2,33.7
DEL_002412,ORD_002626,DRV_0189,6.93,19.4,46.5,49.2
DEL_002413,ORD_002627,DRV_0084,0.5,31.6,33.9,35.1
DEL_002414,ORD_002628,DRV_0097,10.37,15.8,60.5,67.7
DEL_002415,ORD_002629,DRV_0162,3.39,21.1,47.9,46.5
DEL_002416,ORD_002631,DRV_0169,6.12,17.1,33.3,43.1
DEL_002417,ORD_002632,DRV_0120,7.83,9.9,67.2,69.2
DEL_002418,ORD_002633,DRV_0219,4.99,15.3,39.0,39.9
DEL_002419,ORD_002634,DRV_0043,11.22,22.0,50.9,51.5
DEL_002420,ORD_002635,DRV_0066,2.12,29.0,40.2,45.1
DEL_002421,ORD_002636,DRV_0242,3.0,18.8,44.1,48.2
DEL_002422,ORD_002637,DRV_0214,6.14,19.1,37.3,42.6
DEL_002423,ORD_002638,DRV_0278,8.53,20.1,72.2,70.2
DEL_002424,ORD_002639,DRV_0241,4.18,16.3,38.6,33.9
DEL_002425,ORD_002640,DRV_0120,4.47,25.9,49.2,52.5
DEL_002426,ORD_002641,DRV_0220,3.84,6.0,12.8,15.2
DEL_002427,ORD_002642,DRV_0065,1.62,33.4,41.1,38.7
DEL_002428,ORD_002643,DRV_0246,4.15,20.2,37.0,41.0
DEL_002429,ORD_002644,DRV_0082,3.07,19.9,19.8,22.8
DEL_002430,ORD_002645,DRV_0030,1.51,28.6,33.8,37.0
DEL_002431,ORD_002647,DRV_0129,6.71,23.7,59.4,60.0
DEL_002432,ORD_002648,DRV_0193,3.34,29.0,52.2,45.1
DEL_002433,ORD_002650,DRV_0210,1.56,17.4,20.0,20.0
DEL_002434,ORD_002651,DRV_0137,6.25,20.7,55.2,50.3
DEL_002435,ORD_002652,DRV_0123,2.34,18.3,28.7,30.8
DEL_002436,ORD_002654,DRV_0237,1.92,27.3,30.1,30.4
DEL_002437,ORD_002655,DRV_0232,3.0,15.2,35.2,29.6
DEL_002438,ORD_002656,DRV_0019,3.49,18.8,45.4,42.9
DEL_002439,ORD_002657,DRV_0072,15.74,19.1,72.9,75.2
DEL_002440,ORD_002659,DRV_0139,6.23,33.1,71.1,68.6
DEL_002441,ORD_002660,DRV_0011,6.62,31.4,64.8,72.7
DEL_002442,ORD_002661,DRV_0222,7.93,13.8,47.0,52.8
DEL_002443,ORD_002663,DRV_0144,7.24,16.7,51.2,50.1
DEL_002444,ORD_002664,DRV_0094,3.88,24.3,41.4,45.8
DEL_002445,ORD_002665,DRV_0220,3.35,17.0,39.3,38.5
DEL_002446,ORD_002666,DRV_0285,4.61,11.6,30.9,33.4
DEL_002447,ORD_002667,DRV_0057,7.4,32.4,57.9,54.6
DEL_002448,ORD_002670,DRV_0197,2.86,28.3,35.8,38.3
DEL_002449,ORD_002671,DRV_0178,6.8,26.9,52.5,54.0
DEL_002450,ORD_002672,DRV_0233,9.28,17.4,56.7,56.3
DEL_002451,ORD_002673,DRV_0240,3.32,28.0,47.2,41.4
DEL_002452,ORD_002674,DRV_0262,4.4,12.1,32.9,32.9
DEL_002453,ORD_002675,DRV_0016,16.4,32.5,102.9,107.6
DEL_002454,ORD_002676,DRV_0010,3.22,26.5,37.1,37.7
DEL_002455,ORD_002677,DRV_0019,2.09,20.9,30.1,28.9
DEL_002456,ORD_002679,DRV_0214,2.41,24.9,40.3,37.0
DEL_002457,ORD_002680,DRV_0129,2.88,25.6,35.2,33.7
DEL_002458,ORD_002681,DRV_0225,2.52,36.1,61.8,52.6
DEL_002459,ORD_002682,DRV_0176,9.61,12.6,65.5,61.7
DEL_002460,ORD_002683,DRV_0036,4.48,18.1,25.4,26.0
DEL_002461,ORD_002684,DRV_0269,9.48,32.6,71.8,75.5
DEL_002462,ORD_002685,DRV_0147,3.17,37.4,42.3,45.0
DEL_002463,ORD_002686,DRV_0135,6.75,12.4,30.3,33.4
DEL_002464,ORD_002687,DRV_0263,10.12,21.2,114.6,103.1
DEL_002465,ORD_002688,DRV_0083,3.04,8.0,28.0,24.2
DEL_002466,ORD_002690,DRV_0193,3.38,32.9,47.1,46.5
DEL_002467,ORD_002691,DRV_0077,7.03,22.8,68.7,74.2
DEL_002468,ORD_002692,DRV_0208,6.3,36.5,59.6,62.4
DEL_002469,ORD_002693,DRV_0284,0.95,28.5,38.8,36.8
DEL_002470,ORD_002694,DRV_0131,6.01,18.3,47.7,48.8
DEL_002471,ORD_002696,DRV_0262,13.75,24.4,69.3,68.9
DEL_002472,ORD_002697,DRV_0062,7.29,27.5,54.0,70.7
DEL_002473,ORD_002698,DRV_0051,8.32,25.7,61.6,71.7
DEL_002474,ORD_002699,DRV_0099,1.91,28.5,30.4,30.9
DEL_002475,ORD_002701,DRV_0207,3.42,14.1,31.8,29.4
DEL_002476,ORD_002702,DRV_0118,15.69,19.3,117.2,117.7
DEL_002477,ORD_002703,DRV_0284,7.05,15.3,59.6,60.0
DEL_002478,ORD_002704,DRV_0258,2.78,29.9,39.0,37.1
DEL_002479,ORD_002705,DRV_0055,6.02,13.7,43.2,43.7
DEL_002480,ORD_002706,DRV_0014,5.11,23.3,43.3,48.1
DEL_002481,ORD_002707,DRV_0045,5.46,32.9,59.5,58.1
DEL_002482,ORD_002708,DRV_0261,3.84,22.5,19.3,28.6
DEL_002483,ORD_002709,DRV_0152,5.71,24.9,50.5,55.3
DEL_002484,ORD_002710,DRV_0011,10.25,7.3,65.5,68.9
DEL_002485,ORD_002711,DRV_0106,4.88,14.8,38.7,36.5
DEL_002486,ORD_002712,DRV_0292,5.81,23.6,45.8,45.4
DEL_002487,ORD_002713,DRV_0164,6.94,28.0,75.7,58.7
DEL_002488,ORD_002714,DRV_0092,1.47,26.6,31.8,33.0
DEL_002489,ORD_002715,DRV_0135,5.51,27.7,65.5,58.8
DEL_002490,ORD_002716,DRV_0156,4.11,28.2,43.3,50.9
DEL_002491,ORD_002717,DRV_0201,4.53,30.1,49.0,50.8
DEL_002492,ORD_002718,DRV_0038,3.69,19.4,33.2,32.7
DEL_002493,ORD_002719,DRV_0044,5.66,18.9,41.7,38.4
DEL_002494,ORD_002720,DRV_0276,1.37,29.9,41.7,45.2
DEL_002495,ORD_002721,DRV_0095,4.39,28.9,42.6,46.0
DEL_002496,ORD_002722,DRV_0022,10.54,26.8,65.3,64.1
DEL_002497,ORD_002723,DRV_0110,2.38,10.9,26.3,22.8
DEL_002498,ORD_002724,DRV_0014,3.5,18.9,32.1,32.9
DEL_002499,ORD_002725,DRV_0191,3.78,25.8,44.8,44.5
DEL_002500,ORD_002726,DRV_0107,8.95,23.0,52.5,61.1
DEL_002501,ORD_002727,DRV_0071,2.26,18.4,27.7,31.0
DEL_002502,ORD_002728,DRV_0033,5.0,22.0,43.6,46.2
DEL_002503,ORD_002729,DRV_0172,7.07,27.4,42.8,45.7
DEL_002504,ORD_002730,DRV_0275,4.13,31.5,35.6,46.0
DEL_002505,ORD_002732,DRV_0161,3.68,16.8,32.2,31.5
DEL_002506,ORD_002733,DRV_0222,10.07,19.6,74.7,80.2
DEL_002507,ORD_002734,DRV_0091,5.49,19.5,42.6,44.4
DEL_002508,ORD_002735,DRV_0046,4.04,28.4,38.8,43.7
DEL_002509,ORD_002736,DRV_0145,5.5,33.5,56.4,52.6
DEL_002510,ORD_002738,DRV_0078,2.17,19.7,23.4,27.1
DEL_002511,ORD_002740,DRV_0136,4.92,12.0,38.7,34.0
DEL_002512,ORD_002741,DRV_0048,6.55,14.5,31.7,33.6
DEL_002513,ORD_002742,DRV_0046,5.56,23.7,31.5,38.3
DEL_002514,ORD_002743,DRV_0300,2.64,23.4,34.3,36.2
DEL_002515,ORD_002744,DRV_0227,3.41,19.7,36.5,36.2
DEL_002516,ORD_002745,DRV_0115,7.86,24.9,83.2,74.9
DEL_002517,ORD_002746,DRV_0034,4.42,15.8,41.5,41.1
DEL_002518,ORD_002747,DRV_0229,5.67,12.5,31.9,37.3
DEL_002519,ORD_002748,DRV_0055,3.91,26.8,46.2,40.9
DEL_002520,ORD_002749,DRV_0031,1.44,29.6,38.8,41.0
DEL_002521,ORD_002750,DRV_0282,5.85,26.4,75.1,72.5
DEL_002522,ORD_002751,DRV_0077,11.28,13.2,54.8,64.1
DEL_002523,ORD_002752,DRV_0260,3.57,30.6,46.3,47.0
DEL_002524,ORD_002753,DRV_0153,1.29,27.3,33.2,35.5
DEL_002525,ORD_002754,DRV_0198,12.52,16.5,43.5,51.4
DEL_002526,ORD_002755,DRV_0249,1.63,11.4,21.0,19.7
DEL_002527,ORD_002756,DRV_0232,3.42,18.2,38.9,38.7
DEL_002528,ORD_002757,DRV_0015,3.89,27.0,46.1,47.4
DEL_002529,ORD_002759,DRV_0094,7.28,22.5,49.0,48.8
DEL_002530,ORD_002760,DRV_0269,4.24,26.1,50.9,47.4
DEL_002531,ORD_002761,DRV_0141,10.83,11.2,89.9,85.9
DEL_002532,ORD_002762,DRV_0252,12.01,28.0,67.5,88.6
DEL_002533,ORD_002763,DRV_0096,9.81,7.6,43.0,48.4
DEL_002534,ORD_002764,DRV_0121,1.64,14.8,33.4,31.2
DEL_002535,ORD_002765,DRV_0108,17.03,28.8,106.1,86.9
DEL_002536,ORD_002766,DRV_0088,4.73,19.0,41.8,36.5
DEL_002537,ORD_002767,DRV_0169,5.27,20.3,42.3,49.5
DEL_002538,ORD_002768,DRV_0101,5.09,8.8,46.0,44.0
DEL_002539,ORD_002769,DRV_0243,4.13,29.2,44.3,47.9
DEL_002540,ORD_002770,DRV_0265,9.9,18.3,71.4,70.0
DEL_002541,ORD_002771,DRV_0299,1.34,24.9,31.4,32.3
DEL_002542,ORD_002772,DRV_0221,2.37,14.7,23.0,24.4
DEL_002543,ORD_002773,DRV_0011,4.7,32.6,51.8,59.2
DEL_002544,ORD_002774,DRV_0147,2.71,21.0,30.6,27.5
DEL_002545,ORD_002775,DRV_0134,12.05,27.1,119.9,119.2
DEL_002546,ORD_002776,DRV_0247,1.29,17.0,24.1,22.9
DEL_002547,ORD_002777,DRV_0008,1.34,19.1,35.8,31.9
DEL_002548,ORD_002778,DRV_0069,7.8,18.8,96.7,92.2
DEL_002549,ORD_002779,DRV_0146,3.0,20.5,38.5,35.2
DEL_002550,ORD_002780,DRV_0150,5.86,27.2,47.4,54.5
DEL_002551,ORD_002781,DRV_0157,7.14,26.4,46.0,52.3
DEL_002552,ORD_002782,DRV_0068,0.77,24.0,25.3,26.9
DEL_002553,ORD_002783,DRV_0277,7.1,27.4,57.3,64.7
DEL_002554,ORD_002784,DRV_0284,4.06,26.5,37.2,44.8
DEL_002555,ORD_002785,DRV_0073,8.43,23.8,42.4,46.2
DEL_002556,ORD_002786,DRV_0214,10.35,14.5,47.5,48.0
DEL_002557,ORD_002787,DRV_0122,5.31,25.6,43.6,50.5
DEL_002558,ORD_002788,DRV_0210,8.35,18.4,39.3,46.5
DEL_002559,ORD_002789,DRV_0213,6.86,28.3,61.1,64.4
DEL_002560,ORD_002790,DRV_0029,3.06,21.2,40.0,34.2
DEL_002561,ORD_002791,DRV_0190,2.17,21.7,25.7,25.0
DEL_002562,ORD_002792,DRV_0038,5.59,24.6,53.3,47.3
DEL_002563,ORD_002793,DRV_0004,6.61,19.2,43.7,44.4
DEL_002564,ORD_002794,DRV_0214,7.98,21.0,44.7,48.5
DEL_002565,ORD_002795,DRV_0185,12.98,23.8,96.1,105.6
DEL_002566,ORD_002796,DRV_0121,7.75,19.7,65.2,61.3
DEL_002567,ORD_002797,DRV_0076,7.82,19.3,37.0,41.0
DEL_002568,ORD_002798,DRV_0155,2.45,23.0,40.3,39.8
DEL_002569,ORD_002799,DRV_0104,7.13,23.8,57.4,53.7
DEL_002570,ORD_002800,DRV_0108,3.12,24.0,46.5,48.6
DEL_002571,ORD_002801,DRV_0041,5.53,5.0,49.8,42.0
DEL_002572,ORD_002802,DRV_0214,7.73,26.8,54.5,60.6
DEL_002573,ORD_002803,DRV_0257,6.1,36.6,65.3,64.0
DEL_002574,ORD_002804,DRV_0147,7.01,30.2,90.7,81.7
DEL_002575,ORD_002805,DRV_0287,2.62,21.5,33.9,34.2
DEL_002576,ORD_002806,DRV_0267,1.37,22.7,24.5,27.0
DEL_002577,ORD_002807,DRV_0042,4.39,22.3,39.5,38.4
DEL_002578,ORD_002808,DRV_0007,10.61,26.0,79.8,68.6
DEL_002579,ORD_002809,DRV_0220,4.73,21.7,45.7,46.7
DEL_002580,ORD_002810,DRV_0295,1.22,8.2,12.6,12.7
DEL_002581,ORD_002811,DRV_0296,5.38,35.4,66.1,68.5
DEL_002582,ORD_002812,DRV_0168,8.17,18.2,53.5,54.3
DEL_002583,ORD_002813,DRV_0047,8.31,29.8,80.7,76.5
DEL_002584,ORD_002814,DRV_0123,5.85,23.1,50.5,47.3
DEL_002585,ORD_002815,DRV_0285,5.33,26.0,60.7,54.9
DEL_002586,ORD_002816,DRV_0086,6.27,21.2,42.4,49.4
DEL_002587,ORD_002817,DRV_0120,1.78,24.7,42.1,36.9
DEL_002588,ORD_002819,DRV_0131,8.23,18.6,56.0,60.1
DEL_002589,ORD_002820,DRV_0223,2.95,29.0,47.6,49.5
DEL_002590,ORD_002821,DRV_0229,2.14,14.0,23.1,24.3
DEL_002591,ORD_002822,DRV_0261,14.51,28.0,70.7,76.1
DEL_002592,ORD_002824,DRV_0224,3.46,17.0,29.5,28.2
DEL_002593,ORD_002825,DRV_0052,2.57,15.8,29.7,28.4
DEL_002594,ORD_002826,DRV_0103,8.53,31.6,93.8,83.1
DEL_002595,ORD_002827,DRV_0173,19.46,8.7,71.9,79.7
DEL_002596,ORD_002828,DRV_0114,7.28,22.8,58.7,67.5
DEL_002597,ORD_002829,DRV_0270,3.31,20.0,41.4,39.0
DEL_002598,ORD_002830,DRV_0237,0.5,29.2,34.0,35.9
DEL_002599,ORD_002831,DRV_0079,2.03,34.1,40.4,42.7
DEL_002600,ORD_002832,DRV_0190,4.09,22.1,37.8,43.1
DEL_002601,ORD_002833,DRV_0008,8.37,14.2,47.5,47.6
DEL_002602,ORD_002834,DRV_0068,0.67,20.7,20.8,24.8
DEL_002603,ORD_002835,DRV_0021,2.58,25.3,37.4,40.2
DEL_002604,ORD_002836,DRV_0299,8.94,32.3,78.2,79.9
DEL_002605,ORD_002837,DRV_0236,5.12,21.9,60.9,53.5
DEL_002606,ORD_002838,DRV_0052,0.94,30.8,40.7,36.2
DEL_002607,ORD_002839,DRV_0142,7.93,28.6,49.3,57.2
DEL_002608,ORD_002840,DRV_0125,4.47,15.7,34.0,38.1
DEL_002609,ORD_002841,DRV_0001,1.3,21.7,22.2,24.0
DEL_002610,ORD_002842,DRV_0246,2.0,21.5,33.7,30.2
DEL_002611,ORD_002843,DRV_0217,7.87,17.7,40.6,46.3
DEL_002612,ORD_002844,DRV_0287,2.02,23.1,34.3,35.9
DEL_002613,ORD_002845,DRV_0074,2.33,22.7,29.9,31.8
DEL_002614,ORD_002846,DRV_0175,5.58,8.9,30.1,32.0
DEL_002615,ORD_002847,DRV_0167,2.73,6.8,21.7,19.4
DEL_002616,ORD_002848,DRV_0226,1.16,17.1,21.4,24.3
DEL_002617,ORD_002849,DRV_0181,0.94,17.9,22.7,21.7
DEL_002618,ORD_002850,DRV_0162,8.25,17.8,84.9,86.3
DEL_002619,ORD_002851,DRV_0141,4.63,19.0,31.3,30.3
DEL_002620,ORD_002852,DRV_0162,5.81,25.0,72.9,79.2
DEL_002621,ORD_002853,DRV_0215,8.27,25.8,54.5,58.8
DEL_002622,ORD_002854,DRV_0277,8.44,14.7,49.6,44.4
DEL_002623,ORD_002855,DRV_0063,3.39,29.1,37.6,42.7
DEL_002624,ORD_002856,DRV_0009,12.6,20.4,72.3,68.1
DEL_002625,ORD_002857,DRV_0011,7.18,23.8,40.9,61.2
DEL_002626,ORD_002858,DRV_0171,9.62,22.2,69.6,72.1
DEL_002627,ORD_002859,DRV_0123,6.69,12.3,71.3,59.4
DEL_002628,ORD_002861,DRV_0023,2.11,27.0,25.5,33.0
DEL_002629,ORD_002862,DRV_0056,1.02,22.7,31.1,30.5
DEL_002630,ORD_002863,DRV_0237,5.83,39.2,76.5,73.3
DEL_002631,ORD_002864,DRV_0268,1.37,7.1,13.8,13.7
DEL_002632,ORD_002865,DRV_0208,1.58,24.6,25.1,26.1
DEL_002633,ORD_002866,DRV_0268,8.5,33.5,83.1,100.0
DEL_002634,ORD_002867,DRV_0006,7.66,35.2,65.2,67.7
DEL_002635,ORD_002868,DRV_0066,5.07,17.2,61.2,68.9
DEL_002636,ORD_002869,DRV_0168,5.53,18.7,51.8,52.0
DEL_002637,ORD_002870,DRV_0119,1.08,25.1,23.7,26.3
DEL_002638,ORD_002871,DRV_0120,2.91,10.5,22.0,23.5
DEL_002639,ORD_002872,DRV_0224,16.59,25.2,93.8,108.2
DEL_002640,ORD_002873,DRV_0204,5.97,25.8,50.7,58.6
DEL_002641,ORD_002874,DRV_0298,2.1,28.3,48.2,42.7
DEL_002642,ORD_002875,DRV_0123,9.4,30.7,83.0,79.2
DEL_002643,ORD_002876,DRV_0079,5.62,26.5,39.9,34.8
DEL_002644,ORD_002877,DRV_0097,4.18,12.7,32.2,32.8
DEL_002645,ORD_002878,DRV_0010,1.2,30.3,29.9,32.9
DEL_002646,ORD_002879,DRV_0202,3.32,32.8,47.2,54.5
DEL_002647,ORD_002880,DRV_0268,5.2,25.6,55.8,49.8
DEL_002648,ORD_002881,DRV_0074,4.83,21.0,36.3,38.8
DEL_002649,ORD_002882,DRV_0195,6.27,25.7,43.5,44.1
DEL_002650,ORD_002883,DRV_0099,18.78,19.5,61.0,78.6
DEL_002651,ORD_002884,DRV_0103,9.79,28.6,75.3,73.5
DEL_002652,ORD_002885,DRV_0178,6.28,24.0,66.2,67.9
DEL_002653,ORD_002886,DRV_0108,2.7,18.7,31.8,29.9
DEL_002654,ORD_002887,DRV_0065,1.3,12.1,15.8,16.0
DEL_002655,ORD_002888,DRV_0287,5.25,22.6,47.4,44.4
DEL_002656,ORD_002889,DRV_0274,5.38,21.6,44.5,46.8
DEL_002657,ORD_002890,DRV_0017,4.0,8.5,34.7,31.6
DEL_002658,ORD_002891,DRV_0040,0.52,21.4,28.2,28.6
DEL_002659,ORD_002892,DRV_0262,8.16,25.3,53.9,60.9
DEL_002660,ORD_002894,DRV_0193,0.89,7.8,8.7,8.5
DEL_002661,ORD_002895,DRV_0042,18.64,22.1,124.3,110.3
DEL_002662,ORD_002896,DRV_0251,3.17,23.5,41.2,39.5
DEL_002663,ORD_002897,DRV_0111,8.6,8.0,43.6,42.6
DEL_002664,ORD_002898,DRV_0134,5.41,27.9,59.8,60.1
DEL_002665,ORD_002900,DRV_0206,9.83,27.2,89.5,79.6
DEL_002666,ORD_002901,DRV_0111,7.64,38.4,71.9,67.5
DEL_002667,ORD_002902,DRV_0289,3.82,27.0,46.8,50.0
DEL_002668,ORD_002903,DRV_0167,10.61,15.6,48.5,52.9
DEL_002669,ORD_002904,DRV_0159,3.58,24.1,37.5,38.8
DEL_002670,ORD_002906,DRV_0009,1.22,26.8,29.3,31.4
DEL_002671,ORD_002907,DRV_0200,5.81,24.2,58.9,53.9
DEL_002672,ORD_002909,DRV_0235,5.68,23.0,53.4,50.6
DEL_002673,ORD_002910,DRV_0234,4.48,29.9,61.8,51.2
DEL_002674,ORD_002911,DRV_0250,5.02,20.5,49.0,51.4
DEL_002675,ORD_002912,DRV_0234,4.65,21.0,37.3,38.7
DEL_002676,ORD_002913,DRV_0077,2.06,22.7,32.6,37.0
DEL_002677,ORD_002915,DRV_0163,1.85,22.3,31.2,30.3
DEL_002678,ORD_002916,DRV_0033,8.33,30.8,51.8,51.6
DEL_002679,ORD_002917,DRV_0116,9.46,25.0,51.9,52.3
DEL_002680,ORD_002918,DRV_0170,6.25,37.7,76.1,69.9
DEL_002681,ORD_002919,DRV_0192,4.37,16.3,51.5,49.5
DEL_002682,ORD_002920,DRV_0126,8.01,11.1,69.4,62.0
DEL_002683,ORD_002921,DRV_0217,0.97,24.1,31.5,33.3
DEL_002684,ORD_002922,DRV_0271,3.35,15.6,38.2,37.6
DEL_002685,ORD_002923,DRV_0272,2.25,15.7,31.2,30.7
DEL_002686,ORD_002924,DRV_0252,5.78,7.3,27.9,25.6
DEL_002687,ORD_002925,DRV_0239,3.33,16.8,18.0,17.1
DEL_002688,ORD_002926,DRV_0067,1.79,32.9,37.1,34.1
DEL_002689,ORD_002927,DRV_0116,12.29,13.3,53.9,54.3
DEL_002690,ORD_002928,DRV_0206,1.93,21.8,37.3,36.4
DEL_002691,ORD_002929,DRV_0132,16.86,14.1,101.1,93.0
DEL_002692,ORD_002930,DRV_0003,0.63,28.9,34.8,35.1
DEL_002693,ORD_002931,DRV_0278,2.98,24.3,31.0,31.8
DEL_002694,ORD_002932,DRV_0229,4.44,14.3,29.4,35.8
DEL_002695,ORD_002933,DRV_0049,8.54,20.5,75.7,75.5
DEL_002696,ORD_002934,DRV_0171,14.59,22.7,68.4,77.6
DEL_002697,ORD_002935,DRV_0263,5.85,19.6,41.6,46.4
DEL_002698,ORD_002936,DRV_0110,7.1,26.0,52.2,56.3
DEL_002699,ORD_002937,DRV_0296,7.92,14.9,36.4,42.0
DEL_002700,ORD_002938,DRV_0272,6.36,15.5,47.8,46.3
DEL_002701,ORD_002939,DRV_0145,5.68,11.2,31.7,36.2
DEL_002702,ORD_002940,DRV_0209,4.83,28.8,50.3,50.2
DEL_002703,ORD_002941,DRV_0163,5.41,22.5,53.5,49.9
DEL_002704,ORD_002942,DRV_0196,1.5,23.0,29.7,27.8
DEL_002705,ORD_002943,DRV_0263,2.44,18.1,37.6,37.1
DEL_002706,ORD_002944,DRV_0235,7.62,16.0,42.5,34.9
DEL_002707,ORD_002946,DRV_0058,1.98,20.6,28.0,28.3
DEL_002708,ORD_002947,DRV_0070,5.57,12.0,32.2,42.8
DEL_002709,ORD_002949,DRV_0145,5.89,29.0,52.8,53.9
DEL_002710,ORD_002950,DRV_0221,3.74,12.0,23.9,30.7
DEL_002711,ORD_002951,DRV_0121,1.26,17.9,26.1,28.3
DEL_002712,ORD_002952,DRV_0087,9.51,26.9,70.7,75.1
DEL_002713,ORD_002953,DRV_0210,6.69,16.6,60.6,60.0
DEL_002714,ORD_002954,DRV_0196,5.57,28.9,41.8,50.2
DEL_002715,ORD_002955,DRV_0207,3.76,29.4,48.4,47.7
DEL_002716,ORD_002958,DRV_0274,6.77,35.8,49.3,55.9
DEL_002717,ORD_002959,DRV_0137,3.99,23.3,39.2,40.5
DEL_002718,ORD_002960,DRV_0235,4.48,20.0,45.8,42.5
DEL_002719,ORD_002963,DRV_0030,3.88,25.4,47.3,45.6
DEL_002720,ORD_002964,DRV_0032,12.51,27.8,75.0,73.6
DEL_002721,ORD_002965,DRV_0230,6.22,21.9,44.1,46.8
DEL_002722,ORD_002967,DRV_0112,0.5,30.3,36.5,32.6
DEL_002723,ORD_002968,DRV_0125,1.83,21.1,32.9,30.7
DEL_002724,ORD_002969,DRV_0238,1.26,18.7,15.7,17.2
DEL_002725,ORD_002970,DRV_0038,8.83,34.0,90.6,73.6
DEL_002726,ORD_002971,DRV_0122,9.11,19.4,74.5,68.0
DEL_002727,ORD_002972,DRV_0239,3.24,43.3,47.2,64.1
DEL_002728,ORD_002973,DRV_0003,1.77,33.0,43.2,49.0
DEL_002729,ORD_002974,DRV_0249,2.73,21.2,30.1,32.5
DEL_002730,ORD_002975,DRV_0112,6.69,19.2,39.4,39.7
DEL_002731,ORD_002976,DRV_0241,4.67,27.5,37.4,39.9
DEL_002732,ORD_002977,DRV_0227,5.47,32.3,56.7,52.9
DEL_002733,ORD_002979,DRV_0052,1.63,22.6,29.4,28.8
DEL_002734,ORD_002981,DRV_0225,3.02,18.5,38.4,36.9
DEL_002735,ORD_002982,DRV_0085,3.25,21.2,43.0,38.9
DEL_002736,ORD_002983,DRV_0021,14.76,6.8,61.6,63.3
DEL_002737,ORD_002984,DRV_0286,2.88,21.1,32.6,32.4
DEL_002738,ORD_002985,DRV_0226,6.42,23.3,61.6,57.2
DEL_002739,ORD_002986,DRV_0061,8.72,24.0,66.1,69.5
DEL_002740,ORD_002987,DRV_0039,2.51,32.0,55.6,48.2
DEL_002741,ORD_002988,DRV_0299,1.26,25.0,35.8,33.7
DEL_002742,ORD_002989,DRV_0233,3.07,24.4,38.0,35.6
DEL_002743,ORD_002990,DRV_0092,2.16,17.6,25.9,31.3
DEL_002744,ORD_002991,DRV_0254,8.9,23.0,64.9,69.2
DEL_002745,ORD_002992,DRV_0113,3.68,18.6,29.2,31.5
DEL_002746,ORD_002993,DRV_0071,10.32,31.4,66.6,74.1
DEL_002747,ORD_002994,DRV_0129,2.41,14.3,30.8,29.4
DEL_002748,ORD_002995,DRV_0243,4.23,28.1,47.6,44.6
DEL_002749,ORD_002996,DRV_0295,3.67,15.0,24.9,24.8
DEL_002750,ORD_002997,DRV_0197,4.18,19.4,48.2,45.7
DEL_002751,ORD_002998,DRV_0008,9.7,12.3,48.7,47.9
DEL_002752,ORD_002999,DRV_0265,4.82,20.3,35.2,42.9
DEL_002753,ORD_003000,DRV_0289,6.34,30.0,63.5,73.8
DEL_002754,ORD_003001,DRV_0235,7.11,10.5,43.6,41.0
DEL_002755,ORD_003002,DRV_0092,7.33,24.7,43.0,49.9
DEL_002756,ORD_003003,DRV_0215,10.42,21.9,63.9,61.7
DEL_002757,ORD_003004,DRV_0192,4.28,29.8,53.7,52.8
DEL_002758,ORD_003005,DRV_0299,4.4,19.8,30.5,36.5
DEL_002759,ORD_003006,DRV_0224,2.79,33.8,51.3,53.4
DEL_002760,ORD_003007,DRV_0147,1.04,18.2,32.2,29.6
DEL_002761,ORD_003008,DRV_0159,3.4,23.0,35.5,38.5
DEL_002762,ORD_003009,DRV_0283,7.62,25.9,61.0,58.3
DEL_002763,ORD_003011,DRV_0067,3.07,24.3,51.0,50.2
DEL_002764,ORD_003012,DRV_0216,15.2,24.2,81.5,80.5
DEL_002765,ORD_003013,DRV_0270,1.3,13.6,14.8,18.7
DEL_002766,ORD_003014,DRV_0072,1.87,27.8,29.5,31.4
DEL_002767,ORD_003015,DRV_0089,10.77,23.9,68.0,84.8
DEL_002768,ORD_003017,DRV_0243,1.91,11.8,33.8,29.6
DEL_002769,ORD_003018,DRV_0085,8.66,32.1,92.5,89.3
DEL_002770,ORD_003019,DRV_0217,11.71,37.7,112.3,116.7
DEL_002771,ORD_003020,DRV_0091,4.31,32.2,45.3,50.3
DEL_002772,ORD_003021,DRV_0207,3.1,23.9,43.4,42.9
DEL_002773,ORD_003022,DRV_0231,2.05,12.7,17.8,21.5
DEL_002774,ORD_003023,DRV_0015,6.82,12.1,54.9,66.6
DEL_002775,ORD_003024,DRV_0154,11.4,16.6,58.8,60.7
DEL_002776,ORD_003025,DRV_0295,12.81,27.1,103.0,102.1
DEL_002777,ORD_003026,DRV_0170,8.24,37.3,80.7,83.3
DEL_002778,ORD_003027,DRV_0280,1.51,14.9,21.7,22.2
DEL_002779,ORD_003028,DRV_0230,7.52,29.6,63.4,61.4
DEL_002780,ORD_003029,DRV_0242,3.78,5.6,30.8,34.8
DEL_002781,ORD_003030,DRV_0065,5.56,15.0,44.9,40.4
DEL_002782,ORD_003031,DRV_0237,3.45,27.5,37.3,42.4
DEL_002783,ORD_003032,DRV_0128,5.75,36.9,55.4,67.7
DEL_002784,ORD_003033,DRV_0262,2.54,31.3,51.5,44.9
DEL_002785,ORD_003034,DRV_0030,0.91,24.7,26.3,24.8
DEL_002786,ORD_003035,DRV_0190,6.22,31.8,51.0,51.8
DEL_002787,ORD_003036,DRV_0153,0.64,30.1,39.4,33.2
DEL_002788,ORD_003037,DRV_0130,5.04,20.6,49.5,60.9
DEL_002789,ORD_003038,DRV_0026,14.19,22.1,49.2,67.7
DEL_002790,ORD_003039,DRV_0184,1.31,16.6,24.0,24.1
DEL_002791,ORD_003040,DRV_0200,5.44,20.2,53.9,58.0
DEL_002792,ORD_003041,DRV_0262,4.5,9.3,20.5,25.0
DEL_002793,ORD_003042,DRV_0277,10.45,8.8,46.0,57.6
DEL_002794,ORD_003043,DRV_0227,14.33,32.1,96.6,98.7
DEL_002795,ORD_003044,DRV_0190,1.54,13.4,22.5,22.6
DEL_002796,ORD_003045,DRV_0076,11.92,24.9,98.8,76.0
DEL_002797,ORD_003046,DRV_0092,1.11,25.4,32.6,37.3
DEL_002798,ORD_003047,DRV_0118,10.05,27.8,63.2,73.6
DEL_002799,ORD_003048,DRV_0246,7.7,21.2,54.1,56.9
DEL_002800,ORD_003049,DRV_0024,6.22,25.2,41.6,45.1
DEL_002801,ORD_003050,DRV_0207,5.85,18.2,46.0,47.1
DEL_002802,ORD_003051,DRV_0071,5.31,19.3,39.7,33.0
DEL_002803,ORD_003052,DRV_0035,0.54,23.1,28.9,29.4
DEL_002804,ORD_003053,DRV_0133,2.03,32.8,33.5,36.3
DEL_002805,ORD_003054,DRV_0084,6.31,12.0,30.7,33.5
DEL_002806,ORD_003055,DRV_0146,3.02,27.1,41.6,47.1
DEL_002807,ORD_003056,DRV_0057,7.18,21.1,65.0,66.9
DEL_002808,ORD_003057,DRV_0289,3.31,28.6,49.9,47.2
DEL_002809,ORD_003058,DRV_0116,3.22,27.1,39.6,37.2
DEL_002810,ORD_003059,DRV_0204,5.33,15.4,43.7,43.3
DEL_002811,ORD_003060,DRV_0007,14.61,16.9,122.1,111.7
DEL_002812,ORD_003061,DRV_0210,11.83,5.0,44.4,46.8
DEL_002813,ORD_003062,DRV_0088,3.14,24.7,39.1,36.8
DEL_002814,ORD_003063,DRV_0279,8.96,19.6,60.9,63.0
DEL_002815,ORD_003064,DRV_0174,9.48,29.2,63.4,62.3
DEL_002816,ORD_003065,DRV_0067,6.06,21.9,45.7,55.4
DEL_002817,ORD_003066,DRV_0013,5.7,23.3,64.6,60.6
DEL_002818,ORD_003067,DRV_0230,1.43,19.2,19.1,19.0
DEL_002819,ORD_003068,DRV_0053,11.66,24.0,91.8,83.6
DEL_002820,ORD_003069,DRV_0236,5.89,24.7,51.2,50.7
DEL_002821,ORD_003070,DRV_0150,6.61,25.7,57.2,54.9
DEL_002822,ORD_003071,DRV_0083,14.23,26.3,108.6,109.0
DEL_002823,ORD_003072,DRV_0066,8.08,22.4,44.7,55.4
DEL_002824,ORD_003073,DRV_0052,6.1,24.0,46.9,51.7
DEL_002825,ORD_003074,DRV_0047,11.92,14.6,55.3,56.4
DEL_002826,ORD_003075,DRV_0213,2.69,27.2,38.6,37.9
DEL_002827,ORD_003076,DRV_0134,2.65,25.0,28.6,28.2
DEL_002828,ORD_003077,DRV_0277,5.31,23.2,30.2,41.6
DEL_002829,ORD_003078,DRV_0093,8.39,17.8,91.4,77.2
DEL_002830,ORD_003079,DRV_0197,13.14,28.5,64.4,74.1
DEL_002831,ORD_003082,DRV_0123,2.62,20.9,30.1,30.4
DEL_002832,ORD_003084,DRV_0009,6.87,24.6,52.2,59.3
DEL_002833,ORD_003085,DRV_0124,6.16,26.1,61.7,62.3
DEL_002834,ORD_003086,DRV_0143,3.92,11.4,39.1,34.3
DEL_002835,ORD_003087,DRV_0158,2.96,24.3,28.9,26.4
DEL_002836,ORD_003088,DRV_0149,3.92,19.9,32.5,34.4
DEL_002837,ORD_003090,DRV_0285,2.33,27.5,45.4,43.0
DEL_002838,ORD_003091,DRV_0116,3.24,18.2,23.7,26.0
DEL_002839,ORD_003092,DRV_0172,5.5,19.9,37.5,38.6
DEL_002840,ORD_003093,DRV_0125,9.14,15.6,46.4,57.2
DEL_002841,ORD_003094,DRV_0130,4.02,14.8,35.7,33.3
DEL_002842,ORD_003095,DRV_0228,3.8,32.4,46.8,45.5
DEL_002843,ORD_003096,DRV_0077,5.74,29.8,62.7,70.1
DEL_002844,ORD_003097,DRV_0045,8.06,10.3,48.0,42.3
DEL_002845,ORD_003099,DRV_0148,4.6,24.6,35.7,38.3
DEL_002846,ORD_003100,DRV_0287,2.56,29.1,47.1,44.6
DEL_002847,ORD_003101,DRV_0291,5.95,18.7,34.9,39.1
DEL_002848,ORD_003102,DRV_0212,4.27,16.8,27.3,29.0
DEL_002849,ORD_003103,DRV_0153,5.38,9.5,37.7,34.1
DEL_002850,ORD_003104,DRV_0237,3.57,28.6,41.0,42.3
DEL_002851,ORD_003105,DRV_0264,12.04,25.3,90.3,101.8
DEL_002852,ORD_003106,DRV_0163,7.12,20.0,59.8,57.0
DEL_002853,ORD_003107,DRV_0234,5.19,32.5,40.1,45.8
DEL_002854,ORD_003108,DRV_0083,1.53,20.4,29.0,26.2
DEL_002855,ORD_003109,DRV_0139,5.45,19.6,47.2,46.1
DEL_002856,ORD_003110,DRV_0199,3.94,25.4,41.0,47.6
DEL_002857,ORD_003111,DRV_0012,3.27,30.9,34.4,40.2
DEL_002858,ORD_003112,DRV_0008,8.69,26.5,109.9,91.9
DEL_002859,ORD_003113,DRV_0178,3.47,28.7,39.1,46.1
DEL_002860,ORD_003114,DRV_0128,3.72,25.3,51.8,46.1
DEL_002861,ORD_003115,DRV_0286,7.77,16.3,49.7,53.3
DEL_002862,ORD_003116,DRV_0198,8.74,22.5,55.5,51.6
DEL_002863,ORD_003117,DRV_0131,4.66,33.9,51.8,57.1
DEL_002864,ORD_003118,DRV_0029,4.19,30.5,57.6,49.8
DEL_002865,ORD_003119,DRV_0044,1.19,30.2,32.3,36.9
DEL_002866,ORD_003120,DRV_0020,3.09,21.5,35.8,43.9
DEL_002867,ORD_003122,DRV_0081,5.28,5.4,29.6,33.5
DEL_002868,ORD_003124,DRV_0177,4.6,18.5,45.4,43.2
DEL_002869,ORD_003125,DRV_0279,13.87,28.5,84.8,84.2
DEL_002870,ORD_003126,DRV_0216,0.72,11.8,16.3,17.3
DEL_002871,ORD_003127,DRV_0167,3.18,24.1,30.8,35.5
DEL_002872,ORD_003128,DRV_0238,2.73,16.7,21.7,23.6
DEL_002873,ORD_003129,DRV_0105,5.57,25.2,34.9,39.3
DEL_002874,ORD_003130,DRV_0256,4.57,15.0,25.4,28.0
DEL_002875,ORD_003131,DRV_0279,11.8,23.8,65.2,66.4
DEL_002876,ORD_003132,DRV_0034,4.22,17.7,35.3,35.8
DEL_002877,ORD_003133,DRV_0094,8.3,24.5,65.6,62.9
DEL_002878,ORD_003134,DRV_0154,3.06,13.1,28.7,26.6
DEL_002879,ORD_003135,DRV_0169,4.58,16.8,26.7,32.1
DEL_002880,ORD_003136,DRV_0100,4.35,17.6,30.4,31.7
DEL_002881,ORD_003137,DRV_0135,0.5,30.8,31.1,30.6
DEL_002882,ORD_003138,DRV_0265,3.53,23.7,37.5,41.8
DEL_002883,ORD_003139,DRV_0101,5.08,17.7,36.1,40.0
DEL_002884,ORD_003140,DRV_0149,6.32,26.9,55.6,56.4
DEL_002885,ORD_003141,DRV_0241,5.18,21.6,48.0,49.3
DEL_002886,ORD_003142,DRV_0227,4.86,14.7,36.5,41.2
DEL_002887,ORD_003144,DRV_0085,5.71,25.5,47.0,52.3
DEL_002888,ORD_003145,DRV_0238,8.09,38.1,63.5,63.6
DEL_002889,ORD_003146,DRV_0247,1.36,24.6,26.0,30.4
DEL_002890,ORD_003147,DRV_0258,8.96,28.2,64.8,67.1
DEL_002891,ORD_003148,DRV_0054,0.7,14.2,15.5,14.3
DEL_002892,ORD_003149,DRV_0068,12.12,20.0,57.2,72.2
DEL_002893,ORD_003151,DRV_0013,11.79,11.5,67.6,73.9
DEL_002894,ORD_003152,DRV_0227,3.0,12.8,28.2,29.9
DEL_002895,ORD_003153,DRV_0098,4.97,26.2,54.1,47.0
DEL_002896,ORD_003154,DRV_0143,4.54,19.8,48.6,51.6
DEL_002897,ORD_003155,DRV_0113,1.94,24.7,35.7,35.1
DEL_002898,ORD_003156,DRV_0042,3.66,20.9,34.8,33.2
DEL_002899,ORD_003157,DRV_0287,13.4,30.4,116.7,118.3
DEL_002900,ORD_003158,DRV_0095,11.86,23.9,88.7,96.5
DEL_002901,ORD_003159,DRV_0265,4.79,17.8,45.3,43.5
DEL_002902,ORD_003160,DRV_0099,2.92,17.3,32.4,29.6
DEL_002903,ORD_003161,DRV_0138,10.39,35.1,64.5,78.1
DEL_002904,ORD_003162,DRV_0211,6.78,21.4,47.9,42.0
DEL_002905,ORD_003163,DRV_0134,5.68,23.2,48.6,42.8
DEL_002906,ORD_003164,DRV_0001,5.24,25.3,44.9,45.9
DEL_002907,ORD_003165,DRV_0131,5.87,25.9,55.8,52.6
DEL_002908,ORD_003167,DRV_0167,3.04,28.7,37.5,35.6
DEL_002909,ORD_003168,DRV_0130,5.35,17.9,43.8,40.9
DEL_002910,ORD_003169,DRV_0293,5.6,20.3,50.7,44.7
DEL_002911,ORD_003170,DRV_0084,10.73,19.9,51.1,62.6
DEL_002912,ORD_003171,DRV_0221,5.87,24.6,50.3,49.2
DEL_002913,ORD_003172,DRV_0016,4.13,11.6,41.5,35.6
DEL_002914,ORD_003173,DRV_0177,0.94,24.5,29.2,27.6
DEL_002915,ORD_003174,DRV_0091,7.92,30.5,72.1,69.3
DEL_002916,ORD_003175,DRV_0008,5.56,12.8,36.8,36.3
DEL_002917,ORD_003176,DRV_0264,15.0,29.2,118.3,109.7
DEL_002918,ORD_003177,DRV_0141,4.85,33.4,69.9,65.8
DEL_002919,ORD_003178,DRV_0100,7.63,23.8,47.0,50.0
DEL_002920,ORD_003181,DRV_0098,7.17,18.9,45.7,56.2
DEL_002921,ORD_003182,DRV_0242,2.01,23.6,34.0,35.1
DEL_002922,ORD_003183,DRV_0010,10.86,14.3,53.7,57.6
DEL_002923,ORD_003184,DRV_0039,1.05,16.5,18.0,18.6
DEL_002924,ORD_003185,DRV_0119,6.57,23.1,56.7,53.5
DEL_002925,ORD_003186,DRV_0044,9.71,19.6,60.2,65.2
DEL_002926,ORD_003187,DRV_0028,10.59,14.3,59.7,67.5
DEL_002927,ORD_003189,DRV_0253,5.96,25.8,55.9,47.4
DEL_002928,ORD_003190,DRV_0190,0.96,18.9,23.2,26.8
DEL_002929,ORD_003191,DRV_0090,5.14,23.8,60.1,52.9
DEL_002930,ORD_003192,DRV_0189,0.5,22.1,24.6,22.1
DEL_002931,ORD_003193,DRV_0114,1.92,22.9,32.1,31.1
DEL_002932,ORD_003194,DRV_0291,9.2,18.1,45.4,57.1
DEL_002933,ORD_003195,DRV_0275,6.54,12.2,38.9,39.4
DEL_002934,ORD_003196,DRV_0117,4.7,19.1,38.3,44.0
DEL_002935,ORD_003197,DRV_0124,5.58,23.0,41.2,40.8
DEL_002936,ORD_003198,DRV_0206,20.0,21.7,92.0,103.4
DEL_002937,ORD_003199,DRV_0110,7.0,24.6,62.4,56.7
DEL_002938,ORD_003200,DRV_0124,9.23,25.9,63.1,60.6
DEL_002939,ORD_003201,DRV_0133,7.54,17.1,50.1,49.4
DEL_002940,ORD_003202,DRV_0240,1.84,17.3,30.6,30.2
DEL_002941,ORD_003203,DRV_0257,3.49,21.3,30.3,34.2
DEL_002942,ORD_003204,DRV_0134,3.37,21.1,44.9,43.1
DEL_002943,ORD_003205,DRV_0017,2.54,27.7,41.9,42.4
DEL_002944,ORD_003206,DRV_0103,5.12,29.2,47.4,46.0
DEL_002945,ORD_003207,DRV_0132,3.18,16.9,25.4,26.2
DEL_002946,ORD_003208,DRV_0150,2.19,35.6,39.0,41.9
DEL_002947,ORD_003209,DRV_0047,10.16,27.6,106.1,108.2
DEL_002948,ORD_003210,DRV_0047,2.84,25.7,41.1,47.6
DEL_002949,ORD_003211,DRV_0298,4.68,28.8,51.7,50.3
DEL_002950,ORD_003214,DRV_0021,7.29,23.9,64.3,60.2
DEL_002951,ORD_003215,DRV_0013,11.43,23.0,93.0,84.2
DEL_002952,ORD_003216,DRV_0018,6.07,34.9,90.1,78.6
DEL_002953,ORD_003217,DRV_0300,2.21,16.2,19.2,22.6
DEL_002954,ORD_003218,DRV_0241,9.88,23.0,69.1,69.1
DEL_002955,ORD_003219,DRV_0095,4.82,24.8,38.4,42.3
DEL_002956,ORD_003220,DRV_0021,2.02,29.0,38.0,40.6
DEL_002957,ORD_003221,DRV_0124,8.6,23.3,73.6,63.1
DEL_002958,ORD_003222,DRV_0293,8.64,25.6,56.9,52.1
DEL_002959,ORD_003223,DRV_0251,4.2,20.5,36.2,36.5
DEL_002960,ORD_003224,DRV_0031,3.88,20.0,41.3,43.5
DEL_002961,ORD_003225,DRV_0142,9.83,18.2,59.8,57.6
DEL_002962,ORD_003226,DRV_0022,5.86,25.9,51.2,45.9
DEL_002963,ORD_003227,DRV_0205,0.5,16.6,19.9,16.4
DEL_002964,ORD_003228,DRV_0054,4.95,38.3,40.5,51.9
DEL_002965,ORD_003229,DRV_0142,16.84,15.7,104.7,101.2
DEL_002966,ORD_003230,DRV_0088,6.58,13.6,37.3,38.3
DEL_002967,ORD_003231,DRV_0069,7.75,19.1,53.4,51.6
DEL_002968,ORD_003233,DRV_0189,12.8,22.2,89.8,87.2
DEL_002969,ORD_003234,DRV_0201,6.63,26.3,37.6,44.0
DEL_002970,ORD_003235,DRV_0210,4.08,16.0,24.9,26.4
DEL_002971,ORD_003236,DRV_0231,4.18,11.6,28.9,27.6
DEL_002972,ORD_003237,DRV_0050,2.56,23.0,41.5,37.4
DEL_002973,ORD_003238,DRV_0114,5.24,17.0,34.9,36.4
DEL_002974,ORD_003239,DRV_0172,5.21,16.5,33.7,35.7
DEL_002975,ORD_003240,DRV_0209,10.19,8.6,45.4,50.0
DEL_002976,ORD_003241,DRV_0217,4.37,21.4,37.6,38.2
DEL_002977,ORD_003242,DRV_0178,13.52,19.2,89.5,84.8
DEL_002978,ORD_003243,DRV_0111,7.77,33.0,64.7,65.7
DEL_002979,ORD_003244,DRV_0186,3.37,21.0,46.8,47.5
DEL_002980,ORD_003245,DRV_0048,3.16,28.2,34.0,38.2
DEL_002981,ORD_003246,DRV_0137,3.01,19.3,40.4,41.1
DEL_002982,ORD_003247,DRV_0211,3.43,15.2,30.3,27.3
DEL_002983,ORD_003249,DRV_0195,2.81,32.4,51.7,50.0
DEL_002984,ORD_003250,DRV_0032,0.87,17.8,30.2,26.0
DEL_002985,ORD_003251,DRV_0099,11.85,25.8,81.8,75.6
DEL_002986,ORD_003252,DRV_0290,12.53,7.8,67.1,59.8
DEL_002987,ORD_003253,DRV_0268,3.84,17.5,35.7,31.7
DEL_002988,ORD_003254,DRV_0126,6.1,23.7,40.9,42.4
DEL_002989,ORD_003256,DRV_0080,1.29,25.9,25.9,29.4
DEL_002990,ORD_003257,DRV_0044,1.92,22.3,38.1,37.1
DEL_002991,ORD_003258,DRV_0229,0.75,24.8,33.7,35.1
DEL_002992,ORD_003259,DRV_0169,6.53,19.7,49.4,58.1
DEL_002993,ORD_003260,DRV_0284,20.0,32.6,106.1,110.4
DEL_002994,ORD_003261,DRV_0134,8.72,30.6,71.5,70.7
DEL_002995,ORD_003262,DRV_0083,2.08,27.2,49.0,42.7
DEL_002996,ORD_003263,DRV_0047,8.18,18.4,56.7,51.9
DEL_002997,ORD_003264,DRV_0107,5.96,29.0,62.4,57.8
DEL_002998,ORD_003265,DRV_0100,9.42,13.5,65.7,69.6
DEL_002999,ORD_003266,DRV_0231,15.86,21.8,117.8,120.2
DEL_003000,ORD_003267,DRV_0244,11.31,25.8,91.2,90.7
DEL_003001,ORD_003268,DRV_0156,9.07,9.2,57.8,54.0
DEL_003002,ORD_003269,DRV_0091,1.58,28.9,39.2,38.1
DEL_003003,ORD_003270,DRV_0154,8.48,18.2,92.7,85.2
DEL_003004,ORD_003271,DRV_0276,7.21,25.8,65.9,67.9
DEL_003005,ORD_003272,DRV_0091,1.94,19.1,27.4,22.8
DEL_003006,ORD_003273,DRV_0039,8.02,39.2,114.6,102.6
DEL_003007,ORD_003274,DRV_0112,3.75,21.4,37.7,36.5
DEL_003008,ORD_003275,DRV_0264,3.38,21.0,38.7,40.5
DEL_003009,ORD_003276,DRV_0251,9.17,19.5,64.0,57.3
DEL_003010,ORD_003277,DRV_0205,7.5,25.8,52.6,53.2
DEL_003011,ORD_003278,DRV_0053,3.19,14.3,26.3,27.5
DEL_003012,ORD_003279,DRV_0188,1.54,18.0,32.4,29.5
DEL_003013,ORD_003280,DRV_0034,5.69,25.4,48.7,49.9
DEL_003014,ORD_003281,DRV_0003,12.36,15.3,94.8,90.6
DEL_003015,ORD_003282,DRV_0149,6.78,24.0,54.0,59.1
DEL_003016,ORD_003283,DRV_0114,9.29,15.7,65.6,62.1
DEL_003017,ORD_003284,DRV_0181,9.63,24.5,73.0,68.2
DEL_003018,ORD_003286,DRV_0283,2.75,25.5,34.9,43.7
DEL_003019,ORD_003287,DRV_0104,3.75,28.6,54.3,46.3
DEL_003020,ORD_003288,DRV_0177,12.79,16.9,72.3,80.9
DEL_003021,ORD_003289,DRV_0009,10.48,28.1,58.2,62.2
DEL_003022,ORD_003290,DRV_0167,1.34,25.5,25.2,24.6
DEL_003023,ORD_003291,DRV_0224,6.91,25.0,50.9,56.1
DEL_003024,ORD_003292,DRV_0105,3.79,21.1,27.7,27.2
DEL_003025,ORD_003294,DRV_0254,9.17,17.9,79.1,84.9
DEL_003026,ORD_003295,DRV_0248,6.25,19.8,40.3,41.2
DEL_003027,ORD_003297,DRV_0175,4.36,28.9,45.9,43.4
DEL_003028,ORD_003298,DRV_0073,3.2,10.7,28.3,28.1
DEL_003029,ORD_003299,DRV_0295,10.7,26.6,82.9,73.4
DEL_003030,ORD_003300,DRV_0136,4.28,28.7,63.8,74.2
DEL_003031,ORD_003301,DRV_0154,2.14,7.7,15.2,18.0
DEL_003032,ORD_003302,DRV_0215,4.38,20.5,35.7,40.7
DEL_003033,ORD_003303,DRV_0045,2.47,17.0,39.1,37.0
DEL_003034,ORD_003304,DRV_0081,3.28,20.7,30.0,29.4
DEL_003035,ORD_003305,DRV_0104,2.2,19.8,28.8,26.3
DEL_003036,ORD_003306,DRV_0270,4.3,16.3,36.5,40.1
DEL_003037,ORD_003307,DRV_0265,1.29,24.5,30.9,34.3
DEL_003038,ORD_003308,DRV_0068,14.7,33.9,142.1,150.0
DEL_003039,ORD_003309,DRV_0018,3.56,23.5,52.9,45.0
DEL_003040,ORD_003310,DRV_0097,1.52,19.4,29.9,29.6
DEL_003041,ORD_003311,DRV_0261,2.37,23.3,28.2,29.5
DEL_003042,ORD_003312,DRV_0139,3.82,5.0,28.6,26.7
DEL_003043,ORD_003313,DRV_0127,1.56,18.1,18.3,19.9
DEL_003044,ORD_003314,DRV_0035,18.31,21.0,106.5,116.7
DEL_003045,ORD_003315,DRV_0193,14.94,19.1,89.9,88.1
DEL_003046,ORD_003316,DRV_0011,2.9,26.7,40.1,41.1
DEL_003047,ORD_003317,DRV_0229,8.45,20.5,75.0,73.5
DEL_003048,ORD_003318,DRV_0285,4.18,9.0,30.9,29.2
DEL_003049,ORD_003319,DRV_0097,7.38,13.0,56.5,50.1
DEL_003050,ORD_003320,DRV_0014,4.75,25.0,48.2,46.1
DEL_003051,ORD_003321,DRV_0111,6.5,21.1,48.2,47.7
DEL_003052,ORD_003322,DRV_0292,2.79,25.9,34.9,42.0
DEL_003053,ORD_003323,DRV_0125,4.19,18.4,40.0,40.9
DEL_003054,ORD_003324,DRV_0246,8.81,28.5,67.9,61.8
DEL_003055,ORD_003325,DRV_0028,2.12,11.3,11.8,14.3
DEL_003056,ORD_003326,DRV_0144,4.97,19.6,30.2,34.9
DEL_003057,ORD_003327,DRV_0271,4.54,23.1,49.2,42.6
DEL_003058,ORD_003328,DRV_0024,6.23,28.7,54.3,52.1
DEL_003059,ORD_003329,DRV_0014,2.51,31.6,50.3,50.0
DEL_003060,ORD_003330,DRV_0273,9.11,18.5,64.0,69.0
DEL_003061,ORD_003331,DRV_0298,7.77,38.0,64.4,79.3
DEL_003062,ORD_003332,DRV_0110,7.93,14.6,37.1,40.9
DEL_003063,ORD_003333,DRV_0059,2.88,8.1,19.3,19.5
DEL_003064,ORD_003334,DRV_0275,8.5,26.4,84.7,78.4
DEL_003065,ORD_003335,DRV_0262,7.23,15.4,38.3,45.0
DEL_003066,ORD_003336,DRV_0200,3.87,28.2,34.6,40.3
DEL_003067,ORD_003337,DRV_0052,5.91,13.6,26.6,31.8
DEL_003068,ORD_003338,DRV_0256,3.82,26.2,36.6,40.1
DEL_003069,ORD_003339,DRV_0061,6.85,22.8,52.8,62.3
DEL_003070,ORD_003340,DRV_0041,8.78,19.6,86.5,86.9
DEL_003071,ORD_003341,DRV_0179,6.08,20.6,51.2,48.9
DEL_003072,ORD_003342,DRV_0188,7.54,20.1,45.2,46.0
DEL_003073,ORD_003343,DRV_0025,7.11,38.3,70.1,70.4
DEL_003074,ORD_003344,DRV_0197,4.32,28.3,48.1,50.5
DEL_003075,ORD_003345,DRV_0277,0.79,17.0,16.3,16.6
DEL_003076,ORD_003346,DRV_0048,4.76,20.2,43.3,42.1
DEL_003077,ORD_003347,DRV_0024,9.3,20.6,101.7,94.5
DEL_003078,ORD_003348,DRV_0220,9.27,21.7,83.7,71.0
DEL_003079,ORD_003349,DRV_0068,13.58,23.8,133.8,141.4
DEL_003080,ORD_003350,DRV_0024,11.56,27.3,113.1,121.9
DEL_003081,ORD_003351,DRV_0087,4.63,8.7,43.4,41.3
DEL_003082,ORD_003352,DRV_0248,1.04,25.9,29.9,29.0
DEL_003083,ORD_003353,DRV_0007,1.59,30.7,31.3,41.7
DEL_003084,ORD_003354,DRV_0251,6.47,33.2,48.7,53.2
DEL_003085,ORD_003355,DRV_0025,15.91,23.1,78.3,72.3
DEL_003086,ORD_003356,DRV_0042,4.6,23.7,44.4,43.2
DEL_003087,ORD_003357,DRV_0141,4.92,27.5,47.8,57.1
DEL_003088,ORD_003358,DRV_0005,4.85,9.7,37.0,34.8
DEL_003089,ORD_003359,DRV_0218,11.2,7.3,58.9,68.0
DEL_003090,ORD_003360,DRV_0200,3.66,20.5,36.0,34.2
DEL_003091,ORD_003361,DRV_0097,2.39,17.7,30.3,34.1
DEL_003092,ORD_003362,DRV_0239,0.94,29.0,27.2,32.9
DEL_003093,ORD_003363,DRV_0071,3.16,18.6,20.2,24.8
DEL_003094,ORD_003364,DRV_0140,3.89,20.7,27.1,34.4
DEL_003095,ORD_003365,DRV_0211,0.66,29.9,27.5,26.5
DEL_003096,ORD_003366,DRV_0164,5.92,15.6,35.4,37.7
DEL_003097,ORD_003367,DRV_0078,7.44,24.4,62.0,66.3
DEL_003098,ORD_003368,DRV_0002,4.74,30.3,53.4,57.1
DEL_003099,ORD_003369,DRV_0214,1.73,20.9,22.0,24.0
DEL_003100,ORD_003370,DRV_0141,3.23,21.7,33.6,36.4
DEL_003101,ORD_003371,DRV_0057,2.39,15.0,28.0,27.8
DEL_003102,ORD_003372,DRV_0056,5.94,20.9,48.7,43.9
DEL_003103,ORD_003373,DRV_0013,6.54,14.4,34.6,35.2
DEL_003104,ORD_003374,DRV_0032,12.04,20.7,90.8,80.0
DEL_003105,ORD_003375,DRV_0099,1.2,17.8,14.8,18.0
DEL_003106,ORD_003376,DRV_0268,6.74,19.7,59.6,56.6
DEL_003107,ORD_003377,DRV_0184,5.84,26.4,34.2,42.6
DEL_003108,ORD_003378,DRV_0263,5.8,16.6,51.6,49.7
DEL_003109,ORD_003379,DRV_0207,5.58,12.0,30.2,32.6
DEL_003110,ORD_003380,DRV_0121,4.77,19.0,33.3,32.3
DEL_003111,ORD_003381,DRV_0247,4.09,12.6,53.7,48.3
DEL_003112,ORD_003382,DRV_0141,7.11,5.0,24.5,23.9
DEL_003113,ORD_003383,DRV_0089,1.61,24.0,30.5,29.3
DEL_003114,ORD_003384,DRV_0271,19.83,28.3,132.9,136.3
DEL_003115,ORD_003385,DRV_0133,2.94,21.1,28.6,32.5
DEL_003116,ORD_003386,DRV_0262,2.15,27.2,34.3,40.4
DEL_003117,ORD_003387,DRV_0200,14.81,15.2,106.1,102.9
DEL_003118,ORD_003388,DRV_0001,5.77,19.9,44.6,48.3
DEL_003119,ORD_003389,DRV_0039,8.45,27.1,55.7,66.2
DEL_003120,ORD_003390,DRV_0158,4.93,27.0,57.2,54.1
DEL_003121,ORD_003391,DRV_0073,2.07,20.2,31.3,32.6
DEL_003122,ORD_003392,DRV_0189,6.4,17.2,41.8,44.9
DEL_003123,ORD_003393,DRV_0289,6.24,18.0,42.7,41.5
DEL_003124,ORD_003395,DRV_0005,1.6,15.0,21.4,21.9
DEL_003125,ORD_003396,DRV_0016,5.27,25.8,74.6,61.5
DEL_003126,ORD_003398,DRV_0208,5.35,17.4,41.7,41.9
DEL_003127,ORD_003399,DRV_0253,6.88,11.0,54.3,48.9
DEL_003128,ORD_003400,DRV_0084,5.9,23.8,43.3,51.7
DEL_003129,ORD_003401,DRV_0234,4.0,17.0,38.7,35.4
DEL_003130,ORD_003402,DRV_0146,9.24,25.1,51.7,59.4
DEL_003131,ORD_003403,DRV_0157,3.37,25.0,29.7,39.7
DEL_003132,ORD_003404,DRV_0057,2.99,19.5,36.3,39.3
DEL_003133,ORD_003405,DRV_0217,8.88,37.5,98.4,86.4
DEL_003134,ORD_003406,DRV_0028,3.02,13.0,31.6,30.9
DEL_003135,ORD_003407,DRV_0147,2.4,23.0,37.9,39.0
DEL_003136,ORD_003408,DRV_0210,4.78,16.5,25.9,32.3
DEL_003137,ORD_003409,DRV_0300,15.03,23.6,82.8,87.6
DEL_003138,ORD_003410,DRV_0021,10.34,32.1,75.6,77.1
DEL_003139,ORD_003411,DRV_0052,5.99,24.0,44.8,47.7
DEL_003140,ORD_003412,DRV_0144,5.97,12.9,46.8,55.7
DEL_003141,ORD_003413,DRV_0021,2.72,22.7,39.6,35.3
DEL_003142,ORD_003414,DRV_0198,2.95,30.6,35.6,32.9
DEL_003143,ORD_003415,DRV_0121,3.3,35.5,53.3,48.9
DEL_003144,ORD_003416,DRV_0227,2.91,18.7,18.8,21.9
DEL_003145,ORD_003417,DRV_0020,0.97,33.5,45.2,46.6
DEL_003146,ORD_003418,DRV_0020,5.44,25.4,42.8,48.7
DEL_003147,ORD_003419,DRV_0062,8.01,21.7,58.9,60.2
DEL_003148,ORD_003420,DRV_0031,3.06,29.9,38.5,42.2
DEL_003149,ORD_003421,DRV_0255,8.65,9.7,44.5,50.9
DEL_003150,ORD_003422,DRV_0037,6.43,16.8,38.8,36.0
DEL_003151,ORD_003424,DRV_0197,2.94,12.3,23.7,25.4
DEL_003152,ORD_003425,DRV_0100,12.18,11.9,63.6,71.5
DEL_003153,ORD_003426,DRV_0092,9.0,25.0,54.3,55.2
DEL_003154,ORD_003427,DRV_0245,2.93,18.4,28.2,26.3
DEL_003155,ORD_003428,DRV_0033,20.0,22.6,93.8,91.4
DEL_003156,ORD_003429,DRV_0047,13.79,26.8,81.9,79.8
DEL_003157,ORD_003430,DRV_0137,5.35,21.5,60.2,63.5
DEL_003158,ORD_003431,DRV_0160,5.54,31.4,45.3,48.9
DEL_003159,ORD_003432,DRV_0116,9.17,28.7,65.4,70.9
DEL_003160,ORD_003433,DRV_0059,2.51,32.9,41.4,45.8
DEL_003161,ORD_003434,DRV_0111,12.89,22.4,87.1,104.3
DEL_003162,ORD_003435,DRV_0272,7.85,14.4,42.7,46.1
DEL_003163,ORD_003436,DRV_0078,4.86,13.4,47.9,46.7
DEL_003164,ORD_003437,DRV_0033,7.14,8.5,37.6,34.0
DEL_003165,ORD_003438,DRV_0136,6.4,36.4,57.6,61.4
DEL_003166,ORD_003439,DRV_0220,6.14,18.6,47.4,44.8
DEL_003167,ORD_003440,DRV_0088,5.91,20.6,41.9,43.6
DEL_003168,ORD_003441,DRV_0087,7.75,34.1,60.0,63.5
DEL_003169,ORD_003442,DRV_0193,5.39,24.1,55.0,55.3
DEL_003170,ORD_003443,DRV_0056,3.6,23.2,39.5,43.7
DEL_003171,ORD_003445,DRV_0213,6.19,26.3,45.5,54.7
DEL_003172,ORD_003446,DRV_0195,6.78,22.3,46.5,50.5
DEL_003173,ORD_003447,DRV_0256,4.59,27.3,47.5,46.0
DEL_003174,ORD_003449,DRV_0050,2.9,30.9,42.9,42.7
DEL_003175,ORD_003450,DRV_0205,2.23,25.0,29.6,33.6
DEL_003176,ORD_003451,DRV_0284,4.1,23.9,46.1,42.3
DEL_003177,ORD_003452,DRV_0278,6.56,36.6,68.0,69.4
DEL_003178,ORD_003453,DRV_0162,5.23,37.1,68.1,61.7
DEL_003179,ORD_003454,DRV_0098,7.52,37.0,70.3,69.7
DEL_003180,ORD_003455,DRV_0276,5.75,14.9,36.7,35.8
DEL_003181,ORD_003456,DRV_0147,8.37,9.4,40.7,41.2
DEL_003182,ORD_003458,DRV_0133,2.34,14.9,19.7,19.6
DEL_003183,ORD_003459,DRV_0054,1.0,25.9,28.9,30.4
DEL_003184,ORD_003460,DRV_0192,4.3,10.9,28.4,30.3
DEL_003185,ORD_003461,DRV_0175,8.35,34.3,71.2,67.4
DEL_003186,ORD_003462,DRV_0031,6.2,24.8,73.9,73.2
DEL_003187,ORD_003463,DRV_0045,2.76,27.9,30.0,36.4
DEL_003188,ORD_003464,DRV_0122,5.56,19.6,44.9,41.1
DEL_003189,ORD_003465,DRV_0263,6.78,29.6,78.0,72.8
DEL_003190,ORD_003466,DRV_0109,2.05,25.4,40.6,37.9
DEL_003191,ORD_003467,DRV_0068,10.88,21.3,74.5,83.4
DEL_003192,ORD_003468,DRV_0020,7.94,27.1,65.7,70.6
DEL_003193,ORD_003469,DRV_0059,4.53,33.3,46.1,50.4
DEL_003194,ORD_003471,DRV_0289,6.45,27.2,51.1,49.1
DEL_003195,ORD_003472,DRV_0237,1.51,21.1,22.0,22.6
DEL_003196,ORD_003473,DRV_0134,4.92,20.5,47.7,47.1
DEL_003197,ORD_003474,DRV_0087,4.91,32.8,53.1,55.2
DEL_003198,ORD_003475,DRV_0272,2.97,24.7,28.5,34.4
DEL_003199,ORD_003476,DRV_0236,11.29,8.5,56.3,56.0
DEL_003200,ORD_003477,DRV_0146,5.57,31.2,67.0,66.3
DEL_003201,ORD_003478,DRV_0219,10.98,33.0,87.9,82.2
DEL_003202,ORD_003479,DRV_0092,5.47,9.3,34.9,30.8
DEL_003203,ORD_003480,DRV_0181,20.0,28.3,98.4,109.7
DEL_003204,ORD_003481,DRV_0118,8.97,24.7,70.3,65.2
DEL_003205,ORD_003483,DRV_0284,3.16,26.0,26.4,32.7
DEL_003206,ORD_003484,DRV_0002,7.4,27.4,79.9,74.2
DEL_003207,ORD_003485,DRV_0073,3.32,12.9,37.0,34.3
DEL_003208,ORD_003486,DRV_0201,5.43,23.1,29.5,32.0
DEL_003209,ORD_003487,DRV_0091,6.38,23.9,53.2,55.5
DEL_003210,ORD_003488,DRV_0245,5.25,20.0,53.4,49.3
DEL_003211,ORD_003489,DRV_0267,9.53,29.7,96.3,88.0
DEL_003212,ORD_003490,DRV_0146,5.74,10.2,27.6,27.9
DEL_003213,ORD_003491,DRV_0238,2.68,25.0,37.2,33.7
DEL_003214,ORD_003492,DRV_0300,9.97,26.7,41.9,57.5
DEL_003215,ORD_003493,DRV_0205,3.62,14.9,32.4,32.0
DEL_003216,ORD_003494,DRV_0230,6.14,42.7,72.4,80.3
DEL_003217,ORD_003495,DRV_0179,7.07,36.7,58.7,61.9
DEL_003218,ORD_003496,DRV_0018,6.47,17.6,46.1,47.0
DEL_003219,ORD_003498,DRV_0089,6.5,19.8,54.0,56.8
DEL_003220,ORD_003500,DRV_0031,1.68,24.9,32.1,38.0
DEL_003221,ORD_003501,DRV_0070,3.66,41.6,54.6,60.6
DEL_003222,ORD_003502,DRV_0049,1.42,14.4,24.6,26.1
DEL_003223,ORD_003503,DRV_0099,2.97,22.6,42.3,34.7
DEL_003224,ORD_003504,DRV_0249,2.95,17.4,35.9,31.7
DEL_003225,ORD_003505,DRV_0112,0.5,30.0,31.2,28.9
DEL_003226,ORD_003506,DRV_0239,1.3,21.3,30.2,28.6
DEL_003227,ORD_003507,DRV_0210,6.59,28.1,51.5,58.6
DEL_003228,ORD_003508,DRV_0151,2.54,19.8,22.2,25.3
DEL_003229,ORD_003509,DRV_0199,2.18,34.9,46.8,45.0
DEL_003230,ORD_003510,DRV_0077,11.91,25.1,65.8,81.0
DEL_003231,ORD_003511,DRV_0172,3.4,21.8,44.6,46.9
DEL_003232,ORD_003512,DRV_0041,8.55,27.5,51.9,56.4
DEL_003233,ORD_003513,DRV_0296,7.18,17.2,63.9,61.2
DEL_003234,ORD_003514,DRV_0143,7.73,6.1,38.6,44.8
DEL_003235,ORD_003515,DRV_0239,9.79,28.9,63.6,63.9
DEL_003236,ORD_003516,DRV_0174,7.54,16.1,42.7,45.5
DEL_003237,ORD_003517,DRV_0061,5.32,19.6,43.4,46.8
DEL_003238,ORD_003518,DRV_0145,0.5,25.8,21.9,21.6
DEL_003239,ORD_003519,DRV_0234,11.8,16.3,81.4,67.4
DEL_003240,ORD_003520,DRV_0219,6.14,22.0,44.3,47.2
DEL_003241,ORD_003521,DRV_0116,9.99,23.2,75.2,88.3
DEL_003242,ORD_003522,DRV_0274,3.41,25.7,42.6,47.5
DEL_003243,ORD_003523,DRV_0091,7.34,21.3,45.6,57.7
DEL_003244,ORD_003525,DRV_0094,9.13,22.7,55.7,55.4
DEL_003245,ORD_003526,DRV_0202,8.61,16.3,60.0,70.8
DEL_003246,ORD_003527,DRV_0032,10.51,21.4,72.9,74.1
DEL_003247,ORD_003529,DRV_0077,5.21,23.9,39.4,42.0
DEL_003248,ORD_003530,DRV_0078,5.48,32.8,53.9,56.9
DEL_003249,ORD_003531,DRV_0144,2.98,19.1,36.0,43.0
DEL_003250,ORD_003532,DRV_0239,2.7,28.0,35.8,35.8
DEL_003251,ORD_003533,DRV_0201,1.96,21.0,27.0,31.0
DEL_003252,ORD_003534,DRV_0287,10.13,22.4,61.1,62.3
DEL_003253,ORD_003535,DRV_0191,3.17,23.8,37.1,35.6
DEL_003254,ORD_003536,DRV_0275,6.83,23.0,51.9,49.4
DEL_003255,ORD_003537,DRV_0221,3.15,19.6,37.6,34.1
DEL_003256,ORD_003539,DRV_0084,6.76,22.0,37.5,44.6
DEL_003257,ORD_003540,DRV_0295,4.26,12.7,31.7,36.5
DEL_003258,ORD_003541,DRV_0133,20.0,25.4,97.6,117.7
DEL_003259,ORD_003542,DRV_0117,4.16,18.7,41.1,38.1
DEL_003260,ORD_003543,DRV_0296,8.55,23.3,45.9,59.2
DEL_003261,ORD_003544,DRV_0121,8.14,21.9,89.2,78.8
DEL_003262,ORD_003545,DRV_0003,0.94,28.3,32.2,38.7
DEL_003263,ORD_003546,DRV_0158,13.26,20.6,72.4,66.5
DEL_003264,ORD_003547,DRV_0135,10.93,37.3,81.6,83.0
DEL_003265,ORD_003548,DRV_0234,4.29,28.7,55.7,50.9
DEL_003266,ORD_003549,DRV_0264,4.31,22.1,45.7,47.2
DEL_003267,ORD_003551,DRV_0288,2.4,18.3,23.1,23.8
DEL_003268,ORD_003552,DRV_0042,7.59,21.6,49.3,53.2
DEL_003269,ORD_003553,DRV_0123,10.28,32.7,68.9,77.4
DEL_003270,ORD_003554,DRV_0239,5.59,26.5,55.6,55.6
DEL_003271,ORD_003555,DRV_0267,5.31,16.5,34.1,39.5
DEL_003272,ORD_003556,DRV_0048,6.9,23.0,45.5,50.4
DEL_003273,ORD_003557,DRV_0039,2.67,28.2,32.3,34.7
DEL_003274,ORD_003558,DRV_0070,3.61,32.5,48.6,50.1
DEL_003275,ORD_003559,DRV_0193,2.91,12.1,24.4,24.8
DEL_003276,ORD_003560,DRV_0028,2.92,31.0,36.5,43.7
DEL_003277,ORD_003561,DRV_0084,7.72,22.0,57.9,58.2
DEL_003278,ORD_003562,DRV_0024,4.94,9.9,52.1,48.7
DEL_003279,ORD_003563,DRV_0218,3.13,24.6,37.2,35.9
DEL_003280,ORD_003564,DRV_0218,11.95,23.4,73.5,65.0
DEL_003281,ORD_003565,DRV_0147,4.88,27.7,47.1,51.8
DEL_003282,ORD_003566,DRV_0275,9.94,12.8,61.3,65.5
DEL_003283,ORD_003567,DRV_0194,4.5,31.2,44.8,43.8
DEL_003284,ORD_003568,DRV_0087,5.83,17.7,52.7,49.7
DEL_003285,ORD_003569,DRV_0223,9.45,24.2,53.8,59.2
DEL_003286,ORD_003570,DRV_0237,5.16,8.7,31.2,27.9
DEL_003287,ORD_003571,DRV_0179,1.62,14.9,17.1,22.1
DEL_003288,ORD_003572,DRV_0185,3.36,19.6,19.9,22.5
DEL_003289,ORD_003573,DRV_0299,1.57,5.0,16.8,13.8
DEL_003290,ORD_003574,DRV_0228,2.54,5.9,16.8,15.7
DEL_003291,ORD_003575,DRV_0006,2.99,31.1,32.0,43.3
DEL_003292,ORD_003576,DRV_0139,3.44,9.9,22.8,21.9
DEL_003293,ORD_003577,DRV_0149,2.19,13.3,25.3,25.0
DEL_003294,ORD_003578,DRV_0146,1.02,22.7,17.2,18.8
DEL_003295,ORD_003579,DRV_0011,4.01,15.8,24.9,26.5
DEL_003296,ORD_003580,DRV_0204,4.64,25.1,53.4,51.8
DEL_003297,ORD_003581,DRV_0174,6.25,17.8,32.7,31.9
DEL_003298,ORD_003582,DRV_0229,2.46,18.5,27.2,30.7
DEL_003299,ORD_003583,DRV_0036,5.76,14.8,35.7,38.9
DEL_003300,ORD_003584,DRV_0070,2.39,28.9,48.4,47.5
DEL_003301,ORD_003585,DRV_0059,8.83,31.6,76.1,84.4
DEL_003302,ORD_003586,DRV_0235,6.19,6.3,29.3,35.3
DEL_003303,ORD_003587,DRV_0096,1.07,28.7,34.4,36.7
DEL_003304,ORD_003588,DRV_0006,1.78,22.5,23.4,24.6
DEL_003305,ORD_003589,DRV_0104,11.61,20.6,85.5,79.0
DEL_003306,ORD_003591,DRV_0269,7.47,17.1,58.2,62.5
DEL_003307,ORD_003592,DRV_0077,7.75,17.7,58.7,71.9
DEL_003308,ORD_003593,DRV_0229,6.54,28.2,63.7,77.4
DEL_003309,ORD_003594,DRV_0093,4.18,21.8,33.2,38.1
DEL_003310,ORD_003595,DRV_0200,8.0,31.0,78.8,71.8
DEL_003311,ORD_003596,DRV_0079,3.24,19.3,34.3,35.6
DEL_003312,ORD_003597,DRV_0255,11.9,12.4,70.8,70.3
DEL_003313,ORD_003598,DRV_0032,1.12,24.7,37.3,35.7
DEL_003314,ORD_003599,DRV_0163,10.12,16.0,46.5,44.7
DEL_003315,ORD_003600,DRV_0243,9.26,17.8,57.7,54.2
DEL_003316,ORD_003601,DRV_0263,5.43,41.6,62.6,64.9
DEL_003317,ORD_003602,DRV_0108,4.12,17.2,47.6,42.9
DEL_003318,ORD_003603,DRV_0009,1.79,26.7,33.3,32.6
DEL_003319,ORD_003605,DRV_0168,5.63,17.4,35.7,43.2
DEL_003320,ORD_003606,DRV_0219,2.4,19.4,29.1,29.3
DEL_003321,ORD_003608,DRV_0158,6.27,27.3,53.0,57.1
DEL_003322,ORD_003609,DRV_0022,6.52,10.3,44.0,39.2
DEL_003323,ORD_003610,DRV_0254,10.43,20.7,102.7,115.8
DEL_003324,ORD_003611,DRV_0233,4.0,27.6,46.6,48.2
DEL_003325,ORD_003612,DRV_0057,2.56,18.0,29.0,28.9
DEL_003326,ORD_003613,DRV_0225,2.48,14.7,29.2,24.6
DEL_003327,ORD_003614,DRV_0111,10.3,23.8,74.2,81.4
DEL_003328,ORD_003615,DRV_0051,2.78,24.7,36.5,39.6
DEL_003329,ORD_003616,DRV_0221,2.18,25.1,28.4,28.3
DEL_003330,ORD_003617,DRV_0064,7.32,17.5,43.2,50.2
DEL_003331,ORD_003618,DRV_0046,1.85,31.0,36.6,38.2
DEL_003332,ORD_003619,DRV_0162,2.72,20.3,38.7,36.9
DEL_003333,ORD_003620,DRV_0113,6.83,27.8,60.3,58.7
DEL_003334,ORD_003621,DRV_0286,9.21,12.7,39.0,40.6
DEL_003335,ORD_003622,DRV_0127,4.11,12.7,30.8,28.4
DEL_003336,ORD_003623,DRV_0189,9.49,10.1,47.1,51.5
DEL_003337,ORD_003624,DRV_0254,8.56,31.4,75.5,75.3
DEL_003338,ORD_003625,DRV_0024,10.36,25.9,50.8,64.4
DEL_003339,ORD_003626,DRV_0050,0.89,10.2,12.1,12.5
DEL_003340,ORD_003627,DRV_0048,1.63,17.0,26.6,27.1
DEL_003341,ORD_003628,DRV_0260,4.12,25.5,41.0,38.9
DEL_003342,ORD_003629,DRV_0071,2.33,40.6,45.9,47.5
DEL_003343,ORD_003630,DRV_0170,3.78,19.3,39.0,41.0
DEL_003344,ORD_003631,DRV_0052,6.15,32.6,64.7,58.2
DEL_003345,ORD_003633,DRV_0160,4.54,17.1,51.7,47.2
DEL_003346,ORD_003634,DRV_0077,5.17,25.1,46.6,47.8
DEL_003347,ORD_003635,DRV_0135,11.67,19.3,68.3,76.1
DEL_003348,ORD_003636,DRV_0054,6.06,20.0,62.7,62.2
DEL_003349,ORD_003637,DRV_0041,3.01,18.4,25.9,25.7
DEL_003350,ORD_003638,DRV_0075,7.43,5.0,62.3,61.3
DEL_003351,ORD_003639,DRV_0124,3.2,21.8,34.8,38.0
DEL_003352,ORD_003640,DRV_0172,6.49,26.3,59.9,58.4
DEL_003353,ORD_003641,DRV_0148,9.37,22.7,63.5,61.8
DEL_003354,ORD_003642,DRV_0031,4.4,11.1,23.7,22.1
DEL_003355,ORD_003644,DRV_0181,4.4,18.4,31.5,30.7
DEL_003356,ORD_003645,DRV_0260,5.63,31.6,61.6,61.5
DEL_003357,ORD_003646,DRV_0249,1.23,20.3,28.6,27.9
DEL_003358,ORD_003647,DRV_0152,11.09,27.3,75.4,68.9
DEL_003359,ORD_003648,DRV_0112,3.93,22.0,33.8,41.6
DEL_003360,ORD_003649,DRV_0119,4.6,25.8,33.1,42.8
DEL_003361,ORD_003650,DRV_0094,4.4,14.3,33.6,32.0
DEL_003362,ORD_003651,DRV_0179,8.21,27.8,96.1,98.0
DEL_003363,ORD_003652,DRV_0035,13.69,20.4,105.6,96.2
DEL_003364,ORD_003653,DRV_0225,8.79,24.5,60.3,62.3
DEL_003365,ORD_003654,DRV_0250,7.27,33.4,66.2,72.9
DEL_003366,ORD_003655,DRV_0121,7.75,12.3,51.3,49.8
DEL_003367,ORD_003656,DRV_0116,10.67,39.0,95.3,84.9
DEL_003368,ORD_003657,DRV_0041,11.91,30.4,67.6,64.5
DEL_003369,ORD_003658,DRV_0203,3.97,12.0,25.8,28.4
DEL_003370,ORD_003659,DRV_0221,6.31,8.0,39.2,38.7
DEL_003371,ORD_003660,DRV_0222,7.5,27.9,73.3,69.4
DEL_003372,ORD_003661,DRV_0164,1.9,5.0,15.0,15.0
DEL_003373,ORD_003662,DRV_0229,2.61,18.4,29.1,26.3
DEL_003374,ORD_003663,DRV_0100,4.1,26.0,47.5,51.2
DEL_003375,ORD_003664,DRV_0198,6.09,27.1,58.9,56.9
DEL_003376,ORD_003665,DRV_0085,10.44,35.9,75.9,71.9
DEL_003377,ORD_003667,DRV_0021,2.91,24.0,36.2,40.9
DEL_003378,ORD_003668,DRV_0129,6.42,13.6,34.6,38.3
DEL_003379,ORD_003669,DRV_0227,0.5,28.4,26.1,26.5
DEL_003380,ORD_003670,DRV_0181,8.27,24.1,65.3,73.0
DEL_003381,ORD_003671,DRV_0046,4.57,28.0,46.7,47.9
DEL_003382,ORD_003672,DRV_0152,9.06,18.0,31.5,47.4
DEL_003383,ORD_003673,DRV_0273,3.55,25.4,41.1,44.2
DEL_003384,ORD_003676,DRV_0245,4.42,26.4,54.8,52.0
DEL_003385,ORD_003677,DRV_0286,3.26,23.8,36.4,39.6
DEL_003386,ORD_003678,DRV_0087,5.44,22.5,44.4,41.0
DEL_003387,ORD_003679,DRV_0037,8.58,34.3,52.5,56.5
DEL_003388,ORD_003680,DRV_0143,6.23,16.4,51.3,53.8
DEL_003389,ORD_003681,DRV_0128,3.97,22.3,38.3,36.7
DEL_003390,ORD_003683,DRV_0060,4.6,32.1,55.7,51.1
DEL_003391,ORD_003684,DRV_0256,4.66,12.6,25.4,26.0
DEL_003392,ORD_003685,DRV_0178,3.47,33.5,52.0,47.6
DEL_003393,ORD_003686,DRV_0066,4.92,15.7,38.2,40.7
DEL_003394,ORD_003687,DRV_0233,8.4,25.6,55.7,56.9
DEL_003395,ORD_003688,DRV_0104,10.28,19.9,60.9,72.5
DEL_003396,ORD_003689,DRV_0088,4.73,27.3,41.0,49.0
DEL_003397,ORD_003690,DRV_0159,3.03,29.4,47.5,45.0
DEL_003398,ORD_003691,DRV_0187,4.2,17.5,64.5,58.4
DEL_003399,ORD_003692,DRV_0180,0.84,26.9,27.7,29.5
DEL_003400,ORD_003693,DRV_0018,4.3,16.2,40.4,40.4
DEL_003401,ORD_003695,DRV_0270,1.85,25.1,28.5,27.0
DEL_003402,ORD_003696,DRV_0030,8.31,17.8,42.6,57.7
DEL_003403,ORD_003697,DRV_0257,1.37,33.8,34.4,36.1
DEL_003404,ORD_003699,DRV_0181,10.55,34.2,82.7,71.8
DEL_003405,ORD_003700,DRV_0012,5.31,28.5,52.7,59.0
DEL_003406,ORD_003701,DRV_0001,1.49,27.8,40.5,37.4
DEL_003407,ORD_003702,DRV_0150,3.9,33.0,57.3,56.4
DEL_003408,ORD_003703,DRV_0027,7.25,29.8,61.3,59.5
DEL_003409,ORD_003704,DRV_0250,4.25,21.3,35.3,43.7
DEL_003410,ORD_003705,DRV_0265,6.34,21.9,44.8,46.3
DEL_003411,ORD_003706,DRV_0171,2.2,7.1,25.0,21.7
DEL_003412,ORD_003707,DRV_0057,4.6,28.9,48.2,49.3
DEL_003413,ORD_003708,DRV_0161,7.31,23.0,57.8,51.1
DEL_003414,ORD_003709,DRV_0033,11.71,11.3,59.9,52.8
DEL_003415,ORD_003710,DRV_0180,5.7,11.8,36.6,38.3
DEL_003416,ORD_003711,DRV_0253,7.02,17.0,36.4,38.2
DEL_003417,ORD_003712,DRV_0258,8.56,22.7,84.7,76.8
DEL_003418,ORD_003713,DRV_0266,7.31,25.4,57.6,57.1
DEL_003419,ORD_003714,DRV_0011,6.21,6.5,35.0,31.3
DEL_003420,ORD_003715,DRV_0103,15.08,28.5,107.0,101.2
DEL_003421,ORD_003716,DRV_0057,1.74,25.7,43.8,41.1
DEL_003422,ORD_003717,DRV_0236,6.89,18.5,54.8,55.4
DEL_003423,ORD_003719,DRV_0001,1.05,16.5,20.5,20.6
DEL_003424,ORD_003720,DRV_0064,1.61,19.1,34.5,37.4
DEL_003425,ORD_003721,DRV_0165,0.5,23.4,26.1,25.7
DEL_003426,ORD_003722,DRV_0281,1.06,20.7,26.2,27.3
DEL_003427,ORD_003723,DRV_0008,3.78,35.9,40.8,47.8
DEL_003428,ORD_003724,DRV_0261,5.91,22.8,28.9,32.1
DEL_003429,ORD_003725,DRV_0295,5.32,33.7,46.5,42.8
DEL_003430,ORD_003726,DRV_0300,7.54,23.9,65.0,64.1
DEL_003431,ORD_003727,DRV_0040,8.28,20.3,56.3,60.6
DEL_003432,ORD_003728,DRV_0209,4.29,19.4,44.3,43.7
DEL_003433,ORD_003729,DRV_0206,3.9,16.6,37.2,32.9
DEL_003434,ORD_003730,DRV_0163,8.93,15.5,73.4,69.1
DEL_003435,ORD_003731,DRV_0299,4.14,24.5,39.1,43.9
DEL_003436,ORD_003732,DRV_0247,9.71,39.3,87.9,85.2
DEL_003437,ORD_003733,DRV_0061,5.64,14.7,40.3,41.3
DEL_003438,ORD_003734,DRV_0234,7.07,32.0,51.4,55.0
DEL_003439,ORD_003735,DRV_0219,4.48,32.4,44.9,53.9
DEL_003440,ORD_003736,DRV_0286,11.61,25.3,73.9,71.4
DEL_003441,ORD_003738,DRV_0144,8.13,30.6,61.0,58.2
DEL_003442,ORD_003739,DRV_0109,1.53,26.1,32.3,32.6
DEL_003443,ORD_003740,DRV_0019,4.41,22.0,42.4,42.1
DEL_003444,ORD_003741,DRV_0285,7.36,18.5,52.2,48.5
DEL_003445,ORD_003742,DRV_0161,0.5,11.0,13.7,13.2
DEL_003446,ORD_003743,DRV_0089,2.6,33.1,34.5,46.7
DEL_003447,ORD_003744,DRV_0029,1.92,26.3,51.8,44.8
DEL_003448,ORD_003745,DRV_0294,7.07,14.0,48.1,48.6
DEL_003449,ORD_003747,DRV_0002,6.35,16.5,35.1,35.6
DEL_003450,ORD_003748,DRV_0109,4.69,17.3,35.1,34.1
DEL_003451,ORD_003749,DRV_0181,9.24,24.8,53.7,57.0
DEL_003452,ORD_003750,DRV_0254,10.05,27.4,79.0,79.6
DEL_003453,ORD_003752,DRV_0224,11.39,25.7,78.9,71.4
DEL_003454,ORD_003753,DRV_0107,1.12,26.1,37.1,37.4
DEL_003455,ORD_003754,DRV_0228,8.18,25.2,50.5,59.7
DEL_003456,ORD_003755,DRV_0286,6.87,6.2,50.9,54.9
DEL_003457,ORD_003756,DRV_0127,1.97,22.2,30.1,33.0
DEL_003458,ORD_003758,DRV_0261,3.87,12.7,35.3,36.6
DEL_003459,ORD_003759,DRV_0093,2.95,10.2,32.1,28.4
DEL_003460,ORD_003760,DRV_0166,1.28,15.7,19.5,18.6
DEL_003461,ORD_003761,DRV_0185,0.71,21.5,20.6,21.9
DEL_003462,ORD_003762,DRV_0050,6.48,32.9,60.1,65.2
DEL_003463,ORD_003763,DRV_0164,14.29,28.4,75.4,91.8
DEL_003464,ORD_003764,DRV_0038,1.27,23.7,26.4,28.8
DEL_003465,ORD_003766,DRV_0022,10.64,20.1,55.3,57.7
DEL_003466,ORD_003767,DRV_0283,4.45,22.7,61.5,53.5
DEL_003467,ORD_003768,DRV_0178,10.39,30.4,89.7,94.6
DEL_003468,ORD_003769,DRV_0251,6.05,28.6,67.3,74.6
DEL_003469,ORD_003770,DRV_0204,1.98,34.7,33.9,41.3
DEL_003470,ORD_003771,DRV_0201,2.61,13.6,31.3,33.5
DEL_003471,ORD_003772,DRV_0153,4.48,34.4,45.2,50.5
DEL_003472,ORD_003773,DRV_0003,6.95,28.7,55.1,57.7
DEL_003473,ORD_003774,DRV_0011,3.78,27.4,42.9,45.6
DEL_003474,ORD_003775,DRV_0111,6.1,27.9,57.3,61.9
DEL_003475,ORD_003776,DRV_0003,10.08,22.5,95.3,89.6
DEL_003476,ORD_003777,DRV_0187,3.4,26.9,39.8,37.6
DEL_003477,ORD_003778,DRV_0233,4.89,23.4,53.4,46.3
DEL_003478,ORD_003779,DRV_0086,9.73,33.2,74.7,71.6
DEL_003479,ORD_003780,DRV_0116,3.15,12.9,27.4,29.1
DEL_003480,ORD_003781,DRV_0227,2.85,33.6,53.2,48.7
DEL_003481,ORD_003782,DRV_0219,2.88,23.9,41.8,50.5
DEL_003482,ORD_003783,DRV_0254,7.18,7.0,48.3,39.8
DEL_003483,ORD_003784,DRV_0201,6.49,25.3,44.2,56.1
DEL_003484,ORD_003785,DRV_0050,2.14,13.7,20.1,23.5
DEL_003485,ORD_003786,DRV_0268,4.57,32.2,49.9,59.4
DEL_003486,ORD_003787,DRV_0106,2.48,19.7,31.0,30.0
DEL_003487,ORD_003788,DRV_0123,5.07,36.6,70.2,60.9
DEL_003488,ORD_003789,DRV_0018,3.67,17.9,43.4,37.1
DEL_003489,ORD_003790,DRV_0120,5.34,18.5,30.3,30.3
DEL_003490,ORD_003791,DRV_0128,4.28,24.7,50.4,47.8
DEL_003491,ORD_003792,DRV_0264,4.33,16.8,41.0,39.2
DEL_003492,ORD_003793,DRV_0065,7.22,15.9,46.1,50.8
DEL_003493,ORD_003794,DRV_0200,2.16,22.9,41.1,37.0
DEL_003494,ORD_003795,DRV_0086,4.59,16.6,27.7,28.0
DEL_003495,ORD_003796,DRV_0003,0.5,25.7,25.8,30.5
DEL_003496,ORD_003797,DRV_0206,6.11,25.2,44.9,49.5
DEL_003497,ORD_003798,DRV_0023,2.08,21.8,27.7,26.0
DEL_003498,ORD_003799,DRV_0294,6.36,45.0,81.1,77.6
DEL_003499,ORD_003800,DRV_0049,2.45,18.1,23.8,24.1
DEL_003500,ORD_003801,DRV_0166,5.78,17.3,35.7,40.0
DEL_003501,ORD_003802,DRV_0154,6.28,30.6,53.3,55.5
DEL_003502,ORD_003803,DRV_0278,0.98,21.8,23.3,25.9
DEL_003503,ORD_003804,DRV_0164,17.83,16.2,79.3,77.9
DEL_003504,ORD_003805,DRV_0291,9.3,23.9,74.3,70.4
DEL_003505,ORD_003806,DRV_0238,7.84,22.2,53.1,56.9
DEL_003506,ORD_003807,DRV_0200,13.72,21.2,55.1,66.0
DEL_003507,ORD_003808,DRV_0078,3.92,27.8,35.7,42.0
DEL_003508,ORD_003809,DRV_0149,3.8,16.7,29.8,28.3
DEL_003509,ORD_003810,DRV_0100,3.26,20.7,31.9,35.8
DEL_003510,ORD_003811,DRV_0098,13.63,30.5,88.3,80.6
DEL_003511,ORD_003812,DRV_0103,3.74,33.0,47.4,52.5
DEL_003512,ORD_003813,DRV_0200,4.97,17.0,50.9,62.3
DEL_003513,ORD_003814,DRV_0246,9.84,14.7,40.8,39.2
DEL_003514,ORD_003815,DRV_0203,1.36,16.8,22.1,19.5
DEL_003515,ORD_003816,DRV_0292,6.4,19.2,48.0,52.9
DEL_003516,ORD_003817,DRV_0092,3.09,28.9,40.2,45.9
DEL_003517,ORD_003818,DRV_0043,1.81,12.2,16.9,15.7
DEL_003518,ORD_003819,DRV_0033,3.0,38.3,39.9,45.6
DEL_003519,ORD_003821,DRV_0107,11.41,16.7,103.8,93.9
DEL_003520,ORD_003822,DRV_0075,3.35,10.5,25.5,24.4
DEL_003521,ORD_003823,DRV_0082,3.01,8.5,19.7,21.5
DEL_003522,ORD_003824,DRV_0278,5.18,19.8,49.4,53.3
DEL_003523,ORD_003825,DRV_0019,8.54,25.2,51.4,60.4
DEL_003524,ORD_003827,DRV_0267,1.96,23.4,36.8,33.0
DEL_003525,ORD_003828,DRV_0072,7.56,26.1,62.6,56.7
DEL_003526,ORD_003829,DRV_0224,3.02,6.3,33.5,36.6
DEL_003527,ORD_003830,DRV_0040,8.27,21.3,61.5,56.9
DEL_003528,ORD_003831,DRV_0051,1.0,11.9,18.7,19.6
DEL_003529,ORD_003832,DRV_0262,10.16,19.0,44.9,51.8
DEL_003530,ORD_003833,DRV_0087,5.11,30.9,67.8,69.1
DEL_003531,ORD_003834,DRV_0176,5.94,13.7,65.4,62.9
DEL_003532,ORD_003835,DRV_0089,6.54,26.1,41.5,42.1
DEL_003533,ORD_003836,DRV_0054,2.86,30.9,44.9,45.7
DEL_003534,ORD_003837,DRV_0282,3.23,15.6,15.2,19.4
DEL_003535,ORD_003838,DRV_0034,4.3,16.7,34.4,32.8
DEL_003536,ORD_003839,DRV_0116,7.16,15.2,47.9,52.6
DEL_003537,ORD_003841,DRV_0027,4.67,35.3,42.5,51.3
DEL_003538,ORD_003842,DRV_0008,7.52,9.6,36.0,35.1
DEL_003539,ORD_003843,DRV_0220,9.22,31.0,69.0,69.8
DEL_003540,ORD_003845,DRV_0051,7.31,12.5,54.4,60.3
DEL_003541,ORD_003846,DRV_0219,11.35,23.5,92.0,96.1
DEL_003542,ORD_003847,DRV_0128,7.81,32.9,63.0,62.8
DEL_003543,ORD_003848,DRV_0300,9.81,29.6,71.9,76.8
DEL_003544,ORD_003849,DRV_0295,4.06,18.8,25.7,30.3
DEL_003545,ORD_003850,DRV_0136,10.55,22.9,71.9,65.6
DEL_003546,ORD_003851,DRV_0298,10.48,33.6,69.2,75.6
DEL_003547,ORD_003852,DRV_0054,6.07,22.2,45.0,45.7
DEL_003548,ORD_003853,DRV_0224,6.81,19.7,54.6,50.5
DEL_003549,ORD_003854,DRV_0295,4.55,23.0,45.7,45.6
DEL_003550,ORD_003855,DRV_0054,1.95,23.4,30.3,35.5
DEL_003551,ORD_003856,DRV_0174,0.52,24.2,29.0,28.5
DEL_003552,ORD_003857,DRV_0249,6.57,18.8,48.7,58.6
DEL_003553,ORD_003858,DRV_0134,1.55,28.4,44.9,41.2
DEL_003554,ORD_003859,DRV_0220,9.53,13.2,65.1,67.6
DEL_003555,ORD_003860,DRV_0291,2.72,20.0,35.8,32.1
DEL_003556,ORD_003861,DRV_0012,1.15,35.7,49.2,44.5
DEL_003557,ORD_003862,DRV_0172,5.96,32.3,53.5,50.3
DEL_003558,ORD_003863,DRV_0216,5.76,11.7,36.5,35.1
DEL_003559,ORD_003864,DRV_0130,7.66,26.8,78.7,78.0
DEL_003560,ORD_003866,DRV_0212,3.55,22.4,48.8,45.9
DEL_003561,ORD_003867,DRV_0243,6.64,29.8,56.5,57.1
DEL_003562,ORD_003868,DRV_0232,7.54,10.8,42.3,40.5
DEL_003563,ORD_003870,DRV_0002,2.68,31.0,63.4,53.1
DEL_003564,ORD_003871,DRV_0126,0.9,7.3,15.4,16.6
DEL_003565,ORD_003872,DRV_0081,3.4,19.2,27.4,30.9
DEL_003566,ORD_003873,DRV_0117,11.86,21.1,83.7,71.5
DEL_003567,ORD_003874,DRV_0051,6.18,28.4,59.0,53.1
DEL_003568,ORD_003875,DRV_0062,17.01,19.6,140.1,145.8
DEL_003569,ORD_003877,DRV_0229,0.85,22.5,28.4,25.9
DEL_003570,ORD_003878,DRV_0136,0.7,17.1,17.4,17.6
DEL_003571,ORD_003879,DRV_0051,5.86,36.3,53.1,61.8
DEL_003572,ORD_003880,DRV_0159,3.28,20.1,33.9,35.2
DEL_003573,ORD_003881,DRV_0042,2.29,33.3,35.5,40.1
DEL_003574,ORD_003882,DRV_0215,5.9,17.7,44.0,54.2
DEL_003575,ORD_003883,DRV_0025,2.15,23.3,30.8,31.7
DEL_003576,ORD_003884,DRV_0223,5.85,16.1,37.4,38.1
DEL_003577,ORD_003885,DRV_0236,6.6,30.3,69.3,72.5
DEL_003578,ORD_003886,DRV_0239,3.37,17.6,28.4,27.7
DEL_003579,ORD_003887,DRV_0182,0.96,31.3,33.1,33.7
DEL_003580,ORD_003888,DRV_0196,9.1,8.4,66.1,72.4
DEL_003581,ORD_003889,DRV_0172,7.49,19.9,59.7,65.8
DEL_003582,ORD_003890,DRV_0101,3.26,25.1,40.1,45.4
DEL_003583,ORD_003891,DRV_0252,7.0,13.1,49.7,51.9
DEL_003584,ORD_003893,DRV_0275,7.43,24.8,49.0,53.2
DEL_003585,ORD_003894,DRV_0153,6.88,12.0,49.9,49.8
DEL_003586,ORD_003895,DRV_0126,6.56,23.3,56.7,60.7
DEL_003587,ORD_003896,DRV_0094,12.1,10.0,77.3,71.3
DEL_003588,ORD_003897,DRV_0018,2.9,28.2,37.7,37.4
DEL_003589,ORD_003898,DRV_0100,5.99,15.6,40.0,40.1
DEL_003590,ORD_003899,DRV_0193,5.39,26.3,38.1,40.9
DEL_003591,ORD_003900,DRV_0053,4.82,22.3,42.9,40.6
DEL_003592,ORD_003901,DRV_0134,5.5,24.7,44.4,48.3
DEL_003593,ORD_003902,DRV_0075,2.24,31.6,30.8,38.5
DEL_003594,ORD_003903,DRV_0162,3.65,17.8,29.5,27.4
DEL_003595,ORD_003905,DRV_0059,6.89,31.7,55.9,70.4
DEL_003596,ORD_003906,DRV_0025,1.93,32.1,41.6,42.1
DEL_003597,ORD_003907,DRV_0196,2.75,5.0,15.3,14.9
DEL_003598,ORD_003908,DRV_0290,2.19,19.9,24.1,24.6
DEL_003599,ORD_003909,DRV_0233,6.62,34.6,64.3,64.2
DEL_003600,ORD_003910,DRV_0111,1.57,12.3,18.5,19.1
DEL_003601,ORD_003911,DRV_0166,6.9,18.7,43.8,44.5
DEL_003602,ORD_003912,DRV_0280,7.39,12.1,37.6,35.3
DEL_003603,ORD_003913,DRV_0064,1.42,13.6,19.0,24.7
DEL_003604,ORD_003914,DRV_0285,8.93,15.9,56.6,62.0
DEL_003605,ORD_003916,DRV_0136,2.84,23.3,31.6,33.3
DEL_003606,ORD_003917,DRV_0127,6.85,18.4,43.8,43.7
DEL_003607,ORD_003919,DRV_0010,1.09,25.1,42.1,31.8
DEL_003608,ORD_003920,DRV_0129,9.05,28.4,91.6,77.5
DEL_003609,ORD_003921,DRV_0115,2.82,13.4,23.7,18.8
DEL_003610,ORD_003922,DRV_0166,3.51,21.3,31.9,29.0
DEL_003611,ORD_003923,DRV_0260,2.65,16.2,26.4,25.7
DEL_003612,ORD_003924,DRV_0160,8.67,22.6,90.4,84.5
DEL_003613,ORD_003925,DRV_0024,2.32,9.6,22.9,21.1
DEL_003614,ORD_003926,DRV_0192,5.94,10.4,30.9,29.6
DEL_003615,ORD_003927,DRV_0095,3.46,34.6,57.8,53.6
DEL_003616,ORD_003928,DRV_0081,6.5,17.5,56.4,55.2
DEL_003617,ORD_003929,DRV_0113,2.66,32.1,42.6,42.4
DEL_003618,ORD_003930,DRV_0293,9.37,17.4,51.7,61.5
DEL_003619,ORD_003931,DRV_0256,6.87,21.8,43.7,46.3
DEL_003620,ORD_003932,DRV_0215,5.98,13.6,32.4,37.5
DEL_003621,ORD_003933,DRV_0151,8.58,20.7,56.7,61.9
DEL_003622,ORD_003935,DRV_0199,10.49,21.0,60.3,76.4
DEL_003623,ORD_003936,DRV_0107,3.97,25.3,35.6,37.5
DEL_003624,ORD_003937,DRV_0040,18.35,22.5,133.9,132.5
DEL_003625,ORD_003938,DRV_0105,6.23,19.5,32.3,40.1
DEL_003626,ORD_003939,DRV_0074,5.44,27.7,57.1,60.3
DEL_003627,ORD_003940,DRV_0197,1.89,19.6,32.1,32.7
DEL_003628,ORD_003941,DRV_0108,2.95,29.7,42.4,41.2
DEL_003629,ORD_003943,DRV_0083,8.33,24.2,56.4,58.4
DEL_003630,ORD_003944,DRV_0252,10.41,20.9,62.2,69.6
DEL_003631,ORD_003945,DRV_0067,5.42,23.1,40.3,40.8
DEL_003632,ORD_003946,DRV_0204,3.52,30.4,50.4,40.2
DEL_003633,ORD_003947,DRV_0156,17.19,10.7,85.3,76.0
DEL_003634,ORD_003948,DRV_0122,4.91,19.4,45.9,45.8
DEL_003635,ORD_003949,DRV_0045,6.96,34.3,75.4,86.3
DEL_003636,ORD_003950,DRV_0267,7.32,36.7,80.1,69.8
DEL_003637,ORD_003952,DRV_0142,5.35,35.0,55.8,65.5
DEL_003638,ORD_003953,DRV_0156,6.91,29.7,56.9,53.8
DEL_003639,ORD_003954,DRV_0230,6.5,15.0,44.7,41.7
DEL_003640,ORD_003955,DRV_0141,3.96,21.7,36.3,37.1
DEL_003641,ORD_003956,DRV_0049,4.44,21.6,51.0,50.2
DEL_003642,ORD_003961,DRV_0072,3.01,13.0,23.3,24.5
DEL_003643,ORD_003962,DRV_0253,7.91,23.1,56.5,56.6
DEL_003644,ORD_003964,DRV_0096,1.51,27.9,32.7,37.0
DEL_003645,ORD_003965,DRV_0250,4.39,9.5,41.1,35.6
DEL_003646,ORD_003966,DRV_0029,8.68,28.0,56.6,64.9
DEL_003647,ORD_003967,DRV_0194,4.62,30.1,48.2,51.5
DEL_003648,ORD_003968,DRV_0170,11.84,8.4,61.2,55.7
DEL_003649,ORD_003969,DRV_0170,3.25,20.9,48.7,46.8
DEL_003650,ORD_003970,DRV_0075,7.13,29.1,52.2,45.8
DEL_003651,ORD_003972,DRV_0294,8.39,19.6,70.1,66.2
DEL_003652,ORD_003973,DRV_0184,2.84,30.7,41.6,45.6
DEL_003653,ORD_003974,DRV_0249,2.89,25.4,35.4,40.1
DEL_003654,ORD_003975,DRV_0055,5.37,10.6,31.6,31.2
DEL_003655,ORD_003976,DRV_0092,5.44,19.8,38.6,39.3
DEL_003656,ORD_003977,DRV_0073,5.98,18.8,40.5,40.1
DEL_003657,ORD_003978,DRV_0051,7.03,25.1,52.9,49.7
DEL_003658,ORD_003979,DRV_0287,7.86,15.1,50.9,54.7
DEL_003659,ORD_003980,DRV_0212,4.01,25.7,54.8,49.4
DEL_003660,ORD_003981,DRV_0248,4.03,18.4,39.0,36.4
DEL_003661,ORD_003983,DRV_0159,3.54,19.8,31.1,34.2
DEL_003662,ORD_003985,DRV_0237,2.04,13.0,26.3,22.6
DEL_003663,ORD_003986,DRV_0091,10.86,14.2,49.6,58.6
DEL_003664,ORD_003987,DRV_0244,5.05,30.7,48.2,54.5
DEL_003665,ORD_003988,DRV_0072,1.16,31.0,39.0,37.6
DEL_003666,ORD_003989,DRV_0022,7.21,18.0,56.3,51.0
DEL_003667,ORD_003990,DRV_0049,3.07,20.4,18.6,24.2
DEL_003668,ORD_003991,DRV_0179,4.59,16.2,23.6,24.5
DEL_003669,ORD_003992,DRV_0215,1.72,32.3,49.7,46.2
DEL_003670,ORD_003993,DRV_0234,3.45,15.7,38.6,35.5
DEL_003671,ORD_003995,DRV_0107,3.77,12.6,23.7,22.5
DEL_003672,ORD_003996,DRV_0148,6.16,33.9,46.9,50.0
DEL_003673,ORD_003997,DRV_0257,1.26,14.9,23.5,22.8
DEL_003674,ORD_003998,DRV_0134,5.46,15.8,31.9,35.7
DEL_003675,ORD_003999,DRV_0229,1.86,22.9,32.3,33.0
DEL_003676,ORD_004001,DRV_0279,3.09,19.5,21.9,24.3
DEL_003677,ORD_004002,DRV_0282,9.9,17.2,45.6,52.7
DEL_003678,ORD_004003,DRV_0217,9.83,31.7,72.6,81.4
DEL_003679,ORD_004004,DRV_0214,2.84,21.4,36.4,33.1
DEL_003680,ORD_004005,DRV_0156,10.08,20.6,59.0,56.6
DEL_003681,ORD_004006,DRV_0259,4.47,27.3,46.4,45.1
DEL_003682,ORD_004007,DRV_0283,4.16,29.6,54.0,54.7
DEL_003683,ORD_004008,DRV_0053,2.12,12.8,20.0,20.1
DEL_003684,ORD_004009,DRV_0003,7.77,24.3,68.9,62.1
DEL_003685,ORD_004010,DRV_0168,3.32,25.8,34.6,30.8
DEL_003686,ORD_004011,DRV_0163,5.89,22.6,54.8,49.9
DEL_003687,ORD_004012,DRV_0037,3.8,11.0,15.7,17.0
DEL_003688,ORD_004013,DRV_0285,7.2,25.7,51.7,61.4
DEL_003689,ORD_004015,DRV_0064,4.87,31.6,72.7,70.8
DEL_003690,ORD_004016,DRV_0166,2.39,22.9,36.3,36.6
DEL_003691,ORD_004017,DRV_0011,19.06,17.1,93.4,95.0
DEL_003692,ORD_004018,DRV_0225,9.2,15.0,79.6,82.3
DEL_003693,ORD_004019,DRV_0017,7.77,22.6,57.0,58.7
DEL_003694,ORD_004020,DRV_0272,5.53,11.5,34.9,41.4
DEL_003695,ORD_004021,DRV_0109,5.27,23.8,48.6,46.6
DEL_003696,ORD_004022,DRV_0127,6.43,31.0,52.1,57.2
DEL_003697,ORD_004023,DRV_0070,4.87,20.7,38.4,38.3
DEL_003698,ORD_004024,DRV_0052,5.19,13.4,36.7,34.7
DEL_003699,ORD_004025,DRV_0008,3.63,16.2,34.3,36.2
DEL_003700,ORD_004026,DRV_0097,5.96,31.3,54.1,59.0
DEL_003701,ORD_004027,DRV_0260,1.81,21.1,25.2,27.3
DEL_003702,ORD_004029,DRV_0228,11.98,29.2,87.8,80.3
DEL_003703,ORD_004030,DRV_0159,1.33,26.4,31.2,34.1
DEL_003704,ORD_004031,DRV_0259,2.22,24.5,31.1,33.7
DEL_003705,ORD_004032,DRV_0285,5.31,27.5,54.4,49.9
DEL_003706,ORD_004033,DRV_0042,2.48,6.2,14.1,16.5
DEL_003707,ORD_004034,DRV_0175,9.36,18.8,66.8,72.8
DEL_003708,ORD_004035,DRV_0283,0.93,27.1,29.6,27.7
DEL_003709,ORD_004036,DRV_0294,4.75,24.1,41.7,44.0
DEL_003710,ORD_004037,DRV_0138,3.38,13.9,41.3,39.1
DEL_003711,ORD_004038,DRV_0226,5.1,17.8,34.7,35.3
DEL_003712,ORD_004039,DRV_0044,11.3,28.2,81.4,75.7
DEL_003713,ORD_004040,DRV_0199,5.89,22.4,59.8,54.7
DEL_003714,ORD_004041,DRV_0208,13.01,18.4,96.5,101.4
DEL_003715,ORD_004042,DRV_0204,3.94,17.8,25.7,27.2
DEL_003716,ORD_004043,DRV_0156,5.7,23.0,39.5,45.1
DEL_003717,ORD_004044,DRV_0076,2.39,22.2,31.1,26.5
DEL_003718,ORD_004045,DRV_0227,18.13,16.3,87.8,81.0
DEL_003719,ORD_004047,DRV_0090,3.85,30.1,54.8,54.0
DEL_003720,ORD_004048,DRV_0094,8.42,11.2,49.5,51.0
DEL_003721,ORD_004050,DRV_0249,6.8,20.7,54.8,52.3
DEL_003722,ORD_004051,DRV_0099,6.51,28.3,56.1,54.4
DEL_003723,ORD_004052,DRV_0190,4.86,13.8,24.3,25.3
DEL_003724,ORD_004053,DRV_0176,11.72,27.4,123.5,127.0
DEL_003725,ORD_004054,DRV_0106,2.71,18.5,38.1,32.9
DEL_003726,ORD_004055,DRV_0162,8.2,21.5,82.7,77.3
DEL_003727,ORD_004056,DRV_0110,12.02,22.3,69.7,69.8
DEL_003728,ORD_004057,DRV_0235,2.79,21.3,35.4,35.0
DEL_003729,ORD_004058,DRV_0206,2.17,20.5,32.2,35.7
DEL_003730,ORD_004059,DRV_0059,9.07,16.8,47.9,49.4
DEL_003731,ORD_004060,DRV_0231,2.51,22.2,35.4,32.0
DEL_003732,ORD_004061,DRV_0129,14.87,19.0,69.5,70.1
DEL_003733,ORD_004062,DRV_0240,10.7,10.6,61.3,54.9
DEL_003734,ORD_004063,DRV_0140,15.44,32.3,85.8,103.9
DEL_003735,ORD_004064,DRV_0126,4.46,27.1,46.4,48.3
DEL_003736,ORD_004065,DRV_0086,7.12,26.2,64.5,66.3
DEL_003737,ORD_004066,DRV_0204,8.47,28.2,51.2,57.0
DEL_003738,ORD_004067,DRV_0259,3.57,25.5,28.1,35.6
DEL_003739,ORD_004068,DRV_0230,5.35,21.3,42.8,46.1
DEL_003740,ORD_004069,DRV_0146,5.92,16.8,53.7,43.1
DEL_003741,ORD_004070,DRV_0139,6.24,20.5,61.9,55.3
DEL_003742,ORD_004071,DRV_0115,1.55,25.5,39.0,34.3
DEL_003743,ORD_004072,DRV_0185,2.7,30.7,36.7,43.7
DEL_003744,ORD_004073,DRV_0263,10.27,25.7,68.5,81.3
DEL_003745,ORD_004074,DRV_0159,14.33,25.5,113.1,108.4
DEL_003746,ORD_004076,DRV_0067,3.81,33.0,40.4,47.7
DEL_003747,ORD_004077,DRV_0054,2.46,22.7,36.1,36.9
DEL_003748,ORD_004079,DRV_0255,7.02,29.7,50.0,55.8
DEL_003749,ORD_004080,DRV_0270,4.76,31.6,49.9,52.2
DEL_003750,ORD_004081,DRV_0128,5.9,20.2,47.1,49.8
DEL_003751,ORD_004082,DRV_0281,5.33,14.5,38.4,36.5
DEL_003752,ORD_004083,DRV_0018,5.13,32.8,68.7,62.2
DEL_003753,ORD_004084,DRV_0293,10.8,22.2,73.8,74.6
DEL_003754,ORD_004085,DRV_0187,2.65,25.8,39.6,38.5
DEL_003755,ORD_004087,DRV_0137,4.86,26.5,50.3,54.2
DEL_003756,ORD_004088,DRV_0254,1.82,29.8,37.6,36.2
DEL_003757,ORD_004089,DRV_0178,11.26,21.9,80.2,77.4
DEL_003758,ORD_004090,DRV_0102,9.5,24.2,72.9,76.8
DEL_003759,ORD_004091,DRV_0059,1.19,17.6,22.8,23.5
DEL_003760,ORD_004092,DRV_0006,14.4,29.7,76.0,81.5
DEL_003761,ORD_004093,DRV_0202,3.08,14.1,34.4,29.8
DEL_003762,ORD_004094,DRV_0299,2.23,17.7,21.5,24.8
DEL_003763,ORD_004095,DRV_0245,12.55,21.9,70.0,76.0
DEL_003764,ORD_004099,DRV_0260,11.95,21.4,100.4,89.6
DEL_003765,ORD_004100,DRV_0118,1.99,31.4,45.9,42.8
DEL_003766,ORD_004101,DRV_0125,9.83,22.2,68.2,57.7
DEL_003767,ORD_004102,DRV_0127,10.65,15.6,81.6,79.5
DEL_003768,ORD_004103,DRV_0288,6.69,20.6,38.3,46.4
DEL_003769,ORD_004104,DRV_0289,3.37,22.1,40.5,45.6
DEL_003770,ORD_004105,DRV_0250,4.16,20.0,43.8,42.6
DEL_003771,ORD_004106,DRV_0133,5.76,35.7,53.5,51.2
DEL_003772,ORD_004108,DRV_0282,1.37,27.0,25.6,26.2
DEL_003773,ORD_004109,DRV_0158,12.57,30.8,71.1,81.2
DEL_003774,ORD_004110,DRV_0264,9.4,22.2,64.6,62.4
DEL_003775,ORD_004111,DRV_0254,4.44,13.0,33.9,31.3
DEL_003776,ORD_004112,DRV_0198,0.92,11.7,9.8,14.8
DEL_003777,ORD_004113,DRV_0195,10.98,31.2,81.0,94.2
DEL_003778,ORD_004114,DRV_0052,5.75,8.3,32.6,32.0
DEL_003779,ORD_004115,DRV_0196,10.57,24.3,71.4,85.7
DEL_003780,ORD_004116,DRV_0056,8.95,23.0,62.2,60.2
DEL_003781,ORD_004117,DRV_0066,6.47,26.3,53.9,59.0
DEL_003782,ORD_004118,DRV_0108,7.03,23.3,49.3,56.0
DEL_003783,ORD_004119,DRV_0010,8.57,27.4,45.0,55.9
DEL_003784,ORD_004120,DRV_0187,11.37,21.0,47.8,56.9
DEL_003785,ORD_004122,DRV_0197,4.78,16.3,50.1,48.0
DEL_003786,ORD_004124,DRV_0234,3.75,29.4,47.5,49.0
DEL_003787,ORD_004125,DRV_0137,5.11,15.7,41.3,47.3
DEL_003788,ORD_004126,DRV_0289,1.51,17.5,23.8,22.6
DEL_003789,ORD_004127,DRV_0124,4.53,20.4,45.2,45.2
DEL_003790,ORD_004128,DRV_0204,7.54,26.4,55.6,54.2
DEL_003791,ORD_004130,DRV_0278,5.15,18.3,44.9,41.4
DEL_003792,ORD_004131,DRV_0165,4.24,22.8,38.9,38.2
DEL_003793,ORD_004132,DRV_0270,1.06,25.7,26.5,30.1
DEL_003794,ORD_004133,DRV_0149,1.97,19.5,26.3,30.5
DEL_003795,ORD_004134,DRV_0103,3.99,18.5,30.1,36.1
DEL_003796,ORD_004135,DRV_0175,2.51,19.0,35.2,29.8
DEL_003797,ORD_004136,DRV_0075,3.44,8.7,36.0,38.0
DEL_003798,ORD_004137,DRV_0177,5.91,16.4,51.8,48.2
DEL_003799,ORD_004138,DRV_0190,7.47,25.5,51.8,53.7
DEL_003800,ORD_004139,DRV_0291,5.19,36.5,71.8,74.0
DEL_003801,ORD_004140,DRV_0015,9.39,18.7,50.3,56.8
DEL_003802,ORD_004141,DRV_0011,1.72,32.2,50.1,51.2
DEL_003803,ORD_004142,DRV_0037,1.47,29.5,46.9,39.7
DEL_003804,ORD_004143,DRV_0064,9.29,21.2,103.3,90.2
DEL_003805,ORD_004144,DRV_0213,2.91,19.1,32.6,36.3
DEL_003806,ORD_004145,DRV_0166,5.31,20.7,31.5,38.6
DEL_003807,ORD_004146,DRV_0155,0.7,38.6,36.5,37.9
DEL_003808,ORD_004147,DRV_0137,8.65,23.4,41.7,50.8
DEL_003809,ORD_004148,DRV_0175,17.7,24.2,109.6,101.4
DEL_003810,ORD_004149,DRV_0124,14.95,33.3,75.8,85.8
DEL_003811,ORD_004150,DRV_0033,7.66,13.5,45.7,46.6
DEL_003812,ORD_004151,DRV_0063,4.5,21.4,45.9,45.9
DEL_003813,ORD_004152,DRV_0227,3.43,21.5,33.2,38.8
DEL_003814,ORD_004153,DRV_0097,10.47,25.3,82.6,82.0
DEL_003815,ORD_004154,DRV_0193,3.65,19.8,41.0,43.7
DEL_003816,ORD_004155,DRV_0258,13.09,26.4,93.6,89.9
DEL_003817,ORD_004156,DRV_0244,7.71,17.6,43.8,44.3
DEL_003818,ORD_004157,DRV_0151,2.72,25.5,33.2,31.4
DEL_003819,ORD_004158,DRV_0202,2.49,21.4,33.6,34.5
DEL_003820,ORD_004159,DRV_0211,1.5,30.8,39.2,41.8
DEL_003821,ORD_004160,DRV_0087,4.67,26.5,49.7,49.9
DEL_003822,ORD_004161,DRV_0282,6.97,27.6,61.6,62.6
DEL_003823,ORD_004162,DRV_0009,2.04,21.5,25.6,26.3
DEL_003824,ORD_004163,DRV_0097,1.56,25.2,30.9,31.8
DEL_003825,ORD_004164,DRV_0147,5.46,20.4,56.1,56.6
DEL_003826,ORD_004166,DRV_0246,2.3,22.3,31.0,37.5
DEL_003827,ORD_004167,DRV_0019,9.85,22.8,66.1,66.9
DEL_003828,ORD_004168,DRV_0161,12.74,19.3,94.8,81.9
DEL_003829,ORD_004169,DRV_0136,5.69,21.2,56.1,54.3
DEL_003830,ORD_004170,DRV_0127,10.79,34.0,71.5,80.7
DEL_003831,ORD_004171,DRV_0035,3.7,19.2,28.5,32.6
DEL_003832,ORD_004172,DRV_0129,7.68,25.0,63.6,52.9
DEL_003833,ORD_004173,DRV_0161,6.5,22.7,65.4,59.1
DEL_003834,ORD_004174,DRV_0051,4.79,25.5,53.8,50.0
DEL_003835,ORD_004175,DRV_0152,4.36,19.6,35.4,39.8
DEL_003836,ORD_004176,DRV_0258,3.18,24.1,34.4,38.0
DEL_003837,ORD_004177,DRV_0203,15.58,18.6,106.9,114.4
DEL_003838,ORD_004179,DRV_0116,8.38,17.5,69.1,59.6
DEL_003839,ORD_004180,DRV_0194,6.74,15.3,38.6,44.9
DEL_003840,ORD_004181,DRV_0202,3.38,30.3,52.7,44.2
DEL_003841,ORD_004182,DRV_0206,5.87,16.9,35.2,40.6
DEL_003842,ORD_004183,DRV_0052,4.89,32.1,54.5,58.1
DEL_003843,ORD_004184,DRV_0145,3.11,34.3,50.2,48.5
DEL_003844,ORD_004185,DRV_0036,6.15,18.2,61.2,56.4
DEL_003845,ORD_004186,DRV_0076,9.47,19.6,46.4,52.3
DEL_003846,ORD_004189,DRV_0220,5.61,22.7,38.6,44.0
DEL_003847,ORD_004191,DRV_0107,7.84,21.6,50.3,57.8
DEL_003848,ORD_004192,DRV_0029,5.84,19.8,32.9,42.3
DEL_003849,ORD_004193,DRV_0018,4.24,22.0,52.6,49.8
DEL_003850,ORD_004194,DRV_0121,5.87,22.9,39.6,40.9
DEL_003851,ORD_004195,DRV_0055,4.18,22.2,44.2,50.4
DEL_003852,ORD_004196,DRV_0112,1.9,21.0,24.8,29.7
DEL_003853,ORD_004197,DRV_0265,6.59,26.5,66.7,65.9
DEL_003854,ORD_004198,DRV_0086,4.31,24.9,41.0,43.9
DEL_003855,ORD_004199,DRV_0241,7.93,21.6,69.7,57.5
DEL_003856,ORD_004200,DRV_0084,1.91,20.5,35.5,29.9
DEL_003857,ORD_004201,DRV_0090,10.51,18.0,75.4,80.3
DEL_003858,ORD_004202,DRV_0092,7.3,13.0,50.6,52.5
DEL_003859,ORD_004204,DRV_0171,9.66,29.6,63.5,65.2
DEL_003860,ORD_004206,DRV_0014,8.38,32.8,67.8,73.5
DEL_003861,ORD_004207,DRV_0143,6.09,30.9,53.5,58.2
DEL_003862,ORD_004208,DRV_0100,0.77,25.0,30.1,31.2
DEL_003863,ORD_004209,DRV_0108,6.9,16.5,52.3,52.8
DEL_003864,ORD_004210,DRV_0294,3.29,28.9,54.3,49.9
DEL_003865,ORD_004211,DRV_0091,0.5,29.0,30.6,29.8
DEL_003866,ORD_004212,DRV_0064,3.78,22.5,40.4,43.3
DEL_003867,ORD_004213,DRV_0115,2.58,27.8,32.0,31.1
DEL_003868,ORD_004214,DRV_0001,5.83,10.1,45.3,42.2
DEL_003869,ORD_004215,DRV_0262,5.75,26.7,49.9,54.9
DEL_003870,ORD_004216,DRV_0045,11.65,19.7,66.6,66.2
DEL_003871,ORD_004217,DRV_0096,8.4,18.3,61.7,61.4
DEL_003872,ORD_004218,DRV_0236,0.5,11.5,23.8,18.3
DEL_003873,ORD_004219,DRV_0281,3.25,13.7,25.2,28.9
DEL_003874,ORD_004221,DRV_0275,1.49,34.0,39.3,40.3
DEL_003875,ORD_004223,DRV_0223,3.63,23.5,40.0,39.8
DEL_003876,ORD_004224,DRV_0006,6.0,22.1,43.8,51.3
DEL_003877,ORD_004225,DRV_0235,2.93,20.6,43.0,39.2
DEL_003878,ORD_004227,DRV_0145,10.28,21.6,68.4,65.8
DEL_003879,ORD_004228,DRV_0230,2.3,25.9,34.3,35.8
DEL_003880,ORD_004229,DRV_0220,1.59,34.8,37.5,44.1
DEL_003881,ORD_004230,DRV_0061,4.66,18.3,48.3,46.3
DEL_003882,ORD_004231,DRV_0153,9.99,17.9,61.0,52.9
DEL_003883,ORD_004232,DRV_0257,4.17,13.8,27.3,30.2
DEL_003884,ORD_004233,DRV_0171,2.9,8.1,33.1,31.9
DEL_003885,ORD_004234,DRV_0171,1.52,31.3,35.2,33.1
DEL_003886,ORD_004235,DRV_0191,2.46,25.7,35.0,34.8
DEL_003887,ORD_004236,DRV_0036,1.56,10.6,13.1,15.9
DEL_003888,ORD_004237,DRV_0071,8.66,20.5,52.4,61.7
DEL_003889,ORD_004238,DRV_0213,4.91,25.0,32.6,37.6
DEL_003890,ORD_004239,DRV_0013,3.93,25.9,45.5,41.5
DEL_003891,ORD_004241,DRV_0290,8.34,28.9,70.0,70.9
DEL_003892,ORD_004242,DRV_0029,3.31,23.7,45.7,40.1
DEL_003893,ORD_004243,DRV_0274,2.2,13.7,25.3,28.5
DEL_003894,ORD_004244,DRV_0158,6.74,24.7,48.5,52.3
DEL_003895,ORD_004245,DRV_0159,3.42,19.3,36.4,36.8
DEL_003896,ORD_004246,DRV_0084,1.0,19.0,22.0,24.0
DEL_003897,ORD_004248,DRV_0190,6.34,26.3,56.5,64.0
DEL_003898,ORD_004249,DRV_0225,7.59,23.1,57.9,58.9
DEL_003899,ORD_004250,DRV_0171,5.52,20.1,49.6,47.8
DEL_003900,ORD_004251,DRV_0075,1.79,33.1,38.8,41.6
DEL_003901,ORD_004252,DRV_0222,10.0,23.6,88.5,76.7
DEL_003902,ORD_004253,DRV_0216,3.17,12.6,14.4,14.7
DEL_003903,ORD_004254,DRV_0010,3.16,12.9,32.8,33.3
DEL_003904,ORD_004255,DRV_0224,4.65,20.2,52.4,49.9
DEL_003905,ORD_004256,DRV_0109,10.73,28.2,76.5,85.2
DEL_003906,ORD_004257,DRV_0223,5.23,23.2,47.4,44.4
DEL_003907,ORD_004258,DRV_0245,2.16,13.7,16.5,18.9
DEL_003908,ORD_004259,DRV_0064,7.72,30.4,71.5,60.7
DEL_003909,ORD_004260,DRV_0228,2.49,19.5,22.6,21.2
DEL_003910,ORD_004261,DRV_0093,4.44,19.2,30.8,36.0
DEL_003911,ORD_004262,DRV_0099,13.56,20.7,69.7,91.0
DEL_003912,ORD_004263,DRV_0242,14.85,11.3,98.7,102.3
DEL_003913,ORD_004264,DRV_0121,9.52,17.3,45.8,53.5
DEL_003914,ORD_004265,DRV_0161,4.16,20.2,36.4,36.8
DEL_003915,ORD_004266,DRV_0255,6.7,29.2,54.2,51.0
DEL_003916,ORD_004267,DRV_0150,3.58,28.2,60.6,61.6
DEL_003917,ORD_004268,DRV_0235,5.48,18.3,33.2,36.6
DEL_003918,ORD_004269,DRV_0076,12.6,18.3,78.4,82.6
DEL_003919,ORD_004271,DRV_0010,3.01,25.0,34.7,37.7
DEL_003920,ORD_004272,DRV_0137,3.72,28.4,39.4,45.3
DEL_003921,ORD_004273,DRV_0002,4.62,24.2,55.8,57.7
DEL_003922,ORD_004274,DRV_0049,3.55,18.9,28.5,25.6
DEL_003923,ORD_004275,DRV_0007,3.97,10.8,25.5,25.2
DEL_003924,ORD_004276,DRV_0079,1.71,24.6,38.0,32.9
DEL_003925,ORD_004277,DRV_0143,2.66,27.7,41.2,47.4
DEL_003926,ORD_004278,DRV_0161,3.25,28.1,37.1,44.2
DEL_003927,ORD_004279,DRV_0070,3.96,21.8,46.4,38.9
DEL_003928,ORD_004280,DRV_0249,2.16,15.9,28.4,29.8
DEL_003929,ORD_004281,DRV_0042,8.17,13.4,38.3,44.1
DEL_003930,ORD_004282,DRV_0198,2.84,25.9,40.3,41.2
DEL_003931,ORD_004283,DRV_0209,20.0,24.5,138.5,150.0
DEL_003932,ORD_004284,DRV_0089,9.3,20.5,40.1,50.5
DEL_003933,ORD_004285,DRV_0090,3.46,16.9,41.3,39.8
DEL_003934,ORD_004286,DRV_0122,5.0,37.1,51.4,65.7
DEL_003935,ORD_004287,DRV_0245,6.7,21.7,43.0,48.6
DEL_003936,ORD_004288,DRV_0008,9.74,25.2,57.8,60.7
DEL_003937,ORD_004289,DRV_0216,7.91,22.9,58.7,52.2
DEL_003938,ORD_004291,DRV_0152,8.14,26.7,65.2,64.2
DEL_003939,ORD_004292,DRV_0105,4.88,27.3,38.3,36.9
DEL_003940,ORD_004293,DRV_0242,2.01,15.7,38.6,39.7
DEL_003941,ORD_004296,DRV_0007,2.59,20.9,32.0,31.1
DEL_003942,ORD_004297,DRV_0215,8.63,16.2,78.3,73.6
DEL_003943,ORD_004298,DRV_0080,3.48,14.2,19.4,24.6
DEL_003944,ORD_004299,DRV_0154,3.91,22.1,34.2,41.1
DEL_003945,ORD_004300,DRV_0169,7.66,15.4,51.1,49.6
DEL_003946,ORD_004301,DRV_0235,7.52,18.5,53.0,50.3
DEL_003947,ORD_004302,DRV_0157,3.26,25.1,34.7,37.0
DEL_003948,ORD_004303,DRV_0059,0.98,18.8,20.8,20.7
DEL_003949,ORD_004304,DRV_0038,10.63,36.9,73.2,75.9
DEL_003950,ORD_004305,DRV_0010,2.74,24.0,38.0,38.7
DEL_003951,ORD_004306,DRV_0078,6.75,7.0,22.1,22.4
DEL_003952,ORD_004307,DRV_0119,4.58,10.1,30.9,29.5
DEL_003953,ORD_004308,DRV_0245,2.26,21.1,28.1,26.8
DEL_003954,ORD_004309,DRV_0145,9.22,24.3,66.4,65.4
DEL_003955,ORD_004310,DRV_0179,16.58,11.5,120.0,110.7
DEL_003956,ORD_004311,DRV_0214,15.07,20.2,78.1,80.1
DEL_003957,ORD_004312,DRV_0182,5.91,25.6,53.2,51.3
DEL_003958,ORD_004314,DRV_0126,3.36,24.6,30.0,34.9
DEL_003959,ORD_004315,DRV_0070,1.06,21.9,24.6,29.0
DEL_003960,ORD_004316,DRV_0248,3.3,17.2,22.0,21.0
DEL_003961,ORD_004317,DRV_0111,5.13,23.3,46.9,48.0
DEL_003962,ORD_004318,DRV_0291,6.09,21.8,43.1,39.9
DEL_003963,ORD_004320,DRV_0292,5.99,14.0,45.6,50.5
DEL_003964,ORD_004321,DRV_0143,8.82,14.8,53.2,53.8
DEL_003965,ORD_004322,DRV_0295,7.65,10.7,45.4,62.3
DEL_003966,ORD_004323,DRV_0010,4.14,26.2,41.9,42.5
DEL_003967,ORD_004324,DRV_0071,2.8,9.3,22.3,20.6
DEL_003968,ORD_004325,DRV_0300,13.28,31.9,84.3,88.8
DEL_003969,ORD_004326,DRV_0187,18.62,18.0,140.5,140.6
DEL_003970,ORD_004327,DRV_0057,9.21,5.0,33.8,37.4
DEL_003971,ORD_004328,DRV_0116,9.01,24.5,76.7,75.7
DEL_003972,ORD_004329,DRV_0196,8.89,23.4,58.7,56.0
DEL_003973,ORD_004331,DRV_0012,6.45,33.4,47.8,59.1
DEL_003974,ORD_004332,DRV_0173,4.41,29.2,48.8,50.6
DEL_003975,ORD_004333,DRV_0037,3.3,22.3,39.8,38.8
DEL_003976,ORD_004335,DRV_0101,5.27,38.2,64.1,57.6
DEL_003977,ORD_004336,DRV_0145,5.55,15.3,45.1,37.2
DEL_003978,ORD_004337,DRV_0032,6.8,26.7,61.3,56.6
DEL_003979,ORD_004338,DRV_0253,7.31,19.8,45.3,52.3
DEL_003980,ORD_004339,DRV_0055,9.0,23.1,90.7,88.5
DEL_003981,ORD_004340,DRV_0012,4.29,27.1,40.8,42.8
DEL_003982,ORD_004341,DRV_0071,15.73,29.0,117.2,105.1
DEL_003983,ORD_004342,DRV_0153,4.49,16.7,42.6,36.0
DEL_003984,ORD_004343,DRV_0077,8.45,28.1,52.6,58.6
DEL_003985,ORD_004344,DRV_0213,4.72,5.0,23.9,22.5
DEL_003986,ORD_004345,DRV_0069,10.2,22.0,80.1,75.8
DEL_003987,ORD_004346,DRV_0234,5.8,27.5,73.1,68.4
DEL_003988,ORD_004347,DRV_0126,1.03,11.6,16.5,16.3
DEL_003989,ORD_004348,DRV_0202,1.77,14.6,16.7,19.5
DEL_003990,ORD_004349,DRV_0002,9.45,22.1,84.4,86.5
DEL_003991,ORD_004350,DRV_0230,7.8,25.5,52.2,54.6
DEL_003992,ORD_004351,DRV_0228,6.15,20.6,43.0,40.2
DEL_003993,ORD_004352,DRV_0208,9.64,23.8,85.2,83.2
DEL_003994,ORD_004353,DRV_0127,15.64,23.2,128.9,123.5
DEL_003995,ORD_004354,DRV_0195,3.08,34.6,49.8,48.8
DEL_003996,ORD_004355,DRV_0141,2.49,15.7,19.8,23.6
DEL_003997,ORD_004356,DRV_0119,3.31,16.5,38.2,35.4
DEL_003998,ORD_004357,DRV_0130,7.76,33.5,74.8,80.1
DEL_003999,ORD_004358,DRV_0012,6.13,28.1,49.8,52.3
DEL_004000,ORD_004359,DRV_0020,9.43,31.9,88.2,80.3
DEL_004001,ORD_004360,DRV_0282,5.54,23.7,41.3,47.6
DEL_004002,ORD_004362,DRV_0141,3.41,20.1,28.8,36.5
DEL_004003,ORD_004363,DRV_0048,4.3,28.0,37.2,44.2
DEL_004004,ORD_004364,DRV_0173,5.47,20.1,41.6,41.3
DEL_004005,ORD_004365,DRV_0066,1.08,24.8,22.6,30.1
DEL_004006,ORD_004366,DRV_0094,1.4,23.0,24.5,29.4
DEL_004007,ORD_004367,DRV_0114,8.77,22.1,66.9,74.7
DEL_004008,ORD_004368,DRV_0194,1.1,15.4,19.6,21.6
DEL_004009,ORD_004369,DRV_0192,8.95,9.2,49.0,56.1
DEL_004010,ORD_004370,DRV_0191,13.54,27.6,123.1,129.8
DEL_004011,ORD_004371,DRV_0074,8.23,25.7,56.2,54.4
DEL_004012,ORD_004372,DRV_0226,7.24,29.0,68.8,76.3
DEL_004013,ORD_004374,DRV_0214,15.37,38.4,81.4,90.1
DEL_004014,ORD_004375,DRV_0235,5.97,27.3,51.4,54.4
DEL_004015,ORD_004376,DRV_0130,5.75,16.9,49.9,47.1
DEL_004016,ORD_004377,DRV_0221,7.65,13.1,44.6,48.4
DEL_004017,ORD_004378,DRV_0034,3.84,16.3,27.9,27.3
DEL_004018,ORD_004379,DRV_0123,6.14,23.4,68.0,70.6
DEL_004019,ORD_004380,DRV_0057,2.93,22.8,39.4,38.0
DEL_004020,ORD_004381,DRV_0015,1.59,26.5,33.5,34.9
DEL_004021,ORD_004382,DRV_0255,10.0,30.8,71.5,76.8
DEL_004022,ORD_004383,DRV_0080,2.99,19.3,43.3,38.5
DEL_004023,ORD_004384,DRV_0243,2.38,24.6,39.9,40.3
DEL_004024,ORD_004385,DRV_0152,20.0,23.0,96.5,102.2
DEL_004025,ORD_004386,DRV_0256,5.67,14.0,30.8,35.1
DEL_004026,ORD_004387,DRV_0039,4.07,27.9,34.6,38.9
DEL_004027,ORD_004388,DRV_0080,6.44,15.7,29.3,29.7
DEL_004028,ORD_004389,DRV_0271,3.6,38.1,63.7,55.0
DEL_004029,ORD_004390,DRV_0212,3.07,24.8,54.3,47.0
DEL_004030,ORD_004391,DRV_0284,7.22,26.5,55.8,58.7
DEL_004031,ORD_004392,DRV_0145,5.8,24.4,48.2,43.6
DEL_004032,ORD_004393,DRV_0228,7.0,21.8,60.4,57.6
DEL_004033,ORD_004394,DRV_0001,4.48,23.8,38.2,45.7
DEL_004034,ORD_004396,DRV_0032,6.1,20.7,40.8,42.0
DEL_004035,ORD_004398,DRV_0124,7.05,31.2,67.0,68.2
DEL_004036,ORD_004400,DRV_0081,3.56,15.7,30.1,29.6
DEL_004037,ORD_004401,DRV_0197,5.36,22.2,47.9,42.4
DEL_004038,ORD_004402,DRV_0228,7.22,26.3,54.6,57.5
DEL_004039,ORD_004403,DRV_0140,7.2,24.3,51.5,51.6
DEL_004040,ORD_004404,DRV_0019,1.46,25.8,29.9,34.1
DEL_004041,ORD_004405,DRV_0226,9.76,24.7,73.8,63.3
DEL_004042,ORD_004406,DRV_0119,8.0,16.3,63.8,57.3
DEL_004043,ORD_004407,DRV_0062,6.66,34.0,73.6,75.9
DEL_004044,ORD_004408,DRV_0220,0.87,9.2,14.2,13.9
DEL_004045,ORD_004409,DRV_0030,2.39,17.6,28.0,26.7
DEL_004046,ORD_004410,DRV_0051,1.18,22.1,17.7,19.1
DEL_004047,ORD_004411,DRV_0096,1.7,24.1,22.7,26.2
DEL_004048,ORD_004412,DRV_0037,18.34,16.1,83.1,85.0
DEL_004049,ORD_004413,DRV_0287,3.05,10.3,25.7,25.1
DEL_004050,ORD_004414,DRV_0219,9.28,17.3,50.6,45.4
DEL_004051,ORD_004415,DRV_0015,1.32,18.6,30.9,29.2
DEL_004052,ORD_004416,DRV_0168,6.94,9.7,43.7,50.3
DEL_004053,ORD_004417,DRV_0246,6.41,8.7,25.0,28.8
DEL_004054,ORD_004418,DRV_0100,4.78,36.6,49.6,56.0
DEL_004055,ORD_004419,DRV_0153,4.0,17.0,32.4,34.1
DEL_004056,ORD_004420,DRV_0109,0.89,11.4,12.3,11.8
DEL_004057,ORD_004421,DRV_0199,2.33,23.2,34.5,31.9
DEL_004058,ORD_004422,DRV_0126,10.32,11.8,59.7,59.0
DEL_004059,ORD_004424,DRV_0057,3.79,32.1,61.8,52.7
DEL_004060,ORD_004425,DRV_0283,1.82,15.8,30.7,26.6
DEL_004061,ORD_004426,DRV_0288,5.44,13.3,49.4,51.0
DEL_004062,ORD_004428,DRV_0119,6.88,10.1,27.7,39.8
DEL_004063,ORD_004429,DRV_0155,4.48,23.0,49.2,48.8
DEL_004064,ORD_004430,DRV_0110,10.91,36.4,80.5,81.7
DEL_004065,ORD_004432,DRV_0240,12.28,23.8,82.2,85.3
DEL_004066,ORD_004433,DRV_0042,11.57,22.9,52.4,60.5
DEL_004067,ORD_004434,DRV_0163,9.5,36.0,63.6,73.5
DEL_004068,ORD_004435,DRV_0298,9.81,14.2,61.5,60.8
DEL_004069,ORD_004436,DRV_0258,5.49,28.5,38.8,47.5
DEL_004070,ORD_004437,DRV_0117,1.98,36.2,40.0,41.9
DEL_004071,ORD_004438,DRV_0293,5.86,25.2,42.9,38.9
DEL_004072,ORD_004439,DRV_0008,3.87,9.2,37.4,30.2
DEL_004073,ORD_004440,DRV_0010,7.23,17.8,54.0,49.3
DEL_004074,ORD_004441,DRV_0298,2.4,14.5,20.5,22.1
DEL_004075,ORD_004442,DRV_0121,0.61,24.9,23.3,27.6
DEL_004076,ORD_004443,DRV_0093,7.62,26.4,62.6,57.9
DEL_004077,ORD_004444,DRV_0243,3.19,18.7,33.0,29.1
DEL_004078,ORD_004445,DRV_0104,8.91,29.9,61.7,73.3
DEL_004079,ORD_004446,DRV_0205,2.79,25.8,45.0,45.6
DEL_004080,ORD_004447,DRV_0263,6.43,23.9,67.1,67.5
DEL_004081,ORD_004448,DRV_0215,8.53,16.7,60.6,60.9
DEL_004082,ORD_004449,DRV_0128,6.74,20.0,53.5,54.0
DEL_004083,ORD_004450,DRV_0135,6.21,22.6,67.5,72.0
DEL_004084,ORD_004451,DRV_0281,3.87,16.4,31.4,28.8
DEL_004085,ORD_004452,DRV_0224,3.78,23.8,40.5,43.3
DEL_004086,ORD_004453,DRV_0265,6.17,12.8,35.2,36.6
DEL_004087,ORD_004454,DRV_0228,11.03,17.7,94.0,89.1
DEL_004088,ORD_004455,DRV_0109,3.0,22.6,38.8,41.3
DEL_004089,ORD_004456,DRV_0219,6.72,11.5,35.5,33.4
DEL_004090,ORD_004457,DRV_0019,11.05,15.8,66.6,67.7
DEL_004091,ORD_004458,DRV_0028,11.78,5.6,48.6,51.6
DEL_004092,ORD_004459,DRV_0076,7.36,19.7,61.5,72.2
DEL_004093,ORD_004460,DRV_0013,7.57,22.9,74.3,62.7
DEL_004094,ORD_004461,DRV_0197,2.86,31.4,41.9,46.3
DEL_004095,ORD_004462,DRV_0224,12.44,7.3,67.8,73.6
DEL_004096,ORD_004463,DRV_0077,7.16,37.4,77.5,72.9
DEL_004097,ORD_004464,DRV_0232,8.9,27.8,48.8,54.3
DEL_004098,ORD_004465,DRV_0262,5.63,10.2,41.3,42.5
DEL_004099,ORD_004466,DRV_0196,10.06,14.5,51.0,61.0
DEL_004100,ORD_004467,DRV_0293,6.63,9.5,44.7,44.3
DEL_004101,ORD_004468,DRV_0259,2.7,16.0,20.7,25.6
DEL_004102,ORD_004469,DRV_0233,6.94,29.0,77.7,76.4
DEL_004103,ORD_004470,DRV_0268,6.0,19.8,48.1,43.1
DEL_004104,ORD_004471,DRV_0089,7.32,23.8,59.8,57.9
DEL_004105,ORD_004472,DRV_0076,8.51,24.1,68.1,62.2
DEL_004106,ORD_004473,DRV_0221,3.5,21.7,36.1,39.6
DEL_004107,ORD_004474,DRV_0095,1.17,31.9,42.2,50.7
DEL_004108,ORD_004475,DRV_0252,4.4,19.8,37.9,45.2
DEL_004109,ORD_004476,DRV_0145,18.38,18.1,98.2,99.2
DEL_004110,ORD_004477,DRV_0153,6.61,14.4,48.8,52.7
DEL_004111,ORD_004479,DRV_0040,12.55,25.0,82.8,76.1
DEL_004112,ORD_004480,DRV_0251,10.02,40.4,87.5,81.0
DEL_004113,ORD_004481,DRV_0076,2.83,24.5,37.7,35.7
DEL_004114,ORD_004482,DRV_0230,11.23,14.1,53.2,60.4
DEL_004115,ORD_004483,DRV_0188,12.44,27.7,74.1,79.3
DEL_004116,ORD_004484,DRV_0172,6.62,28.0,57.7,61.1
DEL_004117,ORD_004486,DRV_0251,2.54,9.3,30.1,25.1
DEL_004118,ORD_004487,DRV_0067,7.44,15.7,44.2,43.1
DEL_004119,ORD_004488,DRV_0093,1.58,23.7,39.3,33.8
DEL_004120,ORD_004489,DRV_0072,3.85,32.8,46.5,53.5
DEL_004121,ORD_004490,DRV_0087,16.41,31.2,139.4,134.5
DEL_004122,ORD_004491,DRV_0154,6.97,21.1,57.0,63.7
DEL_004123,ORD_004493,DRV_0190,9.94,13.3,59.7,58.5
DEL_004124,ORD_004494,DRV_0017,8.13,19.5,58.2,57.2
DEL_004125,ORD_004495,DRV_0037,4.59,36.7,68.5,60.7
DEL_004126,ORD_004496,DRV_0265,1.71,22.6,21.6,26.2
DEL_004127,ORD_004497,DRV_0142,7.43,24.2,66.1,67.6
DEL_004128,ORD_004498,DRV_0114,1.89,15.3,26.0,23.7
DEL_004129,ORD_004499,DRV_0135,5.11,17.7,40.5,46.3
DEL_004130,ORD_004500,DRV_0293,3.74,15.0,35.4,30.7
DEL_004131,ORD_004502,DRV_0048,2.88,27.1,33.4,40.7
DEL_004132,ORD_004503,DRV_0195,5.82,31.3,56.9,55.5
DEL_004133,ORD_004504,DRV_0080,1.31,18.4,17.0,19.2
DEL_004134,ORD_004505,DRV_0289,2.19,16.5,31.8,36.5
DEL_004135,ORD_004506,DRV_0096,3.24,22.4,38.0,31.7
DEL_004136,ORD_004507,DRV_0105,2.66,19.6,44.1,45.1
DEL_004137,ORD_004508,DRV_0221,6.14,27.8,45.4,48.6
DEL_004138,ORD_004509,DRV_0013,4.65,24.5,68.1,63.1
DEL_004139,ORD_004510,DRV_0124,3.22,15.7,36.6,36.1
DEL_004140,ORD_004511,DRV_0047,3.12,22.3,36.5,34.4
DEL_004141,ORD_004512,DRV_0239,8.91,8.9,94.7,84.7
DEL_004142,ORD_004513,DRV_0014,2.27,11.2,19.9,20.3
DEL_004143,ORD_004516,DRV_0252,7.57,28.3,61.0,57.3
DEL_004144,ORD_004517,DRV_0208,7.64,24.8,71.1,72.1
DEL_004145,ORD_004518,DRV_0005,7.27,22.7,70.8,56.1
DEL_004146,ORD_004519,DRV_0276,3.21,12.8,23.5,24.8
DEL_004147,ORD_004520,DRV_0017,5.28,20.7,45.5,46.7
DEL_004148,ORD_004521,DRV_0207,4.17,33.1,66.4,56.9
DEL_004149,ORD_004522,DRV_0192,10.47,26.4,104.2,105.0
DEL_004150,ORD_004523,DRV_0044,4.97,22.9,48.4,44.1
DEL_004151,ORD_004525,DRV_0139,5.52,15.9,45.0,48.4
DEL_004152,ORD_004526,DRV_0068,8.78,22.0,84.7,78.4
DEL_004153,ORD_004527,DRV_0114,3.52,33.9,40.0,40.7
DEL_004154,ORD_004528,DRV_0279,3.97,32.0,47.2,45.0
DEL_004155,ORD_004529,DRV_0267,4.56,28.2,47.8,46.4
DEL_004156,ORD_004530,DRV_0178,6.48,5.0,36.7,35.1
DEL_004157,ORD_004531,DRV_0089,0.78,27.0,32.2,30.8
DEL_004158,ORD_004532,DRV_0025,4.87,26.6,44.6,48.1
DEL_004159,ORD_004533,DRV_0104,3.35,16.1,30.9,32.9
DEL_004160,ORD_004534,DRV_0124,2.01,15.5,16.7,15.1
DEL_004161,ORD_004535,DRV_0219,3.07,16.8,30.6,33.9
DEL_004162,ORD_004536,DRV_0135,1.96,24.7,31.6,30.9
DEL_004163,ORD_004537,DRV_0020,5.05,22.8,55.4,54.2
DEL_004164,ORD_004538,DRV_0299,3.68,19.2,26.0,30.4
DEL_004165,ORD_004539,DRV_0195,8.97,13.4,49.8,51.3
DEL_004166,ORD_004540,DRV_0028,3.99,23.7,30.9,31.4
DEL_004167,ORD_004541,DRV_0099,9.24,12.3,54.2,52.0
DEL_004168,ORD_004542,DRV_0294,12.56,29.3,72.9,68.9
DEL_004169,ORD_004543,DRV_0093,1.1,22.0,19.3,19.9
DEL_004170,ORD_004544,DRV_0203,5.17,27.9,44.4,47.9
DEL_004171,ORD_004545,DRV_0281,7.74,11.7,53.5,60.2
DEL_004172,ORD_004546,DRV_0224,4.23,19.9,33.6,43.0
DEL_004173,ORD_004547,DRV_0037,8.58,29.2,79.6,89.2
DEL_004174,ORD_004548,DRV_0267,6.82,31.5,65.2,60.1
DEL_004175,ORD_004549,DRV_0010,5.36,16.4,36.1,40.1
DEL_004176,ORD_004550,DRV_0073,5.55,21.1,36.3,38.3
DEL_004177,ORD_004551,DRV_0010,18.56,15.8,101.6,123.7
DEL_004178,ORD_004552,DRV_0162,2.38,25.9,35.6,37.8
DEL_004179,ORD_004553,DRV_0119,5.57,27.6,53.5,45.2
DEL_004180,ORD_004554,DRV_0188,7.15,22.5,52.3,65.0
DEL_004181,ORD_004555,DRV_0020,8.71,16.7,50.5,58.9
DEL_004182,ORD_004556,DRV_0005,8.91,36.4,106.1,102.8
DEL_004183,ORD_004557,DRV_0067,8.29,35.7,73.6,70.1
DEL_004184,ORD_004558,DRV_0281,4.65,17.1,37.7,34.5
DEL_004185,ORD_004559,DRV_0270,6.75,23.9,53.3,56.6
DEL_004186,ORD_004560,DRV_0072,5.91,18.0,48.8,49.5
DEL_004187,ORD_004561,DRV_0104,4.66,12.7,22.1,26.3
DEL_004188,ORD_004562,DRV_0147,1.99,22.4,36.9,34.9
DEL_004189,ORD_004563,DRV_0079,8.33,9.2,48.5,47.2
DEL_004190,ORD_004564,DRV_0232,1.63,19.5,17.2,18.9
DEL_004191,ORD_004565,DRV_0067,5.63,16.7,32.7,36.1
DEL_004192,ORD_004567,DRV_0068,2.21,17.6,30.3,28.7
DEL_004193,ORD_004568,DRV_0099,4.18,24.5,42.1,38.6
DEL_004194,ORD_004569,DRV_0214,2.23,25.1,35.2,35.9
DEL_004195,ORD_004570,DRV_0020,3.31,8.8,25.6,27.0
DEL_004196,ORD_004571,DRV_0111,8.22,27.8,50.4,54.5
DEL_004197,ORD_004572,DRV_0193,4.5,17.4,28.6,29.4
DEL_004198,ORD_004573,DRV_0078,2.14,18.7,27.7,23.1
DEL_004199,ORD_004574,DRV_0066,18.65,19.0,85.9,92.9
DEL_004200,ORD_004575,DRV_0237,7.88,17.9,41.0,45.0
DEL_004201,ORD_004576,DRV_0095,6.44,35.4,62.5,65.3
DEL_004202,ORD_004577,DRV_0156,9.71,26.0,67.2,62.7
DEL_004203,ORD_004578,DRV_0064,4.64,32.5,41.1,47.7
DEL_004204,ORD_004579,DRV_0251,3.23,13.4,19.0,22.6
DEL_004205,ORD_004581,DRV_0202,11.96,12.2,67.0,56.4
DEL_004206,ORD_004583,DRV_0226,9.88,26.4,60.8,57.2
DEL_004207,ORD_004584,DRV_0151,5.8,12.9,47.9,44.1
DEL_004208,ORD_004585,DRV_0092,3.49,19.8,41.4,36.9
DEL_004209,ORD_004586,DRV_0154,4.72,24.7,43.3,42.1
DEL_004210,ORD_004587,DRV_0133,7.35,24.0,64.2,66.9
DEL_004211,ORD_004588,DRV_0016,4.11,16.2,16.0,25.8
DEL_004212,ORD_004589,DRV_0012,4.04,13.2,36.5,29.5
DEL_004213,ORD_004590,DRV_0067,0.94,24.7,16.9,19.8
DEL_004214,ORD_004591,DRV_0187,2.21,19.2,33.3,34.1
DEL_004215,ORD_004592,DRV_0283,10.35,21.3,58.2,72.2
DEL_004216,ORD_004594,DRV_0166,6.97,27.4,59.0,66.2
DEL_004217,ORD_004595,DRV_0261,2.94,22.9,35.3,33.7
DEL_004218,ORD_004596,DRV_0205,6.13,18.6,63.3,60.4
DEL_004219,ORD_004597,DRV_0192,3.97,9.1,25.7,25.1
DEL_004220,ORD_004598,DRV_0239,4.7,31.8,63.4,71.3
DEL_004221,ORD_004599,DRV_0157,4.98,24.7,45.7,45.4
DEL_004222,ORD_004600,DRV_0227,1.08,20.1,37.7,35.5
DEL_004223,ORD_004601,DRV_0067,3.98,25.0,36.2,42.2
DEL_004224,ORD_004602,DRV_0188,16.49,26.6,83.7,83.9
DEL_004225,ORD_004603,DRV_0266,11.51,32.0,103.1,97.3
DEL_004226,ORD_004604,DRV_0088,2.27,14.0,22.6,23.3
DEL_004227,ORD_004605,DRV_0267,5.54,8.2,49.4,52.8
DEL_004228,ORD_004606,DRV_0227,4.84,23.3,26.2,37.0
DEL_004229,ORD_004608,DRV_0028,15.85,32.6,131.9,116.6
DEL_004230,ORD_004609,DRV_0182,5.91,27.0,41.8,46.4
DEL_004231,ORD_004610,DRV_0156,5.66,19.5,41.7,40.4
DEL_004232,ORD_004611,DRV_0213,10.15,21.6,103.4,82.9
DEL_004233,ORD_004612,DRV_0049,1.85,26.6,41.3,35.5
DEL_004234,ORD_004613,DRV_0014,5.57,36.2,56.0,56.8
DEL_004235,ORD_004614,DRV_0196,1.99,18.5,27.4,30.2
DEL_004236,ORD_004615,DRV_0135,2.72,31.1,50.8,43.8
DEL_004237,ORD_004616,DRV_0003,5.55,22.8,51.8,46.2
DEL_004238,ORD_004618,DRV_0104,9.0,22.2,64.2,65.6
DEL_004239,ORD_004620,DRV_0027,2.7,23.9,34.5,38.0
DEL_004240,ORD_004622,DRV_0144,3.84,18.8,41.3,35.8
DEL_004241,ORD_004623,DRV_0174,6.29,16.4,46.4,38.8
DEL_004242,ORD_004624,DRV_0066,8.11,27.1,78.9,67.4
DEL_004243,ORD_004625,DRV_0135,1.4,23.3,29.9,27.6
DEL_004244,ORD_004626,DRV_0200,4.52,20.1,39.1,42.3
DEL_004245,ORD_004627,DRV_0139,11.48,16.8,71.3,65.5
DEL_004246,ORD_004628,DRV_0242,2.61,11.1,29.6,27.7
DEL_004247,ORD_004629,DRV_0212,12.75,21.0,73.8,71.7
DEL_004248,ORD_004630,DRV_0248,10.45,20.7,47.3,56.4
DEL_004249,ORD_004631,DRV_0168,5.95,22.2,44.3,45.0
DEL_004250,ORD_004632,DRV_0273,2.82,28.2,40.3,39.2
DEL_004251,ORD_004633,DRV_0119,2.65,20.4,27.6,26.1
DEL_004252,ORD_004634,DRV_0135,6.03,35.3,65.9,66.3
DEL_004253,ORD_004635,DRV_0060,8.49,16.6,82.8,78.9
DEL_004254,ORD_004636,DRV_0254,1.95,15.0,21.3,23.9
DEL_004255,ORD_004637,DRV_0054,5.69,26.6,49.6,42.1
DEL_004256,ORD_004638,DRV_0294,3.78,5.0,24.7,26.9
DEL_004257,ORD_004639,DRV_0229,3.61,19.5,28.3,31.5
DEL_004258,ORD_004640,DRV_0285,8.11,31.6,60.7,51.4
DEL_004259,ORD_004641,DRV_0019,4.47,12.1,34.1,30.7
DEL_004260,ORD_004642,DRV_0193,2.68,25.5,37.3,32.2
DEL_004261,ORD_004643,DRV_0203,11.25,22.7,67.4,71.8
DEL_004262,ORD_004644,DRV_0276,4.05,27.2,35.4,42.3
DEL_004263,ORD_004645,DRV_0277,5.5,28.3,59.1,55.4
DEL_004264,ORD_004646,DRV_0141,5.24,26.4,45.5,52.5
DEL_004265,ORD_004647,DRV_0133,4.19,30.8,75.1,66.1
DEL_004266,ORD_004648,DRV_0199,2.41,24.0,36.7,38.0
DEL_004267,ORD_004649,DRV_0296,4.02,24.4,50.3,45.5
DEL_004268,ORD_004650,DRV_0299,3.96,21.8,47.0,47.4
DEL_004269,ORD_004651,DRV_0052,4.46,24.2,54.2,49.8
DEL_004270,ORD_004652,DRV_0047,1.73,18.8,23.3,26.0
DEL_004271,ORD_004653,DRV_0028,6.82,21.6,66.7,60.9
DEL_004272,ORD_004654,DRV_0065,0.74,17.2,22.1,22.5
DEL_004273,ORD_004655,DRV_0092,1.91,26.8,31.2,33.4
DEL_004274,ORD_004656,DRV_0175,5.8,12.9,50.5,53.7
DEL_004275,ORD_004657,DRV_0299,2.12,14.6,31.7,25.1
DEL_004276,ORD_004658,DRV_0070,5.94,24.1,53.0,52.9
DEL_004277,ORD_004659,DRV_0132,0.5,9.0,14.2,13.4
DEL_004278,ORD_004660,DRV_0103,8.27,18.8,37.9,38.2
DEL_004279,ORD_004662,DRV_0261,2.75,28.9,31.8,35.3
DEL_004280,ORD_004663,DRV_0272,6.07,22.0,55.9,59.2
DEL_004281,ORD_004665,DRV_0225,2.61,20.5,30.5,36.8
DEL_004282,ORD_004666,DRV_0047,10.49,29.5,138.6,121.3
DEL_004283,ORD_004667,DRV_0226,9.44,28.5,71.9,66.1
DEL_004284,ORD_004668,DRV_0184,5.41,23.6,45.4,46.2
DEL_004285,ORD_004669,DRV_0008,9.44,17.5,54.2,49.3
DEL_004286,ORD_004670,DRV_0229,5.47,16.4,34.2,37.4
DEL_004287,ORD_004671,DRV_0146,2.59,19.9,26.0,28.7
DEL_004288,ORD_004672,DRV_0095,9.37,17.2,45.8,49.1
DEL_004289,ORD_004674,DRV_0258,7.03,22.5,53.4,55.0
DEL_004290,ORD_004675,DRV_0126,2.29,22.0,30.1,41.2
DEL_004291,ORD_004676,DRV_0279,2.86,23.8,31.3,30.9
DEL_004292,ORD_004677,DRV_0200,2.13,15.3,26.0,26.7
DEL_004293,ORD_004678,DRV_0070,1.05,14.7,22.6,19.4
DEL_004294,ORD_004679,DRV_0073,1.65,22.5,26.9,28.2
DEL_004295,ORD_004680,DRV_0033,13.04,8.8,50.6,55.3
DEL_004296,ORD_004681,DRV_0005,11.73,30.3,76.1,68.2
DEL_004297,ORD_004682,DRV_0161,5.06,21.0,40.5,40.4
DEL_004298,ORD_004683,DRV_0114,8.71,15.3,64.3,69.5
DEL_004299,ORD_004684,DRV_0188,7.32,8.2,26.9,28.3
DEL_004300,ORD_004685,DRV_0251,10.9,30.2,79.4,72.8
DEL_004301,ORD_004686,DRV_0257,3.79,22.0,30.5,35.0
DEL_004302,ORD_004687,DRV_0295,3.87,25.6,48.2,42.3
DEL_004303,ORD_004688,DRV_0111,6.6,28.2,61.7,58.3
DEL_004304,ORD_004689,DRV_0106,4.85,22.0,56.6,52.2
DEL_004305,ORD_004690,DRV_0227,10.37,23.9,74.4,74.5
DEL_004306,ORD_004691,DRV_0257,6.17,13.9,38.6,37.6
DEL_004307,ORD_004692,DRV_0081,5.93,23.3,48.2,47.5
DEL_004308,ORD_004693,DRV_0048,1.65,12.1,16.6,19.8
DEL_004309,ORD_004694,DRV_0289,6.77,27.7,50.4,49.7
DEL_004310,ORD_004695,DRV_0056,6.62,16.5,36.2,43.5
DEL_004311,ORD_004696,DRV_0299,1.4,20.4,28.0,28.4
DEL_004312,ORD_004697,DRV_0264,11.08,19.1,65.8,74.7
DEL_004313,ORD_004698,DRV_0155,4.46,29.7,37.6,41.1
DEL_004314,ORD_004699,DRV_0070,9.13,17.7,48.6,49.6
DEL_004315,ORD_004700,DRV_0126,7.44,16.5,37.6,36.3
DEL_004316,ORD_004702,DRV_0248,6.59,30.6,38.0,53.6
DEL_004317,ORD_004703,DRV_0138,10.87,32.7,80.1,97.2
DEL_004318,ORD_004704,DRV_0196,11.01,27.2,71.7,78.5
DEL_004319,ORD_004705,DRV_0102,4.9,21.1,52.0,50.5
DEL_004320,ORD_004706,DRV_0013,15.23,25.2,97.4,85.3
DEL_004321,ORD_004707,DRV_0130,4.43,20.2,46.3,55.5
DEL_004322,ORD_004708,DRV_0091,3.19,14.1,31.4,33.8
DEL_004323,ORD_004710,DRV_0255,5.07,18.9,51.6,49.5
DEL_004324,ORD_004711,DRV_0225,4.46,21.5,35.2,37.9
DEL_004325,ORD_004712,DRV_0115,2.11,24.1,39.0,33.4
DEL_004326,ORD_004713,DRV_0115,1.87,9.2,29.9,28.6
DEL_004327,ORD_004714,DRV_0120,2.14,12.6,17.5,20.2
DEL_004328,ORD_004715,DRV_0103,6.17,24.4,48.6,44.6
DEL_004329,ORD_004716,DRV_0173,0.9,22.6,25.5,26.6
DEL_004330,ORD_004717,DRV_0095,7.77,24.5,50.7,57.0
DEL_004331,ORD_004718,DRV_0156,2.31,16.3,29.8,28.7
DEL_004332,ORD_004719,DRV_0153,5.42,22.4,41.0,41.3
DEL_004333,ORD_004720,DRV_0240,7.15,21.8,33.3,35.0
DEL_004334,ORD_004721,DRV_0216,11.26,31.0,108.1,82.6
DEL_004335,ORD_004722,DRV_0187,4.86,6.8,31.9,29.9
DEL_004336,ORD_004723,DRV_0296,14.45,14.8,73.7,71.7
DEL_004337,ORD_004724,DRV_0177,6.53,26.0,72.7,68.7
DEL_004338,ORD_004725,DRV_0281,11.71,7.7,65.8,62.3
DEL_004339,ORD_004726,DRV_0178,3.93,24.1,36.3,37.5
DEL_004340,ORD_004727,DRV_0019,4.75,15.5,32.5,31.7
DEL_004341,ORD_004728,DRV_0288,7.49,23.2,71.5,60.3
DEL_004342,ORD_004729,DRV_0011,8.79,14.5,63.6,64.6
DEL_004343,ORD_004730,DRV_0122,9.03,20.0,70.5,71.2
DEL_004344,ORD_004731,DRV_0212,5.1,15.4,35.0,38.5
DEL_004345,ORD_004732,DRV_0223,6.91,16.9,30.9,34.7
DEL_004346,ORD_004733,DRV_0255,2.32,18.9,22.2,23.3
DEL_004347,ORD_004734,DRV_0261,6.0,30.4,64.3,65.7
DEL_004348,ORD_004735,DRV_0025,3.36,25.4,37.2,37.7
DEL_004349,ORD_004736,DRV_0176,5.73,23.9,45.6,44.9
DEL_004350,ORD_004737,DRV_0290,3.25,26.1,43.4,48.6
DEL_004351,ORD_004738,DRV_0272,2.2,27.8,32.0,35.7
DEL_004352,ORD_004739,DRV_0063,2.85,20.6,29.5,33.9
DEL_004353,ORD_004741,DRV_0087,2.61,15.9,30.0,30.2
DEL_004354,ORD_004742,DRV_0192,14.11,22.1,99.0,98.4
DEL_004355,ORD_004743,DRV_0017,19.01,24.8,159.4,150.0
DEL_004356,ORD_004745,DRV_0187,4.12,30.0,50.8,56.7
DEL_004357,ORD_004746,DRV_0203,5.66,11.2,35.6,36.3
DEL_004358,ORD_004747,DRV_0129,12.37,24.1,51.7,67.1
DEL_004359,ORD_004748,DRV_0002,1.86,32.9,37.2,43.9
DEL_004360,ORD_004749,DRV_0097,6.9,30.1,54.6,60.5
DEL_004361,ORD_004750,DRV_0078,1.1,11.4,18.7,17.5
DEL_004362,ORD_004751,DRV_0288,7.5,16.9,50.2,49.5
DEL_004363,ORD_004753,DRV_0062,2.99,12.6,27.9,26.6
DEL_004364,ORD_004754,DRV_0165,6.62,24.6,53.9,57.0
DEL_004365,ORD_004755,DRV_0264,12.48,23.2,60.0,73.5
DEL_004366,ORD_004756,DRV_0091,3.92,30.5,47.9,54.4
DEL_004367,ORD_004757,DRV_0251,3.87,36.0,58.6,48.8
DEL_004368,ORD_004758,DRV_0206,10.23,30.9,137.6,128.3
DEL_004369,ORD_004759,DRV_0286,4.4,27.8,40.9,60.6
DEL_004370,ORD_004760,DRV_0115,17.96,19.7,104.3,106.0
DEL_004371,ORD_004761,DRV_0056,5.74,37.2,85.0,82.6
DEL_004372,ORD_004762,DRV_0147,4.41,33.9,56.9,52.8
DEL_004373,ORD_004763,DRV_0272,2.54,40.5,47.0,49.7
DEL_004374,ORD_004764,DRV_0122,7.94,29.1,73.0,67.3
DEL_004375,ORD_004765,DRV_0133,8.55,23.6,61.2,59.6
DEL_004376,ORD_004766,DRV_0071,8.64,5.0,41.9,39.2
DEL_004377,ORD_004767,DRV_0276,3.53,19.5,34.7,37.1
DEL_004378,ORD_004768,DRV_0030,7.63,17.2,42.7,49.8
DEL_004379,ORD_004769,DRV_0287,3.49,14.8,31.4,32.7
DEL_004380,ORD_004770,DRV_0279,6.8,12.1,41.7,44.8
DEL_004381,ORD_004771,DRV_0061,6.87,20.1,56.6,58.3
DEL_004382,ORD_004772,DRV_0164,2.66,11.1,28.5,29.6
DEL_004383,ORD_004773,DRV_0125,6.14,30.9,57.2,62.1
DEL_004384,ORD_004774,DRV_0231,3.96,16.1,31.5,34.9
DEL_004385,ORD_004775,DRV_0088,1.44,18.3,20.7,20.5
DEL_004386,ORD_004776,DRV_0039,5.85,26.1,56.4,49.4
DEL_004387,ORD_004778,DRV_0195,20.0,21.1,102.4,100.7
DEL_004388,ORD_004779,DRV_0192,9.78,9.3,76.7,73.6
DEL_004389,ORD_004780,DRV_0038,8.16,27.5,62.1,63.2
DEL_004390,ORD_004781,DRV_0022,2.75,25.8,38.1,39.0
DEL_004391,ORD_004782,DRV_0040,5.89,21.0,42.1,42.3
DEL_004392,ORD_004783,DRV_0222,10.65,21.4,93.3,87.3
DEL_004393,ORD_004784,DRV_0226,6.39,16.8,42.2,48.2
DEL_004394,ORD_004785,DRV_0018,4.34,23.4,42.1,41.0
DEL_004395,ORD_004786,DRV_0172,6.85,20.7,45.5,50.1
DEL_004396,ORD_004787,DRV_0104,2.29,31.0,46.3,39.8
DEL_004397,ORD_004788,DRV_0167,8.19,14.6,37.8,40.0
DEL_004398,ORD_004789,DRV_0277,4.79,26.9,44.7,51.3
DEL_004399,ORD_004790,DRV_0160,3.35,27.0,45.8,47.3
DEL_004400,ORD_004791,DRV_0288,8.31,25.2,58.5,60.3
DEL_004401,ORD_004792,DRV_0258,7.73,14.4,45.4,58.4
DEL_004402,ORD_004793,DRV_0033,3.28,17.0,28.3,26.6
DEL_004403,ORD_004794,DRV_0150,3.96,23.9,41.7,38.3
DEL_004404,ORD_004795,DRV_0162,4.55,19.2,50.3,56.6
DEL_004405,ORD_004796,DRV_0200,13.8,14.6,119.5,125.5
DEL_004406,ORD_004797,DRV_0244,7.82,28.6,48.3,50.4
DEL_004407,ORD_004798,DRV_0005,12.39,33.7,74.2,84.6
DEL_004408,ORD_004799,DRV_0293,8.92,24.8,59.7,62.0
DEL_004409,ORD_004800,DRV_0045,2.73,23.6,33.6,35.3
DEL_004410,ORD_004801,DRV_0174,5.01,33.2,45.1,48.9
DEL_004411,ORD_004802,DRV_0101,10.13,8.7,52.7,52.2
DEL_004412,ORD_004803,DRV_0069,5.33,27.1,45.4,40.6
DEL_004413,ORD_004804,DRV_0021,12.56,19.8,83.4,89.3
DEL_004414,ORD_004805,DRV_0203,2.87,23.3,44.4,45.0
DEL_004415,ORD_004807,DRV_0029,8.74,27.1,52.1,56.0
DEL_004416,ORD_004808,DRV_0174,9.15,31.9,65.9,59.3
DEL_004417,ORD_004809,DRV_0172,1.39,15.4,16.7,21.0
DEL_004418,ORD_004810,DRV_0023,2.85,24.7,43.3,46.3
DEL_004419,ORD_004811,DRV_0055,12.21,33.9,79.9,78.2
DEL_004420,ORD_004813,DRV_0224,6.88,33.6,88.5,90.9
DEL_004421,ORD_004814,DRV_0256,6.37,11.5,58.6,52.9
DEL_004422,ORD_004815,DRV_0060,4.61,26.8,53.2,45.4
DEL_004423,ORD_004816,DRV_0201,1.98,15.6,19.7,19.2
DEL_004424,ORD_004817,DRV_0124,5.48,19.8,49.3,45.6
DEL_004425,ORD_004818,DRV_0233,5.23,24.7,51.9,45.9
DEL_004426,ORD_004819,DRV_0234,9.25,21.4,65.4,66.0
DEL_004427,ORD_004820,DRV_0024,2.62,16.0,39.0,34.9
DEL_004428,ORD_004821,DRV_0120,3.71,15.3,28.5,31.5
DEL_004429,ORD_004822,DRV_0169,5.03,10.3,38.8,43.4
DEL_004430,ORD_004824,DRV_0231,6.2,32.7,59.3,64.8
DEL_004431,ORD_004825,DRV_0024,2.58,28.6,43.3,45.9
DEL_004432,ORD_004826,DRV_0088,10.14,27.8,77.8,78.0
DEL_004433,ORD_004827,DRV_0292,8.81,11.0,49.8,54.6
DEL_004434,ORD_004828,DRV_0070,1.3,23.0,29.0,31.3
DEL_004435,ORD_004829,DRV_0236,9.03,20.2,59.6,56.6
DEL_004436,ORD_004830,DRV_0269,17.29,18.8,93.7,104.2
DEL_004437,ORD_004831,DRV_0149,4.31,24.8,40.5,48.2
DEL_004438,ORD_004832,DRV_0214,0.5,12.6,19.0,17.6
DEL_004439,ORD_004833,DRV_0122,2.97,21.6,24.3,26.3
DEL_004440,ORD_004834,DRV_0120,1.81,39.5,48.1,49.4
DEL_004441,ORD_004835,DRV_0051,5.19,19.6,44.0,43.2
DEL_004442,ORD_004836,DRV_0170,5.77,22.2,47.5,48.9
DEL_004443,ORD_004837,DRV_0156,3.7,12.5,25.6,22.2
DEL_004444,ORD_004838,DRV_0117,7.13,16.7,57.0,57.4
DEL_004445,ORD_004839,DRV_0233,3.13,37.9,40.5,46.7
DEL_004446,ORD_004842,DRV_0266,1.61,33.8,40.8,34.5
DEL_004447,ORD_004843,DRV_0007,2.3,28.0,33.5,32.5
DEL_004448,ORD_004844,DRV_0012,7.13,29.9,59.6,60.4
DEL_004449,ORD_004845,DRV_0088,2.94,12.5,33.3,28.8
DEL_004450,ORD_004846,DRV_0167,12.37,17.0,78.4,72.0
DEL_004451,ORD_004847,DRV_0296,5.17,15.9,55.1,54.5
DEL_004452,ORD_004848,DRV_0174,6.9,29.3,60.4,57.2
DEL_004453,ORD_004849,DRV_0007,12.48,40.5,80.8,90.8
DEL_004454,ORD_004850,DRV_0037,8.11,7.5,48.7,42.7
DEL_004455,ORD_004851,DRV_0296,3.01,21.9,30.1,32.6
DEL_004456,ORD_004852,DRV_0135,1.97,21.7,32.6,32.6
DEL_004457,ORD_004853,DRV_0249,1.16,19.4,24.6,28.5
DEL_004458,ORD_004854,DRV_0075,4.11,26.6,39.9,44.5
DEL_004459,ORD_004855,DRV_0146,7.67,12.7,72.2,79.8
DEL_004460,ORD_004856,DRV_0050,10.95,21.2,78.5,87.2
DEL_004461,ORD_004857,DRV_0280,7.49,35.2,67.4,66.1
DEL_004462,ORD_004859,DRV_0157,7.22,19.7,51.2,48.4
DEL_004463,ORD_004860,DRV_0194,2.36,25.8,43.2,38.5
DEL_004464,ORD_004861,DRV_0133,9.11,14.0,66.1,59.4
DEL_004465,ORD_004862,DRV_0066,6.42,15.8,59.3,61.2
DEL_004466,ORD_004863,DRV_0030,8.77,30.4,61.3,59.6
DEL_004467,ORD_004864,DRV_0045,2.87,15.2,30.9,33.5
DEL_004468,ORD_004865,DRV_0260,7.01,21.5,40.1,43.6
DEL_004469,ORD_004866,DRV_0036,1.51,16.8,18.0,19.3
DEL_004470,ORD_004868,DRV_0166,7.75,16.3,59.3,64.5
DEL_004471,ORD_004869,DRV_0291,0.65,23.8,21.1,26.2
DEL_004472,ORD_004870,DRV_0056,11.1,34.8,96.1,92.3
DEL_004473,ORD_004871,DRV_0070,3.7,26.1,41.3,39.2
DEL_004474,ORD_004872,DRV_0222,8.92,19.6,71.9,68.6
DEL_004475,ORD_004873,DRV_0277,3.91,22.9,36.4,40.3
DEL_004476,ORD_004874,DRV_0234,11.38,27.6,88.9,83.4
DEL_004477,ORD_004875,DRV_0063,2.15,28.4,40.2,48.8
DEL_004478,ORD_004876,DRV_0296,12.02,21.3,62.9,70.3
DEL_004479,ORD_004877,DRV_0167,1.45,28.3,38.3,38.3
DEL_004480,ORD_004878,DRV_0267,11.56,16.0,67.3,59.3
DEL_004481,ORD_004879,DRV_0247,8.51,27.2,54.9,60.2
DEL_004482,ORD_004880,DRV_0285,10.32,27.2,71.4,69.6
DEL_004483,ORD_004881,DRV_0097,2.97,19.2,43.2,41.6
DEL_004484,ORD_004882,DRV_0143,2.4,29.2,39.5,40.4
DEL_004485,ORD_004883,DRV_0249,15.61,21.0,88.7,83.5
DEL_004486,ORD_004884,DRV_0011,6.89,17.7,39.6,51.2
DEL_004487,ORD_004885,DRV_0251,2.67,12.9,21.3,27.1
DEL_004488,ORD_004886,DRV_0151,3.67,27.0,55.0,45.6
DEL_004489,ORD_004887,DRV_0251,3.99,12.4,36.8,35.5
DEL_004490,ORD_004888,DRV_0200,7.38,22.7,71.2,71.8
DEL_004491,ORD_004889,DRV_0093,4.24,29.0,51.9,49.8
DEL_004492,ORD_004890,DRV_0153,2.26,24.2,27.0,32.1
DEL_004493,ORD_004891,DRV_0173,2.52,33.0,38.8,47.7
DEL_004494,ORD_004892,DRV_0123,4.78,31.0,54.8,49.7
DEL_004495,ORD_004893,DRV_0198,10.01,23.4,64.9,67.0
DEL_004496,ORD_004895,DRV_0179,3.68,23.6,37.4,39.0
DEL_004497,ORD_004896,DRV_0233,5.34,16.5,43.9,43.8
DEL_004498,ORD_004897,DRV_0278,4.89,11.0,27.5,29.8
DEL_004499,ORD_004898,DRV_0003,4.91,22.7,43.4,48.7
DEL_004500,ORD_004899,DRV_0065,1.39,20.9,23.8,28.7
DEL_004501,ORD_004900,DRV_0232,1.45,31.5,41.9,41.6
DEL_004502,ORD_004901,DRV_0172,3.84,23.2,25.9,29.7
DEL_004503,ORD_004903,DRV_0012,13.51,35.0,102.4,88.1
DEL_004504,ORD_004904,DRV_0222,3.27,22.9,36.3,37.8
DEL_004505,ORD_004905,DRV_0077,2.28,21.1,35.8,32.4
DEL_004506,ORD_004906,DRV_0289,3.12,28.4,36.4,39.3
DEL_004507,ORD_004907,DRV_0040,2.88,20.0,28.0,28.5
DEL_004508,ORD_004908,DRV_0190,2.06,21.9,29.8,31.5
DEL_004509,ORD_004909,DRV_0300,2.23,15.5,16.9,24.6
DEL_004510,ORD_004910,DRV_0062,2.51,29.2,44.0,49.0
DEL_004511,ORD_004911,DRV_0165,7.36,20.9,42.0,51.1
DEL_004512,ORD_004912,DRV_0163,15.15,18.6,117.1,106.5
DEL_004513,ORD_004913,DRV_0225,6.97,23.2,43.1,43.0
DEL_004514,ORD_004914,DRV_0146,7.72,22.9,50.6,50.2
DEL_004515,ORD_004915,DRV_0189,8.19,26.6,42.7,48.0
DEL_004516,ORD_004916,DRV_0297,12.3,23.5,100.5,97.3
DEL_004517,ORD_004917,DRV_0120,4.44,24.4,47.0,46.5
DEL_004518,ORD_004918,DRV_0040,8.18,26.3,111.1,99.3
DEL_004519,ORD_004919,DRV_0182,4.22,27.9,43.0,42.2
DEL_004520,ORD_004920,DRV_0270,2.52,18.3,28.8,29.0
DEL_004521,ORD_004921,DRV_0030,9.88,32.6,96.1,93.9
DEL_004522,ORD_004922,DRV_0222,6.57,33.8,58.1,77.1
DEL_004523,ORD_004923,DRV_0214,5.91,18.6,52.9,43.3
DEL_004524,ORD_004924,DRV_0220,13.62,19.0,77.3,75.8
DEL_004525,ORD_004925,DRV_0265,2.35,15.9,27.6,30.6
DEL_004526,ORD_004926,DRV_0127,3.11,19.9,36.9,44.5
DEL_004527,ORD_004927,DRV_0260,12.83,20.1,66.6,69.9
DEL_004528,ORD_004928,DRV_0259,8.0,19.8,72.3,66.6
DEL_004529,ORD_004929,DRV_0199,10.7,27.0,91.9,74.0
DEL_004530,ORD_004930,DRV_0229,9.76,15.3,83.5,76.7
DEL_004531,ORD_004931,DRV_0208,6.75,13.1,56.3,52.5
DEL_004532,ORD_004932,DRV_0250,6.16,20.3,60.2,57.9
DEL_004533,ORD_004933,DRV_0297,5.13,22.4,44.5,54.5
DEL_004534,ORD_004934,DRV_0140,14.59,17.3,96.8,95.5
DEL_004535,ORD_004935,DRV_0247,4.59,25.8,40.2,40.5
DEL_004536,ORD_004936,DRV_0212,4.13,26.3,68.6,61.4
DEL_004537,ORD_004937,DRV_0034,2.15,27.5,29.6,33.8
DEL_004538,ORD_004938,DRV_0005,1.4,15.4,15.6,17.7
DEL_004539,ORD_004939,DRV_0027,6.83,8.5,41.1,42.1
DEL_004540,ORD_004941,DRV_0042,1.62,20.7,27.1,28.2
DEL_004541,ORD_004942,DRV_0255,12.26,25.4,92.2,82.1
DEL_004542,ORD_004943,DRV_0223,0.5,17.0,19.5,18.7
DEL_004543,ORD_004946,DRV_0223,3.68,17.4,31.7,29.9
DEL_004544,ORD_004947,DRV_0115,5.93,13.8,47.8,45.0
DEL_004545,ORD_004948,DRV_0261,3.83,29.6,42.9,49.9
DEL_004546,ORD_004949,DRV_0079,7.52,24.9,55.0,59.2
DEL_004547,ORD_004950,DRV_0080,11.44,22.0,71.7,67.4
DEL_004548,ORD_004951,DRV_0055,12.17,15.6,90.8,94.7
DEL_004549,ORD_004952,DRV_0091,3.42,31.0,42.5,46.2
DEL_004550,ORD_004953,DRV_0285,7.31,17.4,74.3,59.2
DEL_004551,ORD_004954,DRV_0003,16.65,11.1,69.4,70.1
DEL_004552,ORD_004955,DRV_0284,8.46,6.0,41.9,42.5
DEL_004553,ORD_004958,DRV_0175,10.3,15.6,70.9,67.6
DEL_004554,ORD_004959,DRV_0001,5.57,22.0,54.3,47.2
DEL_004555,ORD_004960,DRV_0187,5.42,19.2,37.5,39.4
DEL_004556,ORD_004961,DRV_0128,3.12,26.6,40.9,48.1
DEL_004557,ORD_004962,DRV_0064,2.85,24.6,37.1,43.3
DEL_004558,ORD_004963,DRV_0232,16.07,19.8,79.4,71.7
DEL_004559,ORD_004964,DRV_0227,6.93,24.6,61.9,56.2
DEL_004560,ORD_004965,DRV_0099,3.02,29.0,45.0,45.3
DEL_004561,ORD_004966,DRV_0158,1.38,20.0,34.5,32.8
DEL_004562,ORD_004967,DRV_0200,17.42,13.5,91.7,91.9
DEL_004563,ORD_004969,DRV_0272,5.21,18.1,42.0,41.6
DEL_004564,ORD_004970,DRV_0011,4.35,12.5,39.1,44.0
DEL_004565,ORD_004971,DRV_0122,2.38,5.0,16.1,18.2
DEL_004566,ORD_004972,DRV_0043,3.91,42.3,75.0,72.6
DEL_004567,ORD_004973,DRV_0265,14.45,19.0,102.6,104.6
DEL_004568,ORD_004974,DRV_0130,1.9,29.5,37.7,39.4
DEL_004569,ORD_004975,DRV_0073,4.66,33.8,37.8,48.7
DEL_004570,ORD_004976,DRV_0085,4.19,26.0,38.1,37.5
DEL_004571,ORD_004977,DRV_0174,0.5,21.2,25.5,23.5
DEL_004572,ORD_004978,DRV_0179,2.96,6.6,12.6,14.3
DEL_004573,ORD_004979,DRV_0086,3.2,29.6,54.1,51.7
DEL_004574,ORD_004980,DRV_0169,1.32,22.1,24.1,26.9
DEL_004575,ORD_004981,DRV_0241,5.94,23.6,44.3,49.3
DEL_004576,ORD_004982,DRV_0050,6.44,24.4,34.8,46.8
DEL_004577,ORD_004983,DRV_0159,3.78,24.5,31.6,41.7
DEL_004578,ORD_004984,DRV_0091,3.92,25.8,34.6,42.6
DEL_004579,ORD_004985,DRV_0232,3.79,25.3,45.5,46.8
DEL_004580,ORD_004986,DRV_0291,13.05,31.3,86.9,87.0
DEL_004581,ORD_004987,DRV_0017,6.47,25.5,63.2,57.2
DEL_004582,ORD_004988,DRV_0049,8.49,32.6,91.0,93.0
DEL_004583,ORD_004989,DRV_0184,3.46,21.9,25.4,32.9
DEL_004584,ORD_004990,DRV_0133,4.12,24.5,45.1,47.3
DEL_004585,ORD_004991,DRV_0081,2.49,20.6,25.4,27.9
DEL_004586,ORD_004992,DRV_0120,13.59,22.4,69.4,67.3
DEL_004587,ORD_004993,DRV_0115,10.05,18.4,69.4,82.2
DEL_004588,ORD_004994,DRV_0274,5.53,32.6,64.5,68.2
DEL_004589,ORD_004995,DRV_0128,4.53,28.2,52.3,56.2
DEL_004590,ORD_004996,DRV_0075,5.4,9.7,23.6,28.2
DEL_004591,ORD_004997,DRV_0138,6.37,24.2,81.3,85.6
DEL_004592,ORD_004998,DRV_0228,6.69,29.0,38.8,40.2
DEL_004593,ORD_004999,DRV_0102,13.54,14.0,142.9,113.4
DEL_004594,ORD_005000,DRV_0285,15.98,15.6,78.1,85.8
DEL_004595,ORD_005001,DRV_0080,1.35,25.3,33.7,29.1
DEL_004596,ORD_005002,DRV_0190,10.28,14.9,46.2,59.9
DEL_004597,ORD_005003,DRV_0143,4.41,29.9,41.9,52.1
DEL_004598,ORD_005004,DRV_0018,3.86,18.4,31.1,32.0
DEL_004599,ORD_005005,DRV_0211,2.74,30.9,44.7,41.4
DEL_004600,ORD_005006,DRV_0144,9.99,32.4,65.8,66.5
DEL_004601,ORD_005007,DRV_0056,4.51,14.6,25.1,33.4
DEL_004602,ORD_005008,DRV_0059,11.78,25.3,90.4,90.8
DEL_004603,ORD_005009,DRV_0142,7.65,22.4,53.2,60.8
DEL_004604,ORD_005010,DRV_0060,2.66,18.0,32.4,32.3
DEL_004605,ORD_005011,DRV_0045,1.43,34.3,37.0,39.1
DEL_004606,ORD_005012,DRV_0100,3.54,21.4,44.1,44.4
DEL_004607,ORD_005013,DRV_0197,4.44,30.8,57.6,57.0
DEL_004608,ORD_005014,DRV_0119,1.11,22.4,27.7,29.3
DEL_004609,ORD_005015,DRV_0015,2.02,19.2,31.0,31.9
DEL_004610,ORD_005016,DRV_0086,3.38,32.6,55.6,60.8
DEL_004611,ORD_005017,DRV_0275,3.34,14.0,27.4,26.8
DEL_004612,ORD_005019,DRV_0105,0.5,31.4,28.8,28.7
DEL_004613,ORD_005020,DRV_0208,2.15,13.5,28.7,29.5
DEL_004614,ORD_005021,DRV_0267,1.51,13.3,30.9,27.9
DEL_004615,ORD_005022,DRV_0165,4.46,32.1,49.5,57.3
DEL_004616,ORD_005023,DRV_0017,9.19,11.5,42.3,56.6
DEL_004617,ORD_005024,DRV_0127,2.67,25.3,37.7,38.3
DEL_004618,ORD_005025,DRV_0028,3.2,21.8,27.2,35.0
DEL_004619,ORD_005026,DRV_0001,4.39,21.9,50.8,44.5
DEL_004620,ORD_005027,DRV_0074,4.57,20.1,33.2,40.7
DEL_004621,ORD_005028,DRV_0142,6.97,8.7,52.0,48.0
DEL_004622,ORD_005029,DRV_0060,3.43,19.3,34.8,36.2
DEL_004623,ORD_005030,DRV_0142,5.47,35.1,58.4,56.0
DEL_004624,ORD_005031,DRV_0093,13.54,32.5,90.0,102.1
DEL_004625,ORD_005032,DRV_0001,4.07,30.2,36.1,42.2
DEL_004626,ORD_005033,DRV_0084,12.27,11.6,63.8,62.5
DEL_004627,ORD_005034,DRV_0289,3.04,16.5,30.4,30.3
DEL_004628,ORD_005035,DRV_0204,1.09,19.2,14.5,21.0
DEL_004629,ORD_005036,DRV_0237,2.17,35.4,34.4,38.6
DEL_004630,ORD_005037,DRV_0027,4.34,15.2,29.4,30.6
DEL_004631,ORD_005038,DRV_0105,2.47,20.3,29.1,27.6
DEL_004632,ORD_005039,DRV_0294,9.65,30.9,67.0,69.1
DEL_004633,ORD_005040,DRV_0168,1.55,14.7,17.9,19.6
DEL_004634,ORD_005041,DRV_0054,5.32,28.7,36.6,40.4
DEL_004635,ORD_005043,DRV_0247,7.49,16.0,43.4,50.4
DEL_004636,ORD_005044,DRV_0217,1.9,27.6,46.9,41.3
DEL_004637,ORD_005045,DRV_0173,2.47,20.8,27.3,27.6
DEL_004638,ORD_005047,DRV_0298,2.78,23.7,37.3,38.8
DEL_004639,ORD_005048,DRV_0161,4.27,37.0,48.0,56.9
DEL_004640,ORD_005049,DRV_0048,3.91,13.6,30.8,27.9
DEL_004641,ORD_005050,DRV_0279,9.59,9.1,35.1,29.9
DEL_004642,ORD_005051,DRV_0223,2.25,28.8,29.7,32.9
DEL_004643,ORD_005052,DRV_0125,10.47,24.2,94.3,91.7
DEL_004644,ORD_005053,DRV_0098,4.83,31.1,61.7,61.6
DEL_004645,ORD_005054,DRV_0167,3.16,21.3,44.1,45.2
DEL_004646,ORD_005055,DRV_0066,7.36,21.0,46.9,47.0
DEL_004647,ORD_005056,DRV_0066,5.36,22.4,37.0,38.3
DEL_004648,ORD_005057,DRV_0079,0.77,20.8,13.4,13.9
DEL_004649,ORD_005058,DRV_0288,9.65,19.3,42.4,54.8
DEL_004650,ORD_005059,DRV_0213,4.96,31.9,41.5,47.8
DEL_004651,ORD_005060,DRV_0278,8.96,28.6,57.8,62.8
DEL_004652,ORD_005061,DRV_0227,6.13,22.5,49.5,48.5
DEL_004653,ORD_005062,DRV_0123,9.06,25.9,47.0,54.0
DEL_004654,ORD_005063,DRV_0277,6.4,29.4,70.2,69.7
DEL_004655,ORD_005064,DRV_0198,1.29,19.3,23.4,23.1
DEL_004656,ORD_005065,DRV_0166,5.07,24.4,45.7,40.8
DEL_004657,ORD_005066,DRV_0136,6.69,21.1,58.6,63.8
DEL_004658,ORD_005067,DRV_0028,2.42,22.9,32.6,32.3
DEL_004659,ORD_005068,DRV_0044,5.46,14.7,34.2,31.0
DEL_004660,ORD_005069,DRV_0074,11.31,27.4,117.2,117.4
DEL_004661,ORD_005070,DRV_0152,4.13,25.7,48.6,48.4
DEL_004662,ORD_005071,DRV_0028,2.14,13.0,19.9,18.2
DEL_004663,ORD_005072,DRV_0180,2.7,14.4,19.3,23.0
DEL_004664,ORD_005073,DRV_0269,12.69,8.5,87.9,95.2
DEL_004665,ORD_005074,DRV_0279,3.22,14.7,27.8,28.8
DEL_004666,ORD_005075,DRV_0132,5.19,30.1,69.3,76.3
DEL_004667,ORD_005076,DRV_0092,5.97,21.7,38.8,43.9
DEL_004668,ORD_005077,DRV_0179,5.14,21.7,39.2,43.5
DEL_004669,ORD_005078,DRV_0066,2.56,23.2,27.6,29.4
DEL_004670,ORD_005079,DRV_0275,1.86,25.8,35.8,36.6
DEL_004671,ORD_005081,DRV_0134,3.43,29.6,55.1,49.7
DEL_004672,ORD_005082,DRV_0217,9.69,19.5,61.3,55.9
DEL_004673,ORD_005083,DRV_0028,6.2,8.5,37.1,38.3
DEL_004674,ORD_005084,DRV_0167,8.23,16.9,49.5,52.7
DEL_004675,ORD_005085,DRV_0111,5.3,25.4,52.1,48.7
DEL_004676,ORD_005086,DRV_0065,5.04,26.6,54.2,57.7
DEL_004677,ORD_005087,DRV_0150,19.93,16.6,113.1,114.3
DEL_004678,ORD_005088,DRV_0268,2.88,20.2,31.8,33.5
DEL_004679,ORD_005089,DRV_0270,5.42,20.7,38.8,46.6
DEL_004680,ORD_005090,DRV_0290,6.86,22.5,51.9,50.5
DEL_004681,ORD_005091,DRV_0123,3.09,24.7,35.3,36.8
DEL_004682,ORD_005092,DRV_0231,2.84,37.2,42.8,50.0
DEL_004683,ORD_005093,DRV_0175,2.56,15.3,24.1,30.2
DEL_004684,ORD_005094,DRV_0176,2.1,14.0,32.9,31.8
DEL_004685,ORD_005096,DRV_0124,4.71,18.7,31.0,36.4
DEL_004686,ORD_005097,DRV_0198,8.02,29.1,73.7,81.0
DEL_004687,ORD_005098,DRV_0224,5.81,10.0,44.8,51.8
DEL_004688,ORD_005100,DRV_0074,5.04,14.5,26.7,23.9
DEL_004689,ORD_005101,DRV_0242,18.32,34.6,120.0,132.8
DEL_004690,ORD_005102,DRV_0298,4.59,22.1,41.5,43.2
DEL_004691,ORD_005103,DRV_0036,5.37,11.4,41.7,35.9
DEL_004692,ORD_005104,DRV_0011,2.93,19.5,38.9,36.6
DEL_004693,ORD_005105,DRV_0058,7.33,19.7,35.1,40.3
DEL_004694,ORD_005106,DRV_0151,2.91,32.5,47.4,49.9
DEL_004695,ORD_005107,DRV_0238,1.69,21.4,32.8,32.0
DEL_004696,ORD_005110,DRV_0011,4.4,23.3,60.3,58.5
DEL_004697,ORD_005111,DRV_0277,1.47,19.7,31.9,28.7
DEL_004698,ORD_005112,DRV_0288,4.1,16.3,35.2,34.5
DEL_004699,ORD_005113,DRV_0027,12.19,21.2,95.2,83.3
DEL_004700,ORD_005114,DRV_0229,3.51,27.5,35.9,33.7
DEL_004701,ORD_005115,DRV_0036,6.3,20.5,48.0,45.9
DEL_004702,ORD_005116,DRV_0266,0.98,22.3,27.6,25.1
DEL_004703,ORD_005117,DRV_0093,3.86,30.7,49.0,52.7
DEL_004704,ORD_005119,DRV_0081,17.24,12.2,93.4,87.9
DEL_004705,ORD_005120,DRV_0266,8.57,22.6,52.7,50.8
DEL_004706,ORD_005121,DRV_0229,1.16,36.1,35.0,38.1
DEL_004707,ORD_005122,DRV_0043,7.08,7.1,51.2,55.3
DEL_004708,ORD_005123,DRV_0140,4.87,5.3,22.4,25.3
DEL_004709,ORD_005124,DRV_0017,1.84,22.5,42.0,38.1
DEL_004710,ORD_005126,DRV_0058,4.16,27.6,37.8,44.0
DEL_004711,ORD_005127,DRV_0064,8.2,18.4,62.3,57.6
DEL_004712,ORD_005128,DRV_0023,8.55,17.6,70.8,73.6
DEL_004713,ORD_005129,DRV_0030,7.08,19.3,57.8,61.2
DEL_004714,ORD_005130,DRV_0131,1.77,35.1,44.3,41.3
DEL_004715,ORD_005131,DRV_0226,5.35,14.3,35.6,35.6
DEL_004716,ORD_005132,DRV_0064,0.71,26.7,16.6,21.2
DEL_004717,ORD_005133,DRV_0108,1.68,18.2,21.2,20.6
DEL_004718,ORD_005134,DRV_0007,3.83,22.4,31.6,31.1
DEL_004719,ORD_005135,DRV_0281,0.5,31.3,30.9,36.1
DEL_004720,ORD_005136,DRV_0284,2.95,15.4,30.4,36.1
DEL_004721,ORD_005137,DRV_0084,16.12,21.6,115.4,107.4
DEL_004722,ORD_005138,DRV_0290,6.42,30.8,48.0,51.1
DEL_004723,ORD_005139,DRV_0134,3.86,13.5,32.4,33.3
DEL_004724,ORD_005140,DRV_0114,2.37,18.9,22.7,25.4
DEL_004725,ORD_005141,DRV_0211,4.82,18.3,51.0,55.1
DEL_004726,ORD_005142,DRV_0036,5.87,23.2,49.7,53.1
DEL_004727,ORD_005143,DRV_0086,6.94,9.2,50.0,44.3
DEL_004728,ORD_005144,DRV_0082,5.42,5.0,29.0,27.7
DEL_004729,ORD_005145,DRV_0297,3.65,23.6,35.6,43.3
DEL_004730,ORD_005146,DRV_0287,1.85,16.7,18.6,18.0
DEL_004731,ORD_005147,DRV_0158,3.3,24.7,50.3,43.5
DEL_004732,ORD_005148,DRV_0008,6.96,15.0,59.2,55.0
DEL_004733,ORD_005149,DRV_0256,2.18,17.9,26.1,30.1
DEL_004734,ORD_005150,DRV_0234,7.75,25.5,50.7,50.8
DEL_004735,ORD_005152,DRV_0052,5.72,34.2,59.9,53.1
DEL_004736,ORD_005153,DRV_0262,3.45,23.0,44.1,41.8
DEL_004737,ORD_005154,DRV_0069,6.16,29.0,59.9,54.2
DEL_004738,ORD_005155,DRV_0121,4.59,27.0,45.2,53.6
DEL_004739,ORD_005156,DRV_0053,2.28,19.0,33.8,37.0
DEL_004740,ORD_005157,DRV_0104,0.5,22.3,19.1,21.6
DEL_004741,ORD_005158,DRV_0261,7.3,21.6,53.2,60.7
DEL_004742,ORD_005160,DRV_0228,4.07,26.1,58.1,50.9
DEL_004743,ORD_005161,DRV_0224,1.2,24.4,32.8,30.7
DEL_004744,ORD_005162,DRV_0060,4.0,27.8,52.4,50.1
DEL_004745,ORD_005163,DRV_0206,7.28,21.9,49.1,46.7
DEL_004746,ORD_005164,DRV_0009,11.91,18.6,75.5,70.3
DEL_004747,ORD_005165,DRV_0098,3.45,18.8,27.9,32.7
DEL_004748,ORD_005166,DRV_0134,4.86,33.3,43.7,52.6
DEL_004749,ORD_005167,DRV_0112,3.23,23.3,41.8,35.4
DEL_004750,ORD_005168,DRV_0162,4.25,42.5,48.9,54.3
DEL_004751,ORD_005169,DRV_0279,1.73,18.1,25.1,28.2
DEL_004752,ORD_005170,DRV_0003,6.21,27.4,53.9,57.9
DEL_004753,ORD_005171,DRV_0235,1.54,11.0,23.5,23.1
DEL_004754,ORD_005172,DRV_0005,3.88,26.6,44.0,45.6
DEL_004755,ORD_005173,DRV_0289,9.81,21.3,73.0,68.0
DEL_004756,ORD_005175,DRV_0298,8.29,32.4,74.8,74.3
DEL_004757,ORD_005176,DRV_0075,3.12,20.6,31.1,36.4
DEL_004758,ORD_005177,DRV_0194,2.45,20.4,30.1,31.7
DEL_004759,ORD_005178,DRV_0036,11.05,23.7,65.4,75.4
DEL_004760,ORD_005180,DRV_0007,6.43,16.3,37.1,41.3
DEL_004761,ORD_005181,DRV_0151,7.38,15.8,41.3,41.0
DEL_004762,ORD_005182,DRV_0206,2.0,16.7,19.5,22.9
DEL_004763,ORD_005183,DRV_0045,6.7,27.6,66.6,58.3
DEL_004764,ORD_005185,DRV_0157,4.01,10.9,28.5,29.6
DEL_004765,ORD_005186,DRV_0154,5.07,28.0,48.0,47.4
DEL_004766,ORD_005187,DRV_0250,4.36,26.7,33.5,36.8
DEL_004767,ORD_005188,DRV_0142,12.05,34.5,84.9,84.6
DEL_004768,ORD_005189,DRV_0170,1.12,17.6,32.9,28.4
DEL_004769,ORD_005190,DRV_0109,2.55,29.2,43.3,42.0
DEL_004770,ORD_005191,DRV_0188,7.51,18.9,34.3,41.0
DEL_004771,ORD_005192,DRV_0134,6.59,30.0,50.9,54.8
DEL_004772,ORD_005193,DRV_0280,2.65,23.8,33.4,36.2
DEL_004773,ORD_005194,DRV_0151,2.79,20.7,27.4,30.1
DEL_004774,ORD_005195,DRV_0076,3.46,16.8,31.2,33.4
DEL_004775,ORD_005196,DRV_0173,1.31,14.0,9.7,10.0
DEL_004776,ORD_005197,DRV_0008,1.03,27.5,35.3,38.1
DEL_004777,ORD_005198,DRV_0194,8.81,26.9,49.1,62.7
DEL_004778,ORD_005199,DRV_0127,2.47,33.3,38.4,39.5
DEL_004779,ORD_005200,DRV_0004,1.48,39.3,39.0,46.7
DEL_004780,ORD_005201,DRV_0053,4.82,21.2,45.2,47.9
DEL_004781,ORD_005202,DRV_0035,3.31,21.6,35.6,37.7
DEL_004782,ORD_005203,DRV_0148,9.34,16.1,56.2,61.5
DEL_004783,ORD_005205,DRV_0234,5.15,21.5,38.8,42.2
DEL_004784,ORD_005206,DRV_0255,1.64,22.1,46.1,43.5
DEL_004785,ORD_005207,DRV_0049,15.99,21.5,79.4,88.7
DEL_004786,ORD_005208,DRV_0268,1.28,25.2,26.5,27.1
DEL_004787,ORD_005209,DRV_0252,3.76,9.2,36.3,40.5
DEL_004788,ORD_005210,DRV_0219,2.02,12.8,25.4,23.0
DEL_004789,ORD_005211,DRV_0044,9.56,16.3,57.7,64.3
DEL_004790,ORD_005212,DRV_0025,6.95,11.9,29.1,31.1
DEL_004791,ORD_005213,DRV_0096,7.32,31.1,48.4,52.7
DEL_004792,ORD_005215,DRV_0092,15.28,19.8,80.3,72.5
DEL_004793,ORD_005216,DRV_0092,3.47,28.4,41.9,44.5
DEL_004794,ORD_005217,DRV_0089,4.15,18.5,42.2,41.2
DEL_004795,ORD_005218,DRV_0279,13.16,17.6,115.1,117.9
DEL_004796,ORD_005219,DRV_0003,10.76,36.9,96.0,80.6
DEL_004797,ORD_005220,DRV_0086,6.09,16.7,31.7,32.6
DEL_004798,ORD_005221,DRV_0090,2.01,21.3,25.3,28.9
DEL_004799,ORD_005222,DRV_0047,4.17,18.4,37.3,35.6
DEL_004800,ORD_005223,DRV_0105,16.26,22.6,113.4,121.0
DEL_004801,ORD_005224,DRV_0102,12.3,20.3,66.6,69.6
DEL_004802,ORD_005225,DRV_0199,17.01,24.7,135.6,128.4
DEL_004803,ORD_005226,DRV_0017,9.51,24.2,73.7,69.2
DEL_004804,ORD_005227,DRV_0292,3.11,24.5,37.7,37.2
DEL_004805,ORD_005228,DRV_0038,4.9,30.9,56.8,60.8
DEL_004806,ORD_005229,DRV_0010,11.04,35.3,69.6,84.1
DEL_004807,ORD_005230,DRV_0155,7.3,14.8,58.9,57.3
DEL_004808,ORD_005231,DRV_0274,5.89,13.6,41.4,39.9
DEL_004809,ORD_005232,DRV_0089,0.81,34.7,41.9,43.8
DEL_004810,ORD_005233,DRV_0173,1.56,31.4,28.9,31.8
DEL_004811,ORD_005234,DRV_0198,0.5,16.4,16.2,15.7
DEL_004812,ORD_005235,DRV_0014,6.26,32.1,55.7,58.0
DEL_004813,ORD_005236,DRV_0074,8.13,13.5,43.9,44.8
DEL_004814,ORD_005237,DRV_0270,8.32,11.0,43.1,48.5
DEL_004815,ORD_005238,DRV_0100,2.1,14.7,21.9,22.2
DEL_004816,ORD_005239,DRV_0141,2.3,34.0,34.8,42.0
DEL_004817,ORD_005240,DRV_0049,8.49,19.4,49.5,52.5
DEL_004818,ORD_005241,DRV_0208,7.08,17.0,44.2,44.7
DEL_004819,ORD_005242,DRV_0158,3.67,20.6,35.2,37.3
DEL_004820,ORD_005243,DRV_0040,4.98,27.3,36.1,38.3
DEL_004821,ORD_005244,DRV_0165,8.25,26.7,65.5,70.0
DEL_004822,ORD_005245,DRV_0209,12.3,12.5,90.0,75.7
DEL_004823,ORD_005246,DRV_0022,3.28,16.0,22.9,21.0
DEL_004824,ORD_005247,DRV_0127,6.36,23.8,43.7,43.3
DEL_004825,ORD_005248,DRV_0104,8.07,18.4,49.6,46.4
DEL_004826,ORD_005249,DRV_0171,11.51,17.0,67.0,63.4
DEL_004827,ORD_005251,DRV_0041,15.8,16.4,92.9,105.9
DEL_004828,ORD_005252,DRV_0083,3.98,23.2,35.2,38.0
DEL_004829,ORD_005253,DRV_0263,3.67,14.5,24.2,21.6
DEL_004830,ORD_005254,DRV_0168,11.58,13.9,77.6,80.2
DEL_004831,ORD_005255,DRV_0051,3.96,10.7,36.4,37.3
DEL_004832,ORD_005256,DRV_0229,12.99,21.7,77.4,74.7
DEL_004833,ORD_005257,DRV_0015,3.05,35.8,45.0,51.1
DEL_004834,ORD_005258,DRV_0256,8.56,13.0,41.4,41.0
DEL_004835,ORD_005259,DRV_0166,4.35,28.0,39.9,45.0
DEL_004836,ORD_005260,DRV_0085,6.47,26.8,70.4,76.4
DEL_004837,ORD_005261,DRV_0208,4.85,23.8,46.2,43.4
DEL_004838,ORD_005262,DRV_0062,1.65,18.2,20.7,21.4
DEL_004839,ORD_005263,DRV_0177,1.58,27.1,28.4,26.7
DEL_004840,ORD_005264,DRV_0127,0.76,35.1,35.6,33.4
DEL_004841,ORD_005265,DRV_0066,2.25,19.6,25.7,29.9
DEL_004842,ORD_005266,DRV_0121,3.26,14.4,40.4,36.3
DEL_004843,ORD_005267,DRV_0007,0.66,29.1,34.4,33.7
DEL_004844,ORD_005268,DRV_0067,2.4,19.5,41.2,48.0
DEL_004845,ORD_005269,DRV_0055,4.4,22.0,47.4,42.7
DEL_004846,ORD_005271,DRV_0039,1.47,17.3,23.9,23.6
DEL_004847,ORD_005274,DRV_0111,0.82,33.7,33.2,34.9
DEL_004848,ORD_005275,DRV_0044,3.46,26.0,33.6,37.3
DEL_004849,ORD_005276,DRV_0045,12.7,29.2,128.3,101.4
DEL_004850,ORD_005277,DRV_0231,17.99,18.0,83.1,111.6
DEL_004851,ORD_005278,DRV_0256,2.61,16.5,26.3,29.1
DEL_004852,ORD_005279,DRV_0071,2.79,24.8,25.0,28.8
DEL_004853,ORD_005280,DRV_0151,3.27,30.4,44.6,54.5
DEL_004854,ORD_005281,DRV_0083,8.65,18.2,47.6,46.2
DEL_004855,ORD_005282,DRV_0197,4.72,20.5,50.6,44.4
DEL_004856,ORD_005283,DRV_0242,12.05,6.1,50.4,63.0
DEL_004857,ORD_005284,DRV_0035,4.81,15.5,44.5,43.8
DEL_004858,ORD_005285,DRV_0129,1.46,16.9,21.4,22.8
DEL_004859,ORD_005286,DRV_0206,2.25,31.4,33.0,35.9
DEL_004860,ORD_005287,DRV_0297,1.98,5.0,8.0,8.0
DEL_004861,ORD_005288,DRV_0091,7.49,21.3,56.5,59.5
DEL_004862,ORD_005289,DRV_0228,1.34,16.7,23.1,27.3
DEL_004863,ORD_005290,DRV_0126,4.15,16.9,35.6,35.0
DEL_004864,ORD_005291,DRV_0149,4.05,27.2,41.1,47.8
DEL_004865,ORD_005292,DRV_0247,4.64,28.3,56.7,44.4
DEL_004866,ORD_005293,DRV_0247,0.5,12.5,13.2,15.7
DEL_004867,ORD_005294,DRV_0056,2.15,17.2,26.7,32.3
DEL_004868,ORD_005295,DRV_0242,3.91,30.1,40.9,47.5
DEL_004869,ORD_005296,DRV_0164,1.33,24.9,29.8,30.3
DEL_004870,ORD_005297,DRV_0255,9.95,14.1,63.6,58.1
DEL_004871,ORD_005298,DRV_0129,3.39,20.1,25.1,25.9
DEL_004872,ORD_005299,DRV_0228,2.83,17.6,31.7,28.5
DEL_004873,ORD_005300,DRV_0190,3.23,31.8,51.7,47.5
DEL_004874,ORD_005301,DRV_0217,4.44,25.3,39.4,41.7
DEL_004875,ORD_005303,DRV_0170,8.71,10.7,49.1,52.8
DEL_004876,ORD_005304,DRV_0044,4.57,18.1,36.3,37.6
DEL_004877,ORD_005305,DRV_0215,1.23,14.6,20.4,22.7
DEL_004878,ORD_005306,DRV_0245,11.74,15.2,75.9,64.9
DEL_004879,ORD_005307,DRV_0104,6.96,26.7,47.9,45.9
DEL_004880,ORD_005308,DRV_0065,1.68,15.2,20.5,20.6
DEL_004881,ORD_005309,DRV_0142,6.13,19.0,57.4,51.0
DEL_004882,ORD_005310,DRV_0223,1.79,26.5,37.8,42.8
DEL_004883,ORD_005311,DRV_0232,6.7,23.8,45.8,49.1
DEL_004884,ORD_005312,DRV_0156,11.39,17.2,63.5,66.6
DEL_004885,ORD_005313,DRV_0084,10.24,21.5,71.6,63.9
DEL_004886,ORD_005314,DRV_0078,8.45,26.0,82.2,75.1
DEL_004887,ORD_005315,DRV_0092,7.03,14.3,24.8,23.5
DEL_004888,ORD_005316,DRV_0015,5.92,25.5,63.3,60.7
DEL_004889,ORD_005317,DRV_0242,1.86,19.2,27.1,27.3
DEL_004890,ORD_005318,DRV_0067,3.43,24.2,39.2,41.2
DEL_004891,ORD_005319,DRV_0044,15.71,28.6,81.3,85.7
DEL_004892,ORD_005320,DRV_0097,3.44,11.5,24.3,30.3
DEL_004893,ORD_005321,DRV_0078,7.66,7.1,40.6,33.6
DEL_004894,ORD_005322,DRV_0019,1.16,25.9,27.8,23.6
DEL_004895,ORD_005324,DRV_0224,2.86,28.9,45.8,49.5
DEL_004896,ORD_005325,DRV_0274,14.53,16.4,84.9,76.4
DEL_004897,ORD_005326,DRV_0195,1.62,12.6,28.4,26.8
DEL_004898,ORD_005327,DRV_0117,12.02,26.2,73.9,76.8
DEL_004899,ORD_005329,DRV_0094,8.3,22.7,44.0,55.2
DEL_004900,ORD_005331,DRV_0032,3.11,15.8,36.0,34.8
DEL_004901,ORD_005332,DRV_0009,4.04,14.4,29.5,30.4
DEL_004902,ORD_005333,DRV_0094,6.15,21.8,36.7,38.4
DEL_004903,ORD_005334,DRV_0229,10.14,23.3,58.7,65.0
DEL_004904,ORD_005335,DRV_0027,3.24,29.3,37.8,47.7
DEL_004905,ORD_005336,DRV_0294,8.63,26.2,60.3,64.1
DEL_004906,ORD_005337,DRV_0194,2.46,27.4,31.2,33.4
DEL_004907,ORD_005338,DRV_0020,10.71,23.1,60.1,56.8
DEL_004908,ORD_005339,DRV_0292,5.37,28.0,65.7,57.2
DEL_004909,ORD_005340,DRV_0271,8.34,19.5,72.6,58.4
DEL_004910,ORD_005341,DRV_0230,20.0,33.1,140.3,150.0
DEL_004911,ORD_005342,DRV_0286,3.37,23.9,32.0,35.4
DEL_004912,ORD_005343,DRV_0221,6.3,14.5,42.1,36.9
DEL_004913,ORD_005344,DRV_0184,4.51,20.5,46.6,39.9
DEL_004914,ORD_005346,DRV_0009,3.68,19.7,41.0,42.2
DEL_004915,ORD_005347,DRV_0226,3.53,21.9,28.4,30.1
DEL_004916,ORD_005348,DRV_0068,2.63,24.0,38.8,37.0
DEL_004917,ORD_005349,DRV_0022,1.88,16.1,19.7,19.8
DEL_004918,ORD_005350,DRV_0263,6.84,14.8,53.6,55.2
DEL_004919,ORD_005352,DRV_0057,10.25,21.4,82.5,87.8
DEL_004920,ORD_005353,DRV_0119,2.23,33.6,41.4,46.2
DEL_004921,ORD_005354,DRV_0257,5.91,19.9,54.2,57.0
DEL_004922,ORD_005356,DRV_0196,3.64,41.4,57.9,62.1
DEL_004923,ORD_005357,DRV_0075,17.99,30.5,110.9,107.7
DEL_004924,ORD_005359,DRV_0029,6.41,20.9,51.9,52.4
DEL_004925,ORD_005361,DRV_0267,10.62,14.2,72.7,67.5
DEL_004926,ORD_005362,DRV_0179,13.08,26.4,102.3,109.2
DEL_004927,ORD_005363,DRV_0119,7.63,12.3,52.6,53.6
DEL_004928,ORD_005364,DRV_0117,4.16,27.1,58.6,55.0
DEL_004929,ORD_005365,DRV_0231,8.53,21.1,69.5,68.1
DEL_004930,ORD_005366,DRV_0289,1.89,19.4,33.5,31.1
DEL_004931,ORD_005367,DRV_0240,2.04,19.8,34.4,32.3
DEL_004932,ORD_005368,DRV_0151,1.24,31.2,26.5,33.9
DEL_004933,ORD_005369,DRV_0274,2.96,25.1,34.6,36.8
DEL_004934,ORD_005370,DRV_0071,4.78,21.2,32.9,38.3
DEL_004935,ORD_005371,DRV_0262,10.02,22.2,60.8,56.5
DEL_004936,ORD_005372,DRV_0164,12.06,12.1,79.9,87.1
DEL_004937,ORD_005373,DRV_0103,0.5,18.5,21.6,21.6
DEL_004938,ORD_005375,DRV_0027,4.13,19.4,37.0,46.3
DEL_004939,ORD_005376,DRV_0117,5.69,28.7,64.5,54.1
DEL_004940,ORD_005377,DRV_0177,9.08,19.2,54.0,55.5
DEL_004941,ORD_005378,DRV_0047,1.57,13.3,32.0,28.1
DEL_004942,ORD_005379,DRV_0115,3.07,27.8,35.6,35.0
DEL_004943,ORD_005381,DRV_0041,10.41,25.5,74.5,75.8
DEL_004944,ORD_005384,DRV_0276,3.26,20.1,35.9,39.0
DEL_004945,ORD_005385,DRV_0128,4.18,26.1,45.1,57.3
DEL_004946,ORD_005386,DRV_0056,11.79,15.6,58.3,56.7
DEL_004947,ORD_005387,DRV_0256,2.94,26.2,31.1,29.6
DEL_004948,ORD_005388,DRV_0030,2.56,17.5,25.2,26.8
DEL_004949,ORD_005389,DRV_0201,6.18,24.7,57.0,58.3
DEL_004950,ORD_005390,DRV_0201,11.43,14.8,50.3,52.6
DEL_004951,ORD_005392,DRV_0273,6.16,30.8,80.6,78.9
DEL_004952,ORD_005393,DRV_0288,13.78,26.5,84.4,100.2
DEL_004953,ORD_005394,DRV_0084,4.43,25.0,45.3,45.1
DEL_004954,ORD_005395,DRV_0078,5.48,20.6,43.6,46.3
DEL_004955,ORD_005396,DRV_0221,2.45,13.1,29.4,29.0
DEL_004956,ORD_005397,DRV_0030,0.88,23.0,21.3,25.9
DEL_004957,ORD_005398,DRV_0088,2.1,29.8,31.9,34.8
DEL_004958,ORD_005400,DRV_0187,2.54,18.6,32.9,35.9
DEL_004959,ORD_005401,DRV_0029,10.08,16.4,87.1,73.9
DEL_004960,ORD_005402,DRV_0187,1.31,28.1,33.0,35.8
DEL_004961,ORD_005403,DRV_0281,12.95,24.7,92.9,96.4
DEL_004962,ORD_005404,DRV_0251,3.98,27.7,56.2,55.1
DEL_004963,ORD_005405,DRV_0151,5.0,28.1,63.1,65.6
DEL_004964,ORD_005406,DRV_0111,3.34,22.3,27.0,28.8
DEL_004965,ORD_005407,DRV_0241,4.43,19.5,42.3,40.1
DEL_004966,ORD_005408,DRV_0185,3.76,16.2,51.1,43.3
DEL_004967,ORD_005409,DRV_0020,1.45,13.1,20.1,20.5
DEL_004968,ORD_005410,DRV_0163,3.82,30.5,36.3,37.2
DEL_004969,ORD_005411,DRV_0199,3.52,16.0,27.3,30.2
DEL_004970,ORD_005412,DRV_0117,5.81,17.1,46.1,53.5
DEL_004971,ORD_005413,DRV_0041,2.73,20.6,25.8,24.5
DEL_004972,ORD_005414,DRV_0046,5.65,29.4,46.6,51.4
DEL_004973,ORD_005415,DRV_0050,5.5,24.6,45.8,46.2
DEL_004974,ORD_005416,DRV_0101,6.27,21.2,44.3,46.5
DEL_004975,ORD_005417,DRV_0094,15.84,13.5,94.6,89.3
DEL_004976,ORD_005418,DRV_0231,1.95,25.4,38.9,37.6
DEL_004977,ORD_005419,DRV_0132,6.4,18.6,33.3,40.2
DEL_004978,ORD_005420,DRV_0023,7.57,22.9,68.1,64.4
DEL_004979,ORD_005421,DRV_0264,9.63,8.7,80.3,69.9
DEL_004980,ORD_005422,DRV_0103,3.31,15.5,20.0,21.4
DEL_004981,ORD_005423,DRV_0141,15.0,21.9,78.3,81.2
DEL_004982,ORD_005424,DRV_0240,2.59,22.7,27.6,34.6
DEL_004983,ORD_005425,DRV_0295,8.64,17.1,49.1,48.4
DEL_004984,ORD_005426,DRV_0271,7.63,24.9,55.1,61.9
DEL_004985,ORD_005427,DRV_0039,3.75,33.4,48.2,50.6
DEL_004986,ORD_005428,DRV_0259,9.25,15.5,56.0,59.7
DEL_004987,ORD_005429,DRV_0044,2.88,24.6,30.0,31.4
DEL_004988,ORD_005430,DRV_0189,6.71,27.1,48.6,54.6
DEL_004989,ORD_005431,DRV_0218,4.77,18.2,40.6,42.1
DEL_004990,ORD_005433,DRV_0221,2.27,28.3,38.0,39.2
DEL_004991,ORD_005434,DRV_0129,4.33,13.8,39.5,38.3
DEL_004992,ORD_005436,DRV_0096,7.61,18.3,59.3,58.2
DEL_004993,ORD_005437,DRV_0055,1.12,41.6,43.2,44.3
DEL_004994,ORD_005438,DRV_0060,2.76,21.0,33.7,35.3
DEL_004995,ORD_005439,DRV_0085,2.65,16.6,34.9,35.6
DEL_004996,ORD_005440,DRV_0108,9.52,23.3,70.6,62.3
DEL_004997,ORD_005441,DRV_0105,6.41,36.7,59.7,62.3
DEL_004998,ORD_005442,DRV_0282,8.46,18.1,46.1,45.1
DEL_004999,ORD_005443,DRV_0229,4.64,16.8,27.7,32.1
DEL_005000,ORD_005444,DRV_0034,4.46,29.8,55.5,51.4
DEL_005001,ORD_005445,DRV_0200,2.71,23.3,31.6,33.5
DEL_005002,ORD_005446,DRV_0072,8.37,36.5,54.4,64.4
DEL_005003,ORD_005447,DRV_0120,5.8,16.1,34.0,32.9
DEL_005004,ORD_005448,DRV_0096,1.58,12.5,20.5,19.2
DEL_005005,ORD_005449,DRV_0251,9.48,13.9,32.2,35.7
DEL_005006,ORD_005450,DRV_0026,2.0,25.3,41.1,41.5
DEL_005007,ORD_005451,DRV_0162,4.28,33.0,42.6,49.2
DEL_005008,ORD_005452,DRV_0241,1.06,20.8,32.5,28.6
DEL_005009,ORD_005453,DRV_0224,10.42,22.8,56.4,63.9
DEL_005010,ORD_005454,DRV_0127,4.02,27.5,44.4,45.0
DEL_005011,ORD_005455,DRV_0294,5.01,17.6,29.2,34.9
DEL_005012,ORD_005456,DRV_0144,3.75,17.6,27.2,29.3
DEL_005013,ORD_005457,DRV_0202,7.24,8.1,36.8,40.6
DEL_005014,ORD_005458,DRV_0046,2.77,29.9,43.4,47.1
DEL_005015,ORD_005459,DRV_0027,5.14,26.5,52.4,48.8
DEL_005016,ORD_005460,DRV_0153,6.88,20.6,44.9,44.7
DEL_005017,ORD_005461,DRV_0150,8.97,32.0,65.3,72.8
DEL_005018,ORD_005462,DRV_0063,10.92,20.6,67.6,66.4
DEL_005019,ORD_005463,DRV_0054,5.09,37.7,60.6,57.3
DEL_005020,ORD_005464,DRV_0121,6.62,28.5,90.8,93.1
DEL_005021,ORD_005466,DRV_0077,2.15,14.9,20.9,25.3
DEL_005022,ORD_005467,DRV_0124,6.27,22.7,43.8,46.6
DEL_005023,ORD_005468,DRV_0243,2.2,23.2,26.8,28.8
DEL_005024,ORD_005469,DRV_0223,0.87,33.2,38.4,41.2
DEL_005025,ORD_005470,DRV_0096,8.15,14.8,48.2,56.6
DEL_005026,ORD_005471,DRV_0135,4.01,28.3,47.6,48.8
DEL_005027,ORD_005472,DRV_0230,7.57,15.0,46.1,46.6
DEL_005028,ORD_005473,DRV_0248,6.48,30.8,57.1,65.7
DEL_005029,ORD_005474,DRV_0232,7.14,20.6,72.0,63.0
DEL_005030,ORD_005475,DRV_0240,9.59,14.1,60.0,63.0
DEL_005031,ORD_005477,DRV_0252,2.92,24.9,35.3,40.4
DEL_005032,ORD_005478,DRV_0208,4.29,22.5,47.0,45.9
DEL_005033,ORD_005479,DRV_0230,4.96,28.2,61.1,60.7
DEL_005034,ORD_005480,DRV_0144,6.4,12.0,44.7,38.7
DEL_005035,ORD_005481,DRV_0260,6.54,19.3,46.6,38.9
DEL_005036,ORD_005482,DRV_0298,7.21,14.7,50.5,47.3
DEL_005037,ORD_005483,DRV_0299,3.98,27.1,47.4,48.3
DEL_005038,ORD_005484,DRV_0154,5.05,29.0,48.1,48.1
DEL_005039,ORD_005485,DRV_0194,7.68,23.3,66.8,90.2
DEL_005040,ORD_005486,DRV_0070,6.24,22.5,57.3,60.1
DEL_005041,ORD_005487,DRV_0134,4.5,13.8,30.9,30.2
DEL_005042,ORD_005488,DRV_0138,13.24,22.6,106.0,91.8
DEL_005043,ORD_005489,DRV_0166,8.37,10.0,71.2,56.6
DEL_005044,ORD_005490,DRV_0129,2.13,35.6,35.2,41.6
DEL_005045,ORD_005491,DRV_0192,1.44,16.3,18.6,24.9
DEL_005046,ORD_005492,DRV_0152,2.9,20.8,23.7,27.4
DEL_005047,ORD_005493,DRV_0114,5.46,19.9,34.1,39.8
DEL_005048,ORD_005495,DRV_0190,8.46,20.8,60.0,67.4
DEL_005049,ORD_005496,DRV_0157,3.6,31.8,52.4,52.9
DEL_005050,ORD_005497,DRV_0079,1.36,34.0,48.2,40.8
DEL_005051,ORD_005498,DRV_0045,7.98,24.1,65.2,77.3
DEL_005052,ORD_005499,DRV_0173,6.77,21.8,40.0,46.3
DEL_005053,ORD_005500,DRV_0049,10.59,22.3,60.7,56.9
DEL_005054,ORD_005501,DRV_0187,8.58,14.8,48.7,53.8
DEL_005055,ORD_005502,DRV_0239,3.28,15.5,29.8,28.5
DEL_005056,ORD_005503,DRV_0167,2.14,22.2,31.2,27.8
DEL_005057,ORD_005505,DRV_0136,4.6,18.2,41.6,41.4
DEL_005058,ORD_005506,DRV_0247,2.79,14.9,24.1,30.1
DEL_005059,ORD_005507,DRV_0093,5.8,22.6,47.5,53.6
DEL_005060,ORD_005510,DRV_0032,7.82,14.0,65.6,62.0
DEL_005061,ORD_005511,DRV_0084,8.05,24.4,35.7,48.8
DEL_005062,ORD_005512,DRV_0181,3.76,15.9,28.8,28.4
DEL_005063,ORD_005513,DRV_0106,2.28,19.8,21.6,25.8
DEL_005064,ORD_005514,DRV_0106,3.72,18.1,38.7,33.7
DEL_005065,ORD_005515,DRV_0032,1.76,22.5,26.7,24.9
DEL_005066,ORD_005517,DRV_0118,4.75,25.7,46.6,50.2
DEL_005067,ORD_005518,DRV_0220,3.25,35.2,47.8,49.1
DEL_005068,ORD_005519,DRV_0246,8.93,31.3,71.9,75.0
DEL_005069,ORD_005520,DRV_0172,8.65,20.5,58.0,57.3
DEL_005070,ORD_005521,DRV_0188,6.01,26.1,56.7,54.7
DEL_005071,ORD_005522,DRV_0149,3.96,14.5,33.6,28.7
DEL_005072,ORD_005523,DRV_0259,14.06,34.9,83.8,97.4
DEL_005073,ORD_005524,DRV_0222,4.28,25.8,62.5,59.7
DEL_005074,ORD_005525,DRV_0154,4.94,19.1,32.8,33.0
DEL_005075,ORD_005527,DRV_0137,4.66,21.2,31.4,52.3
DEL_005076,ORD_005528,DRV_0041,6.16,12.2,41.1,40.2
DEL_005077,ORD_005529,DRV_0069,4.95,28.5,59.2,57.3
DEL_005078,ORD_005530,DRV_0215,3.23,15.5,20.9,24.2
DEL_005079,ORD_005531,DRV_0266,2.05,18.3,23.0,21.3
DEL_005080,ORD_005532,DRV_0187,5.79,21.6,46.1,51.8
DEL_005081,ORD_005533,DRV_0257,4.48,20.9,45.0,47.7
DEL_005082,ORD_005534,DRV_0255,2.65,27.1,44.4,52.0
DEL_005083,ORD_005535,DRV_0156,4.84,26.6,48.9,51.0
DEL_005084,ORD_005536,DRV_0259,12.11,19.0,117.7,113.4
DEL_005085,ORD_005537,DRV_0235,3.63,23.5,42.0,37.9
DEL_005086,ORD_005538,DRV_0044,1.39,9.7,19.1,19.6
DEL_005087,ORD_005539,DRV_0140,13.31,30.3,99.8,94.5
DEL_005088,ORD_005540,DRV_0216,8.58,10.9,73.7,74.8
DEL_005089,ORD_005541,DRV_0122,7.56,21.8,45.5,51.0
DEL_005090,ORD_005542,DRV_0081,1.09,29.4,30.1,30.5
DEL_005091,ORD_005543,DRV_0035,7.63,22.8,43.3,42.4
DEL_005092,ORD_005544,DRV_0082,6.73,38.4,72.1,88.0
DEL_005093,ORD_005545,DRV_0255,1.69,19.8,34.8,34.0
DEL_005094,ORD_005546,DRV_0078,3.39,29.3,42.6,41.6
DEL_005095,ORD_005547,DRV_0114,8.14,22.1,55.7,64.2
DEL_005096,ORD_005548,DRV_0002,3.31,14.6,26.9,27.9
DEL_005097,ORD_005549,DRV_0042,1.94,26.0,34.6,37.3
DEL_005098,ORD_005550,DRV_0219,2.44,24.5,39.9,46.2
DEL_005099,ORD_005551,DRV_0117,5.55,17.6,54.2,45.7
DEL_005100,ORD_005552,DRV_0100,4.39,12.6,53.0,46.9
DEL_005101,ORD_005553,DRV_0194,3.17,15.5,23.5,24.3
DEL_005102,ORD_005554,DRV_0048,3.31,21.6,29.9,33.2
DEL_005103,ORD_005555,DRV_0028,16.13,24.6,73.0,90.3
DEL_005104,ORD_005556,DRV_0064,6.38,5.6,24.9,27.0
DEL_005105,ORD_005557,DRV_0234,9.85,25.6,89.5,95.6
DEL_005106,ORD_005558,DRV_0182,7.66,26.0,60.0,66.6
DEL_005107,ORD_005559,DRV_0088,7.44,23.2,51.6,51.7
DEL_005108,ORD_005560,DRV_0126,4.82,21.2,46.6,44.9
DEL_005109,ORD_005561,DRV_0265,1.27,26.1,32.3,30.3
DEL_005110,ORD_005562,DRV_0004,7.89,14.2,59.7,61.4
DEL_005111,ORD_005563,DRV_0058,4.19,33.1,47.7,50.3
DEL_005112,ORD_005564,DRV_0001,20.0,33.6,123.4,118.9
DEL_005113,ORD_005565,DRV_0010,7.02,39.6,53.7,66.6
DEL_005114,ORD_005566,DRV_0067,5.47,27.9,40.4,43.4
DEL_005115,ORD_005567,DRV_0254,3.04,17.3,37.5,33.7
DEL_005116,ORD_005568,DRV_0109,7.03,25.6,56.2,54.7
DEL_005117,ORD_005569,DRV_0231,8.93,36.3,69.1,73.6
DEL_005118,ORD_005570,DRV_0127,0.85,27.1,32.6,31.7
DEL_005119,ORD_005572,DRV_0239,8.86,28.0,75.0,73.8
DEL_005120,ORD_005573,DRV_0238,7.8,20.6,77.0,66.2
DEL_005121,ORD_005574,DRV_0084,3.78,29.4,62.9,54.2
DEL_005122,ORD_005575,DRV_0095,4.3,16.4,42.7,43.0
DEL_005123,ORD_005576,DRV_0252,6.84,22.6,53.8,51.8
DEL_005124,ORD_005577,DRV_0228,6.14,19.6,37.3,38.1
DEL_005125,ORD_005578,DRV_0168,6.54,28.9,46.3,51.0
DEL_005126,ORD_005579,DRV_0241,7.54,20.2,54.4,55.5
DEL_005127,ORD_005580,DRV_0161,9.15,13.8,70.0,73.9
DEL_005128,ORD_005581,DRV_0092,3.64,25.4,45.1,43.0
DEL_005129,ORD_005582,DRV_0149,0.57,23.6,21.7,24.5
DEL_005130,ORD_005583,DRV_0246,6.01,18.5,50.0,54.7
DEL_005131,ORD_005584,DRV_0155,14.6,23.8,148.5,150.0
DEL_005132,ORD_005585,DRV_0166,3.42,19.5,32.3,34.5
DEL_005133,ORD_005586,DRV_0201,3.49,23.7,27.7,31.7
DEL_005134,ORD_005587,DRV_0166,6.78,14.5,55.0,48.1
DEL_005135,ORD_005589,DRV_0058,3.2,30.5,49.7,43.4
DEL_005136,ORD_005590,DRV_0285,5.62,15.0,44.8,42.9
DEL_005137,ORD_005591,DRV_0024,3.27,16.5,25.1,29.1
DEL_005138,ORD_005592,DRV_0241,7.86,20.8,70.0,60.6
DEL_005139,ORD_005593,DRV_0272,3.38,25.5,37.4,36.7
DEL_005140,ORD_005594,DRV_0295,7.58,45.0,66.9,75.0
DEL_005141,ORD_005595,DRV_0164,2.1,11.7,26.8,25.8
DEL_005142,ORD_005596,DRV_0184,6.2,42.6,77.0,68.8
DEL_005143,ORD_005597,DRV_0244,1.36,37.3,37.4,37.1
DEL_005144,ORD_005598,DRV_0283,3.88,24.5,42.9,49.2
DEL_005145,ORD_005599,DRV_0139,8.63,29.4,94.4,85.1
DEL_005146,ORD_005600,DRV_0226,1.86,26.5,34.8,36.5
DEL_005147,ORD_005601,DRV_0050,3.57,28.4,46.4,48.5
DEL_005148,ORD_005602,DRV_0032,4.7,31.2,61.0,58.1
DEL_005149,ORD_005603,DRV_0048,7.83,15.2,78.9,64.8
DEL_005150,ORD_005604,DRV_0014,12.31,30.4,106.0,112.8
DEL_005151,ORD_005605,DRV_0133,5.84,19.6,55.9,47.9
DEL_005152,ORD_005608,DRV_0260,3.09,17.7,32.5,31.5
DEL_005153,ORD_005609,DRV_0085,5.46,17.5,52.0,55.5
DEL_005154,ORD_005610,DRV_0024,13.45,26.5,103.6,107.5
DEL_005155,ORD_005611,DRV_0190,8.27,17.3,50.4,48.8
DEL_005156,ORD_005612,DRV_0138,6.02,31.7,75.3,70.1
DEL_005157,ORD_005613,DRV_0248,3.91,19.6,32.5,29.9
DEL_005158,ORD_005614,DRV_0215,15.71,10.2,65.9,65.1
DEL_005159,ORD_005615,DRV_0065,8.33,24.2,55.4,56.4
DEL_005160,ORD_005616,DRV_0215,5.66,22.1,39.3,42.0
DEL_005161,ORD_005617,DRV_0050,3.87,22.0,42.4,39.9
DEL_005162,ORD_005618,DRV_0188,9.81,20.4,61.4,60.5
DEL_005163,ORD_005619,DRV_0159,1.25,24.9,21.3,19.1
DEL_005164,ORD_005620,DRV_0154,9.65,36.4,55.9,73.7
DEL_005165,ORD_005622,DRV_0010,7.71,23.7,42.1,52.8
DEL_005166,ORD_005623,DRV_0242,9.08,35.0,80.2,88.5
DEL_005167,ORD_005624,DRV_0197,2.93,19.6,34.5,34.5
DEL_005168,ORD_005625,DRV_0258,7.27,33.1,80.2,72.1
DEL_005169,ORD_005626,DRV_0244,6.12,26.5,42.4,49.0
DEL_005170,ORD_005627,DRV_0064,3.82,17.5,30.8,34.8
DEL_005171,ORD_005630,DRV_0046,9.88,33.2,63.5,83.3
DEL_005172,ORD_005631,DRV_0239,7.62,17.4,52.8,48.9
DEL_005173,ORD_005632,DRV_0251,4.61,37.8,50.5,58.3
DEL_005174,ORD_005633,DRV_0019,5.09,13.9,36.8,35.1
DEL_005175,ORD_005634,DRV_0165,2.96,22.5,45.2,41.7
DEL_005176,ORD_005635,DRV_0191,2.24,22.7,27.4,27.9
DEL_005177,ORD_005636,DRV_0201,9.67,17.7,81.2,80.2
DEL_005178,ORD_005637,DRV_0011,12.09,22.2,78.7,69.1
DEL_005179,ORD_005638,DRV_0132,10.1,28.4,50.4,64.2
DEL_005180,ORD_005639,DRV_0188,7.04,5.8,38.0,41.4
DEL_005181,ORD_005640,DRV_0114,8.67,16.4,57.1,55.5
DEL_005182,ORD_005641,DRV_0097,14.91,29.9,98.0,90.9
DEL_005183,ORD_005642,DRV_0048,3.26,21.9,34.4,32.2
DEL_005184,ORD_005643,DRV_0088,5.22,28.0,43.2,44.1
DEL_005185,ORD_005644,DRV_0146,2.83,20.9,43.2,49.9
DEL_005186,ORD_005645,DRV_0050,1.95,31.7,44.4,44.0
DEL_005187,ORD_005646,DRV_0034,1.24,18.3,27.6,29.8
DEL_005188,ORD_005647,DRV_0072,4.01,7.1,30.9,33.3
DEL_005189,ORD_005648,DRV_0211,2.11,18.6,18.3,21.8
DEL_005190,ORD_005650,DRV_0199,5.25,21.1,38.6,40.8
DEL_005191,ORD_005651,DRV_0147,5.96,21.8,41.9,47.2
DEL_005192,ORD_005652,DRV_0235,8.18,21.0,58.8,62.0
DEL_005193,ORD_005653,DRV_0130,12.82,18.9,63.5,69.6
DEL_005194,ORD_005654,DRV_0259,3.76,14.9,33.7,34.1
DEL_005195,ORD_005655,DRV_0115,5.09,16.1,40.3,36.6
DEL_005196,ORD_005656,DRV_0004,2.37,20.6,33.6,34.0
DEL_005197,ORD_005657,DRV_0250,7.49,21.7,50.9,52.2
DEL_005198,ORD_005658,DRV_0219,8.75,24.3,76.5,81.2
DEL_005199,ORD_005659,DRV_0111,8.69,27.7,71.8,69.1
DEL_005200,ORD_005660,DRV_0129,11.33,24.3,81.6,81.9
DEL_005201,ORD_005661,DRV_0031,10.33,17.1,50.6,53.0
DEL_005202,ORD_005662,DRV_0010,1.74,16.0,33.4,31.0
DEL_005203,ORD_005663,DRV_0051,2.05,13.6,21.7,20.4
DEL_005204,ORD_005664,DRV_0263,5.97,34.3,55.3,64.6
DEL_005205,ORD_005665,DRV_0287,10.2,9.5,59.1,57.5
DEL_005206,ORD_005666,DRV_0125,12.43,19.4,88.2,86.4
DEL_005207,ORD_005667,DRV_0068,5.28,15.5,39.1,38.7
DEL_005208,ORD_005668,DRV_0010,5.94,21.4,36.7,37.3
DEL_005209,ORD_005669,DRV_0297,9.55,17.1,56.4,59.2
DEL_005210,ORD_005670,DRV_0043,5.87,7.5,23.0,27.9
DEL_005211,ORD_005671,DRV_0162,5.26,12.6,34.6,36.8
DEL_005212,ORD_005672,DRV_0254,7.02,29.8,59.7,55.6
DEL_005213,ORD_005673,DRV_0233,5.82,17.2,40.0,42.6
DEL_005214,ORD_005674,DRV_0032,2.91,23.9,41.7,41.9
DEL_005215,ORD_005675,DRV_0134,3.36,10.6,29.1,32.6
DEL_005216,ORD_005676,DRV_0214,6.42,24.8,65.3,53.4
DEL_005217,ORD_005677,DRV_0268,6.65,23.7,53.9,47.1
DEL_005218,ORD_005678,DRV_0248,3.31,27.4,30.5,34.0
DEL_005219,ORD_005680,DRV_0295,4.3,16.6,30.3,33.8
DEL_005220,ORD_005681,DRV_0205,10.86,28.1,76.5,73.3
DEL_005221,ORD_005682,DRV_0246,5.23,19.9,45.0,45.7
DEL_005222,ORD_005683,DRV_0172,3.18,21.8,34.8,36.7
DEL_005223,ORD_005684,DRV_0040,10.41,24.2,56.3,56.4
DEL_005224,ORD_005685,DRV_0176,8.23,25.0,77.5,72.0
DEL_005225,ORD_005687,DRV_0247,3.6,29.5,48.3,44.0
DEL_005226,ORD_005688,DRV_0175,1.7,11.8,14.3,15.2
DEL_005227,ORD_005689,DRV_0012,10.99,30.5,77.1,70.6
DEL_005228,ORD_005690,DRV_0046,16.27,20.6,128.8,117.5
DEL_005229,ORD_005691,DRV_0188,3.18,15.6,36.7,30.8
DEL_005230,ORD_005692,DRV_0114,10.12,24.8,75.4,74.0
DEL_005231,ORD_005693,DRV_0050,12.41,36.2,94.8,98.3
DEL_005232,ORD_005694,DRV_0073,4.53,19.3,42.6,39.8
DEL_005233,ORD_005695,DRV_0068,3.61,15.9,28.3,26.7
DEL_005234,ORD_005696,DRV_0200,6.71,12.8,39.7,40.9
DEL_005235,ORD_005697,DRV_0110,4.33,27.7,53.1,53.3
DEL_005236,ORD_005698,DRV_0220,3.82,34.4,53.7,48.4
DEL_005237,ORD_005699,DRV_0176,8.75,28.3,68.9,84.3
DEL_005238,ORD_005700,DRV_0013,15.62,26.2,89.4,82.2
DEL_005239,ORD_005701,DRV_0174,4.6,9.3,28.8,32.5
DEL_005240,ORD_005702,DRV_0011,3.98,22.3,53.0,55.9
DEL_005241,ORD_005703,DRV_0074,7.08,38.0,62.9,64.7
DEL_005242,ORD_005704,DRV_0151,8.15,16.9,44.8,44.9
DEL_005243,ORD_005705,DRV_0156,3.37,29.6,53.1,48.9
DEL_005244,ORD_005707,DRV_0201,3.76,8.5,21.4,19.6
DEL_005245,ORD_005708,DRV_0295,2.69,31.8,49.9,48.3
DEL_005246,ORD_005709,DRV_0246,1.69,20.2,24.9,29.2
DEL_005247,ORD_005710,DRV_0104,1.98,19.2,28.0,27.3
DEL_005248,ORD_005711,DRV_0113,3.0,22.2,41.3,42.4
DEL_005249,ORD_005712,DRV_0278,9.49,12.1,40.5,42.2
DEL_005250,ORD_005713,DRV_0288,1.01,31.5,28.3,32.6
DEL_005251,ORD_005715,DRV_0259,8.57,16.5,50.0,50.5
DEL_005252,ORD_005716,DRV_0078,8.83,24.4,50.8,64.7
DEL_005253,ORD_005717,DRV_0095,5.05,23.7,33.9,40.6
DEL_005254,ORD_005718,DRV_0051,6.22,22.4,51.1,56.2
DEL_005255,ORD_005719,DRV_0167,8.53,18.3,70.4,64.9
DEL_005256,ORD_005720,DRV_0049,0.89,22.8,26.7,26.2
DEL_005257,ORD_005721,DRV_0197,6.61,21.9,71.6,74.9
DEL_005258,ORD_005722,DRV_0124,2.71,12.8,19.2,19.0
DEL_005259,ORD_005723,DRV_0024,3.29,10.1,18.2,18.7
DEL_005260,ORD_005724,DRV_0044,6.18,35.6,55.9,54.5
DEL_005261,ORD_005725,DRV_0160,9.28,21.0,60.2,66.4
DEL_005262,ORD_005726,DRV_0051,4.89,19.8,40.0,37.3
DEL_005263,ORD_005727,DRV_0282,3.59,28.9,44.1,49.6
DEL_005264,ORD_005728,DRV_0256,7.2,24.6,65.6,64.1
DEL_005265,ORD_005729,DRV_0244,4.79,33.0,54.6,56.9
DEL_005266,ORD_005730,DRV_0211,4.48,18.1,40.6,45.3
DEL_005267,ORD_005731,DRV_0157,3.37,29.3,39.2,44.8
DEL_005268,ORD_005732,DRV_0180,13.07,29.0,113.2,111.2
DEL_005269,ORD_005733,DRV_0209,6.83,22.2,58.2,61.2
DEL_005270,ORD_005734,DRV_0045,6.94,24.8,53.9,52.2
DEL_005271,ORD_005735,DRV_0088,5.79,15.9,41.3,44.5
DEL_005272,ORD_005736,DRV_0230,6.96,24.9,43.1,43.5
DEL_005273,ORD_005737,DRV_0267,8.16,27.9,68.3,68.6
DEL_005274,ORD_005738,DRV_0291,20.0,21.8,126.0,121.7
DEL_005275,ORD_005739,DRV_0180,7.57,24.6,56.6,62.9
DEL_005276,ORD_005740,DRV_0104,4.73,18.7,26.0,33.7
DEL_005277,ORD_005741,DRV_0178,4.44,18.8,52.2,44.1
DEL_005278,ORD_005744,DRV_0136,2.51,13.8,29.1,28.5
DEL_005279,ORD_005745,DRV_0177,2.75,34.5,43.4,45.4
DEL_005280,ORD_005746,DRV_0044,8.3,22.1,49.6,55.3
DEL_005281,ORD_005747,DRV_0171,11.2,13.3,82.7,79.0
DEL_005282,ORD_005748,DRV_0203,2.15,30.8,29.9,41.1
DEL_005283,ORD_005749,DRV_0092,13.1,21.3,65.5,67.3
DEL_005284,ORD_005750,DRV_0144,1.7,20.6,22.0,25.8
DEL_005285,ORD_005751,DRV_0209,5.72,13.1,46.2,46.4
DEL_005286,ORD_005752,DRV_0295,2.2,21.5,24.0,29.1
DEL_005287,ORD_005753,DRV_0044,7.46,19.7,63.0,70.2
DEL_005288,ORD_005754,DRV_0257,6.54,36.3,74.3,72.3
DEL_005289,ORD_005755,DRV_0005,3.74,18.1,33.3,35.2
DEL_005290,ORD_005756,DRV_0155,5.27,26.8,47.2,46.0
DEL_005291,ORD_005757,DRV_0211,5.57,20.6,40.1,47.9
DEL_005292,ORD_005758,DRV_0057,12.51,22.7,97.6,97.4
DEL_005293,ORD_005759,DRV_0293,4.75,30.7,60.5,58.1
DEL_005294,ORD_005760,DRV_0042,4.04,19.4,31.3,34.4
DEL_005295,ORD_005761,DRV_0261,2.51,19.1,28.5,25.6
DEL_005296,ORD_005762,DRV_0081,5.15,25.2,46.2,51.7
DEL_005297,ORD_005763,DRV_0056,8.48,23.5,49.6,58.3
DEL_005298,ORD_005764,DRV_0207,3.02,33.0,36.8,47.0
DEL_005299,ORD_005765,DRV_0057,20.0,16.9,119.7,114.5
DEL_005300,ORD_005766,DRV_0164,5.09,32.1,65.1,57.6
DEL_005301,ORD_005767,DRV_0160,2.35,28.7,40.5,36.3
DEL_005302,ORD_005768,DRV_0083,2.5,31.5,32.4,38.3
DEL_005303,ORD_005769,DRV_0007,4.94,26.1,53.0,52.4
DEL_005304,ORD_005770,DRV_0212,10.03,16.5,55.9,59.3
DEL_005305,ORD_005771,DRV_0266,2.77,19.0,29.3,29.5
DEL_005306,ORD_005772,DRV_0074,6.54,11.5,49.9,46.9
DEL_005307,ORD_005773,DRV_0102,1.85,15.8,26.3,31.4
DEL_005308,ORD_005774,DRV_0149,3.92,20.4,40.4,38.9
DEL_005309,ORD_005775,DRV_0041,2.39,21.8,31.1,30.8
DEL_005310,ORD_005776,DRV_0025,0.91,11.9,17.1,17.5
DEL_005311,ORD_005777,DRV_0076,3.71,25.1,60.0,57.6
DEL_005312,ORD_005778,DRV_0140,2.64,15.7,39.6,35.2
DEL_005313,ORD_005779,DRV_0031,0.53,6.9,8.1,8.0
DEL_005314,ORD_005780,DRV_0039,6.0,29.8,35.8,38.4
DEL_005315,ORD_005781,DRV_0055,8.73,18.7,45.7,45.3
DEL_005316,ORD_005782,DRV_0094,9.13,22.8,58.4,64.8
DEL_005317,ORD_005783,DRV_0188,4.16,28.1,50.4,50.6
DEL_005318,ORD_005784,DRV_0156,3.53,21.2,31.6,29.0
DEL_005319,ORD_005785,DRV_0061,3.45,20.6,29.9,28.3
DEL_005320,ORD_005786,DRV_0045,6.56,23.3,51.0,56.9
DEL_005321,ORD_005787,DRV_0159,2.57,20.4,44.8,42.8
DEL_005322,ORD_005789,DRV_0044,10.16,28.8,77.3,77.2
DEL_005323,ORD_005790,DRV_0077,5.07,30.7,54.9,52.0
DEL_005324,ORD_005791,DRV_0073,10.07,16.4,56.5,54.5
DEL_005325,ORD_005792,DRV_0023,5.91,21.0,55.2,53.7
DEL_005326,ORD_005793,DRV_0232,2.81,16.3,26.7,26.9
DEL_005327,ORD_005794,DRV_0082,4.29,22.0,37.4,39.3
DEL_005328,ORD_005795,DRV_0153,1.43,18.8,28.6,30.3
DEL_005329,ORD_005796,DRV_0104,9.32,29.0,67.2,73.9
DEL_005330,ORD_005797,DRV_0058,6.15,5.0,19.3,19.5
DEL_005331,ORD_005798,DRV_0084,3.05,36.2,46.2,45.3
DEL_005332,ORD_005799,DRV_0272,5.73,22.0,75.4,73.5
DEL_005333,ORD_005801,DRV_0089,3.25,24.5,35.7,38.3
DEL_005334,ORD_005802,DRV_0206,2.92,26.1,43.6,42.4
DEL_005335,ORD_005803,DRV_0069,3.77,16.5,33.1,32.5
DEL_005336,ORD_005804,DRV_0146,2.5,26.2,42.9,41.8
DEL_005337,ORD_005805,DRV_0127,5.51,28.6,50.4,48.2
DEL_005338,ORD_005806,DRV_0057,4.27,13.9,33.4,34.9
DEL_005339,ORD_005807,DRV_0042,14.41,18.7,85.8,83.6
DEL_005340,ORD_005809,DRV_0291,12.56,23.4,102.0,110.7
DEL_005341,ORD_005810,DRV_0041,15.47,8.9,76.8,95.8
DEL_005342,ORD_005812,DRV_0146,1.88,16.8,23.9,29.2
DEL_005343,ORD_005813,DRV_0129,7.55,26.4,53.0,56.1
DEL_005344,ORD_005814,DRV_0158,7.42,20.4,39.0,53.0
DEL_005345,ORD_005815,DRV_0176,2.89,30.6,33.8,36.5
DEL_005346,ORD_005816,DRV_0153,4.85,27.6,43.5,44.3
DEL_005347,ORD_005817,DRV_0283,1.57,13.2,23.9,24.0
DEL_005348,ORD_005818,DRV_0044,3.09,15.6,36.1,31.3
DEL_005349,ORD_005819,DRV_0101,3.48,13.5,29.3,26.7
DEL_005350,ORD_005820,DRV_0109,2.1,25.8,30.8,33.4
DEL_005351,ORD_005821,DRV_0109,8.83,5.0,66.7,60.7
DEL_005352,ORD_005822,DRV_0228,10.36,10.7,40.5,45.4
DEL_005353,ORD_005823,DRV_0023,10.05,31.5,87.4,82.1
DEL_005354,ORD_005824,DRV_0039,3.77,18.1,24.6,27.0
DEL_005355,ORD_005825,DRV_0294,7.83,17.6,54.3,49.9
DEL_005356,ORD_005826,DRV_0081,7.21,19.8,56.1,57.4
DEL_005357,ORD_005827,DRV_0137,2.76,14.9,26.2,28.7
DEL_005358,ORD_005828,DRV_0208,6.07,25.7,42.3,43.8
DEL_005359,ORD_005829,DRV_0015,1.4,21.7,29.1,29.6
DEL_005360,ORD_005830,DRV_0053,5.08,31.8,69.2,69.4
DEL_005361,ORD_005832,DRV_0235,6.15,10.5,44.4,44.6
DEL_005362,ORD_005834,DRV_0035,2.75,20.1,24.1,29.2
DEL_005363,ORD_005835,DRV_0208,4.19,19.4,48.2,43.3
DEL_005364,ORD_005836,DRV_0066,3.37,28.6,37.8,42.4
DEL_005365,ORD_005837,DRV_0073,2.04,30.7,45.8,43.3
DEL_005366,ORD_005838,DRV_0268,3.76,31.7,45.7,49.2
DEL_005367,ORD_005839,DRV_0285,5.9,24.4,44.8,43.6
DEL_005368,ORD_005840,DRV_0053,11.68,12.4,62.6,66.0
DEL_005369,ORD_005841,DRV_0171,5.29,31.4,45.2,46.9
DEL_005370,ORD_005842,DRV_0087,10.57,37.1,81.4,74.7
DEL_005371,ORD_005843,DRV_0113,5.84,18.2,35.6,39.4
DEL_005372,ORD_005844,DRV_0011,6.75,35.1,73.6,70.7
DEL_005373,ORD_005845,DRV_0263,2.0,23.9,30.7,30.0
DEL_005374,ORD_005846,DRV_0136,3.46,27.1,52.3,53.2
DEL_005375,ORD_005847,DRV_0153,8.42,15.5,64.5,63.2
DEL_005376,ORD_005848,DRV_0023,5.01,22.3,60.6,52.7
DEL_005377,ORD_005849,DRV_0208,8.98,23.3,55.9,70.1
DEL_005378,ORD_005850,DRV_0201,13.38,17.9,69.8,75.5
DEL_005379,ORD_005851,DRV_0181,6.27,28.7,49.4,50.7
DEL_005380,ORD_005852,DRV_0239,14.25,10.8,70.4,73.1
DEL_005381,ORD_005853,DRV_0258,7.35,28.6,54.9,59.3
DEL_005382,ORD_005854,DRV_0274,7.23,21.5,52.9,50.6
DEL_005383,ORD_005855,DRV_0114,8.03,19.9,46.0,55.0
DEL_005384,ORD_005856,DRV_0031,6.54,18.8,61.2,55.7
DEL_005385,ORD_005857,DRV_0173,12.93,22.0,85.5,78.6
DEL_005386,ORD_005858,DRV_0146,7.16,15.8,50.9,48.0
DEL_005387,ORD_005859,DRV_0029,2.71,26.1,38.8,39.4
DEL_005388,ORD_005861,DRV_0192,1.58,8.1,17.7,16.2
DEL_005389,ORD_005862,DRV_0090,3.45,14.2,33.5,34.0
DEL_005390,ORD_005863,DRV_0044,8.31,17.4,64.4,63.1
DEL_005391,ORD_005864,DRV_0177,6.57,28.3,57.1,52.3
DEL_005392,ORD_005865,DRV_0279,10.33,20.8,71.1,71.9
DEL_005393,ORD_005866,DRV_0250,12.08,26.6,75.3,67.2
DEL_005394,ORD_005867,DRV_0217,1.92,15.3,27.7,26.2
DEL_005395,ORD_005868,DRV_0006,4.55,24.9,52.7,51.2
DEL_005396,ORD_005869,DRV_0008,7.13,38.0,55.4,58.9
DEL_005397,ORD_005870,DRV_0086,5.71,26.2,56.7,55.2
DEL_005398,ORD_005871,DRV_0037,3.34,21.4,41.6,42.4
DEL_005399,ORD_005872,DRV_0278,7.12,7.8,39.3,36.5
DEL_005400,ORD_005873,DRV_0054,11.85,5.8,74.0,79.9
DEL_005401,ORD_005874,DRV_0267,4.04,21.3,66.9,61.1
DEL_005402,ORD_005875,DRV_0111,3.45,40.1,57.7,55.4
DEL_005403,ORD_005877,DRV_0208,2.93,38.8,48.1,44.5
DEL_005404,ORD_005878,DRV_0044,0.5,25.6,25.5,28.1
DEL_005405,ORD_005879,DRV_0043,9.55,27.2,66.2,72.6
DEL_005406,ORD_005880,DRV_0164,14.29,23.1,92.2,105.2
DEL_005407,ORD_005881,DRV_0272,6.04,29.2,75.0,65.8
DEL_005408,ORD_005882,DRV_0132,2.96,19.3,33.6,33.6
DEL_005409,ORD_005883,DRV_0282,6.96,17.9,48.6,44.7
DEL_005410,ORD_005884,DRV_0204,9.53,28.9,72.6,83.4
DEL_005411,ORD_005885,DRV_0118,2.16,8.0,17.1,16.7
DEL_005412,ORD_005886,DRV_0263,5.99,34.8,57.4,64.0
DEL_005413,ORD_005887,DRV_0277,5.96,31.8,48.9,52.3
DEL_005414,ORD_005888,DRV_0274,2.43,32.3,39.2,40.4
DEL_005415,ORD_005890,DRV_0226,10.3,8.4,67.7,70.3
DEL_005416,ORD_005891,DRV_0173,8.18,19.9,43.4,41.7
DEL_005417,ORD_005892,DRV_0043,3.51,22.8,33.5,35.7
DEL_005418,ORD_005893,DRV_0193,1.83,21.0,33.1,32.4
DEL_005419,ORD_005894,DRV_0238,5.52,27.9,72.0,70.1
DEL_005420,ORD_005895,DRV_0104,7.48,9.8,39.7,41.1
DEL_005421,ORD_005896,DRV_0183,5.64,19.0,52.4,46.8
DEL_005422,ORD_005897,DRV_0237,6.26,36.0,61.7,70.3
DEL_005423,ORD_005898,DRV_0147,9.31,15.9,74.9,65.6
DEL_005424,ORD_005900,DRV_0137,7.96,26.7,54.3,60.8
DEL_005425,ORD_005901,DRV_0257,2.04,25.5,28.0,30.8
DEL_005426,ORD_005902,DRV_0204,1.86,10.9,16.1,16.0
DEL_005427,ORD_005903,DRV_0180,1.47,23.7,31.4,29.5
DEL_005428,ORD_005904,DRV_0036,5.42,23.6,38.2,40.2
DEL_005429,ORD_005905,DRV_0045,2.83,33.7,47.5,47.0
DEL_005430,ORD_005906,DRV_0250,16.25,18.9,70.9,82.3
DEL_005431,ORD_005907,DRV_0179,1.11,30.3,31.4,29.6
DEL_005432,ORD_005908,DRV_0048,8.75,17.4,87.3,67.9
DEL_005433,ORD_005909,DRV_0175,2.69,25.3,37.2,39.5
DEL_005434,ORD_005910,DRV_0264,17.98,31.7,118.1,123.4
DEL_005435,ORD_005911,DRV_0206,7.61,12.0,39.5,41.2
DEL_005436,ORD_005912,DRV_0090,2.95,23.3,41.5,38.8
DEL_005437,ORD_005913,DRV_0010,10.37,31.5,49.2,78.3
DEL_005438,ORD_005914,DRV_0075,2.95,24.7,47.8,44.4
DEL_005439,ORD_005915,DRV_0208,5.7,24.1,44.0,46.4
DEL_005440,ORD_005916,DRV_0210,4.68,23.6,45.2,41.2
DEL_005441,ORD_005918,DRV_0152,5.91,33.7,55.2,51.6
DEL_005442,ORD_005919,DRV_0252,1.12,17.7,26.8,25.6
DEL_005443,ORD_005920,DRV_0012,6.54,5.0,32.4,29.6
DEL_005444,ORD_005921,DRV_0023,12.17,17.4,62.0,60.3
DEL_005445,ORD_005922,DRV_0204,2.08,12.6,15.9,17.4
DEL_005446,ORD_005923,DRV_0038,17.35,22.5,100.0,101.1
DEL_005447,ORD_005924,DRV_0263,8.23,26.9,60.2,71.9
DEL_005448,ORD_005925,DRV_0258,2.43,20.9,41.4,42.5
DEL_005449,ORD_005926,DRV_0267,6.95,21.1,54.9,53.5
DEL_005450,ORD_005927,DRV_0280,3.48,13.2,27.0,22.0
DEL_005451,ORD_005928,DRV_0170,1.79,26.8,28.0,28.7
DEL_005452,ORD_005929,DRV_0133,15.19,19.1,98.6,104.4
DEL_005453,ORD_005930,DRV_0014,5.52,28.3,54.8,60.6
DEL_005454,ORD_005931,DRV_0233,2.95,31.0,47.5,48.8
DEL_005455,ORD_005932,DRV_0179,5.31,22.7,46.6,46.6
DEL_005456,ORD_005933,DRV_0045,2.52,38.9,50.7,48.4
DEL_005457,ORD_005934,DRV_0104,2.22,10.5,13.5,17.6
DEL_005458,ORD_005935,DRV_0069,3.27,17.8,22.8,27.0
DEL_005459,ORD_005936,DRV_0106,7.83,25.9,65.9,67.3
DEL_005460,ORD_005937,DRV_0164,7.81,20.0,44.7,46.8
DEL_005461,ORD_005938,DRV_0088,6.44,16.3,43.0,51.0
DEL_005462,ORD_005939,DRV_0045,20.0,16.6,111.3,109.1
DEL_005463,ORD_005940,DRV_0295,2.73,31.2,38.6,43.5
DEL_005464,ORD_005941,DRV_0295,3.47,23.0,44.3,39.5
DEL_005465,ORD_005942,DRV_0247,5.63,13.1,35.9,39.0
DEL_005466,ORD_005943,DRV_0232,0.98,17.9,16.3,17.9
DEL_005467,ORD_005944,DRV_0013,0.95,5.3,11.5,11.6
DEL_005468,ORD_005945,DRV_0176,12.77,14.6,69.7,63.6
DEL_005469,ORD_005946,DRV_0274,5.72,12.4,37.2,42.2
DEL_005470,ORD_005948,DRV_0252,11.38,16.8,55.2,58.1
DEL_005471,ORD_005949,DRV_0002,9.88,20.1,71.9,74.7
DEL_005472,ORD_005950,DRV_0279,3.8,17.1,40.9,35.5
DEL_005473,ORD_005951,DRV_0220,9.41,22.9,70.9,68.4
DEL_005474,ORD_005952,DRV_0071,8.32,23.5,50.9,57.2
DEL_005475,ORD_005953,DRV_0232,3.05,18.3,26.4,31.5
DEL_005476,ORD_005954,DRV_0212,2.05,27.9,35.5,42.0
DEL_005477,ORD_005955,DRV_0242,6.86,28.5,74.8,66.0
DEL_005478,ORD_005956,DRV_0205,2.89,20.4,35.0,38.9
DEL_005479,ORD_005957,DRV_0139,5.59,33.6,60.8,58.4
DEL_005480,ORD_005959,DRV_0168,4.15,27.8,39.7,40.3
DEL_005481,ORD_005960,DRV_0155,1.6,21.8,35.6,39.2
DEL_005482,ORD_005961,DRV_0161,2.59,16.9,26.1,24.3
DEL_005483,ORD_005962,DRV_0273,5.11,25.5,50.5,50.2
DEL_005484,ORD_005964,DRV_0235,2.81,16.1,26.9,26.2
DEL_005485,ORD_005967,DRV_0058,2.06,12.6,18.6,18.5
DEL_005486,ORD_005968,DRV_0019,5.29,28.9,54.7,56.7
DEL_005487,ORD_005969,DRV_0033,7.05,15.5,46.9,48.4
DEL_005488,ORD_005970,DRV_0205,1.65,26.5,31.7,29.7
DEL_005489,ORD_005971,DRV_0055,6.08,21.0,47.3,51.2
DEL_005490,ORD_005972,DRV_0189,5.98,25.1,64.9,59.0
DEL_005491,ORD_005973,DRV_0227,11.75,21.8,59.8,74.4
DEL_005492,ORD_005974,DRV_0230,3.92,26.8,57.1,52.2
DEL_005493,ORD_005975,DRV_0117,4.06,16.0,32.3,30.7
DEL_005494,ORD_005976,DRV_0123,6.47,25.3,50.6,52.4
DEL_005495,ORD_005977,DRV_0275,9.16,21.8,66.1,88.1
DEL_005496,ORD_005978,DRV_0180,4.39,19.5,41.9,42.6
DEL_005497,ORD_005979,DRV_0194,3.12,18.9,20.4,21.8
DEL_005498,ORD_005980,DRV_0259,5.03,25.4,59.0,52.7
DEL_005499,ORD_005981,DRV_0264,5.82,33.4,58.7,64.8
DEL_005500,ORD_005982,DRV_0175,1.72,8.1,16.7,16.4
DEL_005501,ORD_005983,DRV_0007,4.48,28.1,46.6,43.2
DEL_005502,ORD_005984,DRV_0280,4.7,13.6,34.9,33.6
DEL_005503,ORD_005985,DRV_0158,10.54,29.1,64.6,59.3
DEL_005504,ORD_005986,DRV_0112,5.82,32.6,48.1,55.2
DEL_005505,ORD_005987,DRV_0071,8.27,29.6,68.0,63.7
DEL_005506,ORD_005988,DRV_0297,5.8,28.1,55.5,60.9
DEL_005507,ORD_005989,DRV_0116,3.95,20.0,41.9,39.6
DEL_005508,ORD_005990,DRV_0207,2.73,28.1,42.2,37.5
DEL_005509,ORD_005991,DRV_0193,8.71,13.6,56.9,57.4
DEL_005510,ORD_005992,DRV_0126,3.89,23.3,36.9,37.6
DEL_005511,ORD_005993,DRV_0274,5.58,10.6,43.5,41.2
DEL_005512,ORD_005994,DRV_0078,2.33,29.3,49.6,48.0
DEL_005513,ORD_005995,DRV_0174,0.83,32.8,48.9,46.2
DEL_005514,ORD_005996,DRV_0239,2.66,27.1,38.8,39.9
DEL_005515,ORD_005997,DRV_0278,3.9,18.9,32.2,47.1
DEL_005516,ORD_005998,DRV_0018,4.78,25.6,40.2,39.3
DEL_005517,ORD_005999,DRV_0003,6.04,21.7,40.9,37.3
DEL_005518,ORD_006000,DRV_0195,6.65,34.0,70.1,70.1
DEL_005519,ORD_006001,DRV_0294,6.35,18.9,69.6,63.0
DEL_005520,ORD_006002,DRV_0096,13.81,23.4,64.1,62.2
DEL_005521,ORD_006003,DRV_0251,3.84,24.9,42.1,38.9
DEL_005522,ORD_006004,DRV_0053,3.28,25.0,33.9,34.3
DEL_005523,ORD_006005,DRV_0122,8.02,31.5,78.3,69.1
DEL_005524,ORD_006006,DRV_0106,1.47,28.1,31.7,34.5
DEL_005525,ORD_006007,DRV_0192,10.83,24.5,69.0,67.2
DEL_005526,ORD_006008,DRV_0015,8.85,15.0,61.1,62.6
DEL_005527,ORD_006009,DRV_0025,5.45,17.5,34.6,34.9
DEL_005528,ORD_006010,DRV_0061,6.27,7.0,34.3,36.1
DEL_005529,ORD_006011,DRV_0209,5.13,24.7,39.9,38.9
DEL_005530,ORD_006012,DRV_0182,4.32,20.9,58.4,59.5
DEL_005531,ORD_006013,DRV_0134,1.9,16.3,24.0,26.3
DEL_005532,ORD_006014,DRV_0229,0.89,25.0,27.6,28.4
DEL_005533,ORD_006015,DRV_0098,10.25,18.6,71.1,79.3
DEL_005534,ORD_006016,DRV_0076,14.95,20.4,93.0,88.8
DEL_005535,ORD_006017,DRV_0298,14.47,23.4,89.6,99.1
DEL_005536,ORD_006018,DRV_0277,8.34,19.8,51.0,61.2
DEL_005537,ORD_006020,DRV_0232,10.0,23.8,59.0,59.3
DEL_005538,ORD_006021,DRV_0163,6.84,16.6,59.2,69.2
DEL_005539,ORD_006022,DRV_0297,2.67,18.5,35.2,28.5
DEL_005540,ORD_006023,DRV_0236,6.77,17.1,47.9,52.1
DEL_005541,ORD_006024,DRV_0233,2.43,26.2,34.8,38.2
DEL_005542,ORD_006025,DRV_0002,2.28,18.6,28.6,28.1
DEL_005543,ORD_006026,DRV_0019,7.34,25.9,43.3,54.2
DEL_005544,ORD_006029,DRV_0272,2.69,23.6,31.3,30.6
DEL_005545,ORD_006031,DRV_0153,10.13,15.6,75.1,68.7
DEL_005546,ORD_006032,DRV_0092,2.38,30.0,43.3,44.1
DEL_005547,ORD_006033,DRV_0191,2.65,18.7,28.7,24.7
DEL_005548,ORD_006034,DRV_0083,3.56,19.6,38.2,40.1
DEL_005549,ORD_006035,DRV_0275,12.85,31.1,77.7,82.7
DEL_005550,ORD_006036,DRV_0061,2.1,21.7,23.0,27.5
DEL_005551,ORD_006037,DRV_0259,6.26,40.7,75.2,73.5
DEL_005552,ORD_006038,DRV_0238,1.53,28.0,39.1,39.5
DEL_005553,ORD_006039,DRV_0265,7.32,30.5,68.8,65.1
DEL_005554,ORD_006040,DRV_0055,3.74,19.2,37.1,39.3
DEL_005555,ORD_006041,DRV_0273,4.93,31.1,60.2,58.6
DEL_005556,ORD_006042,DRV_0107,1.77,24.8,29.8,31.4
DEL_005557,ORD_006043,DRV_0176,1.68,19.3,17.5,16.8
DEL_005558,ORD_006044,DRV_0217,7.66,19.2,46.4,51.0
DEL_005559,ORD_006045,DRV_0203,5.63,22.0,48.1,49.7
DEL_005560,ORD_006046,DRV_0100,5.21,22.6,43.3,46.2
DEL_005561,ORD_006047,DRV_0101,2.18,32.8,42.3,39.3
DEL_005562,ORD_006048,DRV_0217,4.52,24.9,49.4,50.5
DEL_005563,ORD_006049,DRV_0220,13.26,32.4,78.8,80.8
DEL_005564,ORD_006050,DRV_0018,13.02,26.6,65.8,85.9
DEL_005565,ORD_006051,DRV_0042,4.67,24.7,46.1,44.7
DEL_005566,ORD_006052,DRV_0157,4.5,30.5,45.8,47.3
DEL_005567,ORD_006053,DRV_0133,2.98,17.6,40.8,39.2
DEL_005568,ORD_006054,DRV_0013,6.87,14.0,70.1,69.0
DEL_005569,ORD_006055,DRV_0017,7.37,16.8,65.2,79.1
DEL_005570,ORD_006056,DRV_0206,3.54,31.0,54.9,62.9
DEL_005571,ORD_006057,DRV_0027,1.95,12.9,20.8,24.7
DEL_005572,ORD_006058,DRV_0019,2.14,17.8,32.7,31.1
DEL_005573,ORD_006059,DRV_0070,3.3,22.1,32.2,34.0
DEL_005574,ORD_006060,DRV_0048,2.09,18.3,33.2,32.6
DEL_005575,ORD_006061,DRV_0044,4.6,18.1,34.0,42.5
DEL_005576,ORD_006062,DRV_0096,3.2,21.9,39.7,37.6
DEL_005577,ORD_006063,DRV_0092,4.56,29.8,47.8,49.1
DEL_005578,ORD_006064,DRV_0038,7.93,27.9,64.2,63.6
DEL_005579,ORD_006065,DRV_0283,1.35,12.9,20.1,18.0
DEL_005580,ORD_006066,DRV_0197,6.5,21.6,54.0,49.3
DEL_005581,ORD_006068,DRV_0085,14.88,25.5,96.6,99.9
DEL_005582,ORD_006069,DRV_0099,1.65,26.1,30.0,28.7
DEL_005583,ORD_006070,DRV_0036,5.41,30.8,61.8,65.2
DEL_005584,ORD_006071,DRV_0297,4.2,11.9,36.4,36.7
DEL_005585,ORD_006072,DRV_0107,9.39,29.5,70.1,72.3
DEL_005586,ORD_006073,DRV_0006,18.87,17.1,128.8,113.9
DEL_005587,ORD_006074,DRV_0081,8.51,22.7,66.6,73.5
DEL_005588,ORD_006075,DRV_0176,9.81,25.5,73.8,70.2
DEL_005589,ORD_006076,DRV_0129,6.68,15.8,29.1,33.9
DEL_005590,ORD_006077,DRV_0239,6.52,31.0,57.6,59.0
DEL_005591,ORD_006078,DRV_0064,8.22,23.8,54.6,55.7
DEL_005592,ORD_006079,DRV_0056,3.79,26.9,35.8,41.0
DEL_005593,ORD_006080,DRV_0210,2.13,17.1,22.5,25.1
DEL_005594,ORD_006081,DRV_0102,3.5,27.5,41.8,49.2
DEL_005595,ORD_006082,DRV_0214,9.52,32.9,73.6,75.2
DEL_005596,ORD_006083,DRV_0018,4.12,19.0,24.8,27.1
DEL_005597,ORD_006084,DRV_0223,10.54,21.2,53.1,61.4
DEL_005598,ORD_006085,DRV_0292,7.43,21.8,57.1,51.6
DEL_005599,ORD_006086,DRV_0248,4.74,30.4,55.6,53.3
DEL_005600,ORD_006087,DRV_0119,10.61,29.9,128.4,107.2
DEL_005601,ORD_006088,DRV_0241,8.48,20.3,69.8,67.5
DEL_005602,ORD_006089,DRV_0251,4.51,12.7,28.3,28.2
DEL_005603,ORD_006090,DRV_0204,3.22,17.5,21.0,23.9
DEL_005604,ORD_006091,DRV_0122,4.93,8.0,38.3,36.5
DEL_005605,ORD_006092,DRV_0119,3.38,38.9,52.5,52.3
DEL_005606,ORD_006093,DRV_0063,1.08,27.0,31.2,29.7
DEL_005607,ORD_006094,DRV_0108,4.12,19.4,39.5,38.5
DEL_005608,ORD_006095,DRV_0158,3.42,19.1,30.6,28.7
DEL_005609,ORD_006096,DRV_0152,6.6,27.5,43.9,53.0
DEL_005610,ORD_006097,DRV_0049,2.81,25.1,34.1,37.5
DEL_005611,ORD_006098,DRV_0085,7.13,11.8,36.0,39.7
DEL_005612,ORD_006099,DRV_0094,1.47,17.9,22.2,23.4
DEL_005613,ORD_006100,DRV_0084,4.18,24.3,34.9,39.0
DEL_005614,ORD_006101,DRV_0027,5.52,19.3,49.9,49.6
DEL_005615,ORD_006103,DRV_0276,3.04,14.9,32.3,31.4
DEL_005616,ORD_006104,DRV_0226,3.83,22.4,40.2,40.3
DEL_005617,ORD_006105,DRV_0142,6.56,11.7,55.1,60.1
DEL_005618,ORD_006106,DRV_0224,8.08,29.0,72.4,63.5
DEL_005619,ORD_006107,DRV_0028,6.91,21.1,42.8,50.5
DEL_005620,ORD_006108,DRV_0209,8.67,23.6,68.8,66.3
DEL_005621,ORD_006109,DRV_0174,5.14,17.2,45.9,42.5
DEL_005622,ORD_006110,DRV_0060,6.57,27.6,44.7,39.9
DEL_005623,ORD_006111,DRV_0066,1.92,26.1,29.1,28.4
DEL_005624,ORD_006112,DRV_0300,5.53,16.2,33.6,38.1
DEL_005625,ORD_006113,DRV_0084,6.7,18.5,39.9,46.5
DEL_005626,ORD_006114,DRV_0051,11.48,23.2,89.3,87.6
DEL_005627,ORD_006115,DRV_0177,1.86,9.1,15.9,17.7
DEL_005628,ORD_006116,DRV_0127,8.1,12.8,44.4,40.9
DEL_005629,ORD_006117,DRV_0249,4.04,26.4,46.2,47.6
DEL_005630,ORD_006118,DRV_0083,17.49,11.4,67.7,71.1
DEL_005631,ORD_006119,DRV_0032,6.3,25.6,81.2,86.8
DEL_005632,ORD_006120,DRV_0061,7.16,24.7,65.7,66.0
DEL_005633,ORD_006121,DRV_0240,1.41,16.6,24.2,22.3
DEL_005634,ORD_006122,DRV_0277,2.88,29.7,45.9,45.1
DEL_005635,ORD_006123,DRV_0285,7.9,14.8,53.0,54.5
DEL_005636,ORD_006124,DRV_0264,4.01,15.8,34.6,35.7
DEL_005637,ORD_006125,DRV_0020,1.25,27.4,31.7,39.0
DEL_005638,ORD_006126,DRV_0298,8.0,29.4,61.0,66.0
DEL_005639,ORD_006127,DRV_0218,2.68,8.3,15.1,16.1
DEL_005640,ORD_006128,DRV_0032,3.65,37.4,68.3,69.9
DEL_005641,ORD_006129,DRV_0026,13.54,24.5,94.8,96.2
DEL_005642,ORD_006131,DRV_0140,2.12,25.4,29.2,31.0
DEL_005643,ORD_006132,DRV_0051,4.14,30.3,49.4,51.7
DEL_005644,ORD_006133,DRV_0141,13.24,9.2,53.4,56.5
DEL_005645,ORD_006134,DRV_0236,2.23,25.6,33.8,36.0
DEL_005646,ORD_006135,DRV_0218,0.69,21.0,23.0,22.1
DEL_005647,ORD_006136,DRV_0209,4.61,27.9,45.3,48.9
DEL_005648,ORD_006137,DRV_0007,5.38,30.4,55.1,61.3
DEL_005649,ORD_006138,DRV_0211,8.25,27.9,54.0,55.2
DEL_005650,ORD_006139,DRV_0295,1.74,28.8,45.9,45.6
DEL_005651,ORD_006140,DRV_0046,4.11,11.6,42.2,37.9
DEL_005652,ORD_006141,DRV_0163,1.55,17.5,20.7,22.8
DEL_005653,ORD_006142,DRV_0246,6.05,27.6,76.2,65.1
DEL_005654,ORD_006143,DRV_0077,8.79,13.2,60.6,64.1
DEL_005655,ORD_006144,DRV_0228,16.12,30.1,156.3,150.0
DEL_005656,ORD_006145,DRV_0101,1.61,24.3,21.0,26.7
DEL_005657,ORD_006146,DRV_0124,4.14,29.8,54.8,51.1
DEL_005658,ORD_006147,DRV_0237,6.95,24.1,59.8,57.4
DEL_005659,ORD_006148,DRV_0235,10.53,25.5,87.9,77.7
DEL_005660,ORD_006149,DRV_0186,0.74,18.3,21.2,20.5
DEL_005661,ORD_006150,DRV_0077,5.36,18.4,42.0,41.9
DEL_005662,ORD_006151,DRV_0151,6.07,34.2,53.8,53.2
DEL_005663,ORD_006153,DRV_0008,9.29,20.7,89.5,98.1
DEL_005664,ORD_006154,DRV_0103,1.77,27.5,26.4,27.4
DEL_005665,ORD_006155,DRV_0131,7.23,30.0,69.7,63.4
DEL_005666,ORD_006156,DRV_0087,5.08,20.1,46.0,41.9
DEL_005667,ORD_006157,DRV_0254,2.87,28.2,35.9,37.0
DEL_005668,ORD_006158,DRV_0288,13.04,24.9,87.7,83.8
DEL_005669,ORD_006159,DRV_0018,2.44,17.7,34.3,33.0
DEL_005670,ORD_006160,DRV_0072,12.82,20.5,61.8,67.0
DEL_005671,ORD_006161,DRV_0205,6.68,13.0,39.7,38.7
DEL_005672,ORD_006162,DRV_0068,3.57,15.9,32.9,33.1
DEL_005673,ORD_006163,DRV_0253,4.33,24.4,36.0,40.4
DEL_005674,ORD_006164,DRV_0238,5.36,22.8,56.6,53.6
DEL_005675,ORD_006165,DRV_0021,6.37,17.4,45.7,47.1
DEL_005676,ORD_006166,DRV_0283,7.71,13.4,71.4,66.6
DEL_005677,ORD_006168,DRV_0047,3.77,26.6,42.4,46.6
DEL_005678,ORD_006169,DRV_0055,4.19,6.4,23.8,26.2
DEL_005679,ORD_006170,DRV_0145,19.57,21.3,102.0,100.2
DEL_005680,ORD_006172,DRV_0256,6.54,17.1,41.9,41.2
DEL_005681,ORD_006173,DRV_0026,4.86,17.8,34.9,37.2
DEL_005682,ORD_006174,DRV_0137,11.17,5.0,57.0,63.3
DEL_005683,ORD_006175,DRV_0030,2.75,31.9,50.5,56.6
DEL_005684,ORD_006176,DRV_0212,3.36,22.0,44.8,42.6
DEL_005685,ORD_006177,DRV_0238,2.06,15.3,23.1,27.7
DEL_005686,ORD_006178,DRV_0137,8.73,24.2,59.0,56.1
DEL_005687,ORD_006179,DRV_0258,5.32,26.4,54.3,55.0
DEL_005688,ORD_006180,DRV_0123,4.82,24.0,61.4,63.9
DEL_005689,ORD_006181,DRV_0083,3.42,31.8,36.7,39.8
DEL_005690,ORD_006183,DRV_0263,2.59,32.0,38.0,43.6
DEL_005691,ORD_006184,DRV_0230,5.57,15.5,87.3,78.2
DEL_005692,ORD_006185,DRV_0099,14.98,21.0,86.0,77.7
DEL_005693,ORD_006187,DRV_0027,3.97,19.3,32.9,32.3
DEL_005694,ORD_006188,DRV_0077,8.65,20.7,51.1,59.4
DEL_005695,ORD_006189,DRV_0237,6.61,11.2,34.9,30.4
DEL_005696,ORD_006190,DRV_0133,3.93,21.5,40.8,37.7
DEL_005697,ORD_006192,DRV_0140,7.83,16.6,67.9,58.9
DEL_005698,ORD_006194,DRV_0093,5.07,25.2,50.6,45.5
DEL_005699,ORD_006195,DRV_0075,8.65,18.0,49.2,50.1
DEL_005700,ORD_006196,DRV_0296,5.99,14.8,61.2,62.2
DEL_005701,ORD_006197,DRV_0122,6.87,20.9,45.7,62.6
DEL_005702,ORD_006198,DRV_0179,4.21,22.5,46.5,42.5
DEL_005703,ORD_006199,DRV_0019,10.81,10.9,50.9,55.7
DEL_005704,ORD_006200,DRV_0145,6.77,15.7,46.7,50.3
DEL_005705,ORD_006201,DRV_0133,14.69,24.9,82.6,77.2
DEL_005706,ORD_006202,DRV_0095,5.61,32.7,55.4,51.6
DEL_005707,ORD_006203,DRV_0014,1.88,27.7,50.8,42.2
DEL_005708,ORD_006205,DRV_0061,9.54,17.3,57.9,62.2
DEL_005709,ORD_006206,DRV_0014,3.23,14.4,35.7,36.4
DEL_005710,ORD_006208,DRV_0087,2.77,18.2,25.9,25.3
DEL_005711,ORD_006209,DRV_0175,10.16,16.3,90.1,71.3
DEL_005712,ORD_006210,DRV_0056,4.38,21.7,34.9,38.4
DEL_005713,ORD_006211,DRV_0178,8.69,32.2,68.1,78.3
DEL_005714,ORD_006212,DRV_0257,5.96,17.9,39.6,39.3
DEL_005715,ORD_006213,DRV_0122,5.73,13.7,38.1,39.3
DEL_005716,ORD_006214,DRV_0048,10.89,16.8,76.9,69.2
DEL_005717,ORD_006215,DRV_0232,8.3,21.7,63.0,61.9
DEL_005718,ORD_006216,DRV_0272,7.9,20.3,91.6,94.0
DEL_005719,ORD_006217,DRV_0278,3.74,19.4,36.9,39.0
DEL_005720,ORD_006218,DRV_0030,3.66,13.4,34.3,33.6
DEL_005721,ORD_006220,DRV_0233,0.66,19.9,23.8,24.7
DEL_005722,ORD_006221,DRV_0190,7.17,21.4,49.8,51.3
DEL_005723,ORD_006222,DRV_0170,4.14,20.6,34.6,39.9
DEL_005724,ORD_006223,DRV_0006,2.9,32.4,44.6,45.9
DEL_005725,ORD_006224,DRV_0293,10.39,17.4,72.9,70.5
DEL_005726,ORD_006225,DRV_0079,3.73,25.5,31.9,37.3
DEL_005727,ORD_006226,DRV_0234,9.26,20.9,61.8,60.8
DEL_005728,ORD_006227,DRV_0189,9.67,30.2,63.1,63.8
DEL_005729,ORD_006228,DRV_0103,1.36,27.5,33.1,38.3
DEL_005730,ORD_006229,DRV_0212,5.63,14.2,66.7,61.9
DEL_005731,ORD_006230,DRV_0050,6.89,7.3,30.6,41.4
DEL_005732,ORD_006231,DRV_0276,4.6,30.2,55.3,59.8
DEL_005733,ORD_006232,DRV_0102,6.35,14.7,40.9,44.3
DEL_005734,ORD_006233,DRV_0105,3.54,21.2,38.9,39.5
DEL_005735,ORD_006234,DRV_0298,7.92,36.0,63.1,68.6
DEL_005736,ORD_006236,DRV_0067,6.74,7.5,49.0,48.1
DEL_005737,ORD_006237,DRV_0291,6.71,22.1,66.2,64.6
DEL_005738,ORD_006238,DRV_0141,6.39,24.6,68.2,58.7
DEL_005739,ORD_006239,DRV_0163,4.42,10.3,35.5,38.7
DEL_005740,ORD_006240,DRV_0204,4.18,6.5,26.9,28.1
DEL_005741,ORD_006241,DRV_0295,1.48,18.8,27.9,30.1
DEL_005742,ORD_006242,DRV_0172,11.95,24.4,81.7,85.8
DEL_005743,ORD_006243,DRV_0013,2.98,35.0,54.5,55.7
DEL_005744,ORD_006244,DRV_0084,9.1,11.4,54.5,56.4
DEL_005745,ORD_006245,DRV_0246,9.15,29.6,59.5,69.7
DEL_005746,ORD_006246,DRV_0244,9.17,27.4,80.8,86.0
DEL_005747,ORD_006247,DRV_0141,13.87,28.8,68.2,89.1
DEL_005748,ORD_006248,DRV_0094,7.91,19.4,69.7,69.5
DEL_005749,ORD_006249,DRV_0001,1.54,17.0,34.6,32.5
DEL_005750,ORD_006251,DRV_0104,7.63,29.4,55.9,54.9
DEL_005751,ORD_006252,DRV_0046,5.07,15.5,24.6,23.5
DEL_005752,ORD_006253,DRV_0011,16.3,18.1,100.5,103.0
DEL_005753,ORD_006255,DRV_0062,0.63,14.2,18.4,18.1
DEL_005754,ORD_006256,DRV_0056,3.81,19.4,41.5,40.5
DEL_005755,ORD_006258,DRV_0243,2.77,8.0,33.1,31.1
DEL_005756,ORD_006259,DRV_0051,3.43,16.6,22.8,28.1
DEL_005757,ORD_006260,DRV_0273,8.66,22.8,56.4,56.1
DEL_005758,ORD_006262,DRV_0289,4.68,15.7,44.8,42.7
DEL_005759,ORD_006263,DRV_0026,0.61,17.0,17.9,17.8
DEL_005760,ORD_006264,DRV_0274,7.76,27.9,49.4,57.6
DEL_005761,ORD_006265,DRV_0260,5.87,16.3,43.5,43.2
DEL_005762,ORD_006266,DRV_0281,2.11,14.2,16.5,17.1
DEL_005763,ORD_006267,DRV_0001,12.83,31.7,75.8,92.9
DEL_005764,ORD_006268,DRV_0250,8.57,32.3,73.0,75.0
DEL_005765,ORD_006269,DRV_0228,12.28,29.5,61.5,77.3
DEL_005766,ORD_006270,DRV_0033,10.89,27.5,80.1,76.1
DEL_005767,ORD_006271,DRV_0121,6.74,32.1,70.8,70.5
DEL_005768,ORD_006272,DRV_0131,7.02,22.2,38.2,45.2
DEL_005769,ORD_006273,DRV_0296,9.26,21.5,83.1,82.9
DEL_005770,ORD_006274,DRV_0246,0.65,15.5,16.6,15.3
DEL_005771,ORD_006275,DRV_0117,6.33,28.4,57.9,69.8
DEL_005772,ORD_006276,DRV_0253,5.31,19.5,44.4,47.7
DEL_005773,ORD_006277,DRV_0070,2.35,25.6,33.6,37.5
DEL_005774,ORD_006278,DRV_0273,5.36,10.4,37.4,33.0
DEL_005775,ORD_006279,DRV_0108,7.54,41.5,61.1,79.0
DEL_005776,ORD_006280,DRV_0284,7.46,13.7,44.2,50.7
DEL_005777,ORD_006281,DRV_0187,7.32,10.9,54.3,54.1
DEL_005778,ORD_006282,DRV_0045,6.02,19.5,39.9,41.4
DEL_005779,ORD_006283,DRV_0062,6.26,16.9,47.1,47.1
DEL_005780,ORD_006284,DRV_0028,2.76,27.6,35.2,39.5
DEL_005781,ORD_006285,DRV_0101,8.4,19.1,66.4,57.9
DEL_005782,ORD_006287,DRV_0002,6.31,21.0,53.3,50.6
DEL_005783,ORD_006288,DRV_0216,2.59,22.7,45.2,37.9
DEL_005784,ORD_006289,DRV_0017,5.7,27.8,50.3,50.9
DEL_005785,ORD_006290,DRV_0186,4.31,19.9,45.5,40.5
DEL_005786,ORD_006291,DRV_0250,2.13,16.2,24.9,26.2
DEL_005787,ORD_006292,DRV_0281,5.55,29.2,62.9,57.0
DEL_005788,ORD_006293,DRV_0033,5.72,23.7,70.5,63.2
DEL_005789,ORD_006294,DRV_0155,1.42,17.3,16.0,15.0
DEL_005790,ORD_006295,DRV_0047,7.07,27.0,50.0,44.2
DEL_005791,ORD_006296,DRV_0015,7.81,19.9,57.8,65.9
DEL_005792,ORD_006297,DRV_0102,2.28,17.8,22.4,29.7
DEL_005793,ORD_006298,DRV_0142,14.72,14.0,69.3,83.5
DEL_005794,ORD_006299,DRV_0164,6.14,22.1,37.0,48.0
DEL_005795,ORD_006300,DRV_0052,3.36,27.8,34.0,38.2
DEL_005796,ORD_006301,DRV_0082,6.27,22.7,75.3,78.0
DEL_005797,ORD_006302,DRV_0273,6.77,24.9,38.3,43.7
DEL_005798,ORD_006304,DRV_0178,4.68,28.7,37.3,44.5
DEL_005799,ORD_006305,DRV_0109,6.14,22.5,68.8,58.9
DEL_005800,ORD_006306,DRV_0223,5.73,22.2,45.9,47.3
DEL_005801,ORD_006307,DRV_0071,8.27,23.5,64.7,56.0
DEL_005802,ORD_006308,DRV_0023,13.91,28.8,110.5,104.9
DEL_005803,ORD_006309,DRV_0124,1.5,17.4,18.5,23.6
DEL_005804,ORD_006311,DRV_0120,2.19,21.5,27.5,25.9
DEL_005805,ORD_006312,DRV_0273,6.44,18.5,51.5,47.6
DEL_005806,ORD_006313,DRV_0135,5.53,32.3,50.2,53.8
DEL_005807,ORD_006314,DRV_0065,4.32,29.0,51.0,47.8
DEL_005808,ORD_006315,DRV_0224,1.44,25.3,32.9,31.5
DEL_005809,ORD_006316,DRV_0286,3.72,13.9,23.7,26.1
DEL_005810,ORD_006317,DRV_0100,2.8,16.7,25.7,25.6
DEL_005811,ORD_006318,DRV_0049,3.83,14.2,23.7,27.6
DEL_005812,ORD_006319,DRV_0269,3.62,21.9,37.7,36.8
DEL_005813,ORD_006320,DRV_0248,3.31,16.2,33.2,30.0
DEL_005814,ORD_006321,DRV_0100,2.51,28.7,36.6,42.5
DEL_005815,ORD_006322,DRV_0107,1.45,29.9,25.2,26.3
DEL_005816,ORD_006323,DRV_0016,6.73,28.3,62.1,58.3
DEL_005817,ORD_006324,DRV_0237,3.42,5.8,17.3,18.2
DEL_005818,ORD_006326,DRV_0105,16.98,17.9,92.5,82.2
DEL_005819,ORD_006327,DRV_0044,1.64,20.3,39.0,36.9
DEL_005820,ORD_006328,DRV_0034,7.71,24.4,34.6,43.4
DEL_005821,ORD_006329,DRV_0127,2.89,16.0,27.7,28.3
DEL_005822,ORD_006330,DRV_0105,3.24,11.3,20.4,22.1
DEL_005823,ORD_006331,DRV_0031,10.7,37.6,74.2,80.7
DEL_005824,ORD_006332,DRV_0090,6.83,17.2,48.3,54.1
DEL_005825,ORD_006333,DRV_0192,1.8,18.1,27.8,31.7
DEL_005826,ORD_006334,DRV_0195,9.31,25.5,80.7,74.0
DEL_005827,ORD_006335,DRV_0144,1.93,18.3,30.9,30.7
DEL_005828,ORD_006336,DRV_0195,6.0,20.3,44.8,55.0
DEL_005829,ORD_006337,DRV_0039,3.86,27.7,37.0,40.9
DEL_005830,ORD_006338,DRV_0173,2.02,16.8,23.4,27.4
DEL_005831,ORD_006339,DRV_0193,5.5,21.2,38.0,43.1
DEL_005832,ORD_006340,DRV_0103,9.0,12.5,68.2,65.9
DEL_005833,ORD_006342,DRV_0038,2.11,23.0,29.9,31.8
DEL_005834,ORD_006343,DRV_0194,7.22,17.0,69.5,61.7
DEL_005835,ORD_006344,DRV_0167,9.25,23.8,72.4,65.6
DEL_005836,ORD_006345,DRV_0226,4.7,24.1,36.2,33.4
DEL_005837,ORD_006346,DRV_0163,8.09,20.2,57.8,51.9
DEL_005838,ORD_006347,DRV_0271,3.78,29.1,56.6,53.3
DEL_005839,ORD_006348,DRV_0214,7.32,30.0,62.7,62.6
DEL_005840,ORD_006349,DRV_0197,3.73,25.3,40.8,42.7
DEL_005841,ORD_006350,DRV_0129,5.6,14.5,46.2,45.1
DEL_005842,ORD_006351,DRV_0252,3.87,35.4,44.1,44.5
DEL_005843,ORD_006352,DRV_0300,6.25,22.5,50.8,59.3
DEL_005844,ORD_006353,DRV_0129,5.42,26.1,48.1,51.5
DEL_005845,ORD_006354,DRV_0125,5.05,5.9,28.0,26.1
DEL_005846,ORD_006355,DRV_0034,4.71,23.1,54.0,47.0
DEL_005847,ORD_006356,DRV_0161,8.46,19.1,60.0,68.4
DEL_005848,ORD_006357,DRV_0168,4.23,13.8,43.4,36.1
DEL_005849,ORD_006358,DRV_0050,4.9,17.1,61.4,49.5
DEL_005850,ORD_006359,DRV_0228,4.22,9.1,25.1,28.2
DEL_005851,ORD_006360,DRV_0106,5.3,16.1,36.4,37.0
DEL_005852,ORD_006361,DRV_0123,2.2,17.6,15.3,13.8
DEL_005853,ORD_006362,DRV_0119,6.1,22.7,56.7,62.7
DEL_005854,ORD_006363,DRV_0213,10.79,29.1,56.9,62.0
DEL_005855,ORD_006364,DRV_0063,3.65,31.5,61.1,53.9
DEL_005856,ORD_006365,DRV_0007,15.45,32.7,92.5,96.4
DEL_005857,ORD_006366,DRV_0296,14.08,23.8,103.8,101.3
DEL_005858,ORD_006367,DRV_0182,3.16,32.8,41.3,52.5
DEL_005859,ORD_006368,DRV_0013,2.84,23.2,31.2,35.0
DEL_005860,ORD_006369,DRV_0247,5.66,29.3,51.3,53.1
DEL_005861,ORD_006370,DRV_0180,8.67,16.0,67.0,69.4
DEL_005862,ORD_006371,DRV_0094,3.23,21.8,37.2,38.2
DEL_005863,ORD_006372,DRV_0204,2.71,14.1,29.3,30.3
DEL_005864,ORD_006373,DRV_0297,2.74,11.2,20.5,20.2
DEL_005865,ORD_006374,DRV_0198,13.17,19.8,68.7,64.1
DEL_005866,ORD_006375,DRV_0134,7.27,30.6,66.9,59.5
DEL_005867,ORD_006376,DRV_0070,0.82,24.9,29.6,32.0
DEL_005868,ORD_006377,DRV_0191,8.0,5.0,35.6,29.9
DEL_005869,ORD_006378,DRV_0092,9.99,40.5,63.9,79.7
DEL_005870,ORD_006380,DRV_0159,4.97,25.3,31.0,35.5
DEL_005871,ORD_006381,DRV_0132,5.5,37.5,74.2,67.3
DEL_005872,ORD_006382,DRV_0183,4.05,21.9,34.6,37.5
DEL_005873,ORD_006383,DRV_0045,5.36,21.2,39.0,43.1
DEL_005874,ORD_006384,DRV_0075,6.79,25.4,55.8,58.7
DEL_005875,ORD_006385,DRV_0017,2.11,30.1,46.5,49.0
DEL_005876,ORD_006386,DRV_0050,3.76,12.6,25.8,28.3
DEL_005877,ORD_006387,DRV_0043,8.6,12.0,41.2,43.3
DEL_005878,ORD_006388,DRV_0031,2.43,30.6,39.0,42.7
DEL_005879,ORD_006389,DRV_0267,7.05,28.2,64.0,70.6
DEL_005880,ORD_006390,DRV_0075,19.67,26.5,141.5,130.2
DEL_005881,ORD_006391,DRV_0212,3.75,26.2,47.9,48.1
DEL_005882,ORD_006392,DRV_0152,4.5,24.1,48.1,44.7
DEL_005883,ORD_006393,DRV_0086,2.18,14.6,16.7,19.6
DEL_005884,ORD_006394,DRV_0076,14.18,23.9,114.9,118.0
DEL_005885,ORD_006395,DRV_0048,10.93,15.5,65.6,62.9
DEL_005886,ORD_006396,DRV_0028,6.42,30.8,58.1,62.2
DEL_005887,ORD_006397,DRV_0264,2.81,12.3,31.4,28.3
DEL_005888,ORD_006398,DRV_0227,1.74,16.2,25.6,23.8
DEL_005889,ORD_006399,DRV_0088,7.89,31.5,54.4,56.6
DEL_005890,ORD_006400,DRV_0031,6.68,28.7,40.3,47.4
DEL_005891,ORD_006401,DRV_0229,3.42,15.6,38.1,33.4
DEL_005892,ORD_006402,DRV_0150,6.62,10.0,34.1,35.2
DEL_005893,ORD_006403,DRV_0156,3.14,24.3,43.3,39.9
DEL_005894,ORD_006404,DRV_0159,2.1,18.0,24.2,25.5
DEL_005895,ORD_006405,DRV_0196,4.53,29.0,45.7,51.5
DEL_005896,ORD_006406,DRV_0097,2.35,25.8,32.0,32.4
DEL_005897,ORD_006407,DRV_0099,7.55,24.9,45.7,45.8
DEL_005898,ORD_006408,DRV_0210,4.74,25.8,56.8,55.3
DEL_005899,ORD_006409,DRV_0225,10.56,25.6,62.8,66.7
DEL_005900,ORD_006410,DRV_0118,9.68,18.0,56.8,60.4
DEL_005901,ORD_006411,DRV_0221,5.17,27.1,46.6,47.7
DEL_005902,ORD_006412,DRV_0099,5.09,21.4,54.1,43.6
DEL_005903,ORD_006413,DRV_0147,2.6,18.5,36.4,34.6
DEL_005904,ORD_006414,DRV_0143,7.19,12.8,46.8,50.4
DEL_005905,ORD_006415,DRV_0033,5.85,19.6,44.3,50.2
DEL_005906,ORD_006416,DRV_0111,4.44,26.6,51.1,52.7
DEL_005907,ORD_006417,DRV_0243,7.13,24.2,65.4,63.2
DEL_005908,ORD_006418,DRV_0080,5.38,22.1,49.8,47.5
DEL_005909,ORD_006419,DRV_0269,2.98,30.6,56.2,54.0
DEL_005910,ORD_006420,DRV_0093,8.88,30.3,92.9,93.2
DEL_005911,ORD_006421,DRV_0084,7.63,18.1,55.1,58.5
DEL_005912,ORD_006422,DRV_0138,6.91,23.0,61.4,61.2
DEL_005913,ORD_006423,DRV_0178,10.43,23.0,74.3,72.9
DEL_005914,ORD_006424,DRV_0241,3.57,19.3,38.8,43.5
DEL_005915,ORD_006427,DRV_0214,7.62,26.3,51.1,56.5
DEL_005916,ORD_006428,DRV_0023,10.35,18.9,65.3,59.5
DEL_005917,ORD_006429,DRV_0103,2.3,17.2,27.5,31.6
DEL_005918,ORD_006430,DRV_0033,3.12,22.2,46.2,43.1
DEL_005919,ORD_006431,DRV_0221,6.17,19.5,43.0,43.9
DEL_005920,ORD_006432,DRV_0028,6.68,23.7,49.2,55.2
DEL_005921,ORD_006433,DRV_0188,14.46,31.9,89.0,92.1
DEL_005922,ORD_006434,DRV_0083,9.75,25.0,82.2,75.9
DEL_005923,ORD_006435,DRV_0057,4.36,15.3,40.3,38.0
DEL_005924,ORD_006436,DRV_0174,6.95,34.6,64.6,65.7
DEL_005925,ORD_006437,DRV_0214,1.75,21.1,27.0,26.1
DEL_005926,ORD_006438,DRV_0128,1.07,13.5,17.1,17.6
DEL_005927,ORD_006439,DRV_0123,9.56,17.4,69.5,56.7
DEL_005928,ORD_006441,DRV_0141,7.45,14.6,31.1,40.4
DEL_005929,ORD_006442,DRV_0040,7.21,19.9,55.3,53.3
DEL_005930,ORD_006443,DRV_0053,12.1,17.9,67.1,60.3
DEL_005931,ORD_006444,DRV_0039,0.5,25.3,25.9,29.0
DEL_005932,ORD_006446,DRV_0131,2.54,10.8,26.8,22.6
DEL_005933,ORD_006447,DRV_0202,2.32,30.7,56.9,46.3
DEL_005934,ORD_006448,DRV_0126,4.59,11.7,23.0,23.4
DEL_005935,ORD_006450,DRV_0103,12.52,19.4,72.6,82.7
DEL_005936,ORD_006451,DRV_0005,7.91,32.9,46.4,53.7
DEL_005937,ORD_006452,DRV_0278,6.25,14.5,33.3,34.1
DEL_005938,ORD_006453,DRV_0143,8.78,29.6,72.1,68.9
DEL_005939,ORD_006454,DRV_0063,4.46,25.7,31.8,41.0
DEL_005940,ORD_006455,DRV_0085,2.17,12.8,26.9,29.7
DEL_005941,ORD_006456,DRV_0260,5.49,34.8,66.0,66.4
DEL_005942,ORD_006458,DRV_0260,2.31,23.5,30.1,29.3
DEL_005943,ORD_006459,DRV_0185,1.87,8.5,21.8,22.8
DEL_005944,ORD_006460,DRV_0046,3.8,16.3,28.7,31.5
DEL_005945,ORD_006461,DRV_0113,6.37,22.3,71.5,67.5
DEL_005946,ORD_006463,DRV_0161,2.47,27.3,29.6,38.4
DEL_005947,ORD_006464,DRV_0133,11.38,29.3,86.9,79.6
DEL_005948,ORD_006465,DRV_0152,17.88,21.1,80.0,74.1
DEL_005949,ORD_006466,DRV_0241,4.85,5.0,26.0,27.5
DEL_005950,ORD_006467,DRV_0052,2.97,21.5,35.5,36.6
DEL_005951,ORD_006468,DRV_0070,2.71,23.5,25.5,29.0
DEL_005952,ORD_006469,DRV_0300,8.18,17.9,64.5,61.7
DEL_005953,ORD_006470,DRV_0103,5.05,26.3,56.8,59.6
DEL_005954,ORD_006471,DRV_0120,11.71,20.8,76.4,71.8
DEL_005955,ORD_006472,DRV_0165,2.52,25.6,46.0,44.6
DEL_005956,ORD_006473,DRV_0096,3.85,30.0,37.4,37.6
DEL_005957,ORD_006474,DRV_0104,1.66,22.7,23.2,27.6
DEL_005958,ORD_006475,DRV_0212,3.25,12.4,23.5,22.6
DEL_005959,ORD_006476,DRV_0220,3.55,12.7,26.8,31.7
DEL_005960,ORD_006477,DRV_0099,9.05,14.7,68.9,62.7
DEL_005961,ORD_006479,DRV_0103,6.23,24.5,50.0,57.4
DEL_005962,ORD_006480,DRV_0225,3.79,30.1,43.9,45.9
DEL_005963,ORD_006481,DRV_0215,6.88,24.1,51.8,58.2
DEL_005964,ORD_006482,DRV_0048,2.06,16.0,26.2,30.3
DEL_005965,ORD_006483,DRV_0120,7.32,22.5,64.7,59.4
DEL_005966,ORD_006484,DRV_0139,3.21,21.8,33.4,27.9
DEL_005967,ORD_006485,DRV_0072,0.5,18.2,21.8,22.6
DEL_005968,ORD_006486,DRV_0084,2.54,19.0,35.1,32.8
DEL_005969,ORD_006487,DRV_0084,0.96,13.2,15.1,14.9
DEL_005970,ORD_006488,DRV_0247,4.82,10.0,32.2,30.9
DEL_005971,ORD_006489,DRV_0103,1.71,32.7,54.7,47.8
DEL_005972,ORD_006490,DRV_0252,11.76,12.2,59.4,56.2
DEL_005973,ORD_006491,DRV_0242,7.03,22.4,63.5,58.8
DEL_005974,ORD_006492,DRV_0212,12.53,21.0,62.6,72.3
DEL_005975,ORD_006493,DRV_0251,11.99,18.6,75.7,74.5
DEL_005976,ORD_006494,DRV_0242,2.17,19.2,22.2,23.7
DEL_005977,ORD_006495,DRV_0130,6.55,11.1,66.1,69.1
DEL_005978,ORD_006496,DRV_0169,2.86,22.9,46.9,46.9
DEL_005979,ORD_006497,DRV_0172,1.56,22.9,27.7,24.9
DEL_005980,ORD_006498,DRV_0074,5.67,27.6,46.6,48.6
DEL_005981,ORD_006499,DRV_0167,2.28,27.7,43.1,41.2
DEL_005982,ORD_006500,DRV_0075,2.49,33.6,45.5,43.9
DEL_005983,ORD_006501,DRV_0170,3.94,11.2,37.2,37.5
DEL_005984,ORD_006502,DRV_0027,8.0,26.5,64.0,63.1
DEL_005985,ORD_006503,DRV_0098,2.94,22.9,29.7,31.9
DEL_005986,ORD_006505,DRV_0102,10.89,24.4,91.0,75.8
DEL_005987,ORD_006506,DRV_0096,16.4,12.9,78.5,71.0
DEL_005988,ORD_006507,DRV_0091,7.6,7.7,37.7,35.4
DEL_005989,ORD_006508,DRV_0169,10.53,6.7,40.1,43.5
DEL_005990,ORD_006509,DRV_0161,0.96,26.1,26.9,27.4
DEL_005991,ORD_006510,DRV_0105,13.98,24.5,95.6,101.1
DEL_005992,ORD_006511,DRV_0064,3.65,9.4,23.3,23.4
DEL_005993,ORD_006512,DRV_0291,1.43,29.5,31.0,35.7
DEL_005994,ORD_006513,DRV_0011,4.49,16.9,41.7,38.1
DEL_005995,ORD_006514,DRV_0022,0.73,29.0,23.8,27.7
DEL_005996,ORD_006515,DRV_0177,6.82,30.0,63.9,68.9
DEL_005997,ORD_006516,DRV_0120,5.36,27.2,54.8,56.8
DEL_005998,ORD_006517,DRV_0258,10.25,5.5,46.4,53.8
DEL_005999,ORD_006518,DRV_0145,12.43,17.2,75.7,73.2
DEL_006000,ORD_006519,DRV_0043,13.54,18.2,77.8,78.1
DEL_006001,ORD_006520,DRV_0071,5.62,20.7,44.4,43.6
DEL_006002,ORD_006521,DRV_0124,2.61,24.3,36.0,33.8
DEL_006003,ORD_006522,DRV_0013,6.39,10.0,25.3,29.2
DEL_006004,ORD_006523,DRV_0146,3.62,31.9,47.5,48.5
DEL_006005,ORD_006524,DRV_0074,5.24,43.1,64.9,62.3
DEL_006006,ORD_006525,DRV_0131,3.12,22.7,27.6,26.4
DEL_006007,ORD_006526,DRV_0236,1.8,13.6,25.1,28.6
DEL_006008,ORD_006527,DRV_0017,6.08,19.1,46.6,45.8
DEL_006009,ORD_006528,DRV_0036,0.69,17.7,22.0,23.2
DEL_006010,ORD_006529,DRV_0120,5.11,18.0,33.7,34.1
DEL_006011,ORD_006530,DRV_0072,8.95,14.7,60.4,69.6
DEL_006012,ORD_006531,DRV_0037,7.1,19.7,38.4,43.1
DEL_006013,ORD_006532,DRV_0083,12.36,29.6,72.3,76.1
DEL_006014,ORD_006533,DRV_0075,3.56,22.7,30.8,33.8
DEL_006015,ORD_006534,DRV_0219,3.51,19.1,31.8,32.4
DEL_006016,ORD_006535,DRV_0154,1.28,13.2,18.6,18.8
DEL_006017,ORD_006536,DRV_0167,9.66,15.0,82.0,71.9
DEL_006018,ORD_006537,DRV_0109,3.94,26.4,44.6,41.6
DEL_006019,ORD_006538,DRV_0119,10.28,20.1,80.5,81.3
DEL_006020,ORD_006539,DRV_0262,0.5,17.7,15.3,19.1
DEL_006021,ORD_006540,DRV_0051,5.42,25.2,44.5,49.3
DEL_006022,ORD_006541,DRV_0128,4.21,30.2,48.3,48.0
DEL_006023,ORD_006542,DRV_0271,3.62,31.1,37.3,40.3
DEL_006024,ORD_006543,DRV_0158,2.21,12.4,20.8,21.9
DEL_006025,ORD_006544,DRV_0184,18.09,13.6,87.3,85.9
DEL_006026,ORD_006545,DRV_0189,4.92,26.2,54.1,54.4
DEL_006027,ORD_006546,DRV_0152,5.63,18.9,42.6,38.4
DEL_006028,ORD_006547,DRV_0195,3.0,29.3,35.7,35.2
DEL_006029,ORD_006549,DRV_0172,3.05,17.7,29.2,30.2
DEL_006030,ORD_006550,DRV_0166,2.97,15.4,36.2,31.5
DEL_006031,ORD_006551,DRV_0040,3.23,5.0,14.3,14.8
DEL_006032,ORD_006552,DRV_0280,4.62,32.4,43.8,44.0
DEL_006033,ORD_006554,DRV_0051,7.14,18.6,50.1,46.4
DEL_006034,ORD_006555,DRV_0167,10.93,20.8,96.2,89.0
DEL_006035,ORD_006556,DRV_0285,8.69,19.4,67.7,61.5
DEL_006036,ORD_006557,DRV_0072,0.5,19.1,18.5,16.5
DEL_006037,ORD_006558,DRV_0177,4.9,23.8,60.0,52.0
DEL_006038,ORD_006559,DRV_0149,1.46,13.7,18.1,18.3
DEL_006039,ORD_006560,DRV_0223,3.17,13.8,22.6,21.1
DEL_006040,ORD_006561,DRV_0064,13.38,26.8,80.5,81.3
DEL_006041,ORD_006562,DRV_0226,15.8,18.3,71.9,84.4
DEL_006042,ORD_006563,DRV_0222,20.0,25.3,135.5,108.0
DEL_006043,ORD_006564,DRV_0175,5.29,23.5,60.9,55.3
DEL_006044,ORD_006565,DRV_0226,1.76,12.9,23.2,20.2
DEL_006045,ORD_006566,DRV_0174,19.43,26.1,98.4,93.4
DEL_006046,ORD_006567,DRV_0121,12.2,17.8,81.6,87.3
DEL_006047,ORD_006568,DRV_0233,5.59,26.1,71.5,71.8
DEL_006048,ORD_006569,DRV_0114,8.64,33.8,63.3,73.1
DEL_006049,ORD_006570,DRV_0017,6.67,20.3,61.6,56.4
DEL_006050,ORD_006571,DRV_0130,4.98,19.4,53.8,49.2
DEL_006051,ORD_006572,DRV_0052,9.16,13.0,58.9,57.4
DEL_006052,ORD_006573,DRV_0085,2.74,8.7,28.3,23.7
DEL_006053,ORD_006575,DRV_0101,5.34,29.4,57.0,51.1
DEL_006054,ORD_006576,DRV_0137,5.12,5.7,28.1,26.7
DEL_006055,ORD_006577,DRV_0217,2.87,33.8,67.3,55.4
DEL_006056,ORD_006578,DRV_0137,6.72,18.0,45.9,46.9
DEL_006057,ORD_006580,DRV_0186,1.67,22.3,26.5,26.9
DEL_006058,ORD_006581,DRV_0225,2.08,31.0,47.4,45.2
DEL_006059,ORD_006582,DRV_0097,5.37,24.2,50.2,48.0
DEL_006060,ORD_006583,DRV_0268,7.8,17.6,46.5,43.3
DEL_006061,ORD_006584,DRV_0242,5.29,21.8,32.1,43.1
DEL_006062,ORD_006585,DRV_0221,9.76,7.7,58.0,71.5
DEL_006063,ORD_006586,DRV_0100,8.92,25.1,59.1,58.1
DEL_006064,ORD_006587,DRV_0082,3.9,17.0,43.0,46.2
DEL_006065,ORD_006588,DRV_0184,4.33,16.4,35.0,31.8
DEL_006066,ORD_006589,DRV_0224,18.58,18.2,99.2,118.3
DEL_006067,ORD_006590,DRV_0267,12.56,31.3,111.9,122.7
DEL_006068,ORD_006591,DRV_0288,6.7,20.5,60.7,55.4
DEL_006069,ORD_006592,DRV_0105,9.21,14.5,45.6,48.4
DEL_006070,ORD_006593,DRV_0192,1.96,33.1,44.8,47.2
DEL_006071,ORD_006596,DRV_0198,17.05,22.9,85.2,90.5
DEL_006072,ORD_006597,DRV_0292,1.78,29.3,36.9,39.8
DEL_006073,ORD_006598,DRV_0003,8.57,22.5,77.5,70.3
DEL_006074,ORD_006599,DRV_0104,8.51,32.1,60.3,64.4
DEL_006075,ORD_006600,DRV_0070,2.71,38.4,64.8,60.9
DEL_006076,ORD_006601,DRV_0112,3.21,19.6,36.8,42.4
DEL_006077,ORD_006602,DRV_0206,3.16,25.5,33.1,37.9
DEL_006078,ORD_006603,DRV_0084,5.99,27.7,65.2,54.3
DEL_006079,ORD_006604,DRV_0150,1.26,18.9,18.9,18.9
DEL_006080,ORD_006605,DRV_0017,4.2,23.0,47.2,50.7
DEL_006081,ORD_006606,DRV_0128,9.63,29.0,94.4,87.4
DEL_006082,ORD_006607,DRV_0126,4.0,26.7,48.4,45.6
DEL_006083,ORD_006608,DRV_0291,20.0,17.9,108.4,114.8
DEL_006084,ORD_006609,DRV_0104,10.66,15.9,99.1,108.2
DEL_006085,ORD_006610,DRV_0073,4.51,19.7,28.1,28.4
DEL_006086,ORD_006611,DRV_0013,7.33,24.8,61.6,68.3
DEL_006087,ORD_006612,DRV_0168,9.29,30.2,71.9,75.6
DEL_006088,ORD_006613,DRV_0234,8.97,27.5,76.0,70.9
DEL_006089,ORD_006614,DRV_0280,15.0,36.5,57.7,73.9
DEL_006090,ORD_006615,DRV_0143,5.61,32.0,52.1,50.4
DEL_006091,ORD_006616,DRV_0017,1.53,27.3,40.7,42.0
DEL_006092,ORD_006617,DRV_0029,2.83,23.0,38.4,36.7
DEL_006093,ORD_006618,DRV_0240,6.69,20.5,52.8,51.3
DEL_006094,ORD_006619,DRV_0178,2.44,18.5,31.6,37.3
DEL_006095,ORD_006620,DRV_0207,2.35,25.2,34.9,36.6
DEL_006096,ORD_006621,DRV_0214,2.2,12.2,23.9,22.6
DEL_006097,ORD_006622,DRV_0140,4.41,13.2,36.4,33.2
DEL_006098,ORD_006624,DRV_0132,7.41,30.0,71.7,90.8
DEL_006099,ORD_006625,DRV_0112,13.4,21.2,71.3,78.5
DEL_006100,ORD_006626,DRV_0118,6.13,35.9,45.6,52.6
DEL_006101,ORD_006628,DRV_0011,11.12,33.7,70.8,74.9
DEL_006102,ORD_006629,DRV_0170,4.01,24.6,46.3,43.5
DEL_006103,ORD_006630,DRV_0085,0.56,16.5,21.7,20.7
DEL_006104,ORD_006631,DRV_0186,8.88,24.4,72.4,67.1
DEL_006105,ORD_006632,DRV_0037,5.93,15.7,37.0,41.0
DEL_006106,ORD_006633,DRV_0059,3.51,16.1,37.0,42.3
DEL_006107,ORD_006634,DRV_0015,1.42,21.8,23.5,21.8
DEL_006108,ORD_006635,DRV_0044,6.97,28.9,65.2,64.0
DEL_006109,ORD_006636,DRV_0067,2.16,23.3,31.7,35.2
DEL_006110,ORD_006637,DRV_0279,6.05,23.9,55.5,54.3
DEL_006111,ORD_006638,DRV_0249,4.82,20.0,42.3,44.1
DEL_006112,ORD_006639,DRV_0284,7.59,19.5,46.4,55.1
DEL_006113,ORD_006642,DRV_0021,2.79,16.6,25.1,26.2
DEL_006114,ORD_006643,DRV_0252,6.38,8.5,46.6,49.7
DEL_006115,ORD_006644,DRV_0270,6.69,16.0,44.9,43.4
DEL_006116,ORD_006645,DRV_0288,5.77,20.9,45.6,45.4
DEL_006117,ORD_006646,DRV_0071,3.85,22.4,28.3,31.3
DEL_006118,ORD_006647,DRV_0005,5.8,19.0,41.2,41.8
DEL_006119,ORD_006648,DRV_0151,3.37,29.2,39.2,44.1
DEL_006120,ORD_006649,DRV_0132,4.07,21.4,37.7,43.9
DEL_006121,ORD_006650,DRV_0105,5.77,25.5,55.7,52.1
DEL_006122,ORD_006651,DRV_0261,5.36,32.5,55.4,62.3
DEL_006123,ORD_006652,DRV_0082,4.75,17.7,41.3,38.1
DEL_006124,ORD_006653,DRV_0094,2.75,25.7,37.2,37.1
DEL_006125,ORD_006654,DRV_0012,12.73,18.3,74.0,75.7
DEL_006126,ORD_006655,DRV_0187,3.4,34.6,42.7,44.9
DEL_006127,ORD_006656,DRV_0207,0.76,12.3,9.5,9.6
DEL_006128,ORD_006657,DRV_0217,4.56,16.3,44.0,44.8
DEL_006129,ORD_006658,DRV_0235,1.39,27.8,18.8,27.4
DEL_006130,ORD_006659,DRV_0103,2.85,13.3,40.8,38.6
DEL_006131,ORD_006660,DRV_0161,3.81,18.7,44.7,51.9
DEL_006132,ORD_006661,DRV_0046,4.54,21.4,43.6,40.8
DEL_006133,ORD_006662,DRV_0170,5.6,21.5,45.8,50.6
DEL_006134,ORD_006663,DRV_0258,3.46,13.1,33.4,30.1
DEL_006135,ORD_006664,DRV_0216,3.29,27.2,42.1,47.1
DEL_006136,ORD_006665,DRV_0273,7.76,23.4,64.4,66.0
DEL_006137,ORD_006666,DRV_0001,3.23,12.8,19.5,25.2
DEL_006138,ORD_006667,DRV_0275,7.12,24.9,38.9,47.7
DEL_006139,ORD_006668,DRV_0100,9.43,23.4,67.8,60.2
DEL_006140,ORD_006669,DRV_0256,2.3,23.0,27.5,28.2
DEL_006141,ORD_006670,DRV_0073,3.49,5.6,14.2,15.9
DEL_006142,ORD_006671,DRV_0118,4.63,18.3,42.2,43.5
DEL_006143,ORD_006672,DRV_0242,3.26,17.9,31.0,33.7
DEL_006144,ORD_006673,DRV_0008,14.93,19.4,89.7,94.0
DEL_006145,ORD_006675,DRV_0129,2.51,17.2,28.6,29.8
DEL_006146,ORD_006676,DRV_0221,13.42,28.6,81.9,78.1
DEL_006147,ORD_006677,DRV_0289,10.48,35.0,83.9,87.8
DEL_006148,ORD_006678,DRV_0010,8.17,17.5,63.2,61.1
DEL_006149,ORD_006680,DRV_0167,2.3,7.5,18.4,17.1
DEL_006150,ORD_006681,DRV_0215,8.44,27.5,58.7,62.0
DEL_006151,ORD_006682,DRV_0267,7.32,21.0,53.5,52.2
DEL_006152,ORD_006683,DRV_0034,6.92,5.0,32.1,29.0
DEL_006153,ORD_006684,DRV_0117,11.54,17.4,110.6,104.7
DEL_006154,ORD_006685,DRV_0276,8.64,21.0,54.9,59.5
DEL_006155,ORD_006686,DRV_0217,5.77,16.3,34.8,46.1
DEL_006156,ORD_006687,DRV_0188,6.65,33.6,53.3,57.2
DEL_006157,ORD_006688,DRV_0146,3.21,30.4,40.4,50.9
DEL_006158,ORD_006689,DRV_0036,7.76,22.5,45.5,48.1
DEL_006159,ORD_006690,DRV_0011,3.38,20.5,36.5,37.4
DEL_006160,ORD_006691,DRV_0247,4.54,28.2,55.5,52.6
DEL_006161,ORD_006692,DRV_0170,3.98,17.3,22.7,27.1
DEL_006162,ORD_006693,DRV_0162,5.93,15.1,38.1,38.4
DEL_006163,ORD_006694,DRV_0174,1.33,15.7,8.0,9.8
DEL_006164,ORD_006695,DRV_0016,13.17,18.8,103.9,97.2
DEL_006165,ORD_006696,DRV_0163,7.55,23.3,56.6,54.1
DEL_006166,ORD_006697,DRV_0125,6.75,24.4,71.5,68.9
DEL_006167,ORD_006698,DRV_0243,4.14,25.2,34.7,38.8
DEL_006168,ORD_006699,DRV_0097,5.73,25.2,55.8,48.5
DEL_006169,ORD_006700,DRV_0071,3.78,37.0,50.5,62.7
DEL_006170,ORD_006701,DRV_0182,2.94,22.3,36.8,40.3
DEL_006171,ORD_006702,DRV_0078,3.71,27.3,30.6,40.9
DEL_006172,ORD_006703,DRV_0269,5.65,16.8,42.9,44.7
DEL_006173,ORD_006704,DRV_0003,2.16,17.7,29.9,32.9
DEL_006174,ORD_006705,DRV_0215,8.74,26.6,62.3,66.3
DEL_006175,ORD_006706,DRV_0042,4.62,24.0,52.6,51.2
DEL_006176,ORD_006707,DRV_0292,5.61,27.8,56.9,58.6
DEL_006177,ORD_006708,DRV_0015,12.28,17.7,74.6,79.1
DEL_006178,ORD_006709,DRV_0074,8.65,18.1,58.9,53.6
DEL_006179,ORD_006710,DRV_0204,4.57,22.2,49.6,46.6
DEL_006180,ORD_006711,DRV_0082,7.51,20.2,62.2,62.0
DEL_006181,ORD_006712,DRV_0271,3.99,25.2,43.4,43.7
DEL_006182,ORD_006713,DRV_0174,5.9,27.8,58.3,64.4
DEL_006183,ORD_006714,DRV_0286,7.05,13.9,40.2,39.2
DEL_006184,ORD_006715,DRV_0276,7.58,24.6,34.8,45.9
DEL_006185,ORD_006716,DRV_0201,4.99,33.0,64.1,68.5
DEL_006186,ORD_006717,DRV_0256,4.03,24.1,41.7,43.8
DEL_006187,ORD_006718,DRV_0025,5.48,24.5,53.0,53.7
DEL_006188,ORD_006719,DRV_0156,12.52,5.0,82.1,86.2
DEL_006189,ORD_006720,DRV_0063,6.21,34.3,61.4,64.6
DEL_006190,ORD_006721,DRV_0294,9.41,21.9,59.2,61.2
DEL_006191,ORD_006722,DRV_0183,5.16,25.4,42.7,46.9
DEL_006192,ORD_006723,DRV_0109,1.71,32.9,45.5,47.4
DEL_006193,ORD_006725,DRV_0041,1.68,22.7,28.8,31.6
DEL_006194,ORD_006726,DRV_0285,4.74,31.1,54.7,56.3
DEL_006195,ORD_006727,DRV_0150,8.56,22.1,59.7,58.5
DEL_006196,ORD_006728,DRV_0075,3.4,29.9,50.4,43.4
DEL_006197,ORD_006729,DRV_0295,6.29,23.9,40.0,44.7
DEL_006198,ORD_006730,DRV_0289,4.4,7.5,26.3,23.5
DEL_006199,ORD_006732,DRV_0075,3.02,41.9,56.2,49.7
DEL_006200,ORD_006733,DRV_0164,7.64,28.2,62.8,73.5
DEL_006201,ORD_006734,DRV_0021,13.24,16.5,91.8,85.7
DEL_006202,ORD_006735,DRV_0019,6.16,28.9,58.6,58.7
DEL_006203,ORD_006736,DRV_0279,8.03,9.8,69.1,64.8
DEL_006204,ORD_006737,DRV_0234,9.19,18.4,56.1,64.7
DEL_006205,ORD_006739,DRV_0010,7.46,28.0,42.7,60.9
DEL_006206,ORD_006740,DRV_0118,9.38,19.2,81.2,71.3
DEL_006207,ORD_006741,DRV_0004,6.76,21.8,58.0,58.8
DEL_006208,ORD_006743,DRV_0101,7.87,22.5,55.5,54.1
DEL_006209,ORD_006744,DRV_0254,10.01,16.6,94.1,101.5
DEL_006210,ORD_006745,DRV_0106,8.27,5.2,37.5,41.4
DEL_006211,ORD_006746,DRV_0205,2.43,17.3,20.5,21.3
DEL_006212,ORD_006747,DRV_0223,6.48,20.5,42.4,46.4
DEL_006213,ORD_006748,DRV_0247,6.33,24.4,53.8,48.9
DEL_006214,ORD_006749,DRV_0057,10.11,32.3,70.1,67.7
DEL_006215,ORD_006750,DRV_0015,4.01,30.2,42.1,42.4
DEL_006216,ORD_006751,DRV_0294,2.87,21.1,34.0,32.1
DEL_006217,ORD_006752,DRV_0101,0.94,15.1,14.6,16.3
DEL_006218,ORD_006753,DRV_0135,5.99,20.8,43.3,43.1
DEL_006219,ORD_006754,DRV_0279,5.86,30.4,50.8,49.7
DEL_006220,ORD_006755,DRV_0169,11.42,7.7,73.5,89.4
DEL_006221,ORD_006756,DRV_0050,3.84,18.9,36.6,38.0
DEL_006222,ORD_006757,DRV_0046,4.26,24.3,36.0,44.7
DEL_006223,ORD_006758,DRV_0069,2.49,23.5,30.7,34.0
DEL_006224,ORD_006759,DRV_0180,5.69,22.5,48.0,55.7
DEL_006225,ORD_006763,DRV_0216,13.51,20.1,73.5,84.5
DEL_006226,ORD_006764,DRV_0248,9.35,21.2,40.8,49.8
DEL_006227,ORD_006765,DRV_0106,5.37,23.7,46.2,42.9
DEL_006228,ORD_006766,DRV_0289,1.45,11.3,18.1,19.0
DEL_006229,ORD_006767,DRV_0244,3.57,8.8,18.7,24.9
DEL_006230,ORD_006768,DRV_0056,3.09,17.1,26.2,23.3
DEL_006231,ORD_006769,DRV_0018,1.33,37.4,47.8,42.2
DEL_006232,ORD_006770,DRV_0261,3.76,29.9,33.2,35.4
DEL_006233,ORD_006772,DRV_0058,6.39,29.2,39.1,51.5
DEL_006234,ORD_006773,DRV_0074,6.6,33.5,55.0,60.9
DEL_006235,ORD_006774,DRV_0025,1.12,12.6,10.4,12.6
DEL_006236,ORD_006775,DRV_0134,7.68,23.7,58.7,59.1
DEL_006237,ORD_006776,DRV_0202,5.26,26.1,43.2,51.3
DEL_006238,ORD_006777,DRV_0290,1.99,32.2,39.4,40.3
DEL_006239,ORD_006778,DRV_0190,4.75,23.1,49.4,51.2
DEL_006240,ORD_006779,DRV_0298,5.95,11.8,44.0,37.6
DEL_006241,ORD_006780,DRV_0216,3.24,23.8,26.6,28.8
DEL_006242,ORD_006781,DRV_0198,2.93,27.0,37.9,39.0
DEL_006243,ORD_006782,DRV_0022,1.98,17.7,14.9,14.6
DEL_006244,ORD_006783,DRV_0121,7.01,14.1,50.4,48.1
DEL_006245,ORD_006784,DRV_0151,3.62,18.7,27.7,27.8
DEL_006246,ORD_006785,DRV_0089,1.7,13.2,19.8,20.7
DEL_006247,ORD_006786,DRV_0161,4.05,25.1,61.4,58.5
DEL_006248,ORD_006787,DRV_0146,4.49,28.0,43.5,46.9
DEL_006249,ORD_006788,DRV_0008,3.87,26.4,30.8,31.8
DEL_006250,ORD_006789,DRV_0017,2.96,18.0,35.3,36.9
DEL_006251,ORD_006790,DRV_0099,6.61,15.9,44.3,47.1
DEL_006252,ORD_006791,DRV_0096,3.27,14.9,40.6,40.4
DEL_006253,ORD_006792,DRV_0229,7.18,16.1,48.1,48.2
DEL_006254,ORD_006793,DRV_0139,10.37,9.6,44.4,44.2
DEL_006255,ORD_006795,DRV_0151,4.51,15.8,27.5,31.1
DEL_006256,ORD_006796,DRV_0069,5.75,27.3,44.0,46.7
DEL_006257,ORD_006797,DRV_0224,4.79,23.5,52.4,54.6
DEL_006258,ORD_006799,DRV_0217,1.4,18.9,26.4,29.1
DEL_006259,ORD_006800,DRV_0020,13.49,12.2,86.5,98.9
DEL_006260,ORD_006801,DRV_0193,5.21,20.1,58.5,59.9
DEL_006261,ORD_006802,DRV_0273,5.86,27.8,48.0,47.3
DEL_006262,ORD_006804,DRV_0231,7.61,22.5,56.5,56.0
DEL_006263,ORD_006805,DRV_0006,3.22,39.1,61.4,56.7
DEL_006264,ORD_006806,DRV_0194,4.51,21.1,39.1,33.1
DEL_006265,ORD_006807,DRV_0085,3.23,25.2,40.6,39.1
DEL_006266,ORD_006808,DRV_0226,3.17,8.8,20.5,24.1
DEL_006267,ORD_006809,DRV_0205,6.46,14.3,51.6,54.0
DEL_006268,ORD_006810,DRV_0161,3.84,23.6,31.3,38.8
DEL_006269,ORD_006811,DRV_0168,3.96,25.0,46.9,48.6
DEL_006270,ORD_006812,DRV_0257,6.5,24.5,31.4,40.3
DEL_006271,ORD_006814,DRV_0290,1.13,27.6,44.0,40.7
DEL_006272,ORD_006815,DRV_0090,1.01,11.9,15.6,17.4
DEL_006273,ORD_006817,DRV_0010,9.47,18.5,68.4,68.8
DEL_006274,ORD_006818,DRV_0118,7.4,30.3,65.8,84.8
DEL_006275,ORD_006819,DRV_0069,6.56,18.5,44.2,51.5
DEL_006276,ORD_006820,DRV_0123,3.43,11.5,12.5,13.5
DEL_006277,ORD_006821,DRV_0078,4.56,29.2,46.3,48.7
DEL_006278,ORD_006822,DRV_0209,11.82,15.6,54.1,56.7
DEL_006279,ORD_006823,DRV_0118,5.76,32.7,46.7,56.6
DEL_006280,ORD_006825,DRV_0099,3.27,8.2,32.3,30.2
DEL_006281,ORD_006826,DRV_0081,3.02,23.6,50.3,51.4
DEL_006282,ORD_006827,DRV_0110,3.4,31.8,37.7,40.9
DEL_006283,ORD_006828,DRV_0277,7.2,17.6,49.3,47.0
DEL_006284,ORD_006829,DRV_0229,1.4,24.0,31.3,31.6
DEL_006285,ORD_006830,DRV_0223,12.14,32.6,71.2,83.4
DEL_006286,ORD_006831,DRV_0040,2.9,17.0,40.3,36.1
DEL_006287,ORD_006833,DRV_0014,10.83,25.6,97.8,90.8
DEL_006288,ORD_006834,DRV_0130,9.07,20.5,64.8,76.1
DEL_006289,ORD_006835,DRV_0265,2.85,30.1,50.8,40.4
DEL_006290,ORD_006836,DRV_0023,1.56,15.6,28.4,24.8
DEL_006291,ORD_006837,DRV_0267,3.24,13.8,21.5,23.1
DEL_006292,ORD_006838,DRV_0257,2.87,17.5,28.3,34.1
DEL_006293,ORD_006840,DRV_0136,3.58,20.4,33.6,39.8
DEL_006294,ORD_006841,DRV_0003,1.26,19.1,27.3,26.2
DEL_006295,ORD_006842,DRV_0220,1.83,20.7,35.7,34.2
DEL_006296,ORD_006843,DRV_0069,4.53,29.3,49.9,56.3
DEL_006297,ORD_006844,DRV_0233,8.77,31.5,76.7,81.0
DEL_006298,ORD_006845,DRV_0197,6.07,13.8,41.2,41.3
DEL_006299,ORD_006846,DRV_0194,4.19,18.7,43.4,43.3
DEL_006300,ORD_006847,DRV_0061,1.78,13.4,16.6,18.6
DEL_006301,ORD_006849,DRV_0049,12.06,22.0,67.2,69.1
DEL_006302,ORD_006850,DRV_0256,3.97,18.4,37.1,35.9
DEL_006303,ORD_006851,DRV_0056,5.24,26.7,50.8,49.8
DEL_006304,ORD_006852,DRV_0261,2.31,25.4,46.3,43.8
DEL_006305,ORD_006853,DRV_0268,4.92,26.2,55.8,52.0
DEL_006306,ORD_006855,DRV_0148,6.43,25.8,51.5,55.7
DEL_006307,ORD_006856,DRV_0178,6.94,33.5,55.2,64.9
DEL_006308,ORD_006857,DRV_0234,6.83,19.3,50.7,53.7
DEL_006309,ORD_006858,DRV_0057,7.38,28.2,58.6,64.4
DEL_006310,ORD_006859,DRV_0125,9.61,19.4,86.2,87.4
DEL_006311,ORD_006860,DRV_0270,4.32,25.8,41.2,39.9
DEL_006312,ORD_006861,DRV_0053,1.85,19.8,25.5,23.7
DEL_006313,ORD_006862,DRV_0198,7.44,21.4,53.0,56.0
DEL_006314,ORD_006863,DRV_0125,6.62,16.7,51.6,50.6
DEL_006315,ORD_006864,DRV_0141,5.39,27.5,51.8,55.4
DEL_006316,ORD_006865,DRV_0214,8.93,24.0,62.7,55.7
DEL_006317,ORD_006866,DRV_0032,1.28,28.6,27.7,29.5
DEL_006318,ORD_006867,DRV_0190,4.15,28.3,45.4,42.6
DEL_006319,ORD_006868,DRV_0028,4.7,20.0,35.0,34.1
DEL_006320,ORD_006869,DRV_0225,16.63,37.5,106.3,102.5
DEL_006321,ORD_006870,DRV_0189,3.45,22.2,32.2,36.5
DEL_006322,ORD_006871,DRV_0257,6.86,33.5,66.0,62.9
DEL_006323,ORD_006872,DRV_0234,5.34,14.6,35.2,38.9
DEL_006324,ORD_006873,DRV_0178,9.29,29.1,63.3,57.8
DEL_006325,ORD_006874,DRV_0244,10.51,20.3,46.7,65.5
DEL_006326,ORD_006875,DRV_0082,4.39,40.5,52.9,62.0
DEL_006327,ORD_006876,DRV_0254,3.65,16.7,31.6,30.0
DEL_006328,ORD_006877,DRV_0136,7.29,20.0,51.5,55.3
DEL_006329,ORD_006878,DRV_0188,6.13,32.2,52.4,58.6
DEL_006330,ORD_006879,DRV_0151,7.72,21.5,45.3,50.7
DEL_006331,ORD_006880,DRV_0130,4.49,20.7,36.5,39.2
DEL_006332,ORD_006881,DRV_0046,6.56,26.5,58.0,58.1
DEL_006333,ORD_006882,DRV_0149,4.15,19.5,48.8,44.4
DEL_006334,ORD_006883,DRV_0262,3.03,25.9,40.8,39.4
DEL_006335,ORD_006884,DRV_0155,7.59,17.2,74.4,83.2
DEL_006336,ORD_006885,DRV_0118,2.38,24.8,38.9,39.4
DEL_006337,ORD_006886,DRV_0223,14.75,16.9,72.0,73.5
DEL_006338,ORD_006887,DRV_0097,5.5,22.6,45.9,44.7
DEL_006339,ORD_006888,DRV_0271,9.17,20.0,57.4,52.1
DEL_006340,ORD_006889,DRV_0194,13.82,21.9,89.7,91.0
DEL_006341,ORD_006890,DRV_0073,5.27,19.8,38.2,41.8
DEL_006342,ORD_006891,DRV_0047,10.33,28.9,54.0,63.2
DEL_006343,ORD_006892,DRV_0236,3.23,26.8,41.3,40.6
DEL_006344,ORD_006893,DRV_0219,2.23,20.7,27.8,29.2
DEL_006345,ORD_006894,DRV_0255,13.68,22.2,91.1,84.1
DEL_006346,ORD_006895,DRV_0185,4.36,24.0,37.7,41.5
DEL_006347,ORD_006896,DRV_0152,5.32,18.4,50.0,54.0
DEL_006348,ORD_006898,DRV_0148,2.41,31.9,40.9,46.4
DEL_006349,ORD_006899,DRV_0057,10.04,21.7,70.0,68.1
DEL_006350,ORD_006900,DRV_0123,2.69,28.8,47.3,48.7
DEL_006351,ORD_006901,DRV_0082,6.15,5.5,44.5,44.3
DEL_006352,ORD_006902,DRV_0036,4.34,5.0,31.5,26.1
DEL_006353,ORD_006903,DRV_0192,12.75,35.2,137.1,118.6
DEL_006354,ORD_006904,DRV_0253,5.58,23.8,39.1,39.5
DEL_006355,ORD_006905,DRV_0053,5.77,26.2,47.2,47.9
DEL_006356,ORD_006906,DRV_0074,9.6,30.0,61.1,64.6
DEL_006357,ORD_006907,DRV_0005,16.88,24.9,82.4,99.1
DEL_006358,ORD_006908,DRV_0132,7.31,24.9,44.1,49.9
DEL_006359,ORD_006909,DRV_0080,9.24,32.7,77.9,79.0
DEL_006360,ORD_006910,DRV_0173,10.34,18.0,49.3,58.1
DEL_006361,ORD_006911,DRV_0209,7.65,5.0,34.9,43.2
DEL_006362,ORD_006912,DRV_0093,8.77,16.8,60.8,52.8
DEL_006363,ORD_006913,DRV_0287,4.24,34.6,51.2,48.3
DEL_006364,ORD_006914,DRV_0058,11.95,24.0,78.5,88.0
DEL_006365,ORD_006915,DRV_0229,7.87,37.9,74.5,84.7
DEL_006366,ORD_006916,DRV_0173,4.83,20.4,32.3,43.1
DEL_006367,ORD_006917,DRV_0143,2.56,16.2,25.8,27.7
DEL_006368,ORD_006919,DRV_0190,3.85,38.1,40.3,50.5
DEL_006369,ORD_006920,DRV_0296,11.63,24.7,134.9,107.4
DEL_006370,ORD_006921,DRV_0116,6.2,25.9,63.7,63.4
DEL_006371,ORD_006922,DRV_0088,4.9,15.6,37.1,36.0
DEL_006372,ORD_006924,DRV_0184,4.67,21.1,25.8,31.1
DEL_006373,ORD_006925,DRV_0028,2.95,26.0,38.9,35.9
DEL_006374,ORD_006926,DRV_0084,4.26,20.9,37.6,38.5
DEL_006375,ORD_006928,DRV_0115,3.69,16.0,58.9,52.1
DEL_006376,ORD_006930,DRV_0052,8.88,25.2,61.4,70.1
DEL_006377,ORD_006931,DRV_0063,3.23,25.7,38.8,42.3
DEL_006378,ORD_006932,DRV_0043,7.89,30.1,60.7,61.9
DEL_006379,ORD_006933,DRV_0130,6.87,16.9,50.8,53.6
DEL_006380,ORD_006934,DRV_0052,1.2,20.8,14.4,16.5
DEL_006381,ORD_006936,DRV_0031,11.84,29.4,92.1,97.7
DEL_006382,ORD_006937,DRV_0149,3.22,22.3,31.7,30.8
DEL_006383,ORD_006938,DRV_0147,3.72,18.9,27.2,31.2
DEL_006384,ORD_006939,DRV_0134,3.76,23.9,53.5,51.6
DEL_006385,ORD_006940,DRV_0232,8.52,18.6,68.9,75.9
DEL_006386,ORD_006941,DRV_0185,9.62,14.8,70.8,57.6
DEL_006387,ORD_006942,DRV_0237,4.06,24.6,37.1,34.5
DEL_006388,ORD_006943,DRV_0260,0.98,17.8,21.9,20.4
DEL_006389,ORD_006944,DRV_0027,5.68,29.1,46.7,50.1
DEL_006390,ORD_006946,DRV_0038,14.74,18.5,85.9,86.3
DEL_006391,ORD_006947,DRV_0146,2.8,22.1,27.5,36.6
DEL_006392,ORD_006948,DRV_0093,6.92,26.0,79.5,68.5
DEL_006393,ORD_006950,DRV_0059,4.91,5.0,33.4,32.4
DEL_006394,ORD_006952,DRV_0081,6.74,16.2,52.7,56.8
DEL_006395,ORD_006953,DRV_0106,2.96,13.8,22.0,26.1
DEL_006396,ORD_006954,DRV_0105,11.71,21.4,60.2,69.5
DEL_006397,ORD_006955,DRV_0244,4.82,9.8,29.0,32.7
DEL_006398,ORD_006956,DRV_0043,2.24,19.3,33.6,36.9
DEL_006399,ORD_006957,DRV_0129,15.2,18.6,83.3,84.0
DEL_006400,ORD_006958,DRV_0269,3.35,20.9,35.0,31.3
DEL_006401,ORD_006959,DRV_0138,5.96,28.5,73.0,62.6
DEL_006402,ORD_006960,DRV_0135,7.08,22.3,61.1,54.6
DEL_006403,ORD_006961,DRV_0021,12.92,21.0,77.1,75.8
DEL_006404,ORD_006963,DRV_0071,3.9,5.0,26.5,25.4
DEL_006405,ORD_006964,DRV_0259,10.54,32.4,62.0,70.9
DEL_006406,ORD_006965,DRV_0173,20.0,40.5,115.4,133.3
DEL_006407,ORD_006966,DRV_0161,3.97,33.2,60.5,57.9
DEL_006408,ORD_006967,DRV_0245,4.53,18.4,34.9,36.5
DEL_006409,ORD_006968,DRV_0048,5.1,22.6,59.4,57.4
DEL_006410,ORD_006969,DRV_0069,4.56,33.2,47.2,45.7
DEL_006411,ORD_006970,DRV_0285,7.54,8.8,52.3,51.9
DEL_006412,ORD_006971,DRV_0086,1.27,34.4,31.6,31.5
DEL_006413,ORD_006972,DRV_0168,3.14,22.3,29.9,40.0
DEL_006414,ORD_006973,DRV_0209,11.35,28.9,75.7,76.1
DEL_006415,ORD_006974,DRV_0172,6.77,23.2,49.8,52.5
DEL_006416,ORD_006976,DRV_0297,7.63,31.7,53.9,55.4
DEL_006417,ORD_006977,DRV_0185,5.88,28.3,45.7,57.9
DEL_006418,ORD_006978,DRV_0042,3.58,19.0,24.3,27.7
DEL_006419,ORD_006979,DRV_0164,4.37,24.1,36.4,42.3
DEL_006420,ORD_006980,DRV_0002,3.08,21.8,37.4,32.0
DEL_006421,ORD_006981,DRV_0295,4.63,19.1,42.3,40.8
DEL_006422,ORD_006982,DRV_0240,1.08,25.8,25.3,24.1
DEL_006423,ORD_006983,DRV_0100,4.2,18.9,39.0,37.5
DEL_006424,ORD_006984,DRV_0098,1.91,30.3,30.9,27.9
DEL_006425,ORD_006985,DRV_0148,2.28,19.4,25.2,23.7
DEL_006426,ORD_006986,DRV_0056,7.65,14.3,52.6,62.0
DEL_006427,ORD_006987,DRV_0277,4.83,21.8,46.8,46.8
DEL_006428,ORD_006988,DRV_0197,11.66,26.2,105.5,102.3
DEL_006429,ORD_006989,DRV_0101,1.96,24.4,22.3,27.1
DEL_006430,ORD_006990,DRV_0164,3.69,25.5,47.7,40.8
DEL_006431,ORD_006991,DRV_0124,3.8,19.3,32.0,42.1
DEL_006432,ORD_006992,DRV_0002,3.79,21.0,42.5,40.0
DEL_006433,ORD_006993,DRV_0218,19.33,25.7,89.5,94.8
DEL_006434,ORD_006994,DRV_0232,1.6,23.1,25.0,25.6
DEL_006435,ORD_006995,DRV_0093,2.24,21.2,33.7,38.5
DEL_006436,ORD_006996,DRV_0252,8.48,13.5,62.6,61.7
DEL_006437,ORD_006997,DRV_0166,10.06,35.3,84.2,79.0
DEL_006438,ORD_006998,DRV_0179,0.74,28.1,26.8,30.6
DEL_006439,ORD_006999,DRV_0141,3.1,16.3,23.4,24.8
DEL_006440,ORD_007000,DRV_0223,5.11,28.4,62.3,65.4
DEL_006441,ORD_007001,DRV_0127,0.8,25.3,30.6,30.7
DEL_006442,ORD_007002,DRV_0169,13.29,11.6,85.5,96.9
DEL_006443,ORD_007003,DRV_0219,3.96,17.3,34.7,38.0
DEL_006444,ORD_007004,DRV_0040,9.84,5.0,42.2,42.4
DEL_006445,ORD_007005,DRV_0218,1.77,19.3,20.8,27.0
DEL_006446,ORD_007006,DRV_0162,5.77,22.6,56.6,60.3
DEL_006447,ORD_007007,DRV_0009,6.23,20.6,37.8,45.1
DEL_006448,ORD_007008,DRV_0269,8.18,5.0,31.0,38.5
DEL_006449,ORD_007009,DRV_0279,11.8,19.6,74.4,86.5
DEL_006450,ORD_007010,DRV_0163,5.81,18.3,38.3,33.9
DEL_006451,ORD_007011,DRV_0249,5.42,11.8,33.1,33.4
DEL_006452,ORD_007012,DRV_0151,7.31,21.6,40.2,45.1
DEL_006453,ORD_007013,DRV_0050,11.54,18.6,119.6,113.6
DEL_006454,ORD_007014,DRV_0002,8.76,33.8,79.7,85.3
DEL_006455,ORD_007015,DRV_0139,2.7,20.9,28.7,33.5
DEL_006456,ORD_007016,DRV_0295,1.22,18.7,20.9,18.9
DEL_006457,ORD_007018,DRV_0175,2.24,26.1,37.8,44.3
DEL_006458,ORD_007019,DRV_0033,4.24,26.3,49.5,47.4
DEL_006459,ORD_007021,DRV_0212,8.27,19.8,43.6,46.1
DEL_006460,ORD_007022,DRV_0279,2.44,16.8,17.6,22.1
DEL_006461,ORD_007023,DRV_0035,9.31,30.8,108.0,101.0
DEL_006462,ORD_007024,DRV_0139,1.31,16.9,26.3,25.3
DEL_006463,ORD_007025,DRV_0008,5.67,29.6,52.1,59.9
DEL_006464,ORD_007026,DRV_0248,6.78,26.2,50.0,48.4
DEL_006465,ORD_007027,DRV_0003,3.97,17.8,35.5,37.7
DEL_006466,ORD_007028,DRV_0173,2.84,24.1,41.4,35.4
DEL_006467,ORD_007029,DRV_0171,4.53,28.7,38.6,40.4
DEL_006468,ORD_007030,DRV_0093,6.73,21.8,51.9,52.3
DEL_006469,ORD_007031,DRV_0291,11.62,5.0,53.5,54.8
DEL_006470,ORD_007032,DRV_0268,0.89,22.5,22.9,23.2
DEL_006471,ORD_007033,DRV_0140,1.72,26.0,32.5,32.4
DEL_006472,ORD_007034,DRV_0023,4.28,11.4,29.8,29.1
DEL_006473,ORD_007035,DRV_0256,3.8,20.0,31.1,28.8
DEL_006474,ORD_007036,DRV_0275,6.11,30.5,64.9,64.0
DEL_006475,ORD_007037,DRV_0111,8.75,29.6,100.5,104.8
DEL_006476,ORD_007038,DRV_0061,11.23,10.3,58.3,63.9
DEL_006477,ORD_007039,DRV_0190,7.72,17.9,44.1,51.7
DEL_006478,ORD_007040,DRV_0018,0.5,20.4,20.6,22.8
DEL_006479,ORD_007041,DRV_0064,1.48,21.3,18.5,25.2
DEL_006480,ORD_007042,DRV_0239,3.22,26.1,49.2,37.6
DEL_006481,ORD_007043,DRV_0116,9.11,21.1,45.5,52.4
DEL_006482,ORD_007044,DRV_0276,1.24,10.2,16.4,16.2
DEL_006483,ORD_007045,DRV_0249,3.82,27.4,47.9,41.3
DEL_006484,ORD_007047,DRV_0254,7.12,16.3,36.9,41.2
DEL_006485,ORD_007048,DRV_0215,5.21,9.1,37.4,35.4
DEL_006486,ORD_007050,DRV_0102,20.0,19.3,98.2,99.5
DEL_006487,ORD_007051,DRV_0198,3.49,30.8,50.3,52.9
DEL_006488,ORD_007052,DRV_0296,2.55,19.0,43.8,38.8
DEL_006489,ORD_007053,DRV_0001,3.09,23.5,41.8,41.7
DEL_006490,ORD_007054,DRV_0297,5.82,18.1,57.0,58.8
DEL_006491,ORD_007055,DRV_0049,2.56,25.4,39.9,37.8
DEL_006492,ORD_007056,DRV_0267,5.73,20.0,55.6,54.2
DEL_006493,ORD_007057,DRV_0061,5.16,16.0,34.0,36.4
DEL_006494,ORD_007058,DRV_0223,7.02,27.7,39.6,56.3
DEL_006495,ORD_007059,DRV_0057,10.1,32.8,70.7,74.9
DEL_006496,ORD_007060,DRV_0159,3.56,34.2,44.6,49.0
DEL_006497,ORD_007061,DRV_0253,15.28,23.2,73.7,82.9
DEL_006498,ORD_007062,DRV_0191,8.7,15.8,40.7,47.7
DEL_006499,ORD_007063,DRV_0210,2.81,21.7,24.9,32.3
DEL_006500,ORD_007064,DRV_0112,15.21,21.5,79.3,89.5
DEL_006501,ORD_007065,DRV_0204,8.63,30.8,69.8,68.1
DEL_006502,ORD_007066,DRV_0134,2.38,20.1,27.4,28.9
DEL_006503,ORD_007067,DRV_0115,1.8,24.1,29.7,28.2
DEL_006504,ORD_007068,DRV_0067,6.95,20.4,54.3,59.1
DEL_006505,ORD_007069,DRV_0077,5.16,25.6,59.1,52.8
DEL_006506,ORD_007070,DRV_0122,7.41,27.8,55.2,59.5
DEL_006507,ORD_007071,DRV_0019,2.72,22.5,29.2,35.7
DEL_006508,ORD_007072,DRV_0098,1.92,23.2,29.7,29.5
DEL_006509,ORD_007073,DRV_0136,7.4,27.0,57.2,56.8
DEL_006510,ORD_007075,DRV_0111,2.13,15.7,32.4,28.2
DEL_006511,ORD_007076,DRV_0157,8.65,23.9,50.4,50.5
DEL_006512,ORD_007077,DRV_0217,1.4,23.4,32.9,32.0
DEL_006513,ORD_007078,DRV_0012,7.01,21.8,65.3,67.7
DEL_006514,ORD_007080,DRV_0073,5.41,21.7,42.7,46.6
DEL_006515,ORD_007081,DRV_0060,1.58,22.8,24.7,27.6
DEL_006516,ORD_007082,DRV_0094,3.23,16.9,31.3,34.5
DEL_006517,ORD_007084,DRV_0093,0.94,26.4,34.3,35.4
DEL_006518,ORD_007085,DRV_0017,2.97,11.7,27.8,26.5
DEL_006519,ORD_007087,DRV_0072,2.03,12.1,26.4,28.7
DEL_006520,ORD_007088,DRV_0169,1.37,16.2,19.0,22.6
DEL_006521,ORD_007090,DRV_0265,5.23,25.4,46.1,47.5
DEL_006522,ORD_007091,DRV_0250,6.26,24.3,39.9,42.9
DEL_006523,ORD_007092,DRV_0251,2.96,29.7,43.1,45.3
DEL_006524,ORD_007093,DRV_0070,2.69,11.0,13.7,14.2
DEL_006525,ORD_007094,DRV_0118,8.3,12.8,46.2,50.6
DEL_006526,ORD_007095,DRV_0258,7.65,26.0,54.2,61.1
DEL_006527,ORD_007096,DRV_0026,4.63,15.7,22.9,26.5
DEL_006528,ORD_007097,DRV_0022,1.66,14.5,22.0,25.7
DEL_006529,ORD_007098,DRV_0264,4.17,13.8,25.7,27.0
DEL_006530,ORD_007099,DRV_0072,4.61,20.7,44.4,38.5
DEL_006531,ORD_007100,DRV_0092,16.47,9.1,61.0,65.9
DEL_006532,ORD_007101,DRV_0144,8.2,5.0,47.7,48.4
DEL_006533,ORD_007102,DRV_0239,2.22,15.6,35.8,33.3
DEL_006534,ORD_007103,DRV_0180,9.29,34.1,99.0,88.7
DEL_006535,ORD_007104,DRV_0069,10.55,25.8,74.7,65.5
DEL_006536,ORD_007105,DRV_0098,4.22,21.8,44.8,45.9
DEL_006537,ORD_007106,DRV_0059,9.66,24.3,74.3,72.4
DEL_006538,ORD_007107,DRV_0242,0.5,29.0,33.2,30.3
DEL_006539,ORD_007108,DRV_0218,8.95,29.2,62.7,72.5
DEL_006540,ORD_007109,DRV_0285,3.77,29.5,40.4,45.4
DEL_006541,ORD_007110,DRV_0179,1.76,10.5,17.8,19.7
DEL_006542,ORD_007111,DRV_0025,4.4,23.5,34.6,43.8
DEL_006543,ORD_007112,DRV_0100,3.71,21.6,40.4,41.0
DEL_006544,ORD_007113,DRV_0260,12.78,8.9,54.0,61.3
DEL_006545,ORD_007114,DRV_0159,8.68,17.1,43.4,46.4
DEL_006546,ORD_007116,DRV_0017,3.29,17.3,34.3,37.2
DEL_006547,ORD_007117,DRV_0194,6.77,32.9,76.2,73.1
DEL_006548,ORD_007118,DRV_0116,8.68,32.0,59.8,66.5
DEL_006549,ORD_007119,DRV_0012,9.06,19.3,47.9,45.4
DEL_006550,ORD_007120,DRV_0145,3.95,15.1,32.3,31.9
DEL_006551,ORD_007121,DRV_0046,4.54,15.0,40.0,44.5
DEL_006552,ORD_007122,DRV_0148,4.75,19.8,46.0,43.5
DEL_006553,ORD_007123,DRV_0007,2.65,37.4,47.1,44.1
DEL_006554,ORD_007125,DRV_0004,15.23,28.1,97.3,95.4
DEL_006555,ORD_007126,DRV_0226,1.27,27.1,31.7,33.9
DEL_006556,ORD_007127,DRV_0045,9.38,23.7,97.1,113.1
DEL_006557,ORD_007128,DRV_0055,2.76,23.1,32.4,36.4
DEL_006558,ORD_007129,DRV_0170,3.6,13.6,25.5,24.6
DEL_006559,ORD_007130,DRV_0075,9.81,30.6,84.1,74.1
DEL_006560,ORD_007131,DRV_0072,1.26,16.1,14.1,15.9
DEL_006561,ORD_007132,DRV_0018,6.73,24.0,65.4,64.5
DEL_006562,ORD_007133,DRV_0133,2.59,26.8,40.2,38.0
DEL_006563,ORD_007134,DRV_0261,1.17,36.5,43.8,51.2
DEL_006564,ORD_007135,DRV_0248,6.72,31.1,58.5,61.4
DEL_006565,ORD_007136,DRV_0041,5.21,21.4,58.9,64.0
DEL_006566,ORD_007137,DRV_0224,2.45,15.4,22.0,21.0
DEL_006567,ORD_007138,DRV_0265,5.81,27.9,64.5,55.8
DEL_006568,ORD_007139,DRV_0243,7.37,16.8,48.2,48.9
DEL_006569,ORD_007140,DRV_0244,20.0,11.7,126.7,120.6
DEL_006570,ORD_007141,DRV_0285,5.52,26.9,44.0,50.8
DEL_006571,ORD_007142,DRV_0219,5.24,14.4,37.3,41.0
DEL_006572,ORD_007143,DRV_0027,8.45,25.1,74.3,62.0
DEL_006573,ORD_007144,DRV_0208,1.48,27.3,43.1,38.7
DEL_006574,ORD_007145,DRV_0142,8.9,26.9,60.4,74.3
DEL_006575,ORD_007146,DRV_0089,1.84,12.7,27.4,25.5
DEL_006576,ORD_007148,DRV_0278,4.22,25.4,46.5,46.6
DEL_006577,ORD_007149,DRV_0055,2.92,28.9,37.0,42.2
DEL_006578,ORD_007150,DRV_0293,1.15,26.1,32.1,28.3
DEL_006579,ORD_007151,DRV_0226,6.94,8.1,50.1,59.0
DEL_006580,ORD_007152,DRV_0013,10.75,29.9,91.3,77.9
DEL_006581,ORD_007153,DRV_0256,3.46,22.1,32.5,33.4
DEL_006582,ORD_007154,DRV_0180,5.38,21.6,45.6,50.6
DEL_006583,ORD_007155,DRV_0013,6.65,17.1,77.0,76.7
DEL_006584,ORD_007156,DRV_0204,2.7,30.3,36.7,38.3
DEL_006585,ORD_007157,DRV_0103,1.84,17.8,25.3,26.1
DEL_006586,ORD_007158,DRV_0143,7.58,26.2,46.4,60.5
DEL_006587,ORD_007159,DRV_0032,3.19,25.8,38.0,35.2
DEL_006588,ORD_007160,DRV_0294,10.22,29.0,69.2,71.0
DEL_006589,ORD_007161,DRV_0027,2.75,32.2,39.5,43.3
DEL_006590,ORD_007162,DRV_0198,4.6,34.4,54.2,51.5
DEL_006591,ORD_007163,DRV_0205,5.8,35.6,51.0,55.9
DEL_006592,ORD_007164,DRV_0266,10.23,21.1,99.8,99.7
DEL_006593,ORD_007165,DRV_0066,5.64,18.1,45.0,43.2
DEL_006594,ORD_007166,DRV_0127,6.26,15.6,36.6,35.0
DEL_006595,ORD_007167,DRV_0277,1.46,26.8,32.1,34.2
DEL_006596,ORD_007168,DRV_0125,2.08,20.0,21.4,21.9
DEL_006597,ORD_007169,DRV_0051,4.24,22.0,44.8,40.8
DEL_006598,ORD_007170,DRV_0116,4.87,19.4,59.9,49.6
DEL_006599,ORD_007171,DRV_0142,2.22,20.7,30.6,33.1
DEL_006600,ORD_007172,DRV_0076,10.5,20.3,61.8,64.2
DEL_006601,ORD_007173,DRV_0101,2.36,15.0,19.4,21.1
DEL_006602,ORD_007174,DRV_0164,7.23,16.6,50.7,57.0
DEL_006603,ORD_007175,DRV_0134,9.59,24.6,61.1,61.1
DEL_006604,ORD_007176,DRV_0004,14.97,29.9,82.0,90.7
DEL_006605,ORD_007179,DRV_0259,2.97,21.0,29.5,29.7
DEL_006606,ORD_007180,DRV_0299,0.89,32.8,34.6,33.1
DEL_006607,ORD_007181,DRV_0007,4.55,21.0,46.7,41.9
DEL_006608,ORD_007182,DRV_0238,1.68,22.4,29.3,27.2
DEL_006609,ORD_007183,DRV_0057,17.5,17.4,134.9,109.8
DEL_006610,ORD_007184,DRV_0233,5.43,13.1,42.2,37.7
DEL_006611,ORD_007185,DRV_0175,7.95,11.4,43.7,41.3
DEL_006612,ORD_007186,DRV_0031,4.33,28.0,42.8,47.0
DEL_006613,ORD_007187,DRV_0174,6.36,42.6,66.3,65.5
DEL_006614,ORD_007188,DRV_0127,11.24,26.2,78.9,73.1
DEL_006615,ORD_007189,DRV_0125,9.49,33.2,72.6,72.8
DEL_006616,ORD_007191,DRV_0235,5.8,13.5,37.4,46.2
DEL_006617,ORD_007192,DRV_0120,6.39,23.6,69.7,80.7
DEL_006618,ORD_007193,DRV_0250,8.7,32.1,60.5,71.6
DEL_006619,ORD_007194,DRV_0281,9.59,21.1,65.8,62.0
DEL_006620,ORD_007195,DRV_0129,5.58,23.9,52.9,48.6
DEL_006621,ORD_007196,DRV_0149,4.67,26.2,44.8,46.7
DEL_006622,ORD_007197,DRV_0187,4.67,26.2,38.1,39.8
DEL_006623,ORD_007199,DRV_0279,7.43,22.7,73.0,78.6
DEL_006624,ORD_007200,DRV_0278,4.95,21.1,35.6,39.8
DEL_006625,ORD_007201,DRV_0107,7.54,25.4,49.8,54.2
DEL_006626,ORD_007202,DRV_0210,4.23,22.2,39.2,42.1
DEL_006627,ORD_007203,DRV_0174,4.6,14.2,32.4,31.2
DEL_006628,ORD_007204,DRV_0205,2.62,21.1,39.3,38.9
DEL_006629,ORD_007205,DRV_0237,9.35,22.6,60.6,65.7
DEL_006630,ORD_007206,DRV_0128,3.42,20.3,51.6,52.2
DEL_006631,ORD_007207,DRV_0280,3.93,19.8,33.1,39.9
DEL_006632,ORD_007208,DRV_0109,5.37,26.2,51.6,51.6
DEL_006633,ORD_007210,DRV_0220,4.19,21.7,29.0,34.3
DEL_006634,ORD_007211,DRV_0033,1.71,18.6,21.5,25.0
DEL_006635,ORD_007212,DRV_0078,5.59,15.5,48.4,38.4
DEL_006636,ORD_007215,DRV_0212,5.19,10.5,50.6,52.6
DEL_006637,ORD_007216,DRV_0266,10.6,5.0,75.2,67.6
DEL_006638,ORD_007217,DRV_0164,2.08,31.2,42.7,44.0
DEL_006639,ORD_007219,DRV_0069,4.73,15.1,59.7,61.3
DEL_006640,ORD_007220,DRV_0042,3.31,13.5,30.3,30.9
DEL_006641,ORD_007221,DRV_0263,11.99,34.7,109.5,116.9
DEL_006642,ORD_007222,DRV_0245,8.14,16.6,55.4,49.1
DEL_006643,ORD_007223,DRV_0232,5.86,25.7,52.2,53.1
DEL_006644,ORD_007224,DRV_0277,6.91,24.0,64.4,60.2
DEL_006645,ORD_007225,DRV_0060,8.77,27.3,61.1,74.9
DEL_006646,ORD_007226,DRV_0002,6.84,23.1,46.2,45.7
DEL_006647,ORD_007227,DRV_0029,5.07,21.6,52.0,56.7
DEL_006648,ORD_007228,DRV_0097,8.89,20.8,69.5,71.6
DEL_006649,ORD_007229,DRV_0032,6.66,17.7,59.1,57.9
DEL_006650,ORD_007230,DRV_0196,7.44,25.0,49.3,60.8
DEL_006651,ORD_007231,DRV_0268,1.66,36.7,45.9,47.4
DEL_006652,ORD_007232,DRV_0080,7.7,26.5,72.2,66.0
DEL_006653,ORD_007233,DRV_0159,12.29,37.2,92.1,95.2
DEL_006654,ORD_007234,DRV_0138,7.79,26.2,50.2,55.6
DEL_006655,ORD_007235,DRV_0017,9.76,24.6,66.5,75.2
DEL_006656,ORD_007236,DRV_0199,3.22,31.3,34.8,37.5
DEL_006657,ORD_007237,DRV_0065,10.45,25.4,63.8,75.9
DEL_006658,ORD_007238,DRV_0107,4.08,28.1,41.5,50.7
DEL_006659,ORD_007240,DRV_0096,4.68,33.2,64.2,57.9
DEL_006660,ORD_007241,DRV_0279,8.1,35.2,63.5,58.7
DEL_006661,ORD_007242,DRV_0246,7.97,28.1,56.2,77.2
DEL_006662,ORD_007243,DRV_0087,4.28,18.5,27.5,29.5
DEL_006663,ORD_007244,DRV_0113,5.0,23.3,33.0,39.8
DEL_006664,ORD_007245,DRV_0067,3.62,19.7,51.6,44.2
DEL_006665,ORD_007246,DRV_0238,4.93,26.8,53.2,47.5
DEL_006666,ORD_007247,DRV_0215,4.51,27.3,43.2,39.4
DEL_006667,ORD_007248,DRV_0083,7.38,14.9,45.7,50.4
DEL_006668,ORD_007250,DRV_0128,1.17,17.6,18.9,21.6
DEL_006669,ORD_007251,DRV_0212,11.18,22.6,70.7,80.1
DEL_006670,ORD_007252,DRV_0011,7.69,28.7,72.4,62.5
DEL_006671,ORD_007253,DRV_0197,4.74,19.0,30.6,33.5
DEL_006672,ORD_007254,DRV_0240,1.77,30.4,45.3,42.4
DEL_006673,ORD_007255,DRV_0164,5.78,29.0,85.7,89.4
DEL_006674,ORD_007256,DRV_0266,3.87,18.7,43.8,37.3
DEL_006675,ORD_007257,DRV_0059,10.39,27.2,67.9,67.0
DEL_006676,ORD_007258,DRV_0005,4.09,17.2,30.1,34.8
DEL_006677,ORD_007261,DRV_0133,7.05,40.3,72.9,66.9
DEL_006678,ORD_007262,DRV_0071,0.54,26.8,32.2,37.4
DEL_006679,ORD_007263,DRV_0299,5.41,36.8,63.3,61.4
DEL_006680,ORD_007264,DRV_0123,10.85,13.9,55.9,61.1
DEL_006681,ORD_007265,DRV_0176,7.56,15.5,42.1,44.6
DEL_006682,ORD_007266,DRV_0233,6.44,23.0,48.9,46.9
DEL_006683,ORD_007267,DRV_0277,2.3,24.8,39.7,41.7
DEL_006684,ORD_007268,DRV_0055,4.63,25.6,48.0,50.0
DEL_006685,ORD_007270,DRV_0100,10.21,23.2,93.2,81.5
DEL_006686,ORD_007272,DRV_0261,15.32,23.0,91.4,97.1
DEL_006687,ORD_007273,DRV_0134,8.53,20.7,72.9,62.0
DEL_006688,ORD_007275,DRV_0042,6.5,29.6,60.4,65.6
DEL_006689,ORD_007278,DRV_0217,5.93,22.4,54.2,52.2
DEL_006690,ORD_007279,DRV_0129,8.48,32.1,69.8,69.6
DEL_006691,ORD_007280,DRV_0133,15.2,21.5,85.3,81.3
DEL_006692,ORD_007281,DRV_0101,6.25,26.2,40.7,46.7
DEL_006693,ORD_007282,DRV_0105,15.96,25.6,94.7,90.7
DEL_006694,ORD_007283,DRV_0053,4.55,13.0,19.4,18.6
DEL_006695,ORD_007284,DRV_0047,10.49,33.1,85.2,78.3
DEL_006696,ORD_007285,DRV_0260,9.58,11.0,43.0,42.1
DEL_006697,ORD_007286,DRV_0181,3.04,11.1,23.3,19.6
DEL_006698,ORD_007287,DRV_0102,5.36,28.4,45.3,48.3
DEL_006699,ORD_007288,DRV_0116,5.53,24.8,62.2,71.4
DEL_006700,ORD_007289,DRV_0108,9.39,18.3,46.5,55.1
DEL_006701,ORD_007290,DRV_0216,9.46,26.3,66.9,63.9
DEL_006702,ORD_007291,DRV_0135,7.17,18.9,46.8,51.5
DEL_006703,ORD_007292,DRV_0002,1.69,31.3,43.4,39.0
DEL_006704,ORD_007293,DRV_0249,6.53,27.0,52.4,52.5
DEL_006705,ORD_007295,DRV_0082,7.79,6.4,63.5,51.5
DEL_006706,ORD_007296,DRV_0280,14.38,28.5,108.9,112.1
DEL_006707,ORD_007297,DRV_0016,9.92,21.5,50.4,65.5
DEL_006708,ORD_007299,DRV_0131,9.44,28.0,60.5,65.9
DEL_006709,ORD_007300,DRV_0262,5.86,17.8,26.2,33.0
DEL_006710,ORD_007301,DRV_0244,4.19,5.0,28.4,28.6
DEL_006711,ORD_007302,DRV_0019,1.71,36.0,39.7,38.7
DEL_006712,ORD_007303,DRV_0230,15.38,14.4,69.1,92.5
DEL_006713,ORD_007305,DRV_0260,2.24,17.0,31.6,26.1
DEL_006714,ORD_007306,DRV_0168,4.94,25.6,37.6,43.2
DEL_006715,ORD_007307,DRV_0006,8.56,35.0,83.6,80.4
DEL_006716,ORD_007308,DRV_0128,1.85,24.4,50.7,52.2
DEL_006717,ORD_007309,DRV_0024,1.82,20.8,40.3,36.1
DEL_006718,ORD_007310,DRV_0072,5.4,15.5,47.7,47.8
DEL_006719,ORD_007311,DRV_0053,7.25,27.7,51.0,55.5
DEL_006720,ORD_007312,DRV_0298,1.68,28.1,29.6,33.8
DEL_006721,ORD_007313,DRV_0061,10.08,24.9,56.6,72.7
DEL_006722,ORD_007314,DRV_0103,3.57,10.8,20.6,19.5
DEL_006723,ORD_007315,DRV_0101,2.33,17.9,28.0,32.1
DEL_006724,ORD_007316,DRV_0222,6.01,30.7,76.6,67.2
DEL_006725,ORD_007317,DRV_0297,6.14,27.0,50.6,48.5
DEL_006726,ORD_007318,DRV_0009,6.67,19.9,42.7,45.8
DEL_006727,ORD_007320,DRV_0237,8.8,21.4,92.4,80.6
DEL_006728,ORD_007321,DRV_0288,4.99,23.8,39.5,40.6
DEL_006729,ORD_007323,DRV_0059,4.15,25.2,45.4,54.4
DEL_006730,ORD_007324,DRV_0080,2.02,27.1,30.3,36.0
DEL_006731,ORD_007327,DRV_0074,5.03,21.8,40.5,44.6
DEL_006732,ORD_007328,DRV_0258,7.56,10.0,43.3,42.8
DEL_006733,ORD_007330,DRV_0111,2.18,20.5,45.5,46.0
DEL_006734,ORD_007331,DRV_0055,15.97,9.8,68.3,80.1
DEL_006735,ORD_007332,DRV_0252,2.08,22.9,33.0,36.7
DEL_006736,ORD_007333,DRV_0249,1.36,9.7,18.3,23.3
DEL_006737,ORD_007334,DRV_0153,6.28,21.7,44.5,46.4
DEL_006738,ORD_007335,DRV_0063,9.3,5.0,34.3,41.2
DEL_006739,ORD_007336,DRV_0073,12.25,16.6,50.0,59.1
DEL_006740,ORD_007337,DRV_0069,3.05,20.1,34.8,35.8
DEL_006741,ORD_007338,DRV_0136,4.06,29.4,48.0,50.1
DEL_006742,ORD_007339,DRV_0300,7.64,12.5,43.1,45.1
DEL_006743,ORD_007341,DRV_0171,3.68,21.5,37.3,36.7
DEL_006744,ORD_007342,DRV_0069,11.89,32.4,90.3,96.8
DEL_006745,ORD_007343,DRV_0237,1.92,22.7,28.3,27.7
DEL_006746,ORD_007346,DRV_0275,3.53,26.4,56.1,56.9
DEL_006747,ORD_007347,DRV_0058,7.56,8.2,68.7,65.7
DEL_006748,ORD_007348,DRV_0199,8.48,22.5,43.9,52.7
DEL_006749,ORD_007349,DRV_0215,10.15,21.0,79.4,74.9
DEL_006750,ORD_007350,DRV_0009,7.47,28.8,71.4,62.3
DEL_006751,ORD_007351,DRV_0059,3.15,19.4,36.1,42.8
DEL_006752,ORD_007352,DRV_0191,2.25,12.7,18.9,19.0
DEL_006753,ORD_007353,DRV_0063,1.56,9.9,18.0,17.5
DEL_006754,ORD_007354,DRV_0192,3.0,18.5,22.5,24.6
DEL_006755,ORD_007355,DRV_0274,7.91,22.6,55.4,56.0
DEL_006756,ORD_007357,DRV_0220,5.39,26.0,40.4,41.5
DEL_006757,ORD_007358,DRV_0293,4.11,18.6,38.4,39.4
DEL_006758,ORD_007359,DRV_0211,2.1,38.4,49.8,56.0
DEL_006759,ORD_007360,DRV_0164,6.01,28.4,48.9,55.8
DEL_006760,ORD_007361,DRV_0001,0.9,24.4,21.1,23.8
DEL_006761,ORD_007362,DRV_0136,3.78,30.0,60.3,52.9
DEL_006762,ORD_007363,DRV_0226,4.96,15.9,34.4,33.8
DEL_006763,ORD_007364,DRV_0052,13.94,26.4,70.8,72.4
DEL_006764,ORD_007365,DRV_0244,16.04,21.7,95.2,99.6
DEL_006765,ORD_007366,DRV_0127,2.51,39.7,46.7,44.7
DEL_006766,ORD_007367,DRV_0061,7.76,30.6,82.9,77.3
DEL_006767,ORD_007368,DRV_0208,10.71,26.9,110.4,96.9
DEL_006768,ORD_007369,DRV_0211,5.69,27.0,50.4,66.3
DEL_006769,ORD_007370,DRV_0176,4.32,25.0,53.3,46.3
DEL_006770,ORD_007371,DRV_0012,0.93,14.7,11.5,15.3
DEL_006771,ORD_007372,DRV_0165,4.54,16.6,37.7,38.9
DEL_006772,ORD_007373,DRV_0175,8.91,28.0,78.1,76.1
DEL_006773,ORD_007374,DRV_0293,1.55,34.8,38.6,40.9
DEL_006774,ORD_007375,DRV_0023,1.49,29.5,36.3,37.8
DEL_006775,ORD_007376,DRV_0270,8.31,19.3,75.0,73.3
DEL_006776,ORD_007377,DRV_0278,6.63,16.5,41.1,41.4
DEL_006777,ORD_007378,DRV_0204,12.37,29.3,108.4,132.7
DEL_006778,ORD_007379,DRV_0189,2.62,24.4,39.6,40.7
DEL_006779,ORD_007380,DRV_0034,5.94,16.4,48.6,47.8
DEL_006780,ORD_007381,DRV_0282,3.37,7.7,22.0,20.3
DEL_006781,ORD_007382,DRV_0144,1.65,33.2,39.5,39.3
DEL_006782,ORD_007383,DRV_0200,17.45,26.6,111.6,107.7
DEL_006783,ORD_007384,DRV_0286,5.91,17.0,55.3,59.3
DEL_006784,ORD_007385,DRV_0263,3.7,16.1,46.7,45.4
DEL_006785,ORD_007386,DRV_0190,2.8,9.9,23.9,26.0
DEL_006786,ORD_007387,DRV_0277,4.08,14.0,39.6,40.2
DEL_006787,ORD_007389,DRV_0010,3.03,34.7,51.3,47.0
DEL_006788,ORD_007390,DRV_0175,7.11,20.6,53.8,57.2
DEL_006789,ORD_007392,DRV_0013,3.39,23.6,30.7,35.5
DEL_006790,ORD_007393,DRV_0174,9.84,27.7,51.4,54.5
DEL_006791,ORD_007394,DRV_0275,4.91,25.2,42.5,42.3
DEL_006792,ORD_007395,DRV_0076,11.9,27.0,86.0,73.3
DEL_006793,ORD_007396,DRV_0056,4.74,17.0,45.0,40.0
DEL_006794,ORD_007397,DRV_0286,3.62,21.2,45.4,44.2
DEL_006795,ORD_007398,DRV_0196,9.03,8.2,50.0,52.3
DEL_006796,ORD_007399,DRV_0079,2.63,21.0,30.6,32.1
DEL_006797,ORD_007400,DRV_0209,12.06,29.6,69.4,71.1
DEL_006798,ORD_007401,DRV_0128,2.65,25.9,48.3,48.4
DEL_006799,ORD_007402,DRV_0177,1.61,7.3,13.3,13.7
DEL_006800,ORD_007403,DRV_0194,4.95,19.8,52.2,45.0
DEL_006801,ORD_007404,DRV_0031,13.61,18.2,97.4,93.0
DEL_006802,ORD_007405,DRV_0076,4.34,24.6,31.0,37.6
DEL_006803,ORD_007406,DRV_0008,17.13,15.5,63.2,64.8
DEL_006804,ORD_007407,DRV_0156,6.1,18.8,52.0,60.3
DEL_006805,ORD_007408,DRV_0201,16.94,19.5,147.4,150.0
DEL_006806,ORD_007409,DRV_0038,4.66,23.1,47.8,41.9
DEL_006807,ORD_007412,DRV_0219,5.82,24.3,58.9,55.7
DEL_006808,ORD_007413,DRV_0096,10.61,24.3,56.3,64.5
DEL_006809,ORD_007414,DRV_0042,2.25,17.1,31.7,33.1
DEL_006810,ORD_007415,DRV_0198,4.3,24.9,57.7,52.2
DEL_006811,ORD_007416,DRV_0239,2.08,21.6,34.6,34.0
DEL_006812,ORD_007417,DRV_0191,11.23,18.7,69.8,78.8
DEL_006813,ORD_007418,DRV_0076,7.38,14.3,37.9,40.4
DEL_006814,ORD_007419,DRV_0201,8.88,23.0,71.5,66.3
DEL_006815,ORD_007420,DRV_0184,1.88,15.1,16.8,16.1
DEL_006816,ORD_007422,DRV_0265,3.15,27.4,37.0,45.4
DEL_006817,ORD_007423,DRV_0204,2.64,20.3,41.1,40.9
DEL_006818,ORD_007424,DRV_0060,10.78,19.9,82.7,79.9
DEL_006819,ORD_007425,DRV_0297,6.33,22.2,53.5,48.1
DEL_006820,ORD_007426,DRV_0151,3.14,20.8,43.8,40.3
DEL_006821,ORD_007427,DRV_0096,4.74,17.8,39.2,34.7
DEL_006822,ORD_007428,DRV_0129,12.68,29.8,71.8,86.5
DEL_006823,ORD_007429,DRV_0072,10.4,27.7,69.1,65.2
DEL_006824,ORD_007430,DRV_0169,7.42,18.4,57.9,44.8
DEL_006825,ORD_007431,DRV_0190,7.62,16.7,55.6,54.0
DEL_006826,ORD_007432,DRV_0107,3.39,34.7,50.5,51.1
DEL_006827,ORD_007433,DRV_0016,8.97,32.7,68.3,71.2
DEL_006828,ORD_007434,DRV_0285,0.69,17.0,17.9,16.3
DEL_006829,ORD_007435,DRV_0286,4.75,11.0,34.9,33.5
DEL_006830,ORD_007436,DRV_0116,6.79,10.6,46.5,41.4
DEL_006831,ORD_007437,DRV_0157,3.21,19.7,37.5,31.6
DEL_006832,ORD_007438,DRV_0219,1.96,31.7,40.9,40.8
DEL_006833,ORD_007439,DRV_0138,5.05,7.0,34.7,33.6
DEL_006834,ORD_007440,DRV_0144,3.34,22.7,33.0,34.3
DEL_006835,ORD_007441,DRV_0198,4.96,17.7,45.4,44.0
DEL_006836,ORD_007442,DRV_0069,6.45,28.8,69.2,63.5
DEL_006837,ORD_007443,DRV_0153,6.57,16.0,44.6,46.5
DEL_006838,ORD_007444,DRV_0238,3.79,23.6,45.2,41.7
DEL_006839,ORD_007446,DRV_0002,2.42,26.1,39.0,42.0
DEL_006840,ORD_007447,DRV_0153,12.91,25.0,68.7,70.1
DEL_006841,ORD_007448,DRV_0147,3.54,44.3,55.5,56.5
DEL_006842,ORD_007449,DRV_0063,4.68,19.4,35.5,33.9
DEL_006843,ORD_007450,DRV_0122,5.74,28.3,61.0,60.6
DEL_006844,ORD_007451,DRV_0026,6.17,21.5,48.9,51.2
DEL_006845,ORD_007452,DRV_0237,2.18,28.5,32.7,36.1
DEL_006846,ORD_007453,DRV_0268,3.18,10.3,22.3,25.2
DEL_006847,ORD_007454,DRV_0228,11.93,27.0,57.0,61.6
DEL_006848,ORD_007455,DRV_0126,11.64,17.7,99.9,99.7
DEL_006849,ORD_007456,DRV_0108,3.66,8.1,23.5,24.7
DEL_006850,ORD_007457,DRV_0070,5.49,17.9,45.9,53.2
DEL_006851,ORD_007458,DRV_0076,3.82,28.3,44.9,48.9
DEL_006852,ORD_007461,DRV_0275,15.08,5.0,72.3,73.7
DEL_006853,ORD_007462,DRV_0270,8.04,31.7,49.3,61.1
DEL_006854,ORD_007463,DRV_0095,0.5,12.8,8.5,9.2
DEL_006855,ORD_007464,DRV_0237,0.64,11.8,16.4,15.5
DEL_006856,ORD_007465,DRV_0273,8.5,30.2,67.4,70.5
DEL_006857,ORD_007466,DRV_0023,10.1,29.2,62.5,55.2
DEL_006858,ORD_007467,DRV_0286,1.33,17.3,21.2,25.0
DEL_006859,ORD_007468,DRV_0030,4.8,13.4,31.1,29.2
DEL_006860,ORD_007469,DRV_0114,13.32,18.1,76.6,72.5
DEL_006861,ORD_007470,DRV_0087,2.07,9.1,26.3,26.4
DEL_006862,ORD_007471,DRV_0042,9.64,20.9,57.5,68.2
DEL_006863,ORD_007472,DRV_0014,2.02,18.9,28.1,29.5
DEL_006864,ORD_007473,DRV_0064,4.82,30.1,44.6,49.9
DEL_006865,ORD_007476,DRV_0263,20.0,20.5,131.3,127.5
DEL_006866,ORD_007477,DRV_0230,5.9,27.0,53.7,55.2
DEL_006867,ORD_007478,DRV_0202,1.3,22.2,27.9,28.4
DEL_006868,ORD_007479,DRV_0300,3.4,35.9,52.7,50.5
DEL_006869,ORD_007480,DRV_0243,2.33,27.0,30.6,33.1
DEL_006870,ORD_007481,DRV_0182,6.1,21.4,55.5,60.0
DEL_006871,ORD_007482,DRV_0038,8.6,22.4,56.5,58.0
DEL_006872,ORD_007483,DRV_0099,4.81,25.9,39.4,39.7
DEL_006873,ORD_007484,DRV_0171,2.61,21.9,33.0,34.1
DEL_006874,ORD_007485,DRV_0016,5.31,22.9,32.5,38.0
DEL_006875,ORD_007486,DRV_0127,4.38,27.5,51.5,57.2
DEL_006876,ORD_007487,DRV_0066,7.36,30.7,53.2,54.1
DEL_006877,ORD_007488,DRV_0222,2.43,27.9,37.1,36.3
DEL_006878,ORD_007489,DRV_0119,15.33,18.5,127.4,128.2
DEL_006879,ORD_007490,DRV_0021,5.79,16.4,38.3,39.2
DEL_006880,ORD_007491,DRV_0156,7.59,13.8,28.5,33.7
DEL_006881,ORD_007492,DRV_0160,5.04,15.9,47.0,45.7
DEL_006882,ORD_007493,DRV_0217,4.71,30.8,57.4,57.1
DEL_006883,ORD_007494,DRV_0219,2.75,23.6,33.4,39.3
DEL_006884,ORD_007495,DRV_0015,1.32,18.7,22.2,21.8
DEL_006885,ORD_007496,DRV_0205,8.07,15.2,52.3,54.9
DEL_006886,ORD_007497,DRV_0143,7.3,12.3,37.7,46.2
DEL_006887,ORD_007498,DRV_0013,6.13,21.7,65.7,59.3
DEL_006888,ORD_007499,DRV_0190,3.33,23.2,40.3,37.8
DEL_006889,ORD_007500,DRV_0031,3.05,28.5,40.2,45.3
DEL_006890,ORD_007501,DRV_0238,4.85,16.3,38.7,36.5
DEL_006891,ORD_007503,DRV_0103,4.89,23.5,70.6,63.9
DEL_006892,ORD_007504,DRV_0299,15.55,18.9,91.8,92.8
DEL_006893,ORD_007505,DRV_0089,11.47,19.1,72.4,74.9
DEL_006894,ORD_007507,DRV_0015,3.36,27.4,50.3,38.8
DEL_006895,ORD_007508,DRV_0238,2.41,30.7,38.3,36.4
DEL_006896,ORD_007509,DRV_0291,1.77,17.0,23.5,24.1
DEL_006897,ORD_007510,DRV_0033,3.44,26.0,49.2,49.2
DEL_006898,ORD_007511,DRV_0132,4.02,17.3,52.1,58.0
DEL_006899,ORD_007512,DRV_0070,9.4,21.4,55.3,57.8
DEL_006900,ORD_007513,DRV_0071,3.54,29.8,35.7,41.7
DEL_006901,ORD_007514,DRV_0054,6.86,19.2,46.3,43.6
DEL_006902,ORD_007515,DRV_0224,5.82,21.9,39.5,41.0
DEL_006903,ORD_007516,DRV_0277,3.15,11.0,45.8,43.1
DEL_006904,ORD_007517,DRV_0066,1.56,34.7,40.6,42.4
DEL_006905,ORD_007518,DRV_0102,0.8,32.5,32.6,36.2
DEL_006906,ORD_007519,DRV_0161,5.04,14.6,32.1,30.8
DEL_006907,ORD_007520,DRV_0104,2.98,16.1,15.4,20.1
DEL_006908,ORD_007521,DRV_0051,18.33,32.9,124.1,144.2
DEL_006909,ORD_007522,DRV_0132,7.69,20.3,54.8,54.4
DEL_006910,ORD_007523,DRV_0196,2.81,20.5,20.3,29.3
DEL_006911,ORD_007524,DRV_0223,8.12,23.2,63.1,57.8
DEL_006912,ORD_007525,DRV_0023,15.91,20.6,82.0,74.9
DEL_006913,ORD_007526,DRV_0293,4.63,23.1,46.1,45.8
DEL_006914,ORD_007527,DRV_0253,19.16,21.3,108.4,112.3
DEL_006915,ORD_007528,DRV_0271,5.05,26.0,52.1,50.1
DEL_006916,ORD_007529,DRV_0113,10.98,5.0,53.4,51.2
DEL_006917,ORD_007530,DRV_0083,5.43,34.4,51.5,64.0
DEL_006918,ORD_007531,DRV_0252,11.94,23.0,67.8,65.0
DEL_006919,ORD_007532,DRV_0073,5.49,23.6,46.9,51.8
DEL_006920,ORD_007533,DRV_0244,3.23,26.4,44.6,46.5
DEL_006921,ORD_007535,DRV_0173,3.55,25.4,36.3,37.7
DEL_006922,ORD_007536,DRV_0295,8.1,22.4,63.4,55.5
DEL_006923,ORD_007537,DRV_0078,6.36,17.6,48.0,50.0
DEL_006924,ORD_007538,DRV_0173,1.09,6.6,8.0,8.0
DEL_006925,ORD_007539,DRV_0163,0.61,23.1,18.5,21.1
DEL_006926,ORD_007540,DRV_0106,1.91,13.9,21.3,23.3
DEL_006927,ORD_007543,DRV_0042,0.76,39.3,38.7,44.8
DEL_006928,ORD_007544,DRV_0273,6.49,34.3,56.9,63.8
DEL_006929,ORD_007545,DRV_0122,2.67,24.6,28.6,35.2
DEL_006930,ORD_007546,DRV_0272,3.21,27.3,52.3,52.7
DEL_006931,ORD_007547,DRV_0183,6.74,34.3,57.6,57.9
DEL_006932,ORD_007548,DRV_0144,8.61,12.6,49.8,44.2
DEL_006933,ORD_007549,DRV_0249,5.88,18.5,32.4,44.0
DEL_006934,ORD_007550,DRV_0189,5.58,28.7,49.1,55.7
DEL_006935,ORD_007551,DRV_0074,4.12,21.1,47.2,48.6
DEL_006936,ORD_007552,DRV_0259,15.09,26.3,83.3,91.1
DEL_006937,ORD_007553,DRV_0120,8.85,16.6,52.6,55.3
DEL_006938,ORD_007554,DRV_0059,6.72,30.4,78.9,75.3
DEL_006939,ORD_007555,DRV_0297,4.44,23.0,54.1,52.7
DEL_006940,ORD_007556,DRV_0184,6.88,8.4,23.8,26.8
DEL_006941,ORD_007557,DRV_0050,1.48,29.1,38.7,36.6
DEL_006942,ORD_007558,DRV_0146,3.93,17.1,29.2,31.3
DEL_006943,ORD_007559,DRV_0169,4.86,13.6,34.2,30.8
DEL_006944,ORD_007561,DRV_0205,2.74,16.3,26.7,28.6
DEL_006945,ORD_007562,DRV_0227,8.76,19.8,54.7,51.3
DEL_006946,ORD_007563,DRV_0112,2.17,21.5,38.9,32.8
DEL_006947,ORD_007564,DRV_0027,9.36,25.6,50.3,59.8
DEL_006948,ORD_007565,DRV_0177,8.37,24.3,53.9,53.5
DEL_006949,ORD_007566,DRV_0264,7.82,29.2,73.1,72.4
DEL_006950,ORD_007567,DRV_0007,1.27,26.3,32.9,32.3
DEL_006951,ORD_007568,DRV_0283,5.2,16.9,36.7,37.3
DEL_006952,ORD_007569,DRV_0249,3.67,15.4,47.2,43.4
DEL_006953,ORD_007571,DRV_0193,4.01,18.8,40.9,39.9
DEL_006954,ORD_007572,DRV_0054,2.22,23.3,27.0,26.4
DEL_006955,ORD_007573,DRV_0093,12.56,20.1,79.9,90.4
DEL_006956,ORD_007574,DRV_0082,8.5,20.1,67.2,60.9
DEL_006957,ORD_007575,DRV_0036,11.67,28.6,77.6,75.6
DEL_006958,ORD_007576,DRV_0060,2.86,21.4,30.7,32.1
DEL_006959,ORD_007577,DRV_0240,4.8,5.0,38.5,36.6
DEL_006960,ORD_007578,DRV_0255,11.98,26.6,160.0,141.1
DEL_006961,ORD_007580,DRV_0237,4.98,43.9,86.0,81.4
DEL_006962,ORD_007581,DRV_0269,3.15,19.2,34.5,36.1
DEL_006963,ORD_007582,DRV_0163,7.02,23.1,59.5,67.3
DEL_006964,ORD_007583,DRV_0027,1.0,23.3,27.0,28.7
DEL_006965,ORD_007584,DRV_0113,8.3,22.3,62.4,60.4
DEL_006966,ORD_007585,DRV_0155,18.73,17.0,98.4,111.1
DEL_006967,ORD_007586,DRV_0193,2.62,22.8,31.9,31.6
DEL_006968,ORD_007587,DRV_0201,1.18,24.2,35.3,33.3
DEL_006969,ORD_007588,DRV_0146,4.89,18.5,46.4,45.0
DEL_006970,ORD_007589,DRV_0114,7.81,17.1,47.1,49.0
DEL_006971,ORD_007590,DRV_0195,5.75,14.7,46.9,43.9
DEL_006972,ORD_007591,DRV_0110,3.87,21.3,41.3,40.9
DEL_006973,ORD_007592,DRV_0146,3.03,15.7,29.7,30.9
DEL_006974,ORD_007593,DRV_0295,3.61,10.1,18.9,21.8
DEL_006975,ORD_007594,DRV_0057,5.46,19.1,47.1,45.7
DEL_006976,ORD_007596,DRV_0268,2.28,10.3,27.8,22.8
DEL_006977,ORD_007597,DRV_0004,5.27,19.3,38.2,41.3
DEL_006978,ORD_007598,DRV_0234,2.95,30.9,47.3,53.1
DEL_006979,ORD_007599,DRV_0286,1.55,28.1,26.2,29.8
DEL_006980,ORD_007600,DRV_0276,2.38,8.0,13.5,15.2
DEL_006981,ORD_007601,DRV_0018,7.07,20.1,51.7,49.6
DEL_006982,ORD_007602,DRV_0119,1.62,28.5,31.7,34.0
DEL_006983,ORD_007603,DRV_0171,5.84,23.8,34.2,41.2
DEL_006984,ORD_007604,DRV_0094,9.13,34.4,86.8,80.1
DEL_006985,ORD_007605,DRV_0160,5.49,26.5,52.7,55.2
DEL_006986,ORD_007606,DRV_0251,2.4,26.7,29.2,33.1
DEL_006987,ORD_007607,DRV_0285,5.0,23.8,47.3,52.3
DEL_006988,ORD_007608,DRV_0284,9.42,9.0,56.8,60.6
DEL_006989,ORD_007611,DRV_0200,8.18,26.9,66.8,65.8
DEL_006990,ORD_007612,DRV_0024,6.57,23.7,57.1,53.1
DEL_006991,ORD_007613,DRV_0100,3.88,27.0,58.2,48.9
DEL_006992,ORD_007614,DRV_0075,5.98,18.4,28.8,33.2
DEL_006993,ORD_007616,DRV_0118,6.86,23.1,52.7,53.3
DEL_006994,ORD_007617,DRV_0021,15.97,20.5,114.5,135.1
DEL_006995,ORD_007618,DRV_0055,10.58,17.8,77.9,70.8
DEL_006996,ORD_007619,DRV_0203,6.32,35.9,60.6,68.9
DEL_006997,ORD_007620,DRV_0164,5.93,26.2,51.3,50.0
DEL_006998,ORD_007621,DRV_0218,11.41,25.4,68.3,77.0
DEL_006999,ORD_007622,DRV_0025,6.95,19.5,49.3,46.6
DEL_007000,ORD_007624,DRV_0113,7.93,26.2,49.1,53.4
DEL_007001,ORD_007625,DRV_0029,3.96,16.0,32.3,33.9
DEL_007002,ORD_007626,DRV_0182,9.34,9.4,71.2,73.6
DEL_007003,ORD_007627,DRV_0294,2.2,31.2,44.4,47.7
DEL_007004,ORD_007628,DRV_0208,4.51,14.1,31.0,35.9
DEL_007005,ORD_007629,DRV_0293,8.36,23.3,58.7,60.2
DEL_007006,ORD_007630,DRV_0257,1.43,15.9,25.5,25.5
DEL_007007,ORD_007631,DRV_0008,9.74,22.4,74.9,67.2
DEL_007008,ORD_007632,DRV_0121,3.61,17.1,29.0,28.1
DEL_007009,ORD_007634,DRV_0015,14.44,22.1,83.2,81.4
DEL_007010,ORD_007635,DRV_0076,1.8,26.4,39.7,34.3
DEL_007011,ORD_007636,DRV_0098,2.06,19.7,30.3,29.0
DEL_007012,ORD_007637,DRV_0214,15.1,11.6,75.4,85.5
DEL_007013,ORD_007638,DRV_0299,6.87,31.3,73.5,84.1
DEL_007014,ORD_007639,DRV_0021,2.95,25.3,42.2,41.2
DEL_007015,ORD_007640,DRV_0196,10.79,22.8,79.0,76.2
DEL_007016,ORD_007641,DRV_0179,3.83,30.0,51.4,43.6
DEL_007017,ORD_007643,DRV_0115,3.52,23.5,25.1,25.7
DEL_007018,ORD_007644,DRV_0195,10.92,25.8,102.6,84.1
DEL_007019,ORD_007645,DRV_0113,14.31,18.6,58.2,71.0
DEL_007020,ORD_007646,DRV_0196,5.94,23.0,48.1,48.4
DEL_007021,ORD_007647,DRV_0067,6.13,31.4,58.1,62.2
DEL_007022,ORD_007648,DRV_0207,5.77,25.1,52.7,44.4
DEL_007023,ORD_007649,DRV_0127,9.88,20.2,65.0,64.0
DEL_007024,ORD_007650,DRV_0272,3.19,28.8,43.3,43.0
DEL_007025,ORD_007651,DRV_0245,6.06,12.9,41.7,34.3
DEL_007026,ORD_007652,DRV_0004,7.23,30.0,79.6,78.7
DEL_007027,ORD_007653,DRV_0275,8.37,23.4,60.1,54.9
DEL_007028,ORD_007654,DRV_0037,2.5,23.2,35.8,35.3
DEL_007029,ORD_007655,DRV_0022,2.01,19.9,20.2,24.8
DEL_007030,ORD_007656,DRV_0157,7.48,12.9,55.4,51.2
DEL_007031,ORD_007657,DRV_0076,12.87,24.7,88.3,82.9
DEL_007032,ORD_007658,DRV_0283,3.12,16.8,20.6,28.6
DEL_007033,ORD_007659,DRV_0010,5.8,27.7,42.3,56.2
DEL_007034,ORD_007661,DRV_0059,10.37,23.3,75.7,70.4
DEL_007035,ORD_007662,DRV_0098,7.46,20.0,48.1,49.9
DEL_007036,ORD_007663,DRV_0225,14.24,16.7,84.9,75.8
DEL_007037,ORD_007664,DRV_0160,0.5,17.1,14.9,19.2
DEL_007038,ORD_007665,DRV_0182,5.08,19.9,57.4,51.9
DEL_007039,ORD_007666,DRV_0261,5.11,26.3,41.9,41.4
DEL_007040,ORD_007667,DRV_0055,1.69,26.6,29.5,30.8
DEL_007041,ORD_007668,DRV_0104,15.36,17.9,78.5,67.9
DEL_007042,ORD_007669,DRV_0252,10.52,24.9,73.4,68.9
DEL_007043,ORD_007670,DRV_0098,17.43,29.8,94.9,119.2
DEL_007044,ORD_007671,DRV_0068,12.47,16.7,77.7,77.5
DEL_007045,ORD_007672,DRV_0087,10.88,21.8,98.7,100.9
DEL_007046,ORD_007673,DRV_0291,4.36,18.2,43.6,42.9
DEL_007047,ORD_007675,DRV_0026,8.54,14.7,52.1,47.4
DEL_007048,ORD_007676,DRV_0015,2.79,14.2,29.3,32.9
DEL_007049,ORD_007677,DRV_0196,10.8,26.3,75.5,80.6
DEL_007050,ORD_007678,DRV_0288,1.07,22.8,29.3,31.3
DEL_007051,ORD_007679,DRV_0270,15.65,21.4,90.9,90.4
DEL_007052,ORD_007680,DRV_0161,6.51,11.2,36.4,42.0
DEL_007053,ORD_007681,DRV_0229,1.55,22.3,26.3,29.2
DEL_007054,ORD_007682,DRV_0228,1.45,16.8,29.1,27.7
DEL_007055,ORD_007683,DRV_0213,7.72,25.8,65.7,62.1
DEL_007056,ORD_007684,DRV_0292,7.38,28.9,72.1,93.4
DEL_007057,ORD_007685,DRV_0186,1.96,6.5,14.4,16.7
DEL_007058,ORD_007686,DRV_0048,9.46,23.6,48.0,55.7
DEL_007059,ORD_007687,DRV_0191,5.62,22.2,38.3,40.6
DEL_007060,ORD_007688,DRV_0142,5.07,14.6,34.1,32.9
DEL_007061,ORD_007689,DRV_0257,7.07,22.2,59.1,54.2
DEL_007062,ORD_007690,DRV_0092,11.13,33.6,95.7,83.9
DEL_007063,ORD_007691,DRV_0199,11.04,27.1,79.6,71.7
DEL_007064,ORD_007692,DRV_0113,5.47,23.7,35.6,46.9
DEL_007065,ORD_007694,DRV_0205,8.71,22.6,58.8,67.1
DEL_007066,ORD_007695,DRV_0038,6.02,26.9,73.1,58.3
DEL_007067,ORD_007696,DRV_0273,15.53,15.5,78.7,91.0
DEL_007068,ORD_007697,DRV_0146,4.15,27.7,52.6,51.4
DEL_007069,ORD_007698,DRV_0168,4.59,26.9,28.3,34.3
DEL_007070,ORD_007699,DRV_0051,8.86,25.5,55.8,56.8
DEL_007071,ORD_007700,DRV_0095,9.02,23.4,49.8,56.0
DEL_007072,ORD_007702,DRV_0187,5.69,7.7,26.0,32.4
DEL_007073,ORD_007703,DRV_0051,2.19,21.5,27.9,26.3
DEL_007074,ORD_007704,DRV_0195,7.5,14.8,27.4,36.1
DEL_007075,ORD_007706,DRV_0240,3.48,23.3,42.3,44.0
DEL_007076,ORD_007707,DRV_0132,4.95,13.6,38.5,43.6
DEL_007077,ORD_007708,DRV_0252,6.2,11.0,40.0,41.8
DEL_007078,ORD_007709,DRV_0106,3.22,15.9,26.7,31.4
DEL_007079,ORD_007710,DRV_0291,8.06,26.2,67.6,71.0
DEL_007080,ORD_007711,DRV_0132,5.89,23.5,58.8,58.1
DEL_007081,ORD_007712,DRV_0232,1.19,23.7,27.4,28.8
DEL_007082,ORD_007713,DRV_0019,5.89,26.6,52.8,49.1
DEL_007083,ORD_007714,DRV_0127,11.28,20.4,74.9,67.8
DEL_007084,ORD_007715,DRV_0260,2.41,22.0,41.0,38.9
DEL_007085,ORD_007716,DRV_0203,1.63,23.6,29.9,33.2
DEL_007086,ORD_007717,DRV_0129,6.14,21.6,50.5,49.0
DEL_007087,ORD_007718,DRV_0032,3.27,32.2,51.4,56.6
DEL_007088,ORD_007719,DRV_0069,8.19,20.0,54.7,62.4
DEL_007089,ORD_007720,DRV_0225,4.16,18.4,28.4,31.8
DEL_007090,ORD_007721,DRV_0154,1.28,23.8,27.3,27.3
DEL_007091,ORD_007722,DRV_0220,2.5,16.5,27.7,23.7
DEL_007092,ORD_007725,DRV_0053,6.72,13.3,44.3,48.8
DEL_007093,ORD_007726,DRV_0116,2.65,20.0,30.0,37.7
DEL_007094,ORD_007727,DRV_0045,5.76,19.9,42.9,49.9
DEL_007095,ORD_007728,DRV_0248,11.51,14.9,69.5,78.3
DEL_007096,ORD_007729,DRV_0114,4.93,17.1,38.6,39.5
DEL_007097,ORD_007730,DRV_0113,4.72,24.9,34.1,36.1
DEL_007098,ORD_007731,DRV_0057,1.81,32.2,26.4,34.4
DEL_007099,ORD_007732,DRV_0171,10.82,21.3,57.6,56.9
DEL_007100,ORD_007733,DRV_0050,1.43,22.7,31.5,30.6
DEL_007101,ORD_007734,DRV_0114,5.6,23.0,52.7,52.9
DEL_007102,ORD_007736,DRV_0220,5.08,9.9,40.1,39.2
DEL_007103,ORD_007737,DRV_0196,4.44,24.7,38.8,35.6
DEL_007104,ORD_007738,DRV_0047,8.38,17.7,61.4,62.5
DEL_007105,ORD_007739,DRV_0171,4.9,36.0,51.5,60.5
DEL_007106,ORD_007740,DRV_0072,0.6,28.8,22.7,28.7
DEL_007107,ORD_007741,DRV_0079,1.64,30.4,37.8,36.9
DEL_007108,ORD_007742,DRV_0185,8.03,28.2,73.1,73.0
DEL_007109,ORD_007743,DRV_0052,10.54,22.0,71.2,71.0
DEL_007110,ORD_007744,DRV_0183,9.01,27.5,58.2,61.2
DEL_007111,ORD_007745,DRV_0145,3.23,22.6,36.5,38.3
DEL_007112,ORD_007746,DRV_0123,6.73,15.4,40.9,34.2
DEL_007113,ORD_007747,DRV_0093,20.0,21.8,91.3,110.6
DEL_007114,ORD_007748,DRV_0188,2.3,16.6,27.5,29.4
DEL_007115,ORD_007749,DRV_0292,9.88,20.2,39.5,47.3
DEL_007116,ORD_007750,DRV_0147,3.52,27.9,56.2,54.7
DEL_007117,ORD_007751,DRV_0044,6.03,32.9,52.2,55.1
DEL_007118,ORD_007752,DRV_0151,7.2,18.5,41.2,42.1
DEL_007119,ORD_007753,DRV_0023,4.36,27.5,57.6,53.9
DEL_007120,ORD_007754,DRV_0011,2.76,21.3,49.6,45.3
DEL_007121,ORD_007755,DRV_0198,3.46,21.2,33.2,39.5
DEL_007122,ORD_007756,DRV_0200,1.56,17.7,20.3,24.6
DEL_007123,ORD_007758,DRV_0116,4.21,11.1,15.6,16.8
DEL_007124,ORD_007759,DRV_0201,10.42,28.6,86.2,86.2
DEL_007125,ORD_007760,DRV_0231,9.25,6.7,46.4,46.0
DEL_007126,ORD_007761,DRV_0060,15.0,29.5,81.4,83.2
DEL_007127,ORD_007762,DRV_0193,4.64,18.0,34.6,37.0
DEL_007128,ORD_007763,DRV_0109,8.67,31.8,73.1,85.4
DEL_007129,ORD_007764,DRV_0086,7.03,16.9,38.3,36.8
DEL_007130,ORD_007765,DRV_0047,2.84,34.7,59.6,47.3
DEL_007131,ORD_007766,DRV_0200,3.04,23.6,36.0,36.1
DEL_007132,ORD_007767,DRV_0023,8.79,22.4,49.0,52.3
DEL_007133,ORD_007768,DRV_0266,5.19,23.2,41.2,42.9
DEL_007134,ORD_007769,DRV_0032,10.04,25.8,65.2,73.0
DEL_007135,ORD_007770,DRV_0206,7.45,36.7,73.2,64.2
DEL_007136,ORD_007771,DRV_0040,3.15,28.7,52.6,46.0
DEL_007137,ORD_007772,DRV_0239,10.63,15.3,77.2,73.3
DEL_007138,ORD_007773,DRV_0213,16.44,17.6,100.6,90.6
DEL_007139,ORD_007774,DRV_0263,2.79,21.9,25.6,31.0
DEL_007140,ORD_007775,DRV_0084,7.62,26.8,68.1,65.7
DEL_007141,ORD_007776,DRV_0008,8.99,31.3,74.3,74.2
DEL_007142,ORD_007777,DRV_0113,2.95,17.4,32.8,34.0
DEL_007143,ORD_007778,DRV_0200,6.67,18.1,53.2,53.0
DEL_007144,ORD_007779,DRV_0218,3.49,15.8,46.0,38.0
DEL_007145,ORD_007780,DRV_0278,4.46,20.0,43.4,40.3
DEL_007146,ORD_007781,DRV_0103,7.69,11.5,42.1,46.5
DEL_007147,ORD_007782,DRV_0272,2.65,16.5,31.0,32.6
DEL_007148,ORD_007785,DRV_0133,12.38,22.1,87.1,93.9
DEL_007149,ORD_007786,DRV_0145,2.75,23.5,25.3,25.7
DEL_007150,ORD_007787,DRV_0049,6.55,29.0,73.7,78.6
DEL_007151,ORD_007788,DRV_0209,7.17,21.4,48.0,50.4
DEL_007152,ORD_007789,DRV_0244,2.84,23.9,44.5,46.1
DEL_007153,ORD_007790,DRV_0179,6.82,19.6,45.2,46.3
DEL_007154,ORD_007791,DRV_0175,3.75,20.1,28.5,34.0
DEL_007155,ORD_007792,DRV_0246,3.52,12.7,28.0,30.9
DEL_007156,ORD_007793,DRV_0126,4.04,24.0,48.9,44.5
DEL_007157,ORD_007795,DRV_0194,8.39,20.4,45.0,44.4
DEL_007158,ORD_007797,DRV_0084,7.2,28.0,52.7,51.5
DEL_007159,ORD_007798,DRV_0053,1.99,22.5,26.6,30.1
DEL_007160,ORD_007800,DRV_0052,1.92,22.6,33.0,30.1
DEL_007161,ORD_007801,DRV_0116,5.72,21.1,49.4,43.0
DEL_007162,ORD_007802,DRV_0032,7.12,32.1,60.6,58.8
DEL_007163,ORD_007803,DRV_0046,8.41,34.9,69.6,73.1
DEL_007164,ORD_007804,DRV_0106,4.06,27.8,53.3,50.4
DEL_007165,ORD_007805,DRV_0235,11.49,17.7,61.3,70.6
DEL_007166,ORD_007806,DRV_0241,13.09,25.3,105.8,99.8
DEL_007167,ORD_007807,DRV_0141,1.97,19.5,23.1,24.1
DEL_007168,ORD_007808,DRV_0144,3.69,33.3,50.6,53.2
DEL_007169,ORD_007809,DRV_0191,3.21,19.1,25.5,25.0
DEL_007170,ORD_007810,DRV_0034,3.85,16.4,28.7,32.4
DEL_007171,ORD_007811,DRV_0165,11.23,20.7,64.4,66.9
DEL_007172,ORD_007812,DRV_0103,7.68,21.7,56.7,62.9
DEL_007173,ORD_007813,DRV_0027,12.6,24.6,82.1,84.5
DEL_007174,ORD_007814,DRV_0143,7.29,35.1,84.5,82.2
DEL_007175,ORD_007815,DRV_0114,5.97,25.6,52.6,51.5
DEL_007176,ORD_007816,DRV_0122,11.26,16.3,92.9,87.5
DEL_007177,ORD_007818,DRV_0019,1.09,19.7,26.9,24.2
DEL_007178,ORD_007819,DRV_0179,2.97,24.8,33.1,40.4
DEL_007179,ORD_007820,DRV_0005,9.38,19.7,79.2,70.2
DEL_007180,ORD_007821,DRV_0223,2.32,27.8,39.8,39.2
DEL_007181,ORD_007822,DRV_0042,8.75,33.5,66.0,65.9
DEL_007182,ORD_007823,DRV_0127,1.55,27.5,34.4,33.6
DEL_007183,ORD_007824,DRV_0167,6.66,17.6,45.0,46.5
DEL_007184,ORD_007825,DRV_0121,2.77,35.4,46.3,44.7
DEL_007185,ORD_007826,DRV_0094,16.88,21.3,104.3,110.1
DEL_007186,ORD_007827,DRV_0190,3.22,11.3,23.5,24.6
DEL_007187,ORD_007828,DRV_0214,8.41,25.5,86.7,99.1
DEL_007188,ORD_007829,DRV_0295,11.63,22.5,88.6,78.1
DEL_007189,ORD_007830,DRV_0163,1.85,23.4,35.5,35.8
DEL_007190,ORD_007831,DRV_0227,9.05,26.8,74.3,73.2
DEL_007191,ORD_007832,DRV_0196,4.38,21.0,52.1,45.8
DEL_007192,ORD_007833,DRV_0184,8.33,22.0,55.6,68.6
DEL_007193,ORD_007834,DRV_0191,7.29,18.1,52.2,47.9
DEL_007194,ORD_007835,DRV_0198,8.31,27.1,54.8,54.4
DEL_007195,ORD_007836,DRV_0053,5.61,11.8,48.3,42.7
DEL_007196,ORD_007837,DRV_0238,2.76,22.0,30.1,36.7
DEL_007197,ORD_007838,DRV_0021,12.15,21.8,64.5,84.5
DEL_007198,ORD_007839,DRV_0248,9.83,24.8,57.6,56.9
DEL_007199,ORD_007840,DRV_0241,5.58,28.5,60.7,57.0
DEL_007200,ORD_007841,DRV_0117,3.12,23.6,25.1,28.7
DEL_007201,ORD_007842,DRV_0281,6.56,16.4,35.3,51.4
DEL_007202,ORD_007844,DRV_0242,4.43,25.8,40.4,42.5
DEL_007203,ORD_007845,DRV_0018,3.68,37.1,60.7,60.8
DEL_007204,ORD_007846,DRV_0247,6.76,10.7,43.2,44.9
DEL_007205,ORD_007847,DRV_0145,12.92,33.1,85.0,80.2
DEL_007206,ORD_007848,DRV_0268,2.97,16.5,26.8,27.7
DEL_007207,ORD_007849,DRV_0250,7.23,21.0,75.5,69.0
DEL_007208,ORD_007850,DRV_0237,6.39,29.4,49.7,49.9
DEL_007209,ORD_007851,DRV_0053,6.38,20.0,57.1,54.6
DEL_007210,ORD_007852,DRV_0239,5.77,21.4,47.8,50.0
DEL_007211,ORD_007853,DRV_0212,4.32,26.5,44.9,54.7
DEL_007212,ORD_007855,DRV_0296,4.48,19.1,48.9,46.1
DEL_007213,ORD_007856,DRV_0119,6.12,21.7,51.8,54.5
DEL_007214,ORD_007857,DRV_0143,8.18,32.8,72.5,66.2
DEL_007215,ORD_007858,DRV_0260,2.14,24.5,25.5,32.4
DEL_007216,ORD_007859,DRV_0040,9.13,15.4,67.5,67.8
DEL_007217,ORD_007860,DRV_0191,9.74,9.7,37.7,42.7
DEL_007218,ORD_007861,DRV_0008,5.7,30.2,56.7,64.2
DEL_007219,ORD_007862,DRV_0227,5.3,16.9,43.2,42.0
DEL_007220,ORD_007863,DRV_0148,4.74,8.3,27.3,27.6
DEL_007221,ORD_007864,DRV_0159,3.0,21.9,36.5,33.7
DEL_007222,ORD_007865,DRV_0224,6.99,24.2,70.6,64.4
DEL_007223,ORD_007866,DRV_0224,2.6,20.0,27.9,32.4
DEL_007224,ORD_007867,DRV_0218,5.48,26.0,50.1,57.3
DEL_007225,ORD_007868,DRV_0148,6.44,11.0,24.1,26.0
DEL_007226,ORD_007869,DRV_0149,18.58,14.6,95.8,115.6
DEL_007227,ORD_007870,DRV_0136,1.65,8.9,13.1,13.7
DEL_007228,ORD_007871,DRV_0037,3.93,27.9,46.2,48.0
DEL_007229,ORD_007872,DRV_0193,5.91,15.3,56.7,54.8
DEL_007230,ORD_007875,DRV_0280,1.4,23.3,23.2,25.3
DEL_007231,ORD_007877,DRV_0076,4.52,21.4,50.8,49.3
DEL_007232,ORD_007878,DRV_0075,1.28,18.1,17.5,19.9
DEL_007233,ORD_007879,DRV_0091,5.8,20.9,35.7,52.4
DEL_007234,ORD_007880,DRV_0191,5.67,17.6,31.7,35.2
DEL_007235,ORD_007881,DRV_0124,1.86,25.4,27.2,29.5
DEL_007236,ORD_007882,DRV_0058,11.78,21.9,90.4,90.0
DEL_007237,ORD_007884,DRV_0007,5.93,15.4,36.8,37.9
DEL_007238,ORD_007885,DRV_0216,1.9,28.2,31.2,27.1
DEL_007239,ORD_007886,DRV_0057,11.55,28.9,73.3,92.4
DEL_007240,ORD_007887,DRV_0057,2.9,23.1,35.9,38.3
DEL_007241,ORD_007888,DRV_0202,7.55,15.8,81.2,78.1
DEL_007242,ORD_007889,DRV_0136,4.47,24.0,44.5,45.4
DEL_007243,ORD_007890,DRV_0094,2.86,28.9,39.2,40.4
DEL_007244,ORD_007891,DRV_0007,0.6,23.1,18.7,17.9
DEL_007245,ORD_007892,DRV_0140,12.53,21.6,91.6,103.3
DEL_007246,ORD_007893,DRV_0279,6.57,22.3,48.5,45.1
DEL_007247,ORD_007894,DRV_0114,9.86,21.5,80.4,79.8
DEL_007248,ORD_007895,DRV_0175,2.87,19.4,23.5,24.3
DEL_007249,ORD_007896,DRV_0119,20.0,22.7,116.8,101.0
DEL_007250,ORD_007897,DRV_0184,3.98,17.7,39.7,43.0
DEL_007251,ORD_007898,DRV_0185,6.31,33.2,46.0,53.8
DEL_007252,ORD_007899,DRV_0196,6.73,14.3,59.9,61.1
DEL_007253,ORD_007900,DRV_0281,4.55,23.8,45.4,38.9
DEL_007254,ORD_007901,DRV_0162,3.98,24.5,46.5,50.8
DEL_007255,ORD_007902,DRV_0222,7.51,17.6,70.0,64.6
DEL_007256,ORD_007903,DRV_0010,3.9,12.2,28.1,28.7
DEL_007257,ORD_007904,DRV_0241,12.98,13.8,50.0,60.6
DEL_007258,ORD_007905,DRV_0027,9.9,30.4,60.9,77.3
DEL_007259,ORD_007906,DRV_0069,2.88,22.0,28.1,30.7
DEL_007260,ORD_007907,DRV_0193,1.79,11.9,14.9,15.6
DEL_007261,ORD_007908,DRV_0042,3.13,18.9,31.1,35.7
DEL_007262,ORD_007909,DRV_0052,12.54,14.1,58.2,55.4
DEL_007263,ORD_007913,DRV_0264,6.51,29.3,53.5,66.0
DEL_007264,ORD_007914,DRV_0237,1.42,27.3,31.4,33.6
DEL_007265,ORD_007915,DRV_0082,2.72,18.8,32.3,33.4
DEL_007266,ORD_007916,DRV_0072,10.39,35.0,75.6,82.4
DEL_007267,ORD_007917,DRV_0228,7.14,22.4,57.3,50.5
DEL_007268,ORD_007918,DRV_0189,7.67,18.3,58.4,71.7
DEL_007269,ORD_007919,DRV_0197,15.68,11.3,68.1,66.7
DEL_007270,ORD_007920,DRV_0098,3.23,23.9,34.1,34.4
DEL_007271,ORD_007921,DRV_0255,6.28,17.2,48.5,51.8
DEL_007272,ORD_007923,DRV_0011,5.57,13.7,33.2,39.9
DEL_007273,ORD_007924,DRV_0012,1.01,30.9,33.5,38.5
DEL_007274,ORD_007925,DRV_0032,0.66,13.1,22.1,22.1
DEL_007275,ORD_007926,DRV_0255,3.93,21.3,46.3,43.8
DEL_007276,ORD_007927,DRV_0142,12.85,28.3,86.6,93.2
DEL_007277,ORD_007928,DRV_0226,3.11,17.1,25.3,25.5
DEL_007278,ORD_007929,DRV_0177,9.11,15.5,64.1,63.4
DEL_007279,ORD_007930,DRV_0024,4.77,23.5,42.2,38.5
DEL_007280,ORD_007931,DRV_0135,8.53,26.6,77.8,76.2
DEL_007281,ORD_007932,DRV_0070,0.65,35.5,28.7,33.5
DEL_007282,ORD_007933,DRV_0265,10.29,31.2,91.1,91.0
DEL_007283,ORD_007934,DRV_0028,4.73,10.5,21.9,22.4
DEL_007284,ORD_007935,DRV_0287,3.34,30.5,45.3,45.7
DEL_007285,ORD_007937,DRV_0274,20.0,24.1,100.1,97.6
DEL_007286,ORD_007938,DRV_0291,2.35,21.7,26.5,29.8
DEL_007287,ORD_007940,DRV_0016,12.29,27.3,73.1,66.4
DEL_007288,ORD_007941,DRV_0295,10.05,9.5,41.0,40.7
DEL_007289,ORD_007942,DRV_0182,4.62,30.8,57.8,57.3
DEL_007290,ORD_007943,DRV_0250,11.63,27.4,59.9,61.1
DEL_007291,ORD_007944,DRV_0217,11.38,24.6,82.9,84.1
DEL_007292,ORD_007948,DRV_0210,4.26,7.4,22.3,24.7
DEL_007293,ORD_007949,DRV_0096,7.15,25.3,52.1,61.8
DEL_007294,ORD_007950,DRV_0021,6.73,17.8,48.2,43.6
DEL_007295,ORD_007951,DRV_0058,10.38,10.1,49.0,53.0
DEL_007296,ORD_007952,DRV_0190,6.15,29.1,56.2,59.4
DEL_007297,ORD_007954,DRV_0256,4.72,17.0,26.8,27.2
DEL_007298,ORD_007955,DRV_0261,1.09,23.3,23.8,22.5
DEL_007299,ORD_007956,DRV_0256,16.44,22.6,75.8,89.2
DEL_007300,ORD_007957,DRV_0253,10.85,24.9,56.8,65.0
DEL_007301,ORD_007958,DRV_0259,5.54,16.1,49.7,62.1
DEL_007302,ORD_007959,DRV_0155,11.09,30.5,71.2,76.3
DEL_007303,ORD_007960,DRV_0159,15.34,26.3,70.9,85.2
DEL_007304,ORD_007961,DRV_0115,15.52,19.3,75.3,89.1
DEL_007305,ORD_007962,DRV_0150,9.49,23.2,83.6,78.6
DEL_007306,ORD_007963,DRV_0261,10.43,23.0,73.3,63.8
DEL_007307,ORD_007964,DRV_0055,4.24,22.6,58.3,57.8
DEL_007308,ORD_007965,DRV_0228,12.48,26.2,65.3,78.6
DEL_007309,ORD_007966,DRV_0108,2.38,34.7,49.0,46.4
DEL_007310,ORD_007967,DRV_0025,3.74,25.0,43.4,40.1
DEL_007311,ORD_007968,DRV_0244,2.63,25.5,44.1,45.3
DEL_007312,ORD_007969,DRV_0060,3.68,18.6,50.1,49.0
DEL_007313,ORD_007970,DRV_0062,2.02,23.9,34.5,33.9
DEL_007314,ORD_007971,DRV_0072,4.19,18.7,51.4,52.7
DEL_007315,ORD_007972,DRV_0223,0.92,24.3,26.1,24.1
DEL_007316,ORD_007973,DRV_0253,10.35,28.2,75.0,72.1
DEL_007317,ORD_007974,DRV_0049,1.54,13.1,12.3,12.7
DEL_007318,ORD_007975,DRV_0041,8.87,25.5,53.4,61.7
DEL_007319,ORD_007977,DRV_0177,1.71,25.7,37.9,34.9
DEL_007320,ORD_007978,DRV_0279,7.36,29.8,50.1,52.3
DEL_007321,ORD_007979,DRV_0152,2.26,24.9,38.3,39.6
DEL_007322,ORD_007980,DRV_0176,3.78,20.9,39.9,42.8
DEL_007323,ORD_007981,DRV_0021,13.38,18.5,91.0,82.9
DEL_007324,ORD_007983,DRV_0072,3.64,24.5,48.4,38.8
DEL_007325,ORD_007984,DRV_0282,4.35,21.4,40.6,45.0
DEL_007326,ORD_007985,DRV_0253,4.95,19.0,43.8,50.4
DEL_007327,ORD_007986,DRV_0221,2.88,29.4,53.2,49.4
DEL_007328,ORD_007987,DRV_0134,3.95,25.3,49.0,50.0
DEL_007329,ORD_007988,DRV_0236,7.68,10.9,39.6,45.8
DEL_007330,ORD_007989,DRV_0209,0.5,27.3,33.7,35.6
DEL_007331,ORD_007990,DRV_0212,3.8,34.0,55.5,52.4
DEL_007332,ORD_007991,DRV_0217,2.31,14.8,24.0,21.4
DEL_007333,ORD_007992,DRV_0059,6.57,25.1,74.8,68.1
DEL_007334,ORD_007993,DRV_0167,7.2,10.8,42.2,43.9
DEL_007335,ORD_007994,DRV_0024,2.91,20.1,57.4,54.6
DEL_007336,ORD_007995,DRV_0121,6.24,13.4,42.4,45.7
DEL_007337,ORD_007996,DRV_0017,5.29,21.1,47.9,41.6
DEL_007338,ORD_007997,DRV_0123,5.73,17.5,42.1,41.9
DEL_007339,ORD_007998,DRV_0101,3.84,7.9,15.1,16.6
DEL_007340,ORD_007999,DRV_0187,6.0,19.8,44.8,41.6
DEL_007341,ORD_008000,DRV_0125,4.36,16.4,30.6,34.9
DEL_007342,ORD_008002,DRV_0148,7.69,23.8,52.1,53.0
DEL_007343,ORD_008004,DRV_0085,1.18,28.8,40.9,45.8
DEL_007344,ORD_008005,DRV_0278,6.56,21.3,64.8,56.4
DEL_007345,ORD_008006,DRV_0204,8.52,22.2,61.8,75.9
DEL_007346,ORD_008007,DRV_0044,2.26,24.4,41.3,41.2
DEL_007347,ORD_008008,DRV_0015,3.07,19.7,33.4,37.0
DEL_007348,ORD_008009,DRV_0041,5.2,27.5,46.8,47.0
DEL_007349,ORD_008010,DRV_0147,2.27,25.9,35.3,40.4
DEL_007350,ORD_008011,DRV_0206,6.89,32.6,66.4,78.3
DEL_007351,ORD_008012,DRV_0052,4.08,9.7,27.5,26.8
DEL_007352,ORD_008013,DRV_0261,6.71,31.9,66.3,72.3
DEL_007353,ORD_008014,DRV_0244,11.01,24.7,87.9,99.8
DEL_007354,ORD_008015,DRV_0117,4.86,13.1,36.3,37.6
DEL_007355,ORD_008016,DRV_0288,15.74,22.7,72.4,89.8
DEL_007356,ORD_008018,DRV_0122,1.92,23.5,29.7,35.8
DEL_007357,ORD_008019,DRV_0085,13.4,10.6,89.5,88.8
DEL_007358,ORD_008020,DRV_0015,6.14,31.5,37.3,51.8
DEL_007359,ORD_008021,DRV_0089,1.77,24.1,33.3,35.2
DEL_007360,ORD_008022,DRV_0136,17.42,21.4,106.9,102.1
DEL_007361,ORD_008023,DRV_0221,3.68,24.2,45.2,44.1
DEL_007362,ORD_008024,DRV_0120,3.75,29.5,44.9,43.2
DEL_007363,ORD_008025,DRV_0195,6.98,12.8,47.7,50.0
DEL_007364,ORD_008026,DRV_0083,6.23,13.9,27.2,31.2
DEL_007365,ORD_008027,DRV_0129,2.78,28.5,39.0,40.8
DEL_007366,ORD_008029,DRV_0155,1.46,17.2,12.3,15.6
DEL_007367,ORD_008030,DRV_0245,7.31,27.0,78.6,73.6
DEL_007368,ORD_008031,DRV_0143,9.4,23.1,47.3,47.5
DEL_007369,ORD_008032,DRV_0279,0.81,30.0,40.7,38.2
DEL_007370,ORD_008033,DRV_0184,5.2,17.7,35.6,39.8
DEL_007371,ORD_008034,DRV_0101,10.37,34.5,75.7,81.4
DEL_007372,ORD_008035,DRV_0263,6.47,13.4,43.6,39.3
DEL_007373,ORD_008036,DRV_0280,8.46,26.5,87.1,76.3
DEL_007374,ORD_008037,DRV_0002,4.15,18.4,32.4,43.2
DEL_007375,ORD_008038,DRV_0044,5.71,30.4,56.9,60.1
DEL_007376,ORD_008039,DRV_0053,5.27,10.5,27.3,29.6
DEL_007377,ORD_008041,DRV_0027,3.14,31.5,41.7,40.6
DEL_007378,ORD_008042,DRV_0108,10.14,23.3,100.9,93.9
DEL_007379,ORD_008043,DRV_0038,6.06,21.9,64.9,60.3
DEL_007380,ORD_008045,DRV_0284,2.45,23.9,32.1,33.1
DEL_007381,ORD_008046,DRV_0041,6.93,17.3,54.9,52.9
DEL_007382,ORD_008047,DRV_0019,2.77,28.2,37.0,40.5
DEL_007383,ORD_008048,DRV_0138,4.05,32.2,52.6,49.0
DEL_007384,ORD_008049,DRV_0006,2.56,18.2,28.4,30.3
DEL_007385,ORD_008050,DRV_0136,6.2,25.6,55.9,51.9
DEL_007386,ORD_008051,DRV_0033,2.09,26.7,37.2,41.8
DEL_007387,ORD_008052,DRV_0159,2.38,19.4,24.5,26.6
DEL_007388,ORD_008053,DRV_0044,5.3,21.4,44.3,46.7
DEL_007389,ORD_008054,DRV_0184,2.91,19.0,31.8,32.5
DEL_007390,ORD_008055,DRV_0077,10.71,15.9,58.0,57.1
DEL_007391,ORD_008056,DRV_0121,5.22,19.8,41.8,38.7
DEL_007392,ORD_008057,DRV_0156,0.62,7.4,11.2,11.1
DEL_007393,ORD_008058,DRV_0081,3.28,25.9,27.9,32.3
DEL_007394,ORD_008059,DRV_0141,3.49,25.4,39.7,38.3
DEL_007395,ORD_008060,DRV_0281,2.77,12.0,15.5,20.5
DEL_007396,ORD_008062,DRV_0279,2.62,9.0,26.6,24.4
DEL_007397,ORD_008063,DRV_0002,4.15,15.8,31.4,36.7
DEL_007398,ORD_008064,DRV_0141,10.39,29.6,86.1,86.6
DEL_007399,ORD_008065,DRV_0054,1.62,13.2,19.8,19.3
DEL_007400,ORD_008067,DRV_0200,2.48,34.9,33.7,41.1
DEL_007401,ORD_008068,DRV_0114,4.43,33.8,60.5,61.5
DEL_007402,ORD_008069,DRV_0182,1.53,24.0,36.5,33.3
DEL_007403,ORD_008070,DRV_0257,4.28,11.6,26.0,24.1
DEL_007404,ORD_008071,DRV_0199,4.94,33.6,54.1,52.6
DEL_007405,ORD_008072,DRV_0016,6.95,22.9,55.9,49.8
DEL_007406,ORD_008073,DRV_0020,12.32,11.2,131.4,124.0
DEL_007407,ORD_008074,DRV_0149,6.22,35.0,57.1,55.7
DEL_007408,ORD_008075,DRV_0027,1.78,15.8,27.8,27.3
DEL_007409,ORD_008076,DRV_0178,5.31,27.9,44.4,44.5
DEL_007410,ORD_008077,DRV_0066,5.26,11.5,44.3,38.8
DEL_007411,ORD_008078,DRV_0104,8.04,22.4,61.9,64.8
DEL_007412,ORD_008079,DRV_0122,5.38,29.9,51.4,56.5
DEL_007413,ORD_008080,DRV_0147,0.96,20.2,23.2,25.4
DEL_007414,ORD_008081,DRV_0113,1.92,14.3,17.2,19.4
DEL_007415,ORD_008082,DRV_0158,4.19,27.7,52.9,55.5
DEL_007416,ORD_008083,DRV_0234,11.41,13.6,61.7,56.9
DEL_007417,ORD_008084,DRV_0229,13.41,23.5,87.7,90.6
DEL_007418,ORD_008085,DRV_0013,5.31,18.1,24.2,25.5
DEL_007419,ORD_008086,DRV_0142,7.49,13.7,38.1,39.9
DEL_007420,ORD_008087,DRV_0070,2.47,17.4,26.0,27.9
DEL_007421,ORD_008088,DRV_0183,3.76,19.8,29.1,36.4
DEL_007422,ORD_008089,DRV_0123,3.57,22.1,47.9,44.5
DEL_007423,ORD_008090,DRV_0051,5.62,22.5,41.3,47.4
DEL_007424,ORD_008091,DRV_0153,5.23,18.3,55.9,53.0
DEL_007425,ORD_008092,DRV_0274,18.05,11.8,95.0,87.5
DEL_007426,ORD_008094,DRV_0009,10.66,35.8,77.2,80.9
DEL_007427,ORD_008095,DRV_0053,8.02,26.7,85.5,69.1
DEL_007428,ORD_008096,DRV_0070,1.46,16.9,26.7,26.2
DEL_007429,ORD_008097,DRV_0107,5.8,13.4,32.5,32.8
DEL_007430,ORD_008100,DRV_0076,4.12,38.1,58.0,57.8
DEL_007431,ORD_008101,DRV_0087,9.1,22.1,58.0,61.6
DEL_007432,ORD_008102,DRV_0091,8.13,30.4,73.9,75.1
DEL_007433,ORD_008103,DRV_0174,2.43,31.3,28.9,38.5
DEL_007434,ORD_008104,DRV_0068,7.07,22.3,64.9,58.5
DEL_007435,ORD_008105,DRV_0206,2.99,15.6,33.7,37.1
DEL_007436,ORD_008106,DRV_0213,15.65,18.8,74.5,91.1
DEL_007437,ORD_008107,DRV_0282,5.67,38.8,86.0,78.6
DEL_007438,ORD_008108,DRV_0133,2.17,17.5,23.4,23.8
DEL_007439,ORD_008109,DRV_0185,5.37,21.0,38.4,37.0
DEL_007440,ORD_008110,DRV_0022,8.13,15.9,64.5,58.4
DEL_007441,ORD_008111,DRV_0090,4.76,30.5,60.7,57.1
DEL_007442,ORD_008112,DRV_0122,6.2,9.2,40.1,41.1
DEL_007443,ORD_008113,DRV_0105,8.45,32.9,66.0,72.6
DEL_007444,ORD_008114,DRV_0213,6.17,24.7,78.4,77.5
DEL_007445,ORD_008116,DRV_0289,3.96,14.2,31.3,35.2
DEL_007446,ORD_008117,DRV_0084,2.31,26.1,36.8,37.4
DEL_007447,ORD_008118,DRV_0233,3.23,10.2,29.9,29.4
DEL_007448,ORD_008119,DRV_0163,9.92,9.5,57.7,76.4
DEL_007449,ORD_008120,DRV_0135,4.42,14.6,35.5,33.0
DEL_007450,ORD_008121,DRV_0158,5.1,29.0,53.0,52.0
DEL_007451,ORD_008123,DRV_0055,5.56,15.1,36.4,37.8
DEL_007452,ORD_008124,DRV_0133,2.78,30.7,44.6,45.8
DEL_007453,ORD_008125,DRV_0145,7.5,33.5,66.2,68.5
DEL_007454,ORD_008126,DRV_0207,4.2,21.5,34.3,32.6
DEL_007455,ORD_008127,DRV_0048,6.55,23.3,53.1,53.8
DEL_007456,ORD_008128,DRV_0031,9.12,20.3,48.4,46.6
DEL_007457,ORD_008129,DRV_0211,5.96,33.8,57.6,61.5
DEL_007458,ORD_008130,DRV_0065,4.25,17.6,37.9,41.2
DEL_007459,ORD_008131,DRV_0022,1.28,24.6,26.2,25.4
DEL_007460,ORD_008132,DRV_0197,6.42,13.6,42.4,44.4
DEL_007461,ORD_008133,DRV_0222,4.65,23.8,37.0,43.1
DEL_007462,ORD_008134,DRV_0203,0.77,31.5,39.5,36.7
DEL_007463,ORD_008135,DRV_0249,7.65,31.8,59.8,76.9
DEL_007464,ORD_008136,DRV_0240,3.87,19.4,37.2,39.5
DEL_007465,ORD_008138,DRV_0037,6.79,25.6,46.6,60.2
DEL_007466,ORD_008139,DRV_0176,3.4,17.2,41.3,37.3
DEL_007467,ORD_008140,DRV_0052,7.4,22.7,44.4,48.7
DEL_007468,ORD_008141,DRV_0221,2.35,30.1,33.8,38.2
DEL_007469,ORD_008142,DRV_0058,10.71,15.0,59.2,62.0
DEL_007470,ORD_008143,DRV_0127,2.86,18.3,21.7,20.1
DEL_007471,ORD_008144,DRV_0010,1.72,24.1,34.0,37.5
DEL_007472,ORD_008146,DRV_0114,8.94,17.5,48.6,51.3
DEL_007473,ORD_008147,DRV_0212,10.26,26.8,86.1,78.2
DEL_007474,ORD_008148,DRV_0286,7.53,25.6,52.9,50.5
DEL_007475,ORD_008149,DRV_0234,6.18,31.2,66.5,67.5
DEL_007476,ORD_008150,DRV_0280,7.47,20.6,53.8,54.8
DEL_007477,ORD_008151,DRV_0192,5.73,24.3,47.8,46.4
DEL_007478,ORD_008152,DRV_0046,7.21,20.7,41.5,44.6
DEL_007479,ORD_008153,DRV_0004,11.91,22.7,81.9,72.4
DEL_007480,ORD_008154,DRV_0282,7.19,16.4,35.9,42.9
DEL_007481,ORD_008155,DRV_0041,11.28,20.3,81.2,78.5
DEL_007482,ORD_008156,DRV_0285,1.25,26.3,34.5,34.7
DEL_007483,ORD_008157,DRV_0176,5.86,32.5,70.0,59.7
DEL_007484,ORD_008158,DRV_0223,3.15,28.2,49.5,47.4
DEL_007485,ORD_008159,DRV_0280,9.58,27.1,48.8,64.3
DEL_007486,ORD_008160,DRV_0035,8.08,23.5,62.9,57.7
DEL_007487,ORD_008161,DRV_0068,8.17,15.2,34.8,40.7
DEL_007488,ORD_008162,DRV_0140,3.15,25.4,40.1,35.1
DEL_007489,ORD_008163,DRV_0072,3.88,18.6,32.1,40.4
DEL_007490,ORD_008164,DRV_0179,7.17,20.8,44.0,46.7
DEL_007491,ORD_008165,DRV_0041,8.4,16.0,46.9,47.4
DEL_007492,ORD_008166,DRV_0059,12.72,24.4,58.1,73.9
DEL_007493,ORD_008167,DRV_0267,2.09,23.4,27.8,31.5
DEL_007494,ORD_008168,DRV_0254,1.6,25.4,30.9,31.9
DEL_007495,ORD_008169,DRV_0038,0.61,23.8,26.8,25.5
DEL_007496,ORD_008171,DRV_0210,0.95,26.9,30.5,35.3
DEL_007497,ORD_008172,DRV_0024,3.71,26.7,39.9,42.4
DEL_007498,ORD_008173,DRV_0195,15.62,31.5,92.2,94.7
DEL_007499,ORD_008175,DRV_0124,9.12,24.7,63.5,59.9
DEL_007500,ORD_008176,DRV_0211,3.68,25.1,30.4,38.5
DEL_007501,ORD_008177,DRV_0243,5.68,24.3,50.3,46.0
DEL_007502,ORD_008178,DRV_0230,5.75,18.6,43.2,42.6
DEL_007503,ORD_008179,DRV_0148,8.7,10.1,43.6,46.0
DEL_007504,ORD_008181,DRV_0129,8.02,31.5,51.5,61.1
DEL_007505,ORD_008182,DRV_0091,15.65,28.8,108.4,123.3
DEL_007506,ORD_008183,DRV_0193,5.51,9.9,19.2,25.4
DEL_007507,ORD_008184,DRV_0039,2.17,35.6,62.8,49.4
DEL_007508,ORD_008185,DRV_0145,0.5,32.9,37.3,35.5
DEL_007509,ORD_008186,DRV_0147,8.05,22.4,51.8,58.1
DEL_007510,ORD_008187,DRV_0223,7.04,15.7,55.6,54.2
DEL_007511,ORD_008188,DRV_0185,2.46,13.5,27.1,29.4
DEL_007512,ORD_008189,DRV_0225,5.39,19.2,43.9,46.3
DEL_007513,ORD_008190,DRV_0084,1.91,12.7,22.2,20.4
DEL_007514,ORD_008192,DRV_0046,4.83,27.8,47.2,48.6
DEL_007515,ORD_008193,DRV_0113,2.41,21.6,22.9,31.5
DEL_007516,ORD_008194,DRV_0155,8.48,31.5,71.2,67.3
DEL_007517,ORD_008195,DRV_0066,6.84,29.5,58.5,61.7
DEL_007518,ORD_008196,DRV_0208,4.77,26.8,39.7,39.7
DEL_007519,ORD_008197,DRV_0174,4.48,28.8,36.0,36.8
DEL_007520,ORD_008198,DRV_0110,4.56,22.8,45.2,39.7
DEL_007521,ORD_008199,DRV_0300,2.07,21.3,31.1,31.1
DEL_007522,ORD_008200,DRV_0259,3.03,13.3,30.3,28.3
DEL_007523,ORD_008201,DRV_0142,6.66,10.9,53.3,56.1
DEL_007524,ORD_008202,DRV_0282,6.83,21.2,51.2,54.8
DEL_007525,ORD_008203,DRV_0070,4.26,24.8,43.3,43.0
DEL_007526,ORD_008204,DRV_0194,1.14,15.7,22.9,22.3
DEL_007527,ORD_008205,DRV_0046,8.3,21.4,65.8,68.3
DEL_007528,ORD_008206,DRV_0293,6.9,39.7,64.8,66.1
DEL_007529,ORD_008207,DRV_0035,6.99,15.0,61.2,63.9
DEL_007530,ORD_008208,DRV_0125,2.34,5.0,8.4,11.3
DEL_007531,ORD_008209,DRV_0056,10.61,26.0,67.1,78.2
DEL_007532,ORD_008210,DRV_0210,8.13,20.7,46.4,54.4
DEL_007533,ORD_008211,DRV_0110,6.6,17.3,54.2,53.7
DEL_007534,ORD_008212,DRV_0209,7.15,13.0,35.8,38.1
DEL_007535,ORD_008213,DRV_0146,10.91,27.1,76.3,74.2
DEL_007536,ORD_008214,DRV_0096,9.59,34.6,67.7,64.1
DEL_007537,ORD_008215,DRV_0239,2.88,19.7,26.5,28.1
DEL_007538,ORD_008216,DRV_0183,7.0,22.3,52.9,52.6
DEL_007539,ORD_008217,DRV_0070,4.68,12.6,46.6,53.7
DEL_007540,ORD_008218,DRV_0236,3.56,20.7,25.0,34.0
DEL_007541,ORD_008219,DRV_0146,5.17,22.5,59.1,50.5
DEL_007542,ORD_008220,DRV_0089,1.19,36.6,37.2,43.0
DEL_007543,ORD_008221,DRV_0191,3.91,20.4,41.0,41.3
DEL_007544,ORD_008222,DRV_0137,7.26,32.7,59.9,69.5
DEL_007545,ORD_008223,DRV_0085,7.39,10.3,45.6,51.9
DEL_007546,ORD_008224,DRV_0022,7.49,22.6,56.6,54.9
DEL_007547,ORD_008225,DRV_0150,1.42,17.9,16.5,15.0
DEL_007548,ORD_008226,DRV_0029,4.96,36.0,60.9,62.3
DEL_007549,ORD_008227,DRV_0141,6.42,14.5,36.0,36.9
DEL_007550,ORD_008228,DRV_0034,7.62,22.7,44.6,51.6
DEL_007551,ORD_008230,DRV_0087,3.56,15.4,20.8,24.5
DEL_007552,ORD_008231,DRV_0116,6.85,22.6,63.8,62.1
DEL_007553,ORD_008232,DRV_0279,13.54,7.1,41.2,44.3
DEL_007554,ORD_008233,DRV_0226,10.04,14.5,75.2,61.5
DEL_007555,ORD_008234,DRV_0095,6.19,18.3,46.9,47.9
DEL_007556,ORD_008235,DRV_0295,5.55,17.0,43.9,43.5
DEL_007557,ORD_008236,DRV_0095,1.26,10.2,16.0,18.2
DEL_007558,ORD_008237,DRV_0039,2.35,24.0,32.4,32.4
DEL_007559,ORD_008238,DRV_0133,4.84,26.5,43.3,45.4
DEL_007560,ORD_008239,DRV_0108,6.06,28.7,57.6,59.0
DEL_007561,ORD_008240,DRV_0258,3.07,19.8,32.8,34.3
DEL_007562,ORD_008241,DRV_0222,4.6,17.6,30.8,29.8
DEL_007563,ORD_008242,DRV_0130,3.94,19.8,36.1,40.0
DEL_007564,ORD_008243,DRV_0083,6.08,30.3,54.8,61.8
DEL_007565,ORD_008244,DRV_0193,2.81,23.5,33.5,32.4
DEL_007566,ORD_008245,DRV_0238,6.97,16.0,41.9,43.0
DEL_007567,ORD_008246,DRV_0244,5.01,24.7,36.2,43.5
DEL_007568,ORD_008247,DRV_0253,4.11,26.6,42.0,42.2
DEL_007569,ORD_008249,DRV_0027,3.9,15.4,54.0,52.2
DEL_007570,ORD_008250,DRV_0252,6.27,17.1,41.8,39.4
DEL_007571,ORD_008251,DRV_0007,5.61,9.4,31.3,32.2
DEL_007572,ORD_008252,DRV_0083,11.19,7.7,48.5,48.5
DEL_007573,ORD_008253,DRV_0019,4.31,11.4,40.6,34.2
DEL_007574,ORD_008254,DRV_0202,2.42,13.7,25.9,27.1
DEL_007575,ORD_008255,DRV_0021,1.74,22.7,31.2,29.7
DEL_007576,ORD_008256,DRV_0292,3.81,35.1,66.4,59.7
DEL_007577,ORD_008257,DRV_0195,14.41,14.9,87.2,85.4
DEL_007578,ORD_008258,DRV_0108,2.47,30.2,53.1,48.1
DEL_007579,ORD_008259,DRV_0091,10.13,29.4,75.7,78.3
DEL_007580,ORD_008260,DRV_0137,3.39,35.4,38.2,42.1
DEL_007581,ORD_008261,DRV_0092,4.89,22.8,45.5,47.0
DEL_007582,ORD_008262,DRV_0224,11.09,21.4,99.8,110.1
DEL_007583,ORD_008263,DRV_0039,12.84,32.5,89.1,78.8
DEL_007584,ORD_008264,DRV_0021,6.59,17.8,40.8,43.6
DEL_007585,ORD_008265,DRV_0300,2.84,13.9,33.6,29.6
DEL_007586,ORD_008266,DRV_0053,10.82,28.3,58.8,62.3
DEL_007587,ORD_008267,DRV_0057,6.41,15.6,32.6,41.8
DEL_007588,ORD_008268,DRV_0082,7.44,17.8,54.3,65.9
DEL_007589,ORD_008269,DRV_0194,2.7,45.0,51.6,52.5
DEL_007590,ORD_008270,DRV_0157,8.57,22.5,65.1,65.3
DEL_007591,ORD_008271,DRV_0032,3.9,16.3,34.9,32.3
DEL_007592,ORD_008273,DRV_0142,2.22,20.6,30.2,32.0
DEL_007593,ORD_008274,DRV_0263,13.23,29.9,84.0,82.0
DEL_007594,ORD_008275,DRV_0189,2.77,22.6,28.3,38.2
DEL_007595,ORD_008276,DRV_0002,2.91,18.4,34.7,31.9
DEL_007596,ORD_008277,DRV_0171,8.08,26.3,67.5,82.5
DEL_007597,ORD_008278,DRV_0187,7.2,5.0,36.3,42.7
DEL_007598,ORD_008280,DRV_0194,14.28,24.8,81.8,93.4
DEL_007599,ORD_008281,DRV_0106,0.63,19.7,26.0,26.9
DEL_007600,ORD_008282,DRV_0271,2.06,27.3,33.0,39.8
DEL_007601,ORD_008283,DRV_0231,1.94,26.5,32.4,34.4
DEL_007602,ORD_008284,DRV_0049,5.16,29.4,42.3,45.2
DEL_007603,ORD_008285,DRV_0096,9.84,26.6,69.6,74.5
DEL_007604,ORD_008286,DRV_0245,8.36,8.5,47.7,49.6
DEL_007605,ORD_008287,DRV_0287,3.99,27.6,50.8,49.6
DEL_007606,ORD_008288,DRV_0037,5.4,30.1,39.9,45.2
DEL_007607,ORD_008289,DRV_0151,1.2,17.5,27.2,28.9
DEL_007608,ORD_008290,DRV_0162,3.66,24.0,38.0,41.3
DEL_007609,ORD_008291,DRV_0146,4.12,18.4,39.8,39.3
DEL_007610,ORD_008292,DRV_0112,1.99,20.5,30.4,27.1
DEL_007611,ORD_008294,DRV_0286,4.08,21.6,43.3,42.9
DEL_007612,ORD_008295,DRV_0092,2.56,31.6,43.6,43.1
DEL_007613,ORD_008296,DRV_0155,5.05,21.1,53.3,51.1
DEL_007614,ORD_008297,DRV_0124,13.1,17.0,52.5,60.1
DEL_007615,ORD_008298,DRV_0034,6.37,28.7,38.5,45.2
DEL_007616,ORD_008299,DRV_0289,2.45,16.5,26.0,26.3
DEL_007617,ORD_008300,DRV_0221,5.48,27.3,52.1,56.3
DEL_007618,ORD_008301,DRV_0136,6.8,35.6,66.5,65.3
DEL_007619,ORD_008302,DRV_0243,18.97,22.2,119.0,105.5
DEL_007620,ORD_008303,DRV_0015,2.06,11.8,20.4,22.2
DEL_007621,ORD_008304,DRV_0196,10.92,23.0,73.7,82.4
DEL_007622,ORD_008305,DRV_0272,3.45,16.5,35.6,35.2
DEL_007623,ORD_008306,DRV_0125,8.06,20.7,82.5,73.8
DEL_007624,ORD_008307,DRV_0084,3.1,19.3,34.5,40.4
DEL_007625,ORD_008308,DRV_0030,7.1,14.6,42.7,46.2
DEL_007626,ORD_008309,DRV_0039,5.91,28.7,50.3,46.5
DEL_007627,ORD_008310,DRV_0256,1.4,14.1,24.5,21.7
DEL_007628,ORD_008311,DRV_0055,1.79,18.7,19.0,23.7
DEL_007629,ORD_008312,DRV_0107,3.61,18.9,41.7,42.6
DEL_007630,ORD_008314,DRV_0162,20.0,12.5,116.5,118.6
DEL_007631,ORD_008315,DRV_0004,4.47,12.6,35.3,36.6
DEL_007632,ORD_008316,DRV_0157,3.66,39.7,41.1,51.7
DEL_007633,ORD_008317,DRV_0154,4.63,26.5,47.8,48.6
DEL_007634,ORD_008318,DRV_0037,3.25,20.6,39.9,33.4
DEL_007635,ORD_008319,DRV_0140,2.21,23.5,37.9,36.4
DEL_007636,ORD_008320,DRV_0117,6.27,17.0,46.7,48.6
DEL_007637,ORD_008321,DRV_0038,3.04,23.0,42.5,36.9
DEL_007638,ORD_008323,DRV_0198,10.43,25.1,62.5,59.3
DEL_007639,ORD_008324,DRV_0104,4.91,22.1,31.1,34.3
DEL_007640,ORD_008325,DRV_0294,7.47,30.4,56.4,61.8
DEL_007641,ORD_008326,DRV_0221,4.89,16.0,54.8,52.7
DEL_007642,ORD_008327,DRV_0110,7.01,27.6,52.0,55.1
DEL_007643,ORD_008328,DRV_0081,6.35,24.8,45.2,52.5
DEL_007644,ORD_008330,DRV_0267,6.46,32.1,57.4,61.4
DEL_007645,ORD_008331,DRV_0023,12.71,26.5,91.4,77.5
DEL_007646,ORD_008332,DRV_0069,2.03,9.8,14.8,14.9
DEL_007647,ORD_008333,DRV_0177,4.52,23.9,46.0,52.1
DEL_007648,ORD_008334,DRV_0121,12.51,17.9,77.8,71.6
DEL_007649,ORD_008335,DRV_0268,7.84,17.4,38.0,38.7
DEL_007650,ORD_008336,DRV_0040,19.78,13.7,111.0,129.6
DEL_007651,ORD_008337,DRV_0208,4.54,7.7,28.9,27.7
DEL_007652,ORD_008338,DRV_0009,5.38,15.4,37.1,38.7
DEL_007653,ORD_008339,DRV_0141,3.66,20.0,23.4,32.2
DEL_007654,ORD_008340,DRV_0164,5.42,22.9,55.3,51.4
DEL_007655,ORD_008341,DRV_0020,2.51,23.1,45.5,42.3
DEL_007656,ORD_008343,DRV_0148,5.98,12.2,41.5,37.3
DEL_007657,ORD_008344,DRV_0281,20.0,11.1,89.6,99.6
DEL_007658,ORD_008345,DRV_0219,10.49,24.0,57.3,56.4
DEL_007659,ORD_008346,DRV_0097,1.62,23.1,39.7,35.9
DEL_007660,ORD_008347,DRV_0075,16.61,24.9,97.0,111.7
DEL_007661,ORD_008348,DRV_0005,6.08,26.3,75.4,70.1
DEL_007662,ORD_008349,DRV_0026,1.0,17.0,18.4,18.1
DEL_007663,ORD_008350,DRV_0260,7.77,17.7,40.8,47.3
DEL_007664,ORD_008351,DRV_0266,5.47,31.3,52.5,57.2
DEL_007665,ORD_008352,DRV_0200,5.69,25.0,51.5,55.0
DEL_007666,ORD_008353,DRV_0230,1.52,15.1,20.2,21.4
DEL_007667,ORD_008355,DRV_0107,3.94,25.4,32.9,38.3
DEL_007668,ORD_008356,DRV_0159,3.2,14.4,21.4,20.5
DEL_007669,ORD_008357,DRV_0004,10.54,26.9,67.9,70.6
DEL_007670,ORD_008358,DRV_0297,8.85,22.7,92.9,79.7
DEL_007671,ORD_008361,DRV_0234,6.91,16.1,50.3,50.2
DEL_007672,ORD_008363,DRV_0062,7.57,9.6,45.2,55.6
DEL_007673,ORD_008364,DRV_0226,12.35,31.5,80.1,104.1
DEL_007674,ORD_008365,DRV_0232,10.85,20.0,73.0,75.0
DEL_007675,ORD_008366,DRV_0216,1.86,35.3,38.5,40.4
DEL_007676,ORD_008367,DRV_0086,7.65,23.0,60.2,60.9
DEL_007677,ORD_008368,DRV_0189,4.63,32.5,49.1,53.6
DEL_007678,ORD_008369,DRV_0088,1.19,32.2,39.2,37.5
DEL_007679,ORD_008370,DRV_0125,2.74,20.8,35.6,34.4
DEL_007680,ORD_008371,DRV_0020,8.46,18.0,49.4,50.2
DEL_007681,ORD_008372,DRV_0017,2.42,11.2,27.3,34.0
DEL_007682,ORD_008373,DRV_0300,1.8,25.7,36.6,32.9
DEL_007683,ORD_008374,DRV_0162,8.87,19.0,57.4,64.9
DEL_007684,ORD_008375,DRV_0199,1.85,16.0,30.6,30.2
DEL_007685,ORD_008376,DRV_0236,4.5,12.3,33.9,31.8
DEL_007686,ORD_008377,DRV_0003,1.95,19.9,29.7,28.3
DEL_007687,ORD_008378,DRV_0263,8.75,13.4,59.1,55.4
DEL_007688,ORD_008379,DRV_0046,3.42,14.5,30.2,33.4
DEL_007689,ORD_008380,DRV_0032,8.49,20.8,59.5,63.1
DEL_007690,ORD_008381,DRV_0031,8.16,20.6,53.0,53.2
DEL_007691,ORD_008382,DRV_0241,0.66,27.0,32.1,31.7
DEL_007692,ORD_008383,DRV_0080,4.68,24.2,52.0,46.2
DEL_007693,ORD_008384,DRV_0253,8.01,29.7,61.8,59.8
DEL_007694,ORD_008385,DRV_0274,11.3,9.8,99.0,107.4
DEL_007695,ORD_008386,DRV_0145,1.19,17.4,33.0,30.3
DEL_007696,ORD_008387,DRV_0250,2.88,25.6,41.6,35.1
DEL_007697,ORD_008388,DRV_0128,5.74,22.6,44.4,48.6
DEL_007698,ORD_008389,DRV_0200,12.46,17.2,60.4,66.4
DEL_007699,ORD_008390,DRV_0159,9.78,20.6,62.1,54.9
DEL_007700,ORD_008391,DRV_0143,8.19,29.3,68.6,69.2
DEL_007701,ORD_008392,DRV_0136,10.22,18.4,55.2,60.6
DEL_007702,ORD_008393,DRV_0178,1.19,12.8,28.1,26.5
DEL_007703,ORD_008394,DRV_0134,18.62,23.0,93.1,91.5
DEL_007704,ORD_008395,DRV_0057,6.47,24.7,54.0,51.0
DEL_007705,ORD_008396,DRV_0001,7.18,27.1,62.5,59.1
DEL_007706,ORD_008398,DRV_0051,4.6,24.4,45.7,45.4
DEL_007707,ORD_008399,DRV_0011,7.35,18.2,61.3,61.8
DEL_007708,ORD_008400,DRV_0257,3.99,13.2,30.0,30.2
DEL_007709,ORD_008401,DRV_0042,11.56,24.3,87.9,72.9
DEL_007710,ORD_008402,DRV_0018,4.61,33.4,54.1,54.8
DEL_007711,ORD_008403,DRV_0046,5.62,6.3,21.2,28.3
DEL_007712,ORD_008404,DRV_0003,6.13,18.9,47.8,49.3
DEL_007713,ORD_008405,DRV_0207,2.7,26.0,32.1,35.6
DEL_007714,ORD_008406,DRV_0004,8.66,31.6,75.1,79.5
DEL_007715,ORD_008407,DRV_0233,6.97,22.4,54.6,49.5
DEL_007716,ORD_008408,DRV_0288,5.04,26.0,35.4,34.7
DEL_007717,ORD_008409,DRV_0039,7.47,29.7,62.8,62.7
DEL_007718,ORD_008410,DRV_0192,6.26,30.3,45.3,53.3
DEL_007719,ORD_008412,DRV_0190,7.24,20.3,51.0,55.7
DEL_007720,ORD_008413,DRV_0137,4.07,19.9,42.1,43.5
DEL_007721,ORD_008414,DRV_0002,3.52,31.1,43.6,48.2
DEL_007722,ORD_008415,DRV_0180,4.5,25.6,47.4,49.7
DEL_007723,ORD_008416,DRV_0048,5.31,16.0,41.9,42.0
DEL_007724,ORD_008417,DRV_0071,1.94,16.1,16.4,18.1
DEL_007725,ORD_008418,DRV_0205,3.61,17.5,52.2,46.4
DEL_007726,ORD_008419,DRV_0153,7.63,33.5,80.5,74.7
DEL_007727,ORD_008420,DRV_0022,4.84,17.4,38.4,38.7
DEL_007728,ORD_008421,DRV_0144,4.36,23.1,47.8,43.3
DEL_007729,ORD_008422,DRV_0254,0.73,15.2,19.0,21.8
DEL_007730,ORD_008423,DRV_0017,1.91,5.0,14.2,13.1
DEL_007731,ORD_008424,DRV_0208,5.0,25.7,48.7,48.1
DEL_007732,ORD_008425,DRV_0234,9.04,30.9,70.1,70.4
DEL_007733,ORD_008426,DRV_0206,1.24,30.1,33.0,35.2
DEL_007734,ORD_008427,DRV_0166,5.87,19.5,42.0,47.4
DEL_007735,ORD_008429,DRV_0085,3.63,20.9,33.7,35.9
DEL_007736,ORD_008430,DRV_0046,4.68,26.3,47.9,48.2
DEL_007737,ORD_008431,DRV_0211,10.91,24.9,58.8,57.8
DEL_007738,ORD_008432,DRV_0293,0.57,24.9,34.5,36.5
DEL_007739,ORD_008433,DRV_0282,10.74,38.2,89.9,92.9
DEL_007740,ORD_008434,DRV_0256,5.8,14.2,39.3,39.0
DEL_007741,ORD_008435,DRV_0069,2.32,21.7,34.8,33.4
DEL_007742,ORD_008436,DRV_0290,6.2,17.2,41.3,51.1
DEL_007743,ORD_008437,DRV_0112,3.59,21.6,38.8,34.8
DEL_007744,ORD_008438,DRV_0155,1.2,20.5,29.8,30.0
DEL_007745,ORD_008440,DRV_0233,7.16,12.8,32.5,37.4
DEL_007746,ORD_008441,DRV_0182,4.61,29.8,50.5,53.4
DEL_007747,ORD_008442,DRV_0227,7.03,19.3,46.4,52.4
DEL_007748,ORD_008443,DRV_0053,7.48,26.4,70.5,59.9
DEL_007749,ORD_008444,DRV_0095,4.51,36.8,45.1,52.3
DEL_007750,ORD_008445,DRV_0280,9.46,21.9,50.9,51.2
DEL_007751,ORD_008446,DRV_0060,5.85,18.3,47.8,53.1
DEL_007752,ORD_008447,DRV_0242,4.6,30.3,56.5,56.9
DEL_007753,ORD_008448,DRV_0095,1.43,13.7,13.3,14.2
DEL_007754,ORD_008449,DRV_0116,8.62,25.0,58.1,57.7
DEL_007755,ORD_008451,DRV_0118,8.03,23.8,77.4,64.4
DEL_007756,ORD_008452,DRV_0100,6.33,17.1,65.2,66.2
DEL_007757,ORD_008453,DRV_0004,13.18,20.5,69.2,70.2
DEL_007758,ORD_008454,DRV_0219,9.34,19.2,72.7,73.0
DEL_007759,ORD_008455,DRV_0119,8.24,8.4,43.2,38.5
DEL_007760,ORD_008456,DRV_0249,6.17,18.4,55.8,58.2
DEL_007761,ORD_008457,DRV_0180,1.99,23.1,40.5,43.0
DEL_007762,ORD_008458,DRV_0283,9.58,16.2,60.7,59.2
DEL_007763,ORD_008459,DRV_0222,9.97,26.0,59.5,66.5
DEL_007764,ORD_008460,DRV_0242,5.02,23.4,38.3,41.1
DEL_007765,ORD_008462,DRV_0103,6.02,16.8,63.3,56.3
DEL_007766,ORD_008463,DRV_0031,4.39,25.7,58.2,61.8
DEL_007767,ORD_008464,DRV_0031,2.32,17.4,27.8,23.5
DEL_007768,ORD_008465,DRV_0167,2.43,24.6,32.6,31.2
DEL_007769,ORD_008466,DRV_0087,6.55,28.3,62.5,71.6
DEL_007770,ORD_008467,DRV_0253,8.96,19.3,59.8,54.4
DEL_007771,ORD_008468,DRV_0031,7.1,31.2,80.6,85.2
DEL_007772,ORD_008469,DRV_0082,0.82,16.8,23.8,21.9
DEL_007773,ORD_008470,DRV_0275,9.93,24.9,83.1,83.5
DEL_007774,ORD_008471,DRV_0126,7.35,27.4,48.6,51.1
DEL_007775,ORD_008472,DRV_0005,11.6,8.3,57.3,61.3
DEL_007776,ORD_008473,DRV_0083,6.48,19.4,45.0,51.0
DEL_007777,ORD_008474,DRV_0126,6.75,16.9,47.7,52.2
DEL_007778,ORD_008476,DRV_0141,5.77,24.1,38.5,46.1
DEL_007779,ORD_008477,DRV_0080,11.53,23.9,72.1,83.1
DEL_007780,ORD_008478,DRV_0177,11.13,27.8,78.7,68.9
DEL_007781,ORD_008479,DRV_0260,1.47,28.8,41.8,39.0
DEL_007782,ORD_008480,DRV_0168,18.67,27.4,137.8,139.7
DEL_007783,ORD_008481,DRV_0132,5.52,20.4,45.3,42.4
DEL_007784,ORD_008482,DRV_0015,3.79,22.6,39.1,46.1
DEL_007785,ORD_008483,DRV_0016,4.42,17.4,26.9,30.6
DEL_007786,ORD_008484,DRV_0265,3.75,36.5,51.1,50.7
DEL_007787,ORD_008485,DRV_0063,5.56,28.9,52.1,53.5
DEL_007788,ORD_008486,DRV_0135,3.68,15.0,33.7,34.6
DEL_007789,ORD_008487,DRV_0137,3.52,35.4,60.8,61.6
DEL_007790,ORD_008488,DRV_0186,2.27,26.6,38.5,38.7
DEL_007791,ORD_008489,DRV_0059,4.34,17.9,44.4,45.9
DEL_007792,ORD_008490,DRV_0257,4.66,13.4,31.3,30.9
DEL_007793,ORD_008491,DRV_0169,4.7,14.5,44.7,40.7
DEL_007794,ORD_008492,DRV_0214,2.77,23.7,39.9,39.9
DEL_007795,ORD_008494,DRV_0125,5.54,42.9,73.7,77.4
DEL_007796,ORD_008495,DRV_0146,5.44,21.3,43.5,41.0
DEL_007797,ORD_008496,DRV_0063,4.79,17.9,50.4,43.6
DEL_007798,ORD_008498,DRV_0184,1.78,22.6,29.9,32.7
DEL_007799,ORD_008500,DRV_0006,4.27,28.6,47.5,53.8
DEL_007800,ORD_008501,DRV_0189,9.09,29.1,66.2,66.4
DEL_007801,ORD_008502,DRV_0042,3.45,28.3,47.5,50.1
DEL_007802,ORD_008503,DRV_0240,4.65,29.7,61.4,56.9
DEL_007803,ORD_008504,DRV_0119,5.7,18.7,47.5,53.0
DEL_007804,ORD_008505,DRV_0297,3.21,25.2,41.8,52.0
DEL_007805,ORD_008506,DRV_0146,14.95,26.7,116.0,114.5
DEL_007806,ORD_008507,DRV_0299,3.3,18.1,39.1,35.3
DEL_007807,ORD_008508,DRV_0192,1.74,26.6,29.3,32.1
DEL_007808,ORD_008509,DRV_0145,8.22,13.9,57.5,53.6
DEL_007809,ORD_008510,DRV_0108,8.41,30.9,68.7,72.2
DEL_007810,ORD_008511,DRV_0126,2.57,24.5,36.0,38.3
DEL_007811,ORD_008512,DRV_0051,3.25,26.5,45.4,41.7
DEL_007812,ORD_008513,DRV_0214,9.54,17.9,57.2,59.4
DEL_007813,ORD_008514,DRV_0095,3.53,19.6,18.5,24.4
DEL_007814,ORD_008515,DRV_0133,3.75,23.0,39.6,38.7
DEL_007815,ORD_008516,DRV_0238,2.82,36.9,45.7,50.3
DEL_007816,ORD_008517,DRV_0216,7.1,25.7,54.1,56.0
DEL_007817,ORD_008518,DRV_0075,7.9,26.2,70.9,67.2
DEL_007818,ORD_008519,DRV_0230,4.45,9.9,34.1,34.3
DEL_007819,ORD_008520,DRV_0133,6.1,31.6,58.2,61.5
DEL_007820,ORD_008521,DRV_0289,2.12,30.4,35.1,40.7
DEL_007821,ORD_008522,DRV_0202,2.25,16.3,30.7,33.3
DEL_007822,ORD_008523,DRV_0143,11.64,20.6,60.2,67.0
DEL_007823,ORD_008524,DRV_0118,11.11,25.8,93.8,86.9
DEL_007824,ORD_008525,DRV_0121,7.5,12.2,44.0,42.5
DEL_007825,ORD_008526,DRV_0222,7.29,22.9,57.1,55.4
DEL_007826,ORD_008527,DRV_0121,3.38,33.3,56.3,54.0
DEL_007827,ORD_008528,DRV_0126,9.95,22.1,71.0,57.9
DEL_007828,ORD_008529,DRV_0106,5.91,23.2,39.0,49.7
DEL_007829,ORD_008530,DRV_0045,4.07,19.0,32.9,30.6
DEL_007830,ORD_008531,DRV_0184,0.94,20.1,24.1,22.3
DEL_007831,ORD_008532,DRV_0168,2.48,27.2,36.1,38.3
DEL_007832,ORD_008533,DRV_0138,3.51,20.3,39.8,36.5
DEL_007833,ORD_008534,DRV_0089,3.83,33.4,60.4,57.8
DEL_007834,ORD_008535,DRV_0245,4.77,13.5,37.3,34.8
DEL_007835,ORD_008536,DRV_0197,5.37,21.2,31.9,33.3
DEL_007836,ORD_008537,DRV_0106,1.12,18.2,26.3,24.7
DEL_007837,ORD_008539,DRV_0135,5.99,32.0,51.2,58.3
DEL_007838,ORD_008540,DRV_0263,7.31,13.8,47.8,49.0
DEL_007839,ORD_008541,DRV_0130,10.21,15.5,70.1,66.4
DEL_007840,ORD_008542,DRV_0037,4.35,17.1,36.6,38.3
DEL_007841,ORD_008543,DRV_0291,6.9,25.8,65.7,59.1
DEL_007842,ORD_008544,DRV_0004,7.87,13.8,43.1,43.9
DEL_007843,ORD_008545,DRV_0121,3.0,20.9,41.6,39.1
DEL_007844,ORD_008546,DRV_0005,8.77,18.1,54.6,57.9
DEL_007845,ORD_008547,DRV_0098,4.64,20.1,49.8,48.4
DEL_007846,ORD_008548,DRV_0134,8.21,22.0,38.3,47.3
DEL_007847,ORD_008549,DRV_0135,14.02,16.6,85.2,99.3
DEL_007848,ORD_008550,DRV_0249,6.64,26.4,39.1,43.0
DEL_007849,ORD_008551,DRV_0104,7.64,30.2,69.7,65.7
DEL_007850,ORD_008553,DRV_0286,8.14,23.2,54.6,61.9
DEL_007851,ORD_008554,DRV_0229,7.22,12.2,47.5,51.0
DEL_007852,ORD_008555,DRV_0242,4.01,16.5,25.5,24.2
DEL_007853,ORD_008556,DRV_0168,0.83,26.0,24.7,24.2
DEL_007854,ORD_008557,DRV_0243,3.92,21.3,45.8,43.2
DEL_007855,ORD_008558,DRV_0219,7.17,28.1,47.3,49.5
DEL_007856,ORD_008560,DRV_0044,7.99,27.6,45.8,56.2
DEL_007857,ORD_008561,DRV_0190,9.41,25.4,59.9,52.4
DEL_007858,ORD_008562,DRV_0088,1.83,16.4,19.2,20.1
DEL_007859,ORD_008563,DRV_0254,9.97,25.0,60.7,62.9
DEL_007860,ORD_008564,DRV_0209,2.43,32.3,46.3,47.1
DEL_007861,ORD_008565,DRV_0226,2.61,27.8,35.9,35.8
DEL_007862,ORD_008566,DRV_0300,3.83,12.9,27.0,32.2
DEL_007863,ORD_008567,DRV_0084,8.52,15.1,50.1,49.9
DEL_007864,ORD_008568,DRV_0012,12.26,22.4,65.7,67.3
DEL_007865,ORD_008570,DRV_0116,3.38,24.7,41.9,38.7
DEL_007866,ORD_008571,DRV_0174,3.16,26.5,39.1,40.6
DEL_007867,ORD_008572,DRV_0112,5.39,28.0,40.3,44.7
DEL_007868,ORD_008573,DRV_0258,6.16,18.2,39.6,45.9
DEL_007869,ORD_008574,DRV_0070,2.32,21.5,27.2,33.5
DEL_007870,ORD_008575,DRV_0029,3.39,26.8,38.5,45.9
DEL_007871,ORD_008576,DRV_0042,12.7,20.2,67.9,74.1
DEL_007872,ORD_008577,DRV_0198,2.86,15.1,20.5,22.6
DEL_007873,ORD_008578,DRV_0163,6.6,34.6,64.8,64.5
DEL_007874,ORD_008579,DRV_0164,2.15,28.2,40.1,43.5
DEL_007875,ORD_008580,DRV_0235,5.15,16.8,44.1,40.7
DEL_007876,ORD_008581,DRV_0267,3.65,21.7,35.9,37.2
DEL_007877,ORD_008582,DRV_0207,3.55,18.1,28.4,35.0
DEL_007878,ORD_008583,DRV_0047,3.68,30.7,44.7,45.9
DEL_007879,ORD_008584,DRV_0266,0.85,38.2,38.3,41.8
DEL_007880,ORD_008585,DRV_0191,2.65,20.1,36.4,36.8
DEL_007881,ORD_008586,DRV_0221,5.21,22.8,45.1,44.5
DEL_007882,ORD_008588,DRV_0268,3.21,18.5,30.6,35.0
DEL_007883,ORD_008589,DRV_0287,9.63,21.2,51.0,52.6
DEL_007884,ORD_008590,DRV_0037,8.18,16.5,58.4,63.8
DEL_007885,ORD_008591,DRV_0055,5.15,11.5,44.7,41.8
DEL_007886,ORD_008592,DRV_0048,5.48,31.3,68.8,58.3
DEL_007887,ORD_008593,DRV_0263,10.67,24.2,66.8,73.6
DEL_007888,ORD_008594,DRV_0222,5.83,16.9,44.9,46.4
DEL_007889,ORD_008595,DRV_0121,9.4,23.9,73.6,72.3
DEL_007890,ORD_008596,DRV_0039,0.9,19.7,27.6,25.1
DEL_007891,ORD_008597,DRV_0075,3.98,30.9,39.9,45.1
DEL_007892,ORD_008598,DRV_0181,3.19,6.5,18.6,18.0
DEL_007893,ORD_008599,DRV_0045,12.56,8.2,68.1,56.3
DEL_007894,ORD_008600,DRV_0286,7.59,20.2,57.0,51.7
DEL_007895,ORD_008601,DRV_0085,7.41,38.1,54.2,69.7
DEL_007896,ORD_008602,DRV_0227,5.26,22.7,45.0,42.0
DEL_007897,ORD_008603,DRV_0115,4.07,16.5,34.1,34.5
DEL_007898,ORD_008604,DRV_0030,4.62,26.8,49.4,48.2
DEL_007899,ORD_008605,DRV_0106,8.67,28.0,96.6,100.1
DEL_007900,ORD_008606,DRV_0191,11.63,23.9,66.2,68.6
DEL_007901,ORD_008607,DRV_0177,3.62,10.5,29.8,25.7
DEL_007902,ORD_008608,DRV_0150,6.39,21.3,79.6,75.0
DEL_007903,ORD_008609,DRV_0062,3.89,19.3,44.0,42.3
DEL_007904,ORD_008610,DRV_0266,15.98,20.0,77.0,98.6
DEL_007905,ORD_008611,DRV_0103,3.44,19.7,36.2,35.4
DEL_007906,ORD_008612,DRV_0256,7.82,30.0,48.7,56.8
DEL_007907,ORD_008613,DRV_0259,5.4,16.7,37.2,37.6
DEL_007908,ORD_008614,DRV_0031,6.95,23.5,64.7,66.3
DEL_007909,ORD_008615,DRV_0141,3.35,18.8,25.6,25.1
DEL_007910,ORD_008616,DRV_0112,1.83,25.7,27.7,35.9
DEL_007911,ORD_008618,DRV_0177,9.73,28.0,65.6,66.4
DEL_007912,ORD_008619,DRV_0089,6.59,16.4,40.4,48.2
DEL_007913,ORD_008620,DRV_0278,5.2,10.1,31.7,33.9
DEL_007914,ORD_008621,DRV_0248,8.12,29.7,50.6,52.5
DEL_007915,ORD_008622,DRV_0122,1.74,27.5,35.0,35.9
DEL_007916,ORD_008623,DRV_0290,8.05,22.4,55.4,61.2
DEL_007917,ORD_008624,DRV_0234,3.35,24.8,28.1,31.8
DEL_007918,ORD_008625,DRV_0128,5.3,32.7,44.4,46.7
DEL_007919,ORD_008626,DRV_0124,10.29,34.1,75.3,82.7
DEL_007920,ORD_008627,DRV_0125,14.06,21.5,67.1,75.3
DEL_007921,ORD_008628,DRV_0219,9.18,17.3,50.5,46.8
DEL_007922,ORD_008629,DRV_0096,5.94,19.5,55.1,50.8
DEL_007923,ORD_008630,DRV_0250,0.5,27.0,40.8,34.9
DEL_007924,ORD_008631,DRV_0268,3.76,23.3,36.6,37.4
DEL_007925,ORD_008632,DRV_0254,2.27,6.1,17.1,18.0
DEL_007926,ORD_008633,DRV_0144,3.85,10.1,23.0,30.5
DEL_007927,ORD_008634,DRV_0219,9.33,35.2,83.6,76.4
DEL_007928,ORD_008635,DRV_0076,7.93,20.6,56.3,59.6
DEL_007929,ORD_008636,DRV_0041,3.48,23.2,45.2,52.2
DEL_007930,ORD_008637,DRV_0060,20.0,12.6,121.0,111.1
DEL_007931,ORD_008638,DRV_0207,5.16,28.7,64.7,64.0
DEL_007932,ORD_008639,DRV_0007,15.34,21.7,77.4,80.0
DEL_007933,ORD_008640,DRV_0135,13.76,33.0,118.0,126.8
DEL_007934,ORD_008641,DRV_0242,2.44,29.3,41.7,49.3
DEL_007935,ORD_008642,DRV_0100,12.63,27.3,107.1,121.6
DEL_007936,ORD_008643,DRV_0003,4.95,35.2,53.0,52.6
DEL_007937,ORD_008644,DRV_0079,10.13,35.6,79.9,70.3
DEL_007938,ORD_008645,DRV_0088,14.4,21.0,79.7,69.5
DEL_007939,ORD_008646,DRV_0295,4.73,19.5,52.1,51.0
DEL_007940,ORD_008647,DRV_0053,4.34,23.1,28.9,37.5
DEL_007941,ORD_008648,DRV_0030,2.74,20.2,35.8,31.9
DEL_007942,ORD_008649,DRV_0282,1.74,19.2,23.8,25.2
DEL_007943,ORD_008651,DRV_0200,3.7,8.9,25.6,24.5
DEL_007944,ORD_008652,DRV_0174,7.81,22.2,44.2,51.0
DEL_007945,ORD_008653,DRV_0054,7.6,24.4,81.0,70.0
DEL_007946,ORD_008654,DRV_0031,1.85,36.3,38.9,42.8
DEL_007947,ORD_008655,DRV_0114,1.4,29.2,34.3,36.4
DEL_007948,ORD_008657,DRV_0096,10.04,15.3,80.4,79.8
DEL_007949,ORD_008658,DRV_0161,4.35,17.6,32.3,40.5
DEL_007950,ORD_008659,DRV_0141,9.28,23.1,75.2,73.9
DEL_007951,ORD_008661,DRV_0291,10.39,18.2,60.4,61.6
DEL_007952,ORD_008662,DRV_0050,11.0,32.3,83.9,82.0
DEL_007953,ORD_008663,DRV_0168,4.08,24.3,42.8,40.5
DEL_007954,ORD_008664,DRV_0195,1.36,13.4,24.0,20.7
DEL_007955,ORD_008665,DRV_0092,4.92,30.3,34.9,43.7
DEL_007956,ORD_008666,DRV_0022,5.53,17.8,39.6,39.8
DEL_007957,ORD_008667,DRV_0158,9.14,21.3,77.8,88.1
DEL_007958,ORD_008668,DRV_0153,1.59,21.2,25.1,24.9
DEL_007959,ORD_008669,DRV_0122,4.4,22.6,58.3,48.6
DEL_007960,ORD_008670,DRV_0236,1.71,21.6,26.9,27.2
DEL_007961,ORD_008671,DRV_0203,4.89,27.8,41.1,41.8
DEL_007962,ORD_008672,DRV_0061,11.74,23.9,95.7,81.8
DEL_007963,ORD_008673,DRV_0273,3.72,20.1,32.3,29.6
DEL_007964,ORD_008674,DRV_0068,8.77,27.6,62.5,63.8
DEL_007965,ORD_008675,DRV_0240,2.73,24.4,36.5,39.8
DEL_007966,ORD_008676,DRV_0092,2.94,21.3,36.8,37.6
DEL_007967,ORD_008677,DRV_0234,7.61,17.9,51.6,56.9
DEL_007968,ORD_008678,DRV_0149,2.97,22.6,41.8,38.3
DEL_007969,ORD_008679,DRV_0045,6.47,14.4,41.4,40.3
DEL_007970,ORD_008680,DRV_0201,7.16,27.8,42.8,44.0
DEL_007971,ORD_008681,DRV_0051,2.63,19.9,24.7,23.0
DEL_007972,ORD_008682,DRV_0233,4.18,24.2,50.5,43.4
DEL_007973,ORD_008683,DRV_0073,2.6,23.1,34.9,32.0
DEL_007974,ORD_008684,DRV_0177,9.17,27.3,60.7,61.3
DEL_007975,ORD_008685,DRV_0157,0.68,28.4,33.1,31.5
DEL_007976,ORD_008686,DRV_0298,2.45,28.0,41.5,39.7
DEL_007977,ORD_008687,DRV_0152,5.51,34.8,62.0,54.4
DEL_007978,ORD_008688,DRV_0041,5.09,18.2,25.7,29.4
DEL_007979,ORD_008689,DRV_0285,3.78,29.2,43.7,44.3
DEL_007980,ORD_008690,DRV_0176,6.05,13.5,37.0,39.0
DEL_007981,ORD_008691,DRV_0003,1.63,20.3,33.6,33.7
DEL_007982,ORD_008692,DRV_0299,4.72,18.2,43.5,44.7
DEL_007983,ORD_008693,DRV_0205,7.67,23.0,63.2,63.6
DEL_007984,ORD_008694,DRV_0213,1.18,30.5,49.6,49.3
DEL_007985,ORD_008695,DRV_0245,4.47,28.5,34.9,51.8
DEL_007986,ORD_008696,DRV_0216,2.49,22.6,25.5,30.7
DEL_007987,ORD_008697,DRV_0278,7.7,19.4,74.1,60.1
DEL_007988,ORD_008698,DRV_0050,3.89,26.8,41.1,42.6
DEL_007989,ORD_008699,DRV_0064,4.92,11.6,36.0,37.2
DEL_007990,ORD_008700,DRV_0277,5.31,18.1,42.3,44.6
DEL_007991,ORD_008701,DRV_0162,11.9,25.9,96.9,101.4
DEL_007992,ORD_008702,DRV_0170,10.85,24.4,99.6,88.0
DEL_007993,ORD_008703,DRV_0248,13.37,17.9,95.0,98.6
DEL_007994,ORD_008704,DRV_0023,8.04,28.6,59.2,57.5
DEL_007995,ORD_008705,DRV_0148,13.26,27.3,72.4,80.7
DEL_007996,ORD_008706,DRV_0208,1.9,18.5,27.2,23.0
DEL_007997,ORD_008707,DRV_0136,3.6,8.1,25.0,25.8
DEL_007998,ORD_008708,DRV_0266,3.3,20.5,43.4,41.3
DEL_007999,ORD_008709,DRV_0140,1.43,24.2,39.7,33.7
DEL_008000,ORD_008710,DRV_0128,6.64,11.6,48.2,45.5
DEL_008001,ORD_008712,DRV_0179,5.28,22.5,42.4,38.9
DEL_008002,ORD_008713,DRV_0109,6.49,33.1,80.0,74.5
DEL_008003,ORD_008714,DRV_0163,4.05,15.7,45.1,43.0
DEL_008004,ORD_008715,DRV_0214,6.49,12.7,40.7,39.6
DEL_008005,ORD_008716,DRV_0127,8.4,23.2,61.5,64.4
DEL_008006,ORD_008717,DRV_0133,1.23,31.9,37.6,40.9
DEL_008007,ORD_008718,DRV_0093,20.0,24.2,113.6,120.3
DEL_008008,ORD_008719,DRV_0046,3.52,20.3,28.2,28.4
DEL_008009,ORD_008720,DRV_0283,9.54,21.6,62.0,63.2
DEL_008010,ORD_008721,DRV_0041,6.04,25.7,53.4,56.5
DEL_008011,ORD_008722,DRV_0173,7.76,24.9,56.0,57.8
DEL_008012,ORD_008723,DRV_0169,8.79,39.0,93.0,87.4
DEL_008013,ORD_008724,DRV_0200,4.44,20.9,52.9,51.0
DEL_008014,ORD_008725,DRV_0004,6.9,16.4,46.1,48.0
DEL_008015,ORD_008726,DRV_0170,7.85,20.2,54.4,59.7
DEL_008016,ORD_008727,DRV_0181,5.31,12.9,42.2,39.4
DEL_008017,ORD_008728,DRV_0011,7.42,16.9,48.7,44.5
DEL_008018,ORD_008729,DRV_0165,4.3,5.0,22.4,23.9
DEL_008019,ORD_008730,DRV_0245,2.41,26.0,30.1,32.9
DEL_008020,ORD_008732,DRV_0015,10.09,12.2,60.7,55.5
DEL_008021,ORD_008733,DRV_0135,9.35,15.2,80.1,61.4
DEL_008022,ORD_008734,DRV_0167,4.21,24.3,42.5,39.9
DEL_008023,ORD_008735,DRV_0049,4.73,9.2,23.3,23.8
DEL_008024,ORD_008737,DRV_0271,4.8,19.2,42.8,46.4
DEL_008025,ORD_008738,DRV_0076,2.89,26.3,32.3,34.2
DEL_008026,ORD_008739,DRV_0018,6.6,19.3,44.2,47.1
DEL_008027,ORD_008740,DRV_0126,2.4,27.4,31.0,29.8
DEL_008028,ORD_008741,DRV_0159,8.46,24.3,74.1,75.0
DEL_008029,ORD_008742,DRV_0133,3.55,24.3,31.7,35.2
DEL_008030,ORD_008743,DRV_0125,6.69,18.2,52.0,46.6
DEL_008031,ORD_008744,DRV_0005,6.38,32.0,56.4,51.3
DEL_008032,ORD_008745,DRV_0221,5.97,19.4,49.6,59.3
DEL_008033,ORD_008746,DRV_0140,6.18,28.8,46.8,49.4
DEL_008034,ORD_008747,DRV_0295,4.68,31.2,62.7,73.5
DEL_008035,ORD_008748,DRV_0262,10.04,25.9,60.5,63.7
DEL_008036,ORD_008749,DRV_0262,3.26,27.8,40.7,40.7
DEL_008037,ORD_008750,DRV_0154,7.31,19.2,68.0,61.7
DEL_008038,ORD_008751,DRV_0044,3.11,28.0,50.5,50.2
DEL_008039,ORD_008752,DRV_0043,7.12,19.1,40.6,43.8
DEL_008040,ORD_008753,DRV_0080,8.24,24.7,55.0,57.5
DEL_008041,ORD_008755,DRV_0064,3.93,19.2,31.1,34.0
DEL_008042,ORD_008756,DRV_0260,6.89,14.4,39.3,38.5
DEL_008043,ORD_008757,DRV_0043,11.86,14.4,68.3,67.9
DEL_008044,ORD_008758,DRV_0138,8.83,21.4,54.4,46.7
DEL_008045,ORD_008759,DRV_0141,5.24,42.7,63.2,62.5
DEL_008046,ORD_008761,DRV_0161,2.52,16.3,31.5,34.6
DEL_008047,ORD_008762,DRV_0074,7.74,27.5,76.3,69.6
DEL_008048,ORD_008763,DRV_0096,1.6,24.6,35.5,33.2
DEL_008049,ORD_008764,DRV_0004,4.71,24.1,48.3,42.1
DEL_008050,ORD_008765,DRV_0077,1.33,28.2,41.3,36.7
DEL_008051,ORD_008766,DRV_0101,2.97,35.6,58.3,50.9
DEL_008052,ORD_008768,DRV_0148,7.75,11.1,44.6,42.4
DEL_008053,ORD_008769,DRV_0291,3.28,7.2,20.3,18.8
DEL_008054,ORD_008770,DRV_0111,18.41,20.8,109.7,131.9
DEL_008055,ORD_008771,DRV_0166,2.99,16.1,20.2,23.4
DEL_008056,ORD_008772,DRV_0006,3.69,15.9,39.0,38.3
DEL_008057,ORD_008773,DRV_0198,16.95,12.9,92.3,97.0
DEL_008058,ORD_008774,DRV_0020,5.65,29.2,56.6,53.4
DEL_008059,ORD_008775,DRV_0219,3.69,29.7,52.7,53.2
DEL_008060,ORD_008776,DRV_0045,5.31,29.2,48.3,48.9
DEL_008061,ORD_008777,DRV_0073,5.6,16.0,47.3,45.5
DEL_008062,ORD_008778,DRV_0136,4.39,13.8,27.2,31.6
DEL_008063,ORD_008780,DRV_0014,4.2,22.1,42.3,42.4
DEL_008064,ORD_008781,DRV_0269,13.27,27.0,96.7,92.7
DEL_008065,ORD_008782,DRV_0263,11.44,28.2,75.1,78.4
DEL_008066,ORD_008783,DRV_0177,6.08,29.5,71.7,64.9
DEL_008067,ORD_008784,DRV_0178,4.78,24.2,51.0,44.8
DEL_008068,ORD_008785,DRV_0047,11.78,22.6,77.9,85.4
DEL_008069,ORD_008786,DRV_0133,7.82,18.6,59.8,56.1
DEL_008070,ORD_008787,DRV_0031,7.5,38.9,92.7,92.2
DEL_008071,ORD_008788,DRV_0114,2.75,33.0,31.0,44.9
DEL_008072,ORD_008789,DRV_0267,12.55,23.2,71.4,76.1
DEL_008073,ORD_008791,DRV_0288,6.6,16.3,35.5,39.1
DEL_008074,ORD_008792,DRV_0245,5.01,20.5,48.2,46.6
DEL_008075,ORD_008793,DRV_0065,9.38,18.4,63.2,58.7
DEL_008076,ORD_008794,DRV_0294,6.83,30.3,56.2,56.9
DEL_008077,ORD_008795,DRV_0106,1.37,30.3,36.7,39.8
DEL_008078,ORD_008798,DRV_0207,8.36,20.9,42.7,41.9
DEL_008079,ORD_008799,DRV_0024,7.15,36.7,63.4,75.3
DEL_008080,ORD_008800,DRV_0288,0.79,17.2,12.9,14.8
DEL_008081,ORD_008801,DRV_0263,4.11,27.4,50.3,53.0
DEL_008082,ORD_008802,DRV_0008,0.56,22.2,18.5,22.0
DEL_008083,ORD_008803,DRV_0300,9.49,5.0,43.5,41.9
DEL_008084,ORD_008805,DRV_0266,1.35,35.1,38.8,36.8
DEL_008085,ORD_008806,DRV_0245,3.03,13.0,19.3,21.9
DEL_008086,ORD_008807,DRV_0190,18.96,9.8,86.2,113.5
DEL_008087,ORD_008808,DRV_0150,3.71,24.0,38.1,41.9
DEL_008088,ORD_008809,DRV_0168,6.95,30.5,52.4,52.2
DEL_008089,ORD_008810,DRV_0039,4.38,25.5,45.9,46.3
DEL_008090,ORD_008811,DRV_0047,9.69,19.4,52.8,58.8
DEL_008091,ORD_008812,DRV_0132,4.24,27.7,46.2,49.3
DEL_008092,ORD_008813,DRV_0221,7.69,22.0,49.7,62.1
DEL_008093,ORD_008814,DRV_0171,5.82,27.2,50.9,51.1
DEL_008094,ORD_008815,DRV_0283,3.5,17.8,39.2,41.0
DEL_008095,ORD_008816,DRV_0277,10.87,15.2,61.1,68.7
DEL_008096,ORD_008817,DRV_0201,12.09,17.3,92.9,87.6
DEL_008097,ORD_008818,DRV_0270,8.73,28.2,53.5,76.6
DEL_008098,ORD_008819,DRV_0103,4.5,24.0,45.8,53.3
DEL_008099,ORD_008820,DRV_0207,8.41,10.8,46.1,53.4
DEL_008100,ORD_008821,DRV_0289,5.46,27.2,55.7,52.7
DEL_008101,ORD_008822,DRV_0019,3.78,35.1,53.9,58.9
DEL_008102,ORD_008824,DRV_0116,3.29,16.5,37.4,33.2
DEL_008103,ORD_008825,DRV_0104,9.13,22.3,60.6,52.3
DEL_008104,ORD_008826,DRV_0141,4.46,32.3,58.6,52.8
DEL_008105,ORD_008827,DRV_0092,8.55,21.8,50.1,60.8
DEL_008106,ORD_008828,DRV_0141,2.65,18.3,32.5,31.3
DEL_008107,ORD_008829,DRV_0284,5.79,32.4,44.9,57.8
DEL_008108,ORD_008830,DRV_0222,4.27,12.6,27.0,29.2
DEL_008109,ORD_008831,DRV_0256,4.75,26.2,60.8,53.8
DEL_008110,ORD_008832,DRV_0055,1.84,22.1,28.5,25.9
DEL_008111,ORD_008833,DRV_0164,7.1,15.0,54.3,62.4
DEL_008112,ORD_008834,DRV_0185,8.77,26.7,54.4,55.1
DEL_008113,ORD_008835,DRV_0131,3.99,25.1,41.2,37.8
DEL_008114,ORD_008836,DRV_0221,7.7,24.8,78.4,67.3
DEL_008115,ORD_008837,DRV_0020,2.7,24.1,41.7,42.5
DEL_008116,ORD_008838,DRV_0242,7.34,19.8,52.1,54.6
DEL_008117,ORD_008839,DRV_0121,4.54,37.8,57.2,68.9
DEL_008118,ORD_008840,DRV_0066,14.27,27.8,95.2,84.1
DEL_008119,ORD_008841,DRV_0084,7.39,17.5,50.2,45.7
DEL_008120,ORD_008842,DRV_0279,9.4,27.0,89.1,77.0
DEL_008121,ORD_008843,DRV_0180,11.61,23.1,71.1,75.7
DEL_008122,ORD_008844,DRV_0040,3.78,34.4,51.8,58.2
DEL_008123,ORD_008845,DRV_0118,3.78,11.4,28.6,33.5
DEL_008124,ORD_008846,DRV_0186,13.42,20.3,125.7,129.7
DEL_008125,ORD_008847,DRV_0042,9.47,24.6,66.9,56.9
DEL_008126,ORD_008848,DRV_0044,8.53,37.2,115.2,96.3
DEL_008127,ORD_008849,DRV_0292,1.98,32.2,31.8,39.7
DEL_008128,ORD_008850,DRV_0128,4.69,12.0,29.0,30.6
DEL_008129,ORD_008851,DRV_0045,5.26,33.3,60.6,52.1
DEL_008130,ORD_008852,DRV_0046,2.49,12.5,32.4,30.1
DEL_008131,ORD_008853,DRV_0001,6.26,33.2,48.5,57.4
DEL_008132,ORD_008854,DRV_0062,2.9,17.8,23.1,23.4
DEL_008133,ORD_008855,DRV_0229,6.59,22.7,55.9,60.2
DEL_008134,ORD_008856,DRV_0190,4.75,27.4,45.0,45.8
DEL_008135,ORD_008857,DRV_0192,0.82,26.3,24.9,27.4
DEL_008136,ORD_008858,DRV_0178,6.33,15.9,49.1,47.7
DEL_008137,ORD_008859,DRV_0189,14.05,24.5,65.5,69.4
DEL_008138,ORD_008860,DRV_0277,2.85,19.4,33.0,30.2
DEL_008139,ORD_008861,DRV_0008,2.47,28.6,30.4,34.6
DEL_008140,ORD_008863,DRV_0199,4.03,15.4,19.2,21.2
DEL_008141,ORD_008864,DRV_0263,3.21,8.5,23.4,25.5
DEL_008142,ORD_008865,DRV_0143,8.31,19.1,60.9,50.2
DEL_008143,ORD_008866,DRV_0294,2.63,19.2,35.4,29.8
DEL_008144,ORD_008867,DRV_0038,5.09,27.3,41.3,42.5
DEL_008145,ORD_008868,DRV_0250,1.68,17.5,29.2,28.1
DEL_008146,ORD_008869,DRV_0202,4.92,21.0,42.9,42.6
DEL_008147,ORD_008870,DRV_0202,3.95,30.2,46.6,51.3
DEL_008148,ORD_008871,DRV_0074,8.99,13.6,44.1,43.9
DEL_008149,ORD_008872,DRV_0035,3.4,9.2,15.1,17.3
DEL_008150,ORD_008873,DRV_0207,3.46,16.7,34.8,36.0
DEL_008151,ORD_008874,DRV_0225,9.14,30.7,72.3,74.8
DEL_008152,ORD_008876,DRV_0203,5.59,20.5,37.1,39.4
DEL_008153,ORD_008877,DRV_0296,7.63,25.2,64.4,69.9
DEL_008154,ORD_008878,DRV_0287,3.2,12.8,29.1,29.2
DEL_008155,ORD_008879,DRV_0034,15.43,15.2,56.8,81.8
DEL_008156,ORD_008881,DRV_0048,10.46,14.5,59.4,59.9
DEL_008157,ORD_008882,DRV_0043,3.8,25.8,55.3,47.5
DEL_008158,ORD_008883,DRV_0069,1.39,28.0,31.4,32.7
DEL_008159,ORD_008884,DRV_0088,2.12,19.4,22.6,25.8
DEL_008160,ORD_008885,DRV_0070,2.55,26.0,28.7,31.8
DEL_008161,ORD_008886,DRV_0072,6.88,37.2,52.6,54.3
DEL_008162,ORD_008887,DRV_0060,2.25,17.5,30.6,27.4
DEL_008163,ORD_008888,DRV_0209,14.7,21.2,85.7,77.6
DEL_008164,ORD_008889,DRV_0001,4.13,23.9,50.6,43.2
DEL_008165,ORD_008890,DRV_0278,2.67,18.2,27.1,26.7
DEL_008166,ORD_008891,DRV_0151,11.46,28.9,85.6,78.1
DEL_008167,ORD_008892,DRV_0074,6.38,22.8,53.2,49.9
DEL_008168,ORD_008893,DRV_0118,5.28,26.8,60.5,59.5
DEL_008169,ORD_008894,DRV_0017,5.94,5.0,32.4,35.5
DEL_008170,ORD_008895,DRV_0075,2.98,12.1,21.4,24.8
DEL_008171,ORD_008896,DRV_0173,2.09,22.7,40.2,37.5
DEL_008172,ORD_008898,DRV_0161,7.99,33.4,60.4,61.0
DEL_008173,ORD_008899,DRV_0237,5.34,26.2,41.3,50.6
DEL_008174,ORD_008900,DRV_0236,7.62,27.1,59.5,59.8
DEL_008175,ORD_008901,DRV_0247,2.64,28.0,33.7,39.1
DEL_008176,ORD_008904,DRV_0057,2.55,16.3,21.8,29.0
DEL_008177,ORD_008905,DRV_0036,6.04,23.7,50.8,50.7
DEL_008178,ORD_008906,DRV_0119,2.78,34.7,41.9,46.1
DEL_008179,ORD_008907,DRV_0015,16.42,32.6,114.3,121.5
DEL_008180,ORD_008908,DRV_0159,10.49,26.0,76.4,74.7
DEL_008181,ORD_008909,DRV_0117,8.35,29.1,84.2,79.3
DEL_008182,ORD_008910,DRV_0253,3.66,31.4,48.5,46.2
DEL_008183,ORD_008911,DRV_0243,5.18,23.6,40.7,46.8
DEL_008184,ORD_008913,DRV_0240,3.81,12.9,23.9,28.3
DEL_008185,ORD_008914,DRV_0281,1.62,20.0,26.9,26.9
DEL_008186,ORD_008915,DRV_0222,8.76,30.5,61.1,67.9
DEL_008187,ORD_008916,DRV_0296,4.05,23.0,50.9,50.0
DEL_008188,ORD_008917,DRV_0047,6.33,24.1,47.5,48.4
DEL_008189,ORD_008918,DRV_0069,7.51,18.8,57.8,64.9
DEL_008190,ORD_008919,DRV_0295,5.17,27.0,53.3,55.0
DEL_008191,ORD_008920,DRV_0251,14.24,16.7,65.0,63.1
DEL_008192,ORD_008921,DRV_0137,7.6,19.6,47.8,51.1
DEL_008193,ORD_008922,DRV_0265,4.78,26.9,68.6,61.8
DEL_008194,ORD_008923,DRV_0277,6.41,21.3,73.7,65.2
DEL_008195,ORD_008925,DRV_0098,5.35,28.9,45.4,50.7
DEL_008196,ORD_008926,DRV_0238,3.44,6.6,16.8,20.0
DEL_008197,ORD_008927,DRV_0241,1.48,11.5,16.5,16.7
DEL_008198,ORD_008928,DRV_0116,5.54,20.1,55.6,55.7
DEL_008199,ORD_008929,DRV_0285,13.12,27.3,78.0,86.6
DEL_008200,ORD_008930,DRV_0176,11.0,26.3,78.8,86.9
DEL_008201,ORD_008932,DRV_0277,2.96,17.4,34.8,29.7
DEL_008202,ORD_008933,DRV_0142,3.37,31.3,52.3,55.8
DEL_008203,ORD_008934,DRV_0158,8.34,21.7,41.3,48.9
DEL_008204,ORD_008935,DRV_0204,0.5,11.5,14.3,15.7
DEL_008205,ORD_008936,DRV_0162,9.09,30.4,82.4,90.2
DEL_008206,ORD_008937,DRV_0002,6.97,19.6,57.5,63.9
DEL_008207,ORD_008938,DRV_0262,1.49,17.0,22.0,22.0
DEL_008208,ORD_008939,DRV_0293,5.9,27.6,54.8,59.1
DEL_008209,ORD_008940,DRV_0047,1.42,15.2,20.6,24.5
DEL_008210,ORD_008941,DRV_0126,3.59,18.5,36.9,37.4
DEL_008211,ORD_008942,DRV_0238,3.22,11.5,27.1,26.8
DEL_008212,ORD_008943,DRV_0069,0.57,13.2,11.3,14.6
DEL_008213,ORD_008944,DRV_0185,3.61,31.3,64.4,60.8
DEL_008214,ORD_008945,DRV_0186,6.46,12.9,43.4,43.8
DEL_008215,ORD_008946,DRV_0160,4.53,17.0,42.4,42.2
DEL_008216,ORD_008947,DRV_0137,1.15,9.4,15.8,16.9
DEL_008217,ORD_008948,DRV_0050,4.01,28.3,46.7,39.2
DEL_008218,ORD_008949,DRV_0298,2.62,22.1,38.3,37.2
DEL_008219,ORD_008950,DRV_0085,11.81,14.8,63.8,67.3
DEL_008220,ORD_008951,DRV_0162,5.63,23.8,46.2,42.4
DEL_008221,ORD_008952,DRV_0206,2.65,15.4,29.7,30.7
DEL_008222,ORD_008953,DRV_0290,8.48,11.5,60.3,69.4
DEL_008223,ORD_008954,DRV_0267,1.07,31.6,34.8,33.8
DEL_008224,ORD_008955,DRV_0223,10.61,28.6,66.6,63.0
DEL_008225,ORD_008956,DRV_0231,2.6,30.1,38.8,40.7
DEL_008226,ORD_008957,DRV_0224,10.55,35.5,76.5,82.9
DEL_008227,ORD_008958,DRV_0048,4.92,5.0,20.2,17.8
DEL_008228,ORD_008959,DRV_0033,4.47,18.0,36.3,40.0
DEL_008229,ORD_008960,DRV_0071,9.44,12.9,54.9,51.6
DEL_008230,ORD_008961,DRV_0074,4.59,25.0,48.5,51.1
DEL_008231,ORD_008962,DRV_0189,5.7,21.2,57.3,56.7
DEL_008232,ORD_008963,DRV_0107,4.39,25.5,59.3,53.8
DEL_008233,ORD_008964,DRV_0076,9.35,21.9,57.6,69.0
DEL_008234,ORD_008965,DRV_0290,3.57,35.6,53.5,52.0
DEL_008235,ORD_008966,DRV_0213,2.97,24.8,46.3,40.0
DEL_008236,ORD_008967,DRV_0218,3.48,27.3,38.6,38.2
DEL_008237,ORD_008968,DRV_0066,5.11,25.8,43.3,51.4
DEL_008238,ORD_008969,DRV_0147,7.65,24.1,56.9,60.8
DEL_008239,ORD_008970,DRV_0011,6.14,27.2,77.7,80.2
DEL_008240,ORD_008971,DRV_0281,6.07,35.2,65.2,73.5
DEL_008241,ORD_008972,DRV_0146,14.66,23.8,75.8,94.1
DEL_008242,ORD_008973,DRV_0037,2.22,22.1,33.7,32.9
DEL_008243,ORD_008974,DRV_0231,1.45,23.5,26.5,27.7
DEL_008244,ORD_008975,DRV_0068,1.63,16.2,25.1,26.7
DEL_008245,ORD_008976,DRV_0114,4.08,22.8,38.0,45.3
DEL_008246,ORD_008977,DRV_0169,7.39,17.0,44.4,48.8
DEL_008247,ORD_008978,DRV_0291,3.14,22.0,29.9,34.6
DEL_008248,ORD_008979,DRV_0270,2.35,37.8,37.1,48.1
DEL_008249,ORD_008980,DRV_0134,3.85,21.8,35.4,35.6
DEL_008250,ORD_008981,DRV_0292,6.24,37.0,73.2,71.9
DEL_008251,ORD_008982,DRV_0145,3.72,21.3,36.3,41.1
DEL_008252,ORD_008983,DRV_0126,11.47,19.7,68.7,63.7
DEL_008253,ORD_008984,DRV_0095,13.56,13.3,55.8,54.6
DEL_008254,ORD_008986,DRV_0270,8.96,18.6,54.6,63.7
DEL_008255,ORD_008987,DRV_0273,1.65,29.3,31.8,32.3
DEL_008256,ORD_008988,DRV_0254,7.43,21.2,65.8,60.7
DEL_008257,ORD_008991,DRV_0041,6.27,23.3,56.0,57.4
DEL_008258,ORD_008992,DRV_0213,3.41,19.6,33.4,33.0
DEL_008259,ORD_008993,DRV_0216,14.31,16.2,81.4,85.5
DEL_008260,ORD_008994,DRV_0145,12.13,11.3,50.9,57.1
DEL_008261,ORD_008995,DRV_0233,5.77,13.2,35.2,32.4
DEL_008262,ORD_008996,DRV_0076,5.72,28.0,49.4,44.6
DEL_008263,ORD_008997,DRV_0216,6.16,20.1,44.1,44.4
DEL_008264,ORD_008998,DRV_0142,5.24,18.3,34.5,41.6
DEL_008265,ORD_008999,DRV_0289,2.43,28.6,53.4,50.8
DEL_008266,ORD_009000,DRV_0080,7.18,11.6,51.9,47.4
DEL_008267,ORD_009001,DRV_0287,5.29,11.1,29.5,31.2
DEL_008268,ORD_009002,DRV_0142,5.23,23.3,41.5,46.4
DEL_008269,ORD_009003,DRV_0107,16.82,20.3,85.1,84.3
DEL_008270,ORD_009004,DRV_0261,1.6,10.6,11.0,11.7
DEL_008271,ORD_009005,DRV_0134,6.1,25.7,56.6,56.6
DEL_008272,ORD_009006,DRV_0193,6.17,29.7,62.4,70.4
DEL_008273,ORD_009007,DRV_0128,4.85,9.2,36.0,34.2
DEL_008274,ORD_009008,DRV_0273,12.45,16.1,62.3,73.5
DEL_008275,ORD_009009,DRV_0107,4.37,21.5,35.6,39.4
DEL_008276,ORD_009010,DRV_0111,3.66,12.9,29.4,25.1
DEL_008277,ORD_009011,DRV_0038,1.96,14.8,17.5,16.8
DEL_008278,ORD_009012,DRV_0241,7.85,14.9,40.4,42.6
DEL_008279,ORD_009013,DRV_0208,6.19,29.3,58.6,61.0
DEL_008280,ORD_009014,DRV_0261,2.66,23.2,39.2,36.9
DEL_008281,ORD_009015,DRV_0030,8.06,27.3,72.6,70.6
DEL_008282,ORD_009016,DRV_0263,8.81,19.1,57.3,54.7
DEL_008283,ORD_009017,DRV_0073,2.73,13.4,29.1,27.4
DEL_008284,ORD_009019,DRV_0043,7.29,25.4,44.9,59.3
DEL_008285,ORD_009020,DRV_0069,3.01,18.6,33.0,34.8
DEL_008286,ORD_009022,DRV_0003,12.47,33.3,116.6,110.1
DEL_008287,ORD_009023,DRV_0061,19.44,26.5,154.3,150.0
DEL_008288,ORD_009024,DRV_0007,0.93,25.3,30.2,28.4
DEL_008289,ORD_009025,DRV_0001,2.71,22.3,31.8,30.6
DEL_008290,ORD_009026,DRV_0199,4.87,19.1,48.5,46.0
DEL_008291,ORD_009028,DRV_0122,3.8,18.6,38.4,36.8
DEL_008292,ORD_009029,DRV_0030,6.12,11.6,32.7,33.4
DEL_008293,ORD_009030,DRV_0192,2.65,20.5,51.5,47.5
DEL_008294,ORD_009031,DRV_0269,5.49,18.5,33.2,42.5
DEL_008295,ORD_009032,DRV_0044,6.65,20.1,54.1,54.9
DEL_008296,ORD_009034,DRV_0285,4.43,30.6,54.4,52.0
DEL_008297,ORD_009036,DRV_0013,6.69,21.9,62.2,59.8
DEL_008298,ORD_009037,DRV_0065,19.68,10.9,92.8,101.4
DEL_008299,ORD_009038,DRV_0275,7.48,29.2,48.5,62.5
DEL_008300,ORD_009039,DRV_0010,11.45,21.1,98.0,92.3
DEL_008301,ORD_009040,DRV_0061,2.17,26.6,34.8,40.9
DEL_008302,ORD_009042,DRV_0154,11.86,21.7,70.6,69.2
DEL_008303,ORD_009043,DRV_0155,2.21,12.7,10.7,12.3
DEL_008304,ORD_009044,DRV_0175,3.09,21.2,36.9,39.5
DEL_008305,ORD_009045,DRV_0255,1.3,16.9,21.7,20.1
DEL_008306,ORD_009046,DRV_0225,7.93,21.0,43.4,47.7
DEL_008307,ORD_009048,DRV_0291,4.29,29.1,50.9,58.5
DEL_008308,ORD_009051,DRV_0275,6.71,20.0,57.6,51.3
DEL_008309,ORD_009052,DRV_0260,7.96,33.2,79.7,77.1
DEL_008310,ORD_009053,DRV_0142,11.43,17.6,76.0,79.8
DEL_008311,ORD_009054,DRV_0093,4.74,18.0,41.8,43.2
DEL_008312,ORD_009055,DRV_0027,4.86,25.4,49.7,51.3
DEL_008313,ORD_009058,DRV_0039,8.79,12.8,66.8,65.7
DEL_008314,ORD_009059,DRV_0239,4.95,24.2,44.8,52.5
DEL_008315,ORD_009060,DRV_0240,0.85,22.7,19.3,17.5
DEL_008316,ORD_009061,DRV_0094,11.72,26.6,110.7,118.7
DEL_008317,ORD_009062,DRV_0127,2.62,22.3,36.8,37.7
DEL_008318,ORD_009063,DRV_0155,9.44,12.8,49.8,55.6
DEL_008319,ORD_009064,DRV_0075,10.49,19.2,76.7,73.1
DEL_008320,ORD_009065,DRV_0141,6.81,11.9,27.9,28.8
DEL_008321,ORD_009066,DRV_0176,1.93,26.6,38.1,33.4
DEL_008322,ORD_009068,DRV_0170,9.92,25.2,92.7,92.0
DEL_008323,ORD_009069,DRV_0157,4.21,33.0,52.8,50.3
DEL_008324,ORD_009070,DRV_0039,5.06,24.4,51.8,50.9
DEL_008325,ORD_009071,DRV_0015,4.22,25.3,53.3,43.4
DEL_008326,ORD_009072,DRV_0218,6.57,23.1,51.0,54.2
DEL_008327,ORD_009073,DRV_0191,2.74,16.9,29.5,29.8
DEL_008328,ORD_009074,DRV_0237,6.14,23.9,60.5,61.2
DEL_008329,ORD_009075,DRV_0275,5.08,19.8,43.4,40.1
DEL_008330,ORD_009076,DRV_0216,7.03,30.1,53.3,51.8
DEL_008331,ORD_009077,DRV_0230,6.76,27.4,73.5,72.3
DEL_008332,ORD_009078,DRV_0064,3.19,25.1,39.3,40.6
DEL_008333,ORD_009079,DRV_0135,3.06,21.3,45.2,37.9
DEL_008334,ORD_009080,DRV_0104,5.77,20.0,54.0,54.1
DEL_008335,ORD_009082,DRV_0160,12.9,16.4,77.9,83.8
DEL_008336,ORD_009083,DRV_0032,5.06,22.5,43.5,46.9
DEL_008337,ORD_009084,DRV_0064,12.79,24.1,71.3,77.0
DEL_008338,ORD_009085,DRV_0153,13.02,25.5,65.2,72.8
DEL_008339,ORD_009086,DRV_0208,6.09,27.0,49.6,54.7
DEL_008340,ORD_009087,DRV_0121,1.48,19.5,26.9,28.8
DEL_008341,ORD_009088,DRV_0162,4.67,23.9,29.7,33.3
DEL_008342,ORD_009089,DRV_0031,7.7,23.8,56.4,58.2
DEL_008343,ORD_009090,DRV_0265,5.72,27.5,75.8,71.4
DEL_008344,ORD_009092,DRV_0249,3.1,7.7,15.1,14.9
DEL_008345,ORD_009093,DRV_0268,8.36,18.4,47.6,46.8
DEL_008346,ORD_009094,DRV_0291,3.59,26.7,37.8,40.5
DEL_008347,ORD_009095,DRV_0298,1.5,28.0,37.4,40.5
DEL_008348,ORD_009096,DRV_0188,10.09,18.3,50.5,56.3
DEL_008349,ORD_009097,DRV_0144,8.02,28.1,59.2,62.0
DEL_008350,ORD_009098,DRV_0226,0.5,28.7,29.6,30.8
DEL_008351,ORD_009099,DRV_0163,5.86,17.6,46.4,52.3
DEL_008352,ORD_009100,DRV_0181,3.37,20.0,28.4,32.7
DEL_008353,ORD_009101,DRV_0244,1.12,21.2,20.3,23.9
DEL_008354,ORD_009102,DRV_0201,1.53,27.2,34.4,31.7
DEL_008355,ORD_009103,DRV_0147,5.18,25.9,41.5,41.5
DEL_008356,ORD_009104,DRV_0018,6.97,22.2,61.0,66.3
DEL_008357,ORD_009105,DRV_0244,2.53,20.1,35.8,36.2
DEL_008358,ORD_009107,DRV_0286,5.1,39.4,59.2,63.6
DEL_008359,ORD_009108,DRV_0084,3.65,22.8,39.4,38.4
DEL_008360,ORD_009109,DRV_0121,10.83,15.9,58.9,62.0
DEL_008361,ORD_009110,DRV_0016,4.31,18.1,34.0,37.2
DEL_008362,ORD_009111,DRV_0175,6.48,23.2,51.4,52.9
DEL_008363,ORD_009112,DRV_0165,2.48,20.6,18.9,21.8
DEL_008364,ORD_009113,DRV_0212,1.06,10.9,25.3,23.5
DEL_008365,ORD_009114,DRV_0076,2.69,23.4,34.4,41.5
DEL_008366,ORD_009115,DRV_0164,6.49,27.8,65.3,61.2
DEL_008367,ORD_009116,DRV_0293,4.68,34.3,53.8,59.0
DEL_008368,ORD_009117,DRV_0167,3.56,7.1,25.7,23.7
DEL_008369,ORD_009118,DRV_0099,13.99,36.6,77.1,84.2
DEL_008370,ORD_009119,DRV_0057,3.1,32.9,41.1,50.9
DEL_008371,ORD_009121,DRV_0002,8.24,21.4,57.7,59.1
DEL_008372,ORD_009122,DRV_0073,3.33,20.5,32.7,27.0
DEL_008373,ORD_009123,DRV_0025,7.91,13.8,52.6,47.0
DEL_008374,ORD_009124,DRV_0092,12.31,11.9,63.6,57.0
DEL_008375,ORD_009125,DRV_0093,2.7,9.5,20.3,18.6
DEL_008376,ORD_009126,DRV_0047,2.03,10.8,12.4,15.0
DEL_008377,ORD_009127,DRV_0150,4.59,13.4,35.6,37.7
DEL_008378,ORD_009128,DRV_0074,2.59,35.2,40.7,40.0
DEL_008379,ORD_009130,DRV_0224,4.74,28.3,42.6,48.5
DEL_008380,ORD_009132,DRV_0012,4.31,16.1,35.3,32.8
DEL_008381,ORD_009133,DRV_0145,8.47,26.2,78.4,79.6
DEL_008382,ORD_009134,DRV_0230,10.25,5.9,51.4,49.2
DEL_008383,ORD_009135,DRV_0262,6.99,17.2,42.8,38.9
DEL_008384,ORD_009136,DRV_0021,8.93,28.8,83.2,81.1
DEL_008385,ORD_009137,DRV_0041,7.38,20.3,41.0,47.3
DEL_008386,ORD_009138,DRV_0092,5.76,31.8,44.8,53.8
DEL_008387,ORD_009139,DRV_0078,1.73,15.5,24.9,28.2
DEL_008388,ORD_009140,DRV_0268,2.16,21.8,27.5,31.6
DEL_008389,ORD_009141,DRV_0038,10.34,38.9,98.2,100.8
DEL_008390,ORD_009142,DRV_0172,5.65,8.7,23.9,27.6
DEL_008391,ORD_009143,DRV_0292,6.0,33.3,52.2,61.1
DEL_008392,ORD_009144,DRV_0206,18.21,23.0,107.5,100.0
DEL_008393,ORD_009145,DRV_0223,4.42,29.2,49.1,56.5
DEL_008394,ORD_009146,DRV_0002,3.47,22.0,36.2,39.0
DEL_008395,ORD_009147,DRV_0007,3.58,29.1,46.5,48.2
DEL_008396,ORD_009148,DRV_0249,3.1,23.4,38.2,38.7
DEL_008397,ORD_009149,DRV_0248,13.43,27.2,77.0,74.8
DEL_008398,ORD_009150,DRV_0049,3.65,22.3,42.1,45.9
DEL_008399,ORD_009151,DRV_0033,8.7,18.2,40.3,52.3
DEL_008400,ORD_009152,DRV_0276,17.68,17.7,109.9,114.5
DEL_008401,ORD_009153,DRV_0085,4.93,32.7,46.8,52.2
DEL_008402,ORD_009154,DRV_0168,6.39,23.0,50.3,43.7
DEL_008403,ORD_009156,DRV_0019,6.47,10.5,66.2,52.1
DEL_008404,ORD_009157,DRV_0033,2.63,28.5,35.3,41.5
DEL_008405,ORD_009158,DRV_0175,5.62,22.8,57.0,58.3
DEL_008406,ORD_009159,DRV_0220,2.82,14.3,30.1,32.6
DEL_008407,ORD_009160,DRV_0091,1.67,23.3,30.0,33.5
DEL_008408,ORD_009161,DRV_0065,13.22,22.2,75.1,72.2
DEL_008409,ORD_009162,DRV_0235,7.03,19.8,59.7,55.8
DEL_008410,ORD_009163,DRV_0219,8.86,12.8,40.2,38.1
DEL_008411,ORD_009164,DRV_0192,6.17,28.4,60.0,55.6
DEL_008412,ORD_009165,DRV_0249,2.06,21.7,28.2,28.2
DEL_008413,ORD_009166,DRV_0048,3.98,22.9,37.6,42.9
DEL_008414,ORD_009167,DRV_0086,4.31,24.7,42.8,40.2
DEL_008415,ORD_009168,DRV_0008,2.37,38.2,49.0,51.4
DEL_008416,ORD_009169,DRV_0165,9.83,24.0,59.8,61.0
DEL_008417,ORD_009170,DRV_0015,2.4,25.4,46.7,42.8
DEL_008418,ORD_009171,DRV_0075,6.58,19.2,45.0,52.9
DEL_008419,ORD_009172,DRV_0027,8.03,24.5,66.9,62.3
DEL_008420,ORD_009173,DRV_0285,6.05,27.7,53.7,57.6
DEL_008421,ORD_009174,DRV_0130,2.26,24.5,36.6,32.1
DEL_008422,ORD_009175,DRV_0184,3.89,16.6,21.4,21.2
DEL_008423,ORD_009176,DRV_0056,0.81,22.3,29.8,28.6
DEL_008424,ORD_009177,DRV_0162,4.7,27.1,48.6,53.0
DEL_008425,ORD_009178,DRV_0125,1.89,20.4,33.8,38.2
DEL_008426,ORD_009179,DRV_0226,5.49,30.3,73.6,58.5
DEL_008427,ORD_009180,DRV_0251,8.84,7.1,29.0,37.2
DEL_008428,ORD_009181,DRV_0031,17.45,39.8,132.3,149.2
DEL_008429,ORD_009182,DRV_0153,4.37,20.4,37.2,38.6
DEL_008430,ORD_009183,DRV_0053,14.0,28.8,78.0,74.3
DEL_008431,ORD_009184,DRV_0067,10.34,28.2,61.6,64.3
DEL_008432,ORD_009185,DRV_0050,6.36,23.8,42.7,47.5
DEL_008433,ORD_009186,DRV_0199,8.7,18.0,49.0,51.6
DEL_008434,ORD_009187,DRV_0131,5.1,13.5,49.6,48.8
DEL_008435,ORD_009188,DRV_0185,7.47,19.4,59.5,49.4
DEL_008436,ORD_009190,DRV_0028,4.89,14.9,35.2,35.7
DEL_008437,ORD_009191,DRV_0138,3.26,26.4,46.5,41.3
DEL_008438,ORD_009192,DRV_0137,5.43,13.0,37.5,43.3
DEL_008439,ORD_009193,DRV_0114,7.44,34.6,53.4,52.9
DEL_008440,ORD_009194,DRV_0183,16.39,21.1,74.2,71.2
DEL_008441,ORD_009195,DRV_0082,3.38,26.6,44.1,43.2
DEL_008442,ORD_009196,DRV_0160,6.23,30.9,70.1,72.2
DEL_008443,ORD_009197,DRV_0214,4.59,11.3,33.0,30.1
DEL_008444,ORD_009198,DRV_0041,7.26,9.1,45.7,46.3
DEL_008445,ORD_009199,DRV_0230,4.01,21.5,38.4,41.6
DEL_008446,ORD_009200,DRV_0145,4.1,27.2,37.5,45.0
DEL_008447,ORD_009201,DRV_0287,7.06,20.5,56.8,53.9
DEL_008448,ORD_009202,DRV_0150,5.48,16.5,40.4,43.7
DEL_008449,ORD_009203,DRV_0060,2.74,11.9,29.3,30.5
DEL_008450,ORD_009204,DRV_0166,4.54,10.1,28.1,32.4
DEL_008451,ORD_009206,DRV_0291,5.19,19.9,39.4,36.1
DEL_008452,ORD_009208,DRV_0032,6.46,17.2,39.2,38.3
DEL_008453,ORD_009209,DRV_0008,4.31,21.4,34.3,37.3
DEL_008454,ORD_009210,DRV_0048,5.89,13.7,32.4,32.6
DEL_008455,ORD_009211,DRV_0275,8.02,19.8,54.0,55.2
DEL_008456,ORD_009213,DRV_0043,3.26,27.8,47.0,44.0
DEL_008457,ORD_009214,DRV_0127,4.6,14.6,40.4,42.9
DEL_008458,ORD_009215,DRV_0277,14.36,14.9,108.1,121.1
DEL_008459,ORD_009216,DRV_0037,3.06,25.6,39.6,39.5
DEL_008460,ORD_009217,DRV_0281,2.82,31.7,40.7,42.7
DEL_008461,ORD_009218,DRV_0270,2.87,9.0,18.9,20.1
DEL_008462,ORD_009219,DRV_0002,20.0,15.7,89.8,91.9
DEL_008463,ORD_009221,DRV_0199,1.34,20.0,28.3,28.5
DEL_008464,ORD_009222,DRV_0172,1.65,28.9,35.4,37.7
DEL_008465,ORD_009223,DRV_0075,13.76,31.2,71.4,89.2
DEL_008466,ORD_009224,DRV_0256,9.12,25.1,60.0,60.8
DEL_008467,ORD_009225,DRV_0014,11.0,29.2,83.1,74.6
DEL_008468,ORD_009226,DRV_0224,7.53,22.1,56.3,52.1
DEL_008469,ORD_009227,DRV_0160,15.91,24.9,125.5,126.7
DEL_008470,ORD_009228,DRV_0127,8.68,13.9,65.6,70.5
DEL_008471,ORD_009229,DRV_0159,2.51,23.6,30.4,33.0
DEL_008472,ORD_009230,DRV_0141,1.95,16.8,20.3,20.1
DEL_008473,ORD_009231,DRV_0220,5.83,17.0,49.8,47.6
DEL_008474,ORD_009232,DRV_0159,6.14,26.5,48.8,53.8
DEL_008475,ORD_009233,DRV_0225,9.52,18.2,58.8,56.5
DEL_008476,ORD_009234,DRV_0223,9.56,18.2,83.1,75.6
DEL_008477,ORD_009235,DRV_0013,3.17,7.2,26.6,24.7
DEL_008478,ORD_009236,DRV_0165,0.73,25.0,22.1,22.5
DEL_008479,ORD_009237,DRV_0195,8.89,24.1,51.5,61.7
DEL_008480,ORD_009238,DRV_0274,3.39,35.1,46.9,50.1
DEL_008481,ORD_009239,DRV_0006,2.61,10.1,20.8,24.8
DEL_008482,ORD_009240,DRV_0062,4.31,24.8,53.9,56.5
DEL_008483,ORD_009241,DRV_0094,5.74,25.5,55.7,65.6
DEL_008484,ORD_009242,DRV_0245,0.9,17.6,20.2,20.7
DEL_008485,ORD_009243,DRV_0083,4.16,20.6,33.6,41.1
DEL_008486,ORD_009244,DRV_0244,4.85,14.7,42.6,42.9
DEL_008487,ORD_009245,DRV_0243,2.57,23.0,31.2,32.2
DEL_008488,ORD_009247,DRV_0219,3.13,16.6,28.8,25.7
DEL_008489,ORD_009248,DRV_0029,3.57,23.4,40.3,43.1
DEL_008490,ORD_009249,DRV_0101,7.67,19.4,42.3,54.2
DEL_008491,ORD_009250,DRV_0015,6.25,16.3,41.2,40.7
DEL_008492,ORD_009251,DRV_0099,1.2,32.9,33.2,34.4
DEL_008493,ORD_009252,DRV_0075,3.15,20.3,31.4,30.0
DEL_008494,ORD_009253,DRV_0087,1.86,22.0,25.5,29.7
DEL_008495,ORD_009254,DRV_0003,6.75,19.2,40.8,40.5
DEL_008496,ORD_009255,DRV_0174,6.48,27.5,59.1,61.1
DEL_008497,ORD_009256,DRV_0247,4.17,19.1,44.9,45.8
DEL_008498,ORD_009257,DRV_0055,6.32,30.8,64.4,62.4
DEL_008499,ORD_009258,DRV_0130,7.54,25.7,72.0,58.9
DEL_008500,ORD_009259,DRV_0272,8.17,16.6,49.1,47.6
DEL_008501,ORD_009260,DRV_0253,10.4,30.5,72.8,69.1
DEL_008502,ORD_009261,DRV_0104,2.72,19.7,30.3,31.6
DEL_008503,ORD_009262,DRV_0120,1.89,19.9,29.2,26.1
DEL_008504,ORD_009263,DRV_0287,5.07,19.4,32.0,39.2
DEL_008505,ORD_009264,DRV_0103,2.3,9.1,20.9,24.3
DEL_008506,ORD_009265,DRV_0187,12.47,18.5,59.6,71.4
DEL_008507,ORD_009266,DRV_0086,6.41,32.2,70.6,71.1
DEL_008508,ORD_009267,DRV_0093,8.3,16.4,58.9,51.9
DEL_008509,ORD_009268,DRV_0183,15.17,16.0,99.3,97.4
DEL_008510,ORD_009269,DRV_0124,8.72,22.3,78.6,77.7
DEL_008511,ORD_009270,DRV_0170,9.3,19.2,91.6,85.3
DEL_008512,ORD_009271,DRV_0184,4.82,13.3,33.8,36.5
DEL_008513,ORD_009272,DRV_0118,6.48,32.8,56.0,61.8
DEL_008514,ORD_009274,DRV_0240,7.56,25.1,89.1,85.6
DEL_008515,ORD_009275,DRV_0047,3.64,24.8,57.5,43.6
DEL_008516,ORD_009276,DRV_0112,1.81,15.1,20.8,21.9
DEL_008517,ORD_009277,DRV_0123,1.02,6.4,8.0,8.0
DEL_008518,ORD_009278,DRV_0193,4.37,17.7,35.2,38.5
DEL_008519,ORD_009279,DRV_0150,3.06,23.6,41.9,35.9
DEL_008520,ORD_009280,DRV_0010,4.09,17.9,43.9,43.2
DEL_008521,ORD_009281,DRV_0023,8.01,23.4,56.9,66.5
DEL_008522,ORD_009283,DRV_0088,2.81,25.6,38.6,42.9
DEL_008523,ORD_009284,DRV_0055,1.26,10.5,9.8,10.7
DEL_008524,ORD_009285,DRV_0132,2.84,31.6,38.1,42.4
DEL_008525,ORD_009286,DRV_0119,9.62,8.3,56.6,50.1
DEL_008526,ORD_009287,DRV_0227,3.77,13.5,29.7,26.0
DEL_008527,ORD_009288,DRV_0052,1.64,23.1,30.4,33.6
DEL_008528,ORD_009290,DRV_0178,17.75,16.6,105.6,111.6
DEL_008529,ORD_009291,DRV_0246,2.49,25.9,59.7,58.1
DEL_008530,ORD_009292,DRV_0241,2.96,32.4,47.3,38.9
DEL_008531,ORD_009293,DRV_0146,4.58,5.0,25.2,25.8
DEL_008532,ORD_009294,DRV_0253,1.25,24.4,29.5,30.7
DEL_008533,ORD_009295,DRV_0285,5.06,17.9,41.7,36.6
DEL_008534,ORD_009296,DRV_0281,5.19,28.3,54.1,60.3
DEL_008535,ORD_009297,DRV_0278,20.0,29.9,139.4,130.6
DEL_008536,ORD_009298,DRV_0283,17.42,13.1,130.6,144.0
DEL_008537,ORD_009299,DRV_0248,2.71,14.6,30.8,29.4
DEL_008538,ORD_009301,DRV_0023,3.72,30.4,47.0,43.1
DEL_008539,ORD_009302,DRV_0233,2.52,19.5,30.3,35.5
DEL_008540,ORD_009303,DRV_0151,4.49,29.1,43.3,42.6
DEL_008541,ORD_009304,DRV_0077,3.67,22.2,33.9,35.8
DEL_008542,ORD_009305,DRV_0247,6.69,16.8,59.1,53.1
DEL_008543,ORD_009306,DRV_0296,5.34,23.6,47.1,55.1
DEL_008544,ORD_009307,DRV_0251,9.1,18.9,40.9,48.3
DEL_008545,ORD_009308,DRV_0295,3.76,22.0,50.5,49.3
DEL_008546,ORD_009309,DRV_0080,3.77,10.4,17.2,21.9
DEL_008547,ORD_009310,DRV_0117,4.29,9.7,31.1,31.4
DEL_008548,ORD_009311,DRV_0256,1.7,22.4,25.1,26.5
DEL_008549,ORD_009312,DRV_0096,4.38,33.3,45.6,52.2
DEL_008550,ORD_009313,DRV_0252,4.7,20.5,33.9,39.7
DEL_008551,ORD_009314,DRV_0240,2.32,31.7,39.1,41.9
DEL_008552,ORD_009315,DRV_0056,13.4,25.2,96.1,97.9
DEL_008553,ORD_009316,DRV_0233,3.91,21.8,58.7,51.3
DEL_008554,ORD_009317,DRV_0113,6.3,12.8,44.1,41.8
DEL_008555,ORD_009318,DRV_0033,14.43,26.4,81.2,84.2
DEL_008556,ORD_009319,DRV_0208,3.15,22.2,59.0,52.1
DEL_008557,ORD_009321,DRV_0177,3.82,19.1,31.5,28.2
DEL_008558,ORD_009322,DRV_0104,20.0,29.0,136.7,150.0
DEL_008559,ORD_009323,DRV_0058,9.47,16.4,45.6,45.1
DEL_008560,ORD_009324,DRV_0170,1.17,40.9,44.6,42.7
DEL_008561,ORD_009325,DRV_0135,6.95,30.0,52.6,57.7
DEL_008562,ORD_009326,DRV_0276,10.03,26.9,83.2,74.5
DEL_008563,ORD_009327,DRV_0175,1.09,22.1,25.0,25.3
DEL_008564,ORD_009328,DRV_0240,9.83,12.3,55.5,56.9
DEL_008565,ORD_009329,DRV_0222,9.24,21.0,97.2,83.2
DEL_008566,ORD_009330,DRV_0130,1.31,22.9,33.2,35.4
DEL_008567,ORD_009331,DRV_0271,1.38,22.6,26.2,25.5
DEL_008568,ORD_009332,DRV_0203,13.06,23.0,77.2,83.8
DEL_008569,ORD_009333,DRV_0193,3.48,24.7,36.2,41.5
DEL_008570,ORD_009334,DRV_0076,8.48,23.4,58.1,61.4
DEL_008571,ORD_009335,DRV_0256,4.93,22.3,55.1,46.5
DEL_008572,ORD_009336,DRV_0259,6.89,17.1,53.6,51.6
DEL_008573,ORD_009337,DRV_0055,5.46,12.2,28.8,40.8
DEL_008574,ORD_009338,DRV_0242,7.09,22.0,44.4,54.8
DEL_008575,ORD_009339,DRV_0266,8.54,16.2,60.1,63.5
DEL_008576,ORD_009340,DRV_0074,19.22,36.1,114.7,123.4
DEL_008577,ORD_009341,DRV_0121,9.25,27.1,85.0,84.5
DEL_008578,ORD_009342,DRV_0098,7.41,25.0,64.6,71.6
DEL_008579,ORD_009343,DRV_0052,4.64,18.6,30.8,29.8
DEL_008580,ORD_009344,DRV_0131,9.41,27.7,102.2,107.8
DEL_008581,ORD_009345,DRV_0187,5.49,28.3,52.2,49.8
DEL_008582,ORD_009346,DRV_0141,3.6,20.4,29.2,28.3
DEL_008583,ORD_009347,DRV_0020,3.31,22.4,38.2,38.3
DEL_008584,ORD_009348,DRV_0083,11.68,16.5,46.6,51.8
DEL_008585,ORD_009349,DRV_0099,5.01,11.5,33.8,31.5
DEL_008586,ORD_009350,DRV_0008,7.56,32.2,66.0,61.9
DEL_008587,ORD_009351,DRV_0239,2.92,16.3,28.6,34.2
DEL_008588,ORD_009352,DRV_0050,7.72,9.4,44.7,44.4
DEL_008589,ORD_009353,DRV_0088,2.25,22.1,29.9,29.7
DEL_008590,ORD_009354,DRV_0105,6.23,30.5,59.1,66.6
DEL_008591,ORD_009355,DRV_0250,2.73,13.6,24.2,24.5
DEL_008592,ORD_009356,DRV_0291,8.47,22.7,54.1,50.4
DEL_008593,ORD_009357,DRV_0162,11.56,27.7,68.4,69.2
DEL_008594,ORD_009358,DRV_0285,11.86,20.3,76.2,72.2
DEL_008595,ORD_009359,DRV_0200,6.25,25.2,69.1,67.5
DEL_008596,ORD_009360,DRV_0176,5.61,14.8,30.7,35.7
DEL_008597,ORD_009361,DRV_0028,10.71,24.2,71.2,82.5
DEL_008598,ORD_009362,DRV_0169,5.12,16.8,50.6,49.5
DEL_008599,ORD_009363,DRV_0189,4.76,29.2,44.2,51.1
DEL_008600,ORD_009364,DRV_0263,4.21,20.6,33.4,40.1
DEL_008601,ORD_009365,DRV_0289,5.25,22.5,43.1,45.7
DEL_008602,ORD_009366,DRV_0222,10.62,12.4,59.2,48.5
DEL_008603,ORD_009367,DRV_0021,7.11,31.5,96.0,78.3
DEL_008604,ORD_009368,DRV_0185,3.98,20.2,37.3,36.7
DEL_008605,ORD_009369,DRV_0080,16.11,21.6,71.7,75.0
DEL_008606,ORD_009370,DRV_0219,7.02,22.1,57.6,47.1
DEL_008607,ORD_009371,DRV_0111,8.11,18.9,76.3,76.0
DEL_008608,ORD_009372,DRV_0003,11.38,17.9,51.8,57.8
DEL_008609,ORD_009373,DRV_0276,1.64,22.2,32.7,32.0
DEL_008610,ORD_009374,DRV_0039,3.88,32.8,48.9,55.3
DEL_008611,ORD_009375,DRV_0074,3.72,20.4,37.7,35.5
DEL_008612,ORD_009377,DRV_0213,4.44,19.9,34.6,43.4
DEL_008613,ORD_009378,DRV_0200,6.25,23.2,52.1,54.4
DEL_008614,ORD_009379,DRV_0096,6.26,18.5,40.4,39.5
DEL_008615,ORD_009381,DRV_0179,5.25,26.5,48.0,45.8
DEL_008616,ORD_009382,DRV_0191,2.96,24.4,38.7,36.8
DEL_008617,ORD_009383,DRV_0159,17.7,30.4,112.4,101.6
DEL_008618,ORD_009384,DRV_0016,4.45,20.1,40.1,40.9
DEL_008619,ORD_009385,DRV_0167,20.0,15.7,75.3,84.4
DEL_008620,ORD_009386,DRV_0144,3.09,28.4,43.6,48.1
DEL_008621,ORD_009387,DRV_0251,5.8,20.7,46.1,47.0
DEL_008622,ORD_009388,DRV_0134,5.29,25.3,44.6,45.4
DEL_008623,ORD_009389,DRV_0295,6.56,25.0,52.4,48.4
DEL_008624,ORD_009390,DRV_0176,6.14,18.5,36.0,39.4
DEL_008625,ORD_009391,DRV_0131,5.54,23.3,53.0,50.7
DEL_008626,ORD_009392,DRV_0093,3.88,25.1,56.2,46.6
DEL_008627,ORD_009393,DRV_0121,3.52,25.6,36.6,41.8
DEL_008628,ORD_009394,DRV_0198,12.56,23.5,101.5,99.3
DEL_008629,ORD_009395,DRV_0223,6.45,12.1,37.7,43.6
DEL_008630,ORD_009396,DRV_0199,3.6,10.2,20.8,21.1
DEL_008631,ORD_009397,DRV_0092,1.51,25.3,28.2,29.3
DEL_008632,ORD_009398,DRV_0168,0.96,11.2,13.7,17.7
DEL_008633,ORD_009400,DRV_0105,1.43,29.5,31.0,35.5
DEL_008634,ORD_009401,DRV_0002,5.95,7.8,25.5,24.9
DEL_008635,ORD_009402,DRV_0253,2.88,15.0,32.4,28.8
DEL_008636,ORD_009403,DRV_0055,10.92,17.3,65.2,68.6
DEL_008637,ORD_009405,DRV_0234,6.78,21.0,59.9,55.5
DEL_008638,ORD_009406,DRV_0225,2.17,25.8,24.2,32.7
DEL_008639,ORD_009407,DRV_0015,2.38,27.6,43.2,44.4
DEL_008640,ORD_009408,DRV_0102,7.48,31.8,77.6,70.7
DEL_008641,ORD_009409,DRV_0237,6.56,27.7,69.6,62.3
DEL_008642,ORD_009410,DRV_0092,6.25,21.4,44.6,49.6
DEL_008643,ORD_009411,DRV_0111,0.85,13.9,16.2,17.7
DEL_008644,ORD_009412,DRV_0255,3.64,20.8,33.1,35.8
DEL_008645,ORD_009413,DRV_0112,3.48,20.4,39.0,44.4
DEL_008646,ORD_009414,DRV_0163,8.51,29.0,60.1,61.3
DEL_008647,ORD_009415,DRV_0229,2.72,23.5,39.6,41.8
DEL_008648,ORD_009416,DRV_0202,17.58,28.5,112.8,126.5
DEL_008649,ORD_009417,DRV_0029,5.12,13.5,35.5,35.7
DEL_008650,ORD_009418,DRV_0169,2.0,18.0,35.2,33.9
DEL_008651,ORD_009419,DRV_0182,3.61,22.6,38.8,43.3
DEL_008652,ORD_009420,DRV_0001,3.99,22.2,42.8,40.6
DEL_008653,ORD_009422,DRV_0287,5.3,26.4,50.9,48.7
DEL_008654,ORD_009426,DRV_0034,6.88,34.2,57.2,61.0
DEL_008655,ORD_009427,DRV_0075,8.74,28.5,74.8,71.4
DEL_008656,ORD_009428,DRV_0294,1.4,22.7,38.8,35.8
DEL_008657,ORD_009429,DRV_0127,10.61,25.2,67.1,67.3
DEL_008658,ORD_009430,DRV_0162,7.65,28.9,68.1,69.0
DEL_008659,ORD_009431,DRV_0193,7.22,31.6,60.4,63.4
DEL_008660,ORD_009432,DRV_0156,9.07,28.0,44.7,61.2
DEL_008661,ORD_009433,DRV_0112,1.86,15.6,18.1,20.7
DEL_008662,ORD_009434,DRV_0170,2.71,16.0,23.5,24.2
DEL_008663,ORD_009435,DRV_0107,16.08,29.7,97.4,98.5
DEL_008664,ORD_009436,DRV_0285,5.94,30.9,59.3,58.4
DEL_008665,ORD_009437,DRV_0130,6.99,12.0,51.6,53.3
DEL_008666,ORD_009438,DRV_0048,12.64,27.6,129.2,117.2
DEL_008667,ORD_009439,DRV_0090,2.32,21.7,21.4,24.9
DEL_008668,ORD_009440,DRV_0167,4.54,27.2,48.6,50.8
DEL_008669,ORD_009441,DRV_0243,3.61,13.9,38.0,37.1
DEL_008670,ORD_009442,DRV_0102,2.58,27.8,39.6,41.6
DEL_008671,ORD_009443,DRV_0266,6.03,29.5,64.3,60.0
DEL_008672,ORD_009444,DRV_0028,12.36,15.4,68.2,60.2
DEL_008673,ORD_009445,DRV_0041,6.99,22.7,38.3,40.3
DEL_008674,ORD_009446,DRV_0279,3.85,23.6,48.8,46.9
DEL_008675,ORD_009447,DRV_0183,4.06,18.7,54.2,47.4
DEL_008676,ORD_009448,DRV_0129,1.97,32.4,33.8,33.3
DEL_008677,ORD_009449,DRV_0053,7.44,22.9,60.1,63.6
DEL_008678,ORD_009450,DRV_0103,6.18,26.5,51.1,52.8
DEL_008679,ORD_009451,DRV_0167,3.28,26.4,36.4,40.2
DEL_008680,ORD_009452,DRV_0192,1.49,21.7,30.7,29.1
DEL_008681,ORD_009453,DRV_0296,4.36,34.0,58.6,56.6
DEL_008682,ORD_009454,DRV_0208,9.04,26.2,71.4,83.2
DEL_008683,ORD_009455,DRV_0102,5.03,19.8,29.3,35.6
DEL_008684,ORD_009457,DRV_0214,8.17,23.4,60.2,58.3
DEL_008685,ORD_009459,DRV_0278,0.53,21.2,23.2,24.7
DEL_008686,ORD_009461,DRV_0023,6.45,11.8,37.3,42.0
DEL_008687,ORD_009462,DRV_0199,6.41,17.1,45.4,44.5
DEL_008688,ORD_009463,DRV_0069,0.75,16.7,15.3,16.5
DEL_008689,ORD_009464,DRV_0043,1.47,26.3,34.0,35.8
DEL_008690,ORD_009466,DRV_0125,10.1,24.0,74.7,65.6
DEL_008691,ORD_009467,DRV_0020,8.03,28.0,56.6,60.1
DEL_008692,ORD_009468,DRV_0107,3.91,13.0,27.2,29.1
DEL_008693,ORD_009469,DRV_0271,1.29,22.3,20.1,25.6
DEL_008694,ORD_009470,DRV_0040,4.49,26.2,44.0,55.5
DEL_008695,ORD_009472,DRV_0296,2.15,13.6,25.4,26.1
DEL_008696,ORD_009473,DRV_0072,8.31,30.0,66.0,63.8
DEL_008697,ORD_009474,DRV_0244,4.6,15.8,34.5,36.9
DEL_008698,ORD_009475,DRV_0252,1.45,20.6,28.5,28.4
DEL_008699,ORD_009476,DRV_0200,4.09,18.2,33.5,36.8
DEL_008700,ORD_009477,DRV_0215,3.25,6.8,26.8,29.8
DEL_008701,ORD_009478,DRV_0051,3.53,35.7,55.1,51.2
DEL_008702,ORD_009479,DRV_0203,5.37,10.5,35.0,38.5
DEL_008703,ORD_009480,DRV_0111,9.99,32.7,96.6,99.5
DEL_008704,ORD_009481,DRV_0071,5.31,18.2,37.8,39.6
DEL_008705,ORD_009482,DRV_0035,2.91,28.1,38.6,33.6
DEL_008706,ORD_009483,DRV_0214,8.19,25.0,54.2,53.5
DEL_008707,ORD_009484,DRV_0126,11.78,23.5,65.9,64.4
DEL_008708,ORD_009486,DRV_0106,6.96,8.9,49.1,59.3
DEL_008709,ORD_009487,DRV_0036,5.94,17.5,34.9,34.4
DEL_008710,ORD_009488,DRV_0243,2.91,41.4,55.3,48.6
DEL_008711,ORD_009489,DRV_0116,6.43,32.2,49.9,54.9
DEL_008712,ORD_009490,DRV_0266,5.06,21.0,30.8,35.6
DEL_008713,ORD_009491,DRV_0127,2.73,20.4,30.2,31.4
DEL_008714,ORD_009492,DRV_0217,3.05,28.1,40.7,39.0
DEL_008715,ORD_009493,DRV_0066,7.83,21.7,48.2,53.7
DEL_008716,ORD_009494,DRV_0130,9.35,21.0,91.0,82.1
DEL_008717,ORD_009495,DRV_0203,11.25,14.6,60.9,61.7
DEL_008718,ORD_009496,DRV_0001,0.99,20.9,23.4,21.5
DEL_008719,ORD_009498,DRV_0292,1.06,28.6,31.3,29.7
DEL_008720,ORD_009499,DRV_0197,3.71,20.1,27.6,29.3
DEL_008721,ORD_009500,DRV_0200,4.86,43.2,73.7,64.1
DEL_008722,ORD_009501,DRV_0238,7.89,20.7,79.7,81.8
DEL_008723,ORD_009502,DRV_0011,8.95,14.4,73.6,77.0
DEL_008724,ORD_009503,DRV_0019,8.24,10.8,71.0,67.1
DEL_008725,ORD_009504,DRV_0269,6.55,19.8,41.3,41.6
DEL_008726,ORD_009505,DRV_0141,3.97,25.9,36.6,42.4
DEL_008727,ORD_009506,DRV_0250,5.46,25.3,44.6,53.3
DEL_008728,ORD_009507,DRV_0190,7.98,16.9,36.4,42.6
DEL_008729,ORD_009508,DRV_0224,3.68,20.2,48.0,42.3
DEL_008730,ORD_009509,DRV_0242,13.14,20.7,88.9,103.0
DEL_008731,ORD_009510,DRV_0163,6.32,27.0,52.6,51.7
DEL_008732,ORD_009511,DRV_0269,0.85,27.7,33.3,37.1
DEL_008733,ORD_009512,DRV_0131,7.67,22.6,60.4,66.8
DEL_008734,ORD_009513,DRV_0146,6.93,23.9,74.2,72.6
DEL_008735,ORD_009514,DRV_0145,2.41,18.2,20.9,25.1
DEL_008736,ORD_009515,DRV_0269,3.23,29.6,47.7,44.6
DEL_008737,ORD_009516,DRV_0260,2.51,34.8,43.8,42.7
DEL_008738,ORD_009517,DRV_0168,12.07,14.8,48.2,50.8
DEL_008739,ORD_009518,DRV_0036,10.9,17.5,54.9,54.8
DEL_008740,ORD_009519,DRV_0144,6.53,26.6,51.4,56.3
DEL_008741,ORD_009520,DRV_0001,8.94,9.2,65.2,65.0
DEL_008742,ORD_009521,DRV_0156,1.94,24.1,28.2,27.2
DEL_008743,ORD_009522,DRV_0055,3.43,18.3,35.0,39.9
DEL_008744,ORD_009523,DRV_0213,4.46,13.8,42.0,41.1
DEL_008745,ORD_009524,DRV_0206,12.22,24.7,89.3,95.1
DEL_008746,ORD_009525,DRV_0213,11.41,23.0,79.7,73.6
DEL_008747,ORD_009526,DRV_0185,14.44,23.4,90.7,93.0
DEL_008748,ORD_009527,DRV_0103,7.38,21.6,41.8,54.2
DEL_008749,ORD_009529,DRV_0200,4.26,17.6,33.4,33.7
DEL_008750,ORD_009530,DRV_0137,2.22,25.7,32.3,33.0
DEL_008751,ORD_009531,DRV_0049,1.45,27.4,35.2,34.1
DEL_008752,ORD_009532,DRV_0111,8.03,24.3,65.3,59.5
DEL_008753,ORD_009533,DRV_0101,1.46,22.9,30.8,29.0
DEL_008754,ORD_009534,DRV_0037,9.55,13.2,70.5,64.2
DEL_008755,ORD_009535,DRV_0152,6.15,11.7,37.5,40.0
DEL_008756,ORD_009536,DRV_0173,7.91,21.2,53.6,51.4
DEL_008757,ORD_009537,DRV_0023,3.86,27.3,51.9,53.2
DEL_008758,ORD_009538,DRV_0238,3.37,14.6,42.5,33.5
DEL_008759,ORD_009539,DRV_0286,5.66,16.4,38.3,45.1
DEL_008760,ORD_009540,DRV_0146,2.59,26.4,49.1,50.1
DEL_008761,ORD_009541,DRV_0090,8.09,26.5,65.9,67.2
DEL_008762,ORD_009542,DRV_0028,4.34,18.9,39.5,37.6
DEL_008763,ORD_009543,DRV_0107,1.77,24.5,29.7,30.7
DEL_008764,ORD_009544,DRV_0188,1.63,21.4,27.6,24.7
DEL_008765,ORD_009546,DRV_0163,7.12,28.6,82.6,82.1
DEL_008766,ORD_009547,DRV_0209,1.63,16.1,24.9,23.3
DEL_008767,ORD_009548,DRV_0156,6.7,18.5,62.6,65.7
DEL_008768,ORD_009549,DRV_0291,7.43,23.7,79.4,71.7
DEL_008769,ORD_009550,DRV_0052,12.03,20.4,62.1,57.2
DEL_008770,ORD_009552,DRV_0143,4.95,18.2,43.7,42.8
DEL_008771,ORD_009553,DRV_0091,4.84,30.4,49.0,46.1
DEL_008772,ORD_009554,DRV_0223,2.11,30.3,54.1,48.8
DEL_008773,ORD_009555,DRV_0163,3.33,24.2,56.0,56.1
DEL_008774,ORD_009556,DRV_0291,5.12,23.9,54.1,57.7
DEL_008775,ORD_009557,DRV_0066,3.42,16.5,27.6,31.5
DEL_008776,ORD_009558,DRV_0061,8.75,26.3,53.0,61.5
DEL_008777,ORD_009559,DRV_0189,1.07,17.0,23.2,23.5
DEL_008778,ORD_009561,DRV_0047,5.17,21.3,40.8,45.2
DEL_008779,ORD_009564,DRV_0024,14.56,26.6,112.4,120.8
DEL_008780,ORD_009565,DRV_0092,9.34,24.4,81.9,71.8
DEL_008781,ORD_009566,DRV_0070,9.0,13.3,71.8,60.2
DEL_008782,ORD_009567,DRV_0172,6.17,14.2,41.2,39.6
DEL_008783,ORD_009568,DRV_0221,2.08,13.6,26.4,24.8
DEL_008784,ORD_009569,DRV_0259,2.98,18.5,25.9,30.4
DEL_008785,ORD_009570,DRV_0080,9.53,19.4,70.6,72.3
DEL_008786,ORD_009571,DRV_0188,1.82,28.5,40.8,41.3
DEL_008787,ORD_009572,DRV_0207,12.45,23.0,74.1,72.2
DEL_008788,ORD_009573,DRV_0019,5.75,25.6,56.7,59.0
DEL_008789,ORD_009574,DRV_0024,12.06,24.7,60.4,67.4
DEL_008790,ORD_009575,DRV_0039,14.44,17.8,60.6,74.1
DEL_008791,ORD_009576,DRV_0210,5.99,16.2,27.7,35.5
DEL_008792,ORD_009577,DRV_0015,7.81,12.6,41.9,45.5
DEL_008793,ORD_009578,DRV_0213,3.11,35.9,44.2,50.7
DEL_008794,ORD_009579,DRV_0267,5.65,22.1,52.1,59.0
DEL_008795,ORD_009580,DRV_0176,5.21,16.8,37.1,32.9
DEL_008796,ORD_009581,DRV_0172,16.05,15.8,91.5,95.3
DEL_008797,ORD_009582,DRV_0186,5.3,12.4,49.9,47.9
DEL_008798,ORD_009583,DRV_0022,3.84,17.1,23.2,29.0
DEL_008799,ORD_009584,DRV_0059,8.47,22.2,68.8,60.0
DEL_008800,ORD_009585,DRV_0198,1.87,24.4,38.6,34.8
DEL_008801,ORD_009586,DRV_0185,4.0,27.0,44.0,46.0
DEL_008802,ORD_009587,DRV_0283,1.96,26.8,27.0,31.5
DEL_008803,ORD_009588,DRV_0135,10.4,14.5,62.3,58.6
DEL_008804,ORD_009589,DRV_0070,8.08,16.9,55.1,57.2
DEL_008805,ORD_009590,DRV_0012,2.91,18.8,28.9,26.3
DEL_008806,ORD_009591,DRV_0073,1.27,29.3,35.6,35.7
DEL_008807,ORD_009592,DRV_0171,4.69,8.4,20.9,22.3
DEL_008808,ORD_009593,DRV_0146,1.73,21.2,29.5,28.7
DEL_008809,ORD_009594,DRV_0242,7.1,9.8,65.1,67.4
DEL_008810,ORD_009595,DRV_0246,13.39,18.9,83.3,87.1
DEL_008811,ORD_009596,DRV_0006,5.78,20.4,52.9,55.4
DEL_008812,ORD_009597,DRV_0140,10.27,25.4,82.6,73.1
DEL_008813,ORD_009598,DRV_0135,9.22,34.2,56.8,60.3
DEL_008814,ORD_009599,DRV_0286,10.15,9.3,34.5,43.3
DEL_008815,ORD_009600,DRV_0017,12.37,22.7,61.1,65.4
DEL_008816,ORD_009601,DRV_0139,2.6,27.7,49.4,59.1
DEL_008817,ORD_009603,DRV_0251,12.23,23.1,70.1,72.7
DEL_008818,ORD_009604,DRV_0241,6.57,18.3,44.6,48.0
DEL_008819,ORD_009605,DRV_0262,7.2,23.7,62.7,60.1
DEL_008820,ORD_009606,DRV_0253,3.36,21.8,38.1,40.9
DEL_008821,ORD_009607,DRV_0120,1.56,15.2,27.2,31.2
DEL_008822,ORD_009608,DRV_0181,7.94,26.7,59.7,55.0
DEL_008823,ORD_009609,DRV_0253,3.32,21.2,31.8,34.0
DEL_008824,ORD_009610,DRV_0226,5.84,12.5,39.7,40.4
DEL_008825,ORD_009611,DRV_0181,2.58,23.8,32.9,36.0
DEL_008826,ORD_009612,DRV_0006,2.03,10.1,15.3,16.0
DEL_008827,ORD_009613,DRV_0266,6.21,15.5,34.4,36.0
DEL_008828,ORD_009614,DRV_0111,5.1,17.5,41.1,35.6
DEL_008829,ORD_009615,DRV_0175,2.45,20.7,28.3,29.4
DEL_008830,ORD_009616,DRV_0007,7.95,24.7,66.2,66.6
DEL_008831,ORD_009617,DRV_0114,11.08,18.1,72.7,73.7
DEL_008832,ORD_009619,DRV_0071,12.97,22.3,51.9,69.5
DEL_008833,ORD_009620,DRV_0105,14.75,15.0,56.1,62.3
DEL_008834,ORD_009621,DRV_0162,7.68,26.5,58.6,68.6
DEL_008835,ORD_009622,DRV_0165,19.12,22.5,79.1,91.8
DEL_008836,ORD_009623,DRV_0007,11.39,15.6,71.3,72.1
DEL_008837,ORD_009624,DRV_0158,2.06,12.9,26.6,26.3
DEL_008838,ORD_009625,DRV_0148,2.25,27.8,39.7,40.1
DEL_008839,ORD_009626,DRV_0128,7.8,26.2,38.3,43.0
DEL_008840,ORD_009627,DRV_0100,4.49,17.5,38.4,35.9
DEL_008841,ORD_009628,DRV_0133,13.61,26.0,66.0,73.0
DEL_008842,ORD_009629,DRV_0260,5.62,19.4,36.3,40.1
DEL_008843,ORD_009630,DRV_0294,0.82,25.8,25.7,27.6
DEL_008844,ORD_009631,DRV_0072,4.47,26.8,41.3,42.9
DEL_008845,ORD_009632,DRV_0251,2.91,35.7,38.7,49.8
DEL_008846,ORD_009633,DRV_0124,2.7,16.5,31.1,35.8
DEL_008847,ORD_009635,DRV_0051,7.34,21.7,53.2,52.4
DEL_008848,ORD_009636,DRV_0244,2.98,28.4,49.6,47.2
DEL_008849,ORD_009637,DRV_0089,9.53,27.7,64.4,69.4
DEL_008850,ORD_009638,DRV_0160,2.22,23.0,48.1,44.7
DEL_008851,ORD_009639,DRV_0045,2.41,11.6,25.9,25.7
DEL_008852,ORD_009640,DRV_0298,3.98,19.2,43.8,37.8
DEL_008853,ORD_009641,DRV_0167,4.04,23.9,44.6,44.7
DEL_008854,ORD_009642,DRV_0289,0.99,24.7,29.1,27.0
DEL_008855,ORD_009643,DRV_0166,13.77,20.2,94.6,112.8
DEL_008856,ORD_009644,DRV_0256,1.46,23.7,27.4,26.2
DEL_008857,ORD_009645,DRV_0115,4.46,24.9,37.5,42.6
DEL_008858,ORD_009646,DRV_0042,4.77,29.3,54.8,48.4
DEL_008859,ORD_009647,DRV_0051,3.69,31.2,38.7,40.5
DEL_008860,ORD_009648,DRV_0227,1.76,28.0,36.4,34.4
DEL_008861,ORD_009649,DRV_0088,6.87,25.8,47.9,53.5
DEL_008862,ORD_009650,DRV_0174,7.78,30.9,64.4,64.1
DEL_008863,ORD_009651,DRV_0236,13.66,24.8,87.7,76.7
DEL_008864,ORD_009652,DRV_0011,14.77,23.1,85.2,115.6
DEL_008865,ORD_009653,DRV_0104,3.15,15.4,31.6,33.3
DEL_008866,ORD_009654,DRV_0226,2.56,33.4,33.5,42.9
DEL_008867,ORD_009655,DRV_0177,1.1,36.6,41.2,42.6
DEL_008868,ORD_009656,DRV_0107,6.63,9.0,29.7,32.1
DEL_008869,ORD_009657,DRV_0197,6.82,16.3,40.5,37.0
DEL_008870,ORD_009659,DRV_0136,11.0,17.4,77.2,81.0
DEL_008871,ORD_009660,DRV_0004,4.03,23.8,44.3,46.1
DEL_008872,ORD_009661,DRV_0033,6.37,23.0,56.5,63.1
DEL_008873,ORD_009662,DRV_0188,14.37,19.9,84.6,82.5
DEL_008874,ORD_009663,DRV_0253,12.32,23.7,91.1,79.0
DEL_008875,ORD_009664,DRV_0050,4.79,26.4,53.1,48.3
DEL_008876,ORD_009665,DRV_0082,4.49,16.1,39.3,45.3
DEL_008877,ORD_009666,DRV_0274,1.69,24.9,32.8,36.3
DEL_008878,ORD_009667,DRV_0225,4.78,29.8,43.2,43.9
DEL_008879,ORD_009668,DRV_0193,3.58,15.8,31.8,34.2
DEL_008880,ORD_009669,DRV_0140,5.0,21.9,35.8,38.9
DEL_008881,ORD_009671,DRV_0288,4.05,24.4,50.4,52.0
DEL_008882,ORD_009672,DRV_0163,3.96,24.7,41.9,47.8
DEL_008883,ORD_009673,DRV_0027,4.94,21.3,46.0,41.5
DEL_008884,ORD_009674,DRV_0283,9.08,30.9,65.6,62.3
DEL_008885,ORD_009675,DRV_0029,7.82,29.2,90.5,83.9
DEL_008886,ORD_009676,DRV_0076,3.6,27.5,43.2,41.2
DEL_008887,ORD_009677,DRV_0153,2.98,23.9,32.3,36.4
DEL_008888,ORD_009678,DRV_0062,0.5,28.7,21.5,23.1
DEL_008889,ORD_009680,DRV_0239,8.03,16.5,51.5,48.0
DEL_008890,ORD_009681,DRV_0200,4.14,24.2,38.2,35.6
DEL_008891,ORD_009682,DRV_0025,2.31,25.6,29.8,34.1
DEL_008892,ORD_009683,DRV_0209,5.44,24.4,49.7,48.8
DEL_008893,ORD_009684,DRV_0058,5.05,20.3,40.7,40.0
DEL_008894,ORD_009685,DRV_0123,6.2,34.6,73.1,68.8
DEL_008895,ORD_009686,DRV_0028,2.51,16.1,32.2,31.2
DEL_008896,ORD_009687,DRV_0117,3.98,22.2,75.2,65.7
DEL_008897,ORD_009688,DRV_0065,13.2,16.5,49.4,53.9
DEL_008898,ORD_009689,DRV_0282,17.27,31.6,107.9,101.5
DEL_008899,ORD_009690,DRV_0238,7.03,13.4,34.0,37.0
DEL_008900,ORD_009691,DRV_0068,5.23,21.1,48.2,56.4
DEL_008901,ORD_009692,DRV_0134,1.99,24.7,24.6,29.8
DEL_008902,ORD_009693,DRV_0208,2.53,20.8,34.5,32.6
DEL_008903,ORD_009694,DRV_0153,1.16,18.4,30.7,28.4
DEL_008904,ORD_009695,DRV_0072,1.95,15.2,23.6,23.8
DEL_008905,ORD_009696,DRV_0275,3.72,20.7,28.9,35.3
DEL_008906,ORD_009697,DRV_0257,10.17,17.0,46.2,51.9
DEL_008907,ORD_009698,DRV_0137,11.88,24.7,122.1,124.9
DEL_008908,ORD_009699,DRV_0058,6.57,16.5,46.2,40.0
DEL_008909,ORD_009700,DRV_0247,5.65,21.8,42.8,44.6
DEL_008910,ORD_009701,DRV_0187,16.1,17.8,107.7,113.8
DEL_008911,ORD_009703,DRV_0276,3.95,37.8,68.7,68.2
DEL_008912,ORD_009704,DRV_0137,10.01,20.7,74.8,78.8
DEL_008913,ORD_009705,DRV_0210,1.17,32.0,31.6,29.4
DEL_008914,ORD_009706,DRV_0235,5.54,26.4,41.8,52.8
DEL_008915,ORD_009707,DRV_0013,7.89,25.9,54.1,54.9
DEL_008916,ORD_009708,DRV_0037,4.79,12.2,35.2,32.3
DEL_008917,ORD_009709,DRV_0264,0.92,22.0,35.1,31.1
DEL_008918,ORD_009710,DRV_0260,13.78,22.8,73.0,71.3
DEL_008919,ORD_009711,DRV_0243,10.21,27.8,89.7,91.1
DEL_008920,ORD_009712,DRV_0224,1.54,22.3,24.4,28.3
DEL_008921,ORD_009713,DRV_0099,8.53,11.8,44.0,39.0
DEL_008922,ORD_009714,DRV_0273,7.87,16.2,76.0,74.4
DEL_008923,ORD_009715,DRV_0074,15.94,26.0,103.9,132.9
DEL_008924,ORD_009716,DRV_0170,7.89,33.6,79.0,74.9
DEL_008925,ORD_009717,DRV_0086,6.76,25.4,45.5,50.4
DEL_008926,ORD_009718,DRV_0206,4.89,16.9,28.1,27.9
DEL_008927,ORD_009719,DRV_0237,8.79,18.8,32.3,37.7
DEL_008928,ORD_009720,DRV_0069,8.03,30.2,55.6,57.4
DEL_008929,ORD_009721,DRV_0080,11.49,17.9,72.3,66.4
DEL_008930,ORD_009722,DRV_0219,7.06,23.0,58.0,62.7
DEL_008931,ORD_009723,DRV_0119,7.8,26.9,62.8,55.9
DEL_008932,ORD_009724,DRV_0012,6.3,15.8,34.7,35.2
DEL_008933,ORD_009725,DRV_0290,3.3,14.6,37.5,35.4
DEL_008934,ORD_009726,DRV_0242,2.14,24.6,40.4,39.5
DEL_008935,ORD_009727,DRV_0044,2.44,10.4,15.9,15.2
DEL_008936,ORD_009728,DRV_0202,17.88,20.2,100.3,134.8
DEL_008937,ORD_009729,DRV_0178,3.04,28.4,31.8,35.5
DEL_008938,ORD_009731,DRV_0220,4.31,11.7,33.3,30.9
DEL_008939,ORD_009732,DRV_0137,2.82,21.4,30.0,34.7
DEL_008940,ORD_009733,DRV_0004,7.71,15.7,48.7,51.1
DEL_008941,ORD_009734,DRV_0254,4.97,27.7,50.5,52.1
DEL_008942,ORD_009735,DRV_0195,0.97,12.4,14.3,14.1
DEL_008943,ORD_009736,DRV_0262,3.45,31.6,50.4,46.0
DEL_008944,ORD_009738,DRV_0267,2.33,24.4,42.1,37.7
DEL_008945,ORD_009740,DRV_0158,4.81,26.9,47.8,47.4
DEL_008946,ORD_009741,DRV_0095,3.27,29.6,44.0,39.7
DEL_008947,ORD_009742,DRV_0019,6.1,23.0,53.1,49.1
DEL_008948,ORD_009743,DRV_0051,5.8,25.3,65.7,60.9
DEL_008949,ORD_009744,DRV_0115,9.29,26.7,58.7,61.5
DEL_008950,ORD_009745,DRV_0177,4.66,25.5,53.6,52.6
DEL_008951,ORD_009746,DRV_0125,3.16,20.7,41.4,43.7
DEL_008952,ORD_009747,DRV_0200,4.65,17.9,44.4,43.5
DEL_008953,ORD_009748,DRV_0270,2.91,21.2,30.8,33.0
DEL_008954,ORD_009749,DRV_0026,6.83,21.7,41.9,47.6
DEL_008955,ORD_009750,DRV_0090,4.86,15.9,32.0,32.8
DEL_008956,ORD_009751,DRV_0063,4.49,25.9,46.3,46.6
DEL_008957,ORD_009752,DRV_0083,2.11,24.0,32.4,41.9
DEL_008958,ORD_009753,DRV_0262,2.5,21.2,39.2,41.9
DEL_008959,ORD_009754,DRV_0059,7.94,22.1,51.2,51.6
DEL_008960,ORD_009755,DRV_0220,5.91,21.7,56.2,54.9
DEL_008961,ORD_009756,DRV_0143,18.55,30.9,105.9,103.3
DEL_008962,ORD_009757,DRV_0114,6.24,19.8,41.0,40.3
DEL_008963,ORD_009758,DRV_0126,5.08,22.3,43.9,51.0
DEL_008964,ORD_009759,DRV_0006,2.5,23.6,36.0,37.5
DEL_008965,ORD_009760,DRV_0128,7.91,22.5,67.2,67.5
DEL_008966,ORD_009762,DRV_0178,6.51,27.6,46.1,48.4
DEL_008967,ORD_009764,DRV_0169,4.67,28.5,56.2,52.4
DEL_008968,ORD_009765,DRV_0079,5.91,15.0,39.0,44.2
DEL_008969,ORD_009766,DRV_0157,8.28,24.2,63.4,61.1
DEL_008970,ORD_009767,DRV_0034,2.82,27.4,39.2,39.1
DEL_008971,ORD_009768,DRV_0270,5.16,27.5,42.5,49.5
DEL_008972,ORD_009769,DRV_0250,6.16,27.6,66.2,63.3
DEL_008973,ORD_009770,DRV_0025,2.57,12.6,15.3,16.9
DEL_008974,ORD_009771,DRV_0010,8.32,40.5,60.1,76.2
DEL_008975,ORD_009772,DRV_0224,4.5,20.4,51.5,49.8
DEL_008976,ORD_009774,DRV_0019,3.11,24.3,31.4,40.4
DEL_008977,ORD_009775,DRV_0026,5.9,30.2,66.5,61.4
DEL_008978,ORD_009776,DRV_0195,9.34,15.1,52.8,59.3
DEL_008979,ORD_009777,DRV_0187,4.32,17.8,34.8,39.5
DEL_008980,ORD_009778,DRV_0245,5.24,21.3,31.5,37.0
DEL_008981,ORD_009779,DRV_0242,2.66,29.7,48.5,48.4
DEL_008982,ORD_009780,DRV_0097,6.5,13.1,47.0,48.8
DEL_008983,ORD_009781,DRV_0133,3.71,16.2,48.0,41.9
DEL_008984,ORD_009782,DRV_0256,0.5,26.0,33.8,29.3
DEL_008985,ORD_009783,DRV_0074,8.44,31.5,56.1,65.7
DEL_008986,ORD_009784,DRV_0023,4.35,26.9,44.5,45.6
DEL_008987,ORD_009785,DRV_0284,5.08,19.4,46.7,44.0
DEL_008988,ORD_009786,DRV_0132,1.93,20.6,26.2,24.2
DEL_008989,ORD_009787,DRV_0162,5.05,21.9,56.6,66.7
DEL_008990,ORD_009788,DRV_0118,0.5,27.4,26.0,24.9
DEL_008991,ORD_009789,DRV_0132,5.57,20.0,39.9,41.9
DEL_008992,ORD_009790,DRV_0252,10.92,20.1,82.5,69.4
DEL_008993,ORD_009791,DRV_0169,3.56,13.3,31.6,34.5
DEL_008994,ORD_009792,DRV_0014,3.77,28.7,39.3,50.5
DEL_008995,ORD_009793,DRV_0230,5.28,37.5,49.4,58.8
DEL_008996,ORD_009794,DRV_0219,19.72,23.9,138.0,123.2
DEL_008997,ORD_009795,DRV_0040,1.52,37.2,47.0,47.6
DEL_008998,ORD_009796,DRV_0246,1.66,21.1,33.2,30.6
DEL_008999,ORD_009797,DRV_0185,7.68,19.3,58.8,58.3
DEL_009000,ORD_009798,DRV_0207,8.53,32.8,79.6,87.0
DEL_009001,ORD_009799,DRV_0088,8.97,41.0,83.9,84.0
DEL_009002,ORD_009800,DRV_0216,4.42,14.2,32.5,31.6
DEL_009003,ORD_009801,DRV_0222,2.46,28.8,50.3,46.1
DEL_009004,ORD_009802,DRV_0010,7.05,21.9,55.3,55.1
DEL_009005,ORD_009803,DRV_0162,2.7,9.5,17.6,19.3
DEL_009006,ORD_009806,DRV_0221,9.73,10.9,50.6,56.1
DEL_009007,ORD_009807,DRV_0010,4.88,23.7,48.7,44.6
DEL_009008,ORD_009808,DRV_0162,3.5,12.6,24.8,25.9
DEL_009009,ORD_009810,DRV_0008,1.31,20.9,19.7,25.9
DEL_009010,ORD_009811,DRV_0192,4.52,26.0,48.1,42.8
DEL_009011,ORD_009812,DRV_0252,6.36,19.4,44.6,44.7
DEL_009012,ORD_009813,DRV_0071,8.1,32.5,66.4,71.0
DEL_009013,ORD_009814,DRV_0107,5.68,35.4,56.6,51.3
DEL_009014,ORD_009815,DRV_0067,1.98,27.7,43.0,40.6
DEL_009015,ORD_009816,DRV_0022,8.52,12.3,56.0,44.8
DEL_009016,ORD_009817,DRV_0186,7.53,26.6,55.4,62.3
DEL_009017,ORD_009818,DRV_0287,2.53,26.1,49.5,43.5
DEL_009018,ORD_009819,DRV_0066,2.88,6.1,22.3,20.5
DEL_009019,ORD_009820,DRV_0188,6.48,22.3,56.0,60.7
DEL_009020,ORD_009822,DRV_0121,3.36,24.1,48.7,41.5
DEL_009021,ORD_009823,DRV_0101,2.05,15.5,22.7,22.7
DEL_009022,ORD_009824,DRV_0221,10.72,10.5,53.0,52.4
DEL_009023,ORD_009825,DRV_0281,8.97,16.6,62.6,72.5
DEL_009024,ORD_009826,DRV_0012,3.62,23.2,47.0,44.8
DEL_009025,ORD_009827,DRV_0059,2.7,23.0,30.2,31.3
DEL_009026,ORD_009828,DRV_0154,7.38,19.1,43.6,45.1
DEL_009027,ORD_009829,DRV_0172,1.14,26.6,28.3,33.9
DEL_009028,ORD_009830,DRV_0298,11.4,18.4,66.9,65.9
DEL_009029,ORD_009831,DRV_0038,4.53,10.5,39.3,38.6
DEL_009030,ORD_009833,DRV_0264,2.54,30.5,44.6,44.0
DEL_009031,ORD_009834,DRV_0111,3.55,23.2,34.0,52.4
DEL_009032,ORD_009835,DRV_0143,3.73,22.4,50.7,45.4
DEL_009033,ORD_009836,DRV_0247,8.57,6.8,50.9,49.5
DEL_009034,ORD_009837,DRV_0246,5.29,11.4,44.2,42.8
DEL_009035,ORD_009838,DRV_0166,3.99,24.2,33.3,34.0
DEL_009036,ORD_009839,DRV_0081,9.29,23.5,49.4,60.5
DEL_009037,ORD_009840,DRV_0011,4.42,26.8,51.3,54.8
DEL_009038,ORD_009841,DRV_0139,4.22,14.2,25.7,27.1
DEL_009039,ORD_009843,DRV_0194,8.96,9.0,37.8,40.0
DEL_009040,ORD_009844,DRV_0225,4.24,21.0,31.8,36.7
DEL_009041,ORD_009845,DRV_0106,4.12,21.4,51.5,45.1
DEL_009042,ORD_009846,DRV_0068,2.39,23.6,31.1,29.3
DEL_009043,ORD_009847,DRV_0157,10.69,27.8,85.1,75.9
DEL_009044,ORD_009848,DRV_0231,6.09,22.2,46.2,43.1
DEL_009045,ORD_009849,DRV_0020,3.76,6.7,32.7,33.0
DEL_009046,ORD_009850,DRV_0208,4.53,31.4,51.4,46.5
DEL_009047,ORD_009852,DRV_0192,2.1,15.3,28.1,32.8
DEL_009048,ORD_009853,DRV_0090,0.83,18.2,26.5,25.1
DEL_009049,ORD_009854,DRV_0236,8.32,32.5,59.7,69.1
DEL_009050,ORD_009855,DRV_0065,2.1,10.4,15.1,16.0
DEL_009051,ORD_009856,DRV_0041,6.37,21.5,39.4,44.6
DEL_009052,ORD_009857,DRV_0150,8.29,30.5,71.9,61.2
DEL_009053,ORD_009858,DRV_0144,2.43,16.8,32.3,34.9
DEL_009054,ORD_009860,DRV_0146,8.63,34.2,76.8,72.1
DEL_009055,ORD_009861,DRV_0128,2.27,31.4,38.7,49.3
DEL_009056,ORD_009862,DRV_0176,6.31,26.0,42.6,44.6
DEL_009057,ORD_009863,DRV_0220,7.49,31.6,68.2,69.7
DEL_009058,ORD_009864,DRV_0217,0.77,15.6,22.5,21.4
DEL_009059,ORD_009865,DRV_0270,5.08,17.6,40.3,44.9
DEL_009060,ORD_009866,DRV_0198,5.34,36.0,66.6,59.2
DEL_009061,ORD_009867,DRV_0130,1.42,11.3,21.1,21.5
DEL_009062,ORD_009868,DRV_0139,2.56,32.5,38.2,40.2
DEL_009063,ORD_009869,DRV_0082,14.09,21.4,75.7,78.8
DEL_009064,ORD_009870,DRV_0097,4.06,30.8,76.7,64.5
DEL_009065,ORD_009871,DRV_0244,3.15,20.7,53.9,52.1
DEL_009066,ORD_009872,DRV_0116,1.87,16.8,22.5,20.9
DEL_009067,ORD_009873,DRV_0054,2.38,29.7,40.2,38.6
DEL_009068,ORD_009874,DRV_0180,3.6,21.1,50.5,53.5
DEL_009069,ORD_009875,DRV_0159,1.42,14.0,27.6,25.6
DEL_009070,ORD_009876,DRV_0232,7.43,34.5,96.3,85.2
DEL_009071,ORD_009877,DRV_0124,6.57,30.6,59.9,60.2
DEL_009072,ORD_009878,DRV_0032,2.01,33.3,43.6,39.8
DEL_009073,ORD_009879,DRV_0060,0.78,20.7,28.8,26.1
DEL_009074,ORD_009880,DRV_0050,4.51,16.8,33.2,37.2
DEL_009075,ORD_009881,DRV_0266,2.73,20.6,32.1,33.5
DEL_009076,ORD_009882,DRV_0171,2.55,21.7,32.8,31.5
DEL_009077,ORD_009883,DRV_0119,2.11,22.2,24.4,30.1
DEL_009078,ORD_009884,DRV_0067,5.79,24.4,54.8,56.1
DEL_009079,ORD_009885,DRV_0231,4.38,25.6,48.4,48.6
DEL_009080,ORD_009886,DRV_0050,5.92,33.2,63.5,63.4
DEL_009081,ORD_009887,DRV_0160,4.31,26.0,54.7,53.9
DEL_009082,ORD_009888,DRV_0147,5.66,45.0,71.2,59.3
DEL_009083,ORD_009889,DRV_0044,9.14,27.3,72.0,66.6
DEL_009084,ORD_009890,DRV_0086,1.58,13.5,21.2,21.1
DEL_009085,ORD_009892,DRV_0196,8.16,23.1,49.9,52.4
DEL_009086,ORD_009893,DRV_0043,7.6,35.6,68.5,63.1
DEL_009087,ORD_009894,DRV_0053,2.08,21.5,29.7,27.8
DEL_009088,ORD_009895,DRV_0291,14.9,23.0,95.3,96.6
DEL_009089,ORD_009897,DRV_0144,2.12,20.1,21.8,23.6
DEL_009090,ORD_009898,DRV_0152,13.99,10.4,68.7,72.8
DEL_009091,ORD_009899,DRV_0133,3.53,32.7,41.8,43.8
DEL_009092,ORD_009900,DRV_0118,1.89,20.3,43.8,39.7
DEL_009093,ORD_009901,DRV_0173,1.5,19.5,27.0,26.6
DEL_009094,ORD_009902,DRV_0040,2.84,18.6,29.3,27.3
DEL_009095,ORD_009903,DRV_0219,2.81,19.9,45.4,38.4
DEL_009096,ORD_009904,DRV_0285,4.62,5.0,28.2,29.1
DEL_009097,ORD_009905,DRV_0239,4.64,27.4,71.2,69.4
DEL_009098,ORD_009906,DRV_0293,6.28,16.9,52.4,52.4
DEL_009099,ORD_009907,DRV_0038,1.68,18.3,33.2,30.2
DEL_009100,ORD_009908,DRV_0052,5.01,14.9,32.3,31.2
DEL_009101,ORD_009909,DRV_0099,2.11,28.2,25.0,27.2
DEL_009102,ORD_009911,DRV_0178,1.39,29.4,52.5,43.2
DEL_009103,ORD_009912,DRV_0227,8.42,23.0,50.2,56.4
DEL_009104,ORD_009913,DRV_0269,3.45,33.0,56.8,60.8
DEL_009105,ORD_009914,DRV_0114,3.42,26.6,50.6,48.6
DEL_009106,ORD_009915,DRV_0107,1.7,26.5,31.7,30.4
DEL_009107,ORD_009916,DRV_0207,2.48,15.1,26.7,26.9
DEL_009108,ORD_009917,DRV_0166,9.74,24.1,85.4,88.8
DEL_009109,ORD_009918,DRV_0165,1.96,15.3,30.5,28.4
DEL_009110,ORD_009919,DRV_0190,4.23,12.3,27.5,26.0
DEL_009111,ORD_009920,DRV_0149,2.6,16.0,32.9,30.7
DEL_009112,ORD_009921,DRV_0052,3.75,13.6,26.8,30.6
DEL_009113,ORD_009922,DRV_0046,2.03,16.8,41.2,38.1
DEL_009114,ORD_009923,DRV_0061,5.26,15.3,47.3,48.7
DEL_009115,ORD_009924,DRV_0280,1.69,19.7,28.2,27.8
DEL_009116,ORD_009925,DRV_0268,0.5,14.9,17.1,18.6
DEL_009117,ORD_009926,DRV_0119,14.07,22.9,63.7,65.7
DEL_009118,ORD_009927,DRV_0260,4.81,33.8,55.2,63.1
DEL_009119,ORD_009928,DRV_0241,14.62,8.6,46.2,49.9
DEL_009120,ORD_009929,DRV_0068,2.73,27.0,45.2,40.4
DEL_009121,ORD_009930,DRV_0016,13.07,22.3,91.8,89.6
DEL_009122,ORD_009931,DRV_0041,6.71,19.5,47.6,44.7
DEL_009123,ORD_009932,DRV_0150,3.27,17.9,35.2,37.0
DEL_009124,ORD_009933,DRV_0163,13.6,29.6,101.2,90.1
DEL_009125,ORD_009934,DRV_0223,6.37,28.3,48.1,51.4
DEL_009126,ORD_009935,DRV_0210,5.21,11.7,33.3,32.1
DEL_009127,ORD_009936,DRV_0205,4.13,16.8,34.1,40.8
DEL_009128,ORD_009937,DRV_0102,8.66,19.8,65.3,68.3
DEL_009129,ORD_009938,DRV_0252,5.18,17.1,39.6,38.9
DEL_009130,ORD_009939,DRV_0271,4.67,20.9,36.4,34.8
DEL_009131,ORD_009940,DRV_0296,6.16,26.4,46.6,51.4
DEL_009132,ORD_009941,DRV_0160,11.56,18.9,77.3,79.4
DEL_009133,ORD_009942,DRV_0052,8.69,16.1,39.3,44.7
DEL_009134,ORD_009943,DRV_0217,13.11,16.4,86.8,84.5
DEL_009135,ORD_009944,DRV_0047,2.45,21.7,31.5,33.6
DEL_009136,ORD_009945,DRV_0069,2.18,16.3,35.8,32.6
DEL_009137,ORD_009946,DRV_0165,1.65,21.3,33.0,31.9
DEL_009138,ORD_009947,DRV_0235,9.05,18.9,87.0,81.9
DEL_009139,ORD_009949,DRV_0169,3.88,28.4,46.1,50.5
DEL_009140,ORD_009950,DRV_0151,20.0,13.4,93.5,98.4
DEL_009141,ORD_009951,DRV_0049,5.22,28.1,55.5,60.8
DEL_009142,ORD_009952,DRV_0254,4.98,21.4,45.6,42.8
DEL_009143,ORD_009953,DRV_0010,2.4,21.2,33.6,36.7
DEL_009144,ORD_009954,DRV_0025,4.38,32.5,47.2,48.8
DEL_009145,ORD_009955,DRV_0246,4.07,11.2,27.8,36.9
DEL_009146,ORD_009956,DRV_0132,2.75,21.3,32.6,35.9
DEL_009147,ORD_009957,DRV_0124,2.66,21.5,29.7,31.4
DEL_009148,ORD_009958,DRV_0232,1.45,26.6,27.5,28.3
DEL_009149,ORD_009959,DRV_0214,7.38,25.4,54.1,49.5
DEL_009150,ORD_009960,DRV_0299,4.05,28.9,50.0,49.2
DEL_009151,ORD_009961,DRV_0070,4.49,27.2,46.3,47.9
DEL_009152,ORD_009962,DRV_0076,1.96,27.2,28.3,30.3
DEL_009153,ORD_009963,DRV_0164,5.81,31.4,76.7,76.3
DEL_009154,ORD_009964,DRV_0275,5.41,23.2,50.3,51.5
DEL_009155,ORD_009965,DRV_0158,4.29,19.8,37.8,42.6
DEL_009156,ORD_009966,DRV_0204,5.72,27.2,34.5,34.5
DEL_009157,ORD_009967,DRV_0203,2.56,24.0,39.7,42.6
DEL_009158,ORD_009968,DRV_0065,5.72,16.2,75.3,69.8
DEL_009159,ORD_009969,DRV_0037,15.44,27.7,99.0,103.3
DEL_009160,ORD_009970,DRV_0182,7.17,19.5,51.6,54.1
DEL_009161,ORD_009971,DRV_0217,2.82,16.8,35.1,31.9
DEL_009162,ORD_009972,DRV_0212,5.13,22.4,53.6,51.2
DEL_009163,ORD_009973,DRV_0147,6.99,31.9,65.7,63.2
DEL_009164,ORD_009974,DRV_0014,1.02,21.2,30.1,32.6
DEL_009165,ORD_009975,DRV_0104,2.84,35.7,40.0,48.0
DEL_009166,ORD_009976,DRV_0005,2.66,20.6,30.7,35.9
DEL_009167,ORD_009977,DRV_0112,8.73,29.5,75.8,74.7
DEL_009168,ORD_009978,DRV_0143,4.89,11.7,37.5,33.0
DEL_009169,ORD_009979,DRV_0166,1.91,10.8,18.8,21.0
DEL_009170,ORD_009980,DRV_0138,1.87,17.5,30.0,24.8
DEL_009171,ORD_009981,DRV_0138,7.93,22.8,48.6,48.7
DEL_009172,ORD_009982,DRV_0037,5.74,16.1,52.2,49.2
DEL_009173,ORD_009983,DRV_0043,1.55,27.3,34.9,41.7
DEL_009174,ORD_009984,DRV_0015,5.58,28.0,68.9,62.9
DEL_009175,ORD_009985,DRV_0007,2.46,16.8,26.1,25.5
DEL_009176,ORD_009986,DRV_0201,9.08,15.8,49.0,46.4
DEL_009177,ORD_009987,DRV_0034,6.22,26.9,38.3,52.7
DEL_009178,ORD_009988,DRV_0266,10.6,26.5,80.7,75.5
DEL_009179,ORD_009989,DRV_0249,5.72,17.1,49.7,46.5
DEL_009180,ORD_009990,DRV_0024,5.17,34.8,43.7,48.9
DEL_009181,ORD_009991,DRV_0088,8.65,15.4,42.6,46.2
DEL_009182,ORD_009993,DRV_0080,6.17,13.1,31.9,33.0
DEL_009183,ORD_009994,DRV_0167,10.85,17.6,81.5,78.3
DEL_009184,ORD_009995,DRV_0137,10.18,33.5,129.2,119.8
DEL_009185,ORD_009997,DRV_0110,10.95,27.5,62.4,69.1
DEL_009186,ORD_009998,DRV_0099,2.23,17.4,35.5,31.8
DEL_009187,ORD_009999,DRV_0104,2.88,22.8,37.1,36.7
DEL_009188,ORD_010000,DRV_0169,4.95,18.8,60.4,60.0
