payment_id,order_id,payment_method,payment_status,transaction_amount
PAY_000001,ORD_000001,UPI,Successful,423.9
PAY_000002,ORD_000002,UPI,Successful,82.53
PAY_000003,ORD_000003,Credit Card,Successful,544.4
PAY_000004,ORD_000004,Wallet,Successful,1873.11
PAY_000005,ORD_000005,Debit Card,Successful,1137.79
PAY_000006,ORD_000006,Credit Card,Successful,586.92
PAY_000007,ORD_000007,UPI,Successful,198.13
PAY_000008,ORD_000008,Wallet,Refunded,192.96
PAY_000009,ORD_000009,UPI,Successful,339.6
PAY_000010,ORD_000010,UPI,Successful,731.67
PAY_000011,ORD_000011,UPI,Successful,1753.93
PAY_000012,ORD_000012,UPI,Successful,350.09
PAY_000013,ORD_000013,UPI,Successful,566.16
PAY_000014,ORD_000014,Credit Card,Successful,834.12
PAY_000015,ORD_000015,Debit Card,Successful,889.78
PAY_000016,ORD_000016,UPI,Successful,111.62
PAY_000017,ORD_000017,UPI,Successful,230.12
PAY_000018,ORD_000018,Wallet,Successful,3324.25
PAY_000019,ORD_000019,UPI,Refunded,430.42
PAY_000020,ORD_000020,UPI,Successful,215.02
PAY_000021,ORD_000021,UPI,Successful,312.32
PAY_000022,ORD_000022,UPI,Successful,377.18
PAY_000023,ORD_000023,UPI,Successful,324.29
PAY_000024,ORD_000024,UPI,Successful,466.04
PAY_000025,ORD_000025,UPI,Successful,102.02
PAY_000026,ORD_000026,UPI,Successful,138.5
PAY_000027,ORD_000027,UPI,Successful,574.02
PAY_000028,ORD_000028,UPI,Successful,563.57
PAY_000029,ORD_000029,UPI,Successful,485.76
PAY_000030,ORD_000030,UPI,Successful,1024.06
PAY_000031,ORD_000031,UPI,Successful,566.3
PAY_000032,ORD_000032,UPI,Successful,302.01
PAY_000033,ORD_000033,Credit Card,Successful,378.06
PAY_000034,ORD_000034,UPI,Successful,174.37
PAY_000035,ORD_000035,Wallet,Refunded,572.16
PAY_000036,ORD_000036,Credit Card,Successful,621.87
PAY_000037,ORD_000037,UPI,Successful,516.68
PAY_000038,ORD_000038,UPI,Successful,315.86
PAY_000039,ORD_000039,UPI,Successful,4423.65
PAY_000040,ORD_000040,UPI,Successful,958.25
PAY_000041,ORD_000041,UPI,Successful,83.52
PAY_000042,ORD_000042,UPI,Successful,349.65
PAY_000043,ORD_000043,UPI,Successful,3092.6
PAY_000044,ORD_000044,UPI,Successful,472.13
PAY_000045,ORD_000045,UPI,Successful,736.14
PAY_000046,ORD_000046,Debit Card,Successful,341.05
PAY_000047,ORD_000047,Wallet,Successful,1073.13
PAY_000048,ORD_000048,Credit Card,Successful,80.0
PAY_000049,ORD_000049,Debit Card,Successful,4033.29
PAY_000050,ORD_000050,UPI,Successful,1536.09
PAY_000051,ORD_000051,UPI,Successful,529.03
PAY_000052,ORD_000052,UPI,Successful,2024.63
PAY_000053,ORD_000053,UPI,Successful,445.11
PAY_000054,ORD_000054,UPI,Successful,2342.9
PAY_000055,ORD_000055,UPI,Successful,484.14
PAY_000056,ORD_000056,UPI,Successful,98.41
PAY_000057,ORD_000057,UPI,Successful,528.7
PAY_000058,ORD_000058,UPI,Successful,2681.27
PAY_000059,ORD_000059,Cash,Successful,142.62
PAY_000060,ORD_000060,UPI,Successful,2834.39
PAY_000061,ORD_000061,UPI,Successful,637.95
PAY_000062,ORD_000062,Cash,Successful,168.12
PAY_000063,ORD_000063,UPI,Failed,392.35
PAY_000064,ORD_000064,Debit Card,Successful,497.34
PAY_000065,ORD_000065,UPI,Successful,546.34
PAY_000066,ORD_000066,UPI,Successful,2148.59
PAY_000067,ORD_000067,Debit Card,Successful,1241.81
PAY_000068,ORD_000068,Credit Card,Successful,104.14
PAY_000069,ORD_000069,UPI,Successful,4579.74
PAY_000070,ORD_000070,UPI,Successful,80.0
PAY_000071,ORD_000071,Cash,Successful,842.52
PAY_000072,ORD_000072,UPI,Successful,801.83
PAY_000073,ORD_000073,UPI,Successful,941.29
PAY_000074,ORD_000074,Credit Card,Successful,80.0
PAY_000075,ORD_000075,UPI,Successful,203.26
PAY_000076,ORD_000076,UPI,Successful,628.28
PAY_000077,ORD_000077,Debit Card,Successful,131.31
PAY_000078,ORD_000078,Credit Card,Successful,341.79
PAY_000079,ORD_000079,UPI,Successful,2894.26
PAY_000080,ORD_000080,Credit Card,Successful,367.27
PAY_000081,ORD_000081,UPI,Successful,695.98
PAY_000082,ORD_000082,UPI,Successful,368.97
PAY_000083,ORD_000083,UPI,Successful,292.27
PAY_000084,ORD_000084,UPI,Successful,224.08
PAY_000085,ORD_000085,UPI,Successful,4250.11
PAY_000086,ORD_000086,UPI,Successful,403.29
PAY_000087,ORD_000087,UPI,Successful,571.57
PAY_000088,ORD_000088,UPI,Successful,275.19
PAY_000089,ORD_000089,Debit Card,Refunded,1456.47
PAY_000090,ORD_000090,UPI,Successful,860.08
PAY_000091,ORD_000091,Wallet,Successful,573.82
PAY_000092,ORD_000092,UPI,Successful,174.37
PAY_000093,ORD_000093,Debit Card,Successful,266.82
PAY_000094,ORD_000094,UPI,Successful,410.29
PAY_000095,ORD_000095,Wallet,Successful,2187.18
PAY_000096,ORD_000096,UPI,Successful,1969.08
PAY_000097,ORD_000097,UPI,Successful,1464.08
PAY_000098,ORD_000098,UPI,Successful,1289.19
PAY_000099,ORD_000099,UPI,Successful,783.89
PAY_000100,ORD_000100,UPI,Successful,373.9
PAY_000101,ORD_000101,UPI,Successful,276.36
PAY_000102,ORD_000102,UPI,Successful,97.56
PAY_000103,ORD_000103,UPI,Successful,718.92
PAY_000104,ORD_000104,Debit Card,Successful,2685.9
PAY_000105,ORD_000105,Credit Card,Successful,3302.74
PAY_000106,ORD_000106,UPI,Failed,795.17
PAY_000107,ORD_000107,UPI,Successful,363.26
PAY_000108,ORD_000108,Debit Card,Successful,153.33
PAY_000109,ORD_000109,Debit Card,Successful,365.79
PAY_000110,ORD_000110,Wallet,Successful,177.98
PAY_000111,ORD_000111,UPI,Successful,447.43
PAY_000112,ORD_000112,Wallet,Successful,697.86
PAY_000113,ORD_000113,Debit Card,Successful,5000.0
PAY_000114,ORD_000114,UPI,Successful,306.47
PAY_000115,ORD_000115,Debit Card,Successful,221.98
PAY_000116,ORD_000116,Cash,Successful,296.17
PAY_000117,ORD_000117,Debit Card,Successful,143.54
PAY_000118,ORD_000118,Cash,Successful,736.15
PAY_000119,ORD_000119,UPI,Successful,132.93
PAY_000120,ORD_000120,UPI,Successful,743.41
PAY_000121,ORD_000121,Credit Card,Successful,305.44
PAY_000122,ORD_000122,UPI,Successful,463.87
PAY_000123,ORD_000123,UPI,Successful,976.46
PAY_000124,ORD_000124,Credit Card,Successful,146.73
PAY_000125,ORD_000125,Credit Card,Successful,482.43
PAY_000126,ORD_000126,UPI,Successful,240.3
PAY_000127,ORD_000127,Cash,Successful,762.77
PAY_000128,ORD_000128,Debit Card,Successful,1155.24
PAY_000129,ORD_000129,Debit Card,Successful,173.67
PAY_000130,ORD_000130,UPI,Successful,185.21
PAY_000131,ORD_000131,UPI,Successful,1769.6
PAY_000132,ORD_000132,UPI,Successful,1016.41
PAY_000133,ORD_000133,UPI,Successful,1656.86
PAY_000134,ORD_000134,UPI,Failed,383.56
PAY_000135,ORD_000135,UPI,Successful,719.18
PAY_000136,ORD_000136,UPI,Refunded,98.41
PAY_000137,ORD_000137,Cash,Successful,231.96
PAY_000138,ORD_000138,UPI,Successful,1405.56
PAY_000139,ORD_000139,UPI,Successful,2478.16
PAY_000140,ORD_000140,Debit Card,Successful,607.85
PAY_000141,ORD_000141,UPI,Successful,147.66
PAY_000142,ORD_000142,UPI,Successful,495.99
PAY_000143,ORD_000143,UPI,Successful,80.0
PAY_000144,ORD_000144,UPI,Successful,462.28
PAY_000145,ORD_000145,UPI,Successful,483.17
PAY_000146,ORD_000146,UPI,Successful,488.45
PAY_000147,ORD_000147,Debit Card,Successful,285.03
PAY_000148,ORD_000148,Wallet,Successful,1326.08
PAY_000149,ORD_000149,Credit Card,Successful,187.67
PAY_000150,ORD_000150,Credit Card,Successful,891.26
PAY_000151,ORD_000151,UPI,Successful,673.51
PAY_000152,ORD_000152,Credit Card,Successful,149.78
PAY_000153,ORD_000153,Wallet,Successful,197.77
PAY_000154,ORD_000154,UPI,Successful,80.0
PAY_000155,ORD_000155,Wallet,Successful,163.12
PAY_000156,ORD_000156,Wallet,Successful,500.46
PAY_000157,ORD_000157,UPI,Successful,3202.52
PAY_000158,ORD_000158,UPI,Failed,2042.1
PAY_000159,ORD_000159,Credit Card,Successful,380.06
PAY_000160,ORD_000160,UPI,Successful,4426.01
PAY_000161,ORD_000161,UPI,Successful,639.94
PAY_000162,ORD_000162,UPI,Successful,3564.55
PAY_000163,ORD_000163,Wallet,Successful,2699.5
PAY_000164,ORD_000164,UPI,Successful,420.61
PAY_000165,ORD_000165,Wallet,Refunded,4135.39
PAY_000166,ORD_000166,UPI,Successful,299.66
PAY_000167,ORD_000167,UPI,Successful,643.57
PAY_000168,ORD_000168,UPI,Failed,301.62
PAY_000169,ORD_000169,UPI,Successful,204.35
PAY_000170,ORD_000170,Credit Card,Successful,5000.0
PAY_000171,ORD_000171,Wallet,Successful,111.6
PAY_000172,ORD_000172,Debit Card,Failed,372.69
PAY_000173,ORD_000173,Wallet,Successful,2582.11
PAY_000174,ORD_000174,Wallet,Successful,1919.51
PAY_000175,ORD_000175,UPI,Successful,854.47
PAY_000176,ORD_000176,UPI,Successful,5000.0
PAY_000177,ORD_000177,Wallet,Refunded,953.29
PAY_000178,ORD_000178,Debit Card,Successful,851.9
PAY_000179,ORD_000179,UPI,Successful,167.44
PAY_000180,ORD_000180,UPI,Successful,789.56
PAY_000181,ORD_000181,Wallet,Successful,2749.32
PAY_000182,ORD_000182,UPI,Successful,386.26
PAY_000183,ORD_000183,UPI,Refunded,209.77
PAY_000184,ORD_000184,Wallet,Successful,1414.3
PAY_000185,ORD_000185,Credit Card,Successful,1640.99
PAY_000186,ORD_000186,UPI,Successful,340.59
PAY_000187,ORD_000187,UPI,Successful,966.31
PAY_000188,ORD_000188,Credit Card,Successful,222.96
PAY_000189,ORD_000189,UPI,Successful,372.72
PAY_000190,ORD_000190,Cash,Successful,2093.39
PAY_000191,ORD_000191,UPI,Successful,501.84
PAY_000192,ORD_000192,UPI,Successful,271.63
PAY_000193,ORD_000193,UPI,Successful,1061.54
PAY_000194,ORD_000194,Credit Card,Successful,945.03
PAY_000195,ORD_000195,Credit Card,Successful,248.94
PAY_000196,ORD_000196,UPI,Successful,80.0
PAY_000197,ORD_000197,Wallet,Successful,106.76
PAY_000198,ORD_000198,UPI,Successful,1119.73
PAY_000199,ORD_000199,UPI,Successful,395.04
PAY_000200,ORD_000200,Debit Card,Successful,204.7
PAY_000201,ORD_000201,UPI,Successful,818.18
PAY_000202,ORD_000202,Credit Card,Successful,555.58
PAY_000203,ORD_000203,Debit Card,Successful,400.61
PAY_000204,ORD_000204,Debit Card,Successful,788.16
PAY_000205,ORD_000205,UPI,Successful,1227.64
PAY_000206,ORD_000206,Wallet,Successful,503.41
PAY_000207,ORD_000207,Cash,Successful,428.33
PAY_000208,ORD_000208,Credit Card,Successful,137.95
PAY_000209,ORD_000209,UPI,Successful,509.1
PAY_000210,ORD_000210,UPI,Successful,523.51
PAY_000211,ORD_000211,Debit Card,Successful,648.14
PAY_000212,ORD_000212,UPI,Successful,987.07
PAY_000213,ORD_000213,Credit Card,Successful,178.88
PAY_000214,ORD_000214,UPI,Successful,1857.22
PAY_000215,ORD_000215,Cash,Successful,1866.1
PAY_000216,ORD_000216,UPI,Successful,355.25
PAY_000217,ORD_000217,Debit Card,Successful,401.76
PAY_000218,ORD_000218,Debit Card,Successful,328.73
PAY_000219,ORD_000219,UPI,Successful,360.93
PAY_000220,ORD_000220,Debit Card,Successful,243.68
PAY_000221,ORD_000221,UPI,Successful,536.85
PAY_000222,ORD_000222,UPI,Successful,629.76
PAY_000223,ORD_000223,UPI,Successful,139.48
PAY_000224,ORD_000224,Credit Card,Successful,185.72
PAY_000225,ORD_000225,UPI,Successful,513.72
PAY_000226,ORD_000226,Credit Card,Successful,170.56
PAY_000227,ORD_000227,Cash,Successful,432.4
PAY_000228,ORD_000228,UPI,Successful,487.48
PAY_000229,ORD_000229,UPI,Successful,734.87
PAY_000230,ORD_000230,UPI,Successful,2229.03
PAY_000231,ORD_000231,UPI,Successful,565.68
PAY_000232,ORD_000232,Wallet,Successful,5000.0
PAY_000233,ORD_000233,UPI,Successful,3505.08
PAY_000234,ORD_000234,UPI,Successful,623.75
PAY_000235,ORD_000235,Wallet,Failed,276.14
PAY_000236,ORD_000236,UPI,Successful,142.1
PAY_000237,ORD_000237,Credit Card,Refunded,2791.8
PAY_000238,ORD_000238,UPI,Successful,407.21
PAY_000239,ORD_000239,Wallet,Successful,890.44
PAY_000240,ORD_000240,UPI,Successful,674.69
PAY_000241,ORD_000241,UPI,Successful,673.15
PAY_000242,ORD_000242,Wallet,Successful,717.37
PAY_000243,ORD_000243,Credit Card,Successful,139.58
PAY_000244,ORD_000244,UPI,Successful,413.06
PAY_000245,ORD_000245,Debit Card,Successful,201.11
PAY_000246,ORD_000246,Credit Card,Successful,555.16
PAY_000247,ORD_000247,UPI,Successful,1074.44
PAY_000248,ORD_000248,Cash,Successful,80.0
PAY_000249,ORD_000249,Wallet,Failed,967.87
PAY_000250,ORD_000250,Debit Card,Successful,220.42
PAY_000251,ORD_000251,UPI,Successful,222.85
PAY_000252,ORD_000252,UPI,Successful,108.31
PAY_000253,ORD_000253,UPI,Successful,139.1
PAY_000254,ORD_000254,UPI,Successful,276.72
PAY_000255,ORD_000255,UPI,Successful,367.72
PAY_000256,ORD_000256,Credit Card,Successful,2193.41
PAY_000257,ORD_000257,UPI,Successful,1617.77
PAY_000258,ORD_000258,UPI,Successful,785.93
PAY_000259,ORD_000259,Credit Card,Successful,649.3
PAY_000260,ORD_000260,UPI,Successful,2301.2
PAY_000261,ORD_000261,UPI,Successful,620.15
PAY_000262,ORD_000262,UPI,Successful,553.02
PAY_000263,ORD_000263,UPI,Successful,160.19
PAY_000264,ORD_000264,UPI,Successful,208.09
PAY_000265,ORD_000265,Credit Card,Successful,1622.98
PAY_000266,ORD_000266,UPI,Successful,446.63
PAY_000267,ORD_000267,Debit Card,Successful,186.3
PAY_000268,ORD_000268,UPI,Successful,161.17
PAY_000269,ORD_000269,UPI,Successful,571.41
PAY_000270,ORD_000270,UPI,Failed,439.3
PAY_000271,ORD_000271,Debit Card,Successful,665.79
PAY_000272,ORD_000272,UPI,Successful,1415.51
PAY_000273,ORD_000273,UPI,Successful,190.86
PAY_000274,ORD_000274,Debit Card,Successful,1177.02
PAY_000275,ORD_000275,UPI,Successful,360.5
PAY_000276,ORD_000276,UPI,Successful,880.03
PAY_000277,ORD_000277,UPI,Successful,145.71
PAY_000278,ORD_000278,UPI,Successful,1397.04
PAY_000279,ORD_000279,Cash,Successful,279.66
PAY_000280,ORD_000280,Wallet,Successful,80.0
PAY_000281,ORD_000281,Wallet,Successful,1703.85
PAY_000282,ORD_000282,Wallet,Successful,193.65
PAY_000283,ORD_000283,Wallet,Refunded,273.55
PAY_000284,ORD_000284,Debit Card,Successful,196.85
PAY_000285,ORD_000285,UPI,Successful,1127.51
PAY_000286,ORD_000286,Wallet,Successful,1587.56
PAY_000287,ORD_000287,UPI,Successful,1185.88
PAY_000288,ORD_000288,UPI,Successful,240.1
PAY_000289,ORD_000289,Debit Card,Successful,342.64
PAY_000290,ORD_000290,Credit Card,Successful,326.01
PAY_000291,ORD_000291,UPI,Successful,678.76
PAY_000292,ORD_000292,Debit Card,Successful,1307.47
PAY_000293,ORD_000293,UPI,Successful,204.49
PAY_000294,ORD_000294,UPI,Successful,1060.42
PAY_000295,ORD_000295,UPI,Successful,665.49
PAY_000296,ORD_000296,Debit Card,Successful,1577.96
PAY_000297,ORD_000297,UPI,Successful,850.82
PAY_000298,ORD_000298,UPI,Successful,1191.32
PAY_000299,ORD_000299,UPI,Successful,331.0
PAY_000300,ORD_000300,Credit Card,Successful,597.26
PAY_000301,ORD_000301,UPI,Successful,577.97
PAY_000302,ORD_000302,UPI,Successful,125.4
PAY_000303,ORD_000303,UPI,Successful,156.09
PAY_000304,ORD_000304,Credit Card,Successful,1030.02
PAY_000305,ORD_000305,Cash,Successful,340.8
PAY_000306,ORD_000306,Wallet,Successful,1264.68
PAY_000307,ORD_000307,UPI,Successful,225.14
PAY_000308,ORD_000308,UPI,Successful,144.13
PAY_000309,ORD_000309,UPI,Successful,1047.8
PAY_000310,ORD_000310,UPI,Successful,657.83
PAY_000311,ORD_000311,Wallet,Successful,459.4
PAY_000312,ORD_000312,UPI,Successful,491.71
PAY_000313,ORD_000313,Credit Card,Successful,220.85
PAY_000314,ORD_000314,UPI,Refunded,989.15
PAY_000315,ORD_000315,UPI,Successful,260.09
PAY_000316,ORD_000316,Debit Card,Successful,360.68
PAY_000317,ORD_000317,UPI,Successful,409.21
PAY_000318,ORD_000318,UPI,Successful,207.11
PAY_000319,ORD_000319,UPI,Successful,202.63
PAY_000320,ORD_000320,UPI,Successful,637.15
PAY_000321,ORD_000321,UPI,Successful,287.37
PAY_000322,ORD_000322,UPI,Successful,2058.76
PAY_000323,ORD_000323,Debit Card,Successful,1251.65
PAY_000324,ORD_000324,UPI,Successful,1501.15
PAY_000325,ORD_000325,UPI,Successful,721.01
PAY_000326,ORD_000326,UPI,Successful,192.72
PAY_000327,ORD_000327,Credit Card,Successful,309.01
PAY_000328,ORD_000328,UPI,Successful,151.73
PAY_000329,ORD_000329,UPI,Successful,1044.01
PAY_000330,ORD_000330,UPI,Successful,675.22
PAY_000331,ORD_000331,UPI,Successful,353.1
PAY_000332,ORD_000332,UPI,Successful,131.02
PAY_000333,ORD_000333,UPI,Successful,296.99
PAY_000334,ORD_000334,Credit Card,Successful,163.12
PAY_000335,ORD_000335,UPI,Successful,587.07
PAY_000336,ORD_000336,UPI,Successful,448.64
PAY_000337,ORD_000337,UPI,Successful,543.06
PAY_000338,ORD_000338,Debit Card,Successful,181.56
PAY_000339,ORD_000339,UPI,Successful,226.51
PAY_000340,ORD_000340,Cash,Successful,220.56
PAY_000341,ORD_000341,UPI,Successful,430.37
PAY_000342,ORD_000342,UPI,Successful,1146.64
PAY_000343,ORD_000343,UPI,Successful,706.17
PAY_000344,ORD_000344,UPI,Successful,1152.65
PAY_000345,ORD_000345,Credit Card,Successful,1174.25
PAY_000346,ORD_000346,UPI,Successful,991.37
PAY_000347,ORD_000347,Wallet,Successful,868.0
PAY_000348,ORD_000348,UPI,Successful,920.6
PAY_000349,ORD_000349,Debit Card,Successful,304.38
PAY_000350,ORD_000350,UPI,Refunded,541.69
PAY_000351,ORD_000351,UPI,Successful,363.65
PAY_000352,ORD_000352,UPI,Successful,212.67
PAY_000353,ORD_000353,UPI,Successful,406.77
PAY_000354,ORD_000354,UPI,Successful,426.59
PAY_000355,ORD_000355,Debit Card,Successful,80.0
PAY_000356,ORD_000356,UPI,Successful,156.17
PAY_000357,ORD_000357,Cash,Successful,555.05
PAY_000358,ORD_000358,Debit Card,Successful,266.27
PAY_000359,ORD_000359,Credit Card,Successful,1151.69
PAY_000360,ORD_000360,UPI,Successful,510.6
PAY_000361,ORD_000361,Credit Card,Successful,448.76
PAY_000362,ORD_000362,Cash,Successful,117.64
PAY_000363,ORD_000363,Cash,Successful,1411.95
PAY_000364,ORD_000364,UPI,Refunded,672.31
PAY_000365,ORD_000365,UPI,Successful,904.53
PAY_000366,ORD_000366,UPI,Failed,3637.06
PAY_000367,ORD_000367,Debit Card,Successful,922.76
PAY_000368,ORD_000368,Wallet,Successful,112.43
PAY_000369,ORD_000369,Credit Card,Failed,2647.02
PAY_000370,ORD_000370,UPI,Successful,240.89
PAY_000371,ORD_000371,UPI,Successful,203.52
PAY_000372,ORD_000372,Debit Card,Successful,380.26
PAY_000373,ORD_000373,UPI,Successful,673.88
PAY_000374,ORD_000374,Debit Card,Successful,381.65
PAY_000375,ORD_000375,UPI,Successful,198.43
PAY_000376,ORD_000376,UPI,Failed,357.22
PAY_000377,ORD_000377,UPI,Successful,1297.41
PAY_000378,ORD_000378,UPI,Successful,222.54
PAY_000379,ORD_000379,Wallet,Successful,180.88
PAY_000380,ORD_000380,UPI,Successful,1777.28
PAY_000381,ORD_000381,UPI,Successful,4056.82
PAY_000382,ORD_000382,UPI,Successful,339.28
PAY_000383,ORD_000383,UPI,Successful,1037.0
PAY_000384,ORD_000384,UPI,Successful,1073.22
PAY_000385,ORD_000385,UPI,Successful,1068.94
PAY_000386,ORD_000386,Credit Card,Successful,346.93
PAY_000387,ORD_000387,Debit Card,Successful,334.25
PAY_000388,ORD_000388,Credit Card,Successful,1708.1
PAY_000389,ORD_000389,Credit Card,Successful,1418.01
PAY_000390,ORD_000390,Credit Card,Successful,298.5
PAY_000391,ORD_000391,Debit Card,Successful,322.62
PAY_000392,ORD_000392,UPI,Successful,652.32
PAY_000393,ORD_000393,UPI,Successful,359.22
PAY_000394,ORD_000394,Credit Card,Successful,258.67
PAY_000395,ORD_000395,UPI,Successful,231.94
PAY_000396,ORD_000396,UPI,Successful,80.0
PAY_000397,ORD_000397,UPI,Successful,109.61
PAY_000398,ORD_000398,UPI,Successful,2974.1
PAY_000399,ORD_000399,UPI,Successful,683.25
PAY_000400,ORD_000400,UPI,Successful,3632.28
PAY_000401,ORD_000401,Cash,Successful,341.14
PAY_000402,ORD_000402,UPI,Successful,828.68
PAY_000403,ORD_000403,UPI,Successful,408.85
PAY_000404,ORD_000404,UPI,Successful,1341.44
PAY_000405,ORD_000405,UPI,Successful,155.53
PAY_000406,ORD_000406,Credit Card,Successful,194.89
PAY_000407,ORD_000407,UPI,Successful,2738.34
PAY_000408,ORD_000408,Credit Card,Successful,1585.11
PAY_000409,ORD_000409,UPI,Successful,427.45
PAY_000410,ORD_000410,UPI,Successful,727.98
PAY_000411,ORD_000411,UPI,Successful,2698.83
PAY_000412,ORD_000412,UPI,Successful,418.46
PAY_000413,ORD_000413,Debit Card,Successful,4398.33
PAY_000414,ORD_000414,Wallet,Failed,1456.62
PAY_000415,ORD_000415,Debit Card,Successful,375.49
PAY_000416,ORD_000416,Credit Card,Successful,448.63
PAY_000417,ORD_000417,UPI,Successful,126.15
PAY_000418,ORD_000418,UPI,Successful,367.97
PAY_000419,ORD_000419,UPI,Successful,1169.8
PAY_000420,ORD_000420,UPI,Successful,2793.45
PAY_000421,ORD_000421,UPI,Successful,1145.02
PAY_000422,ORD_000422,Wallet,Successful,155.04
PAY_000423,ORD_000423,Wallet,Successful,759.3
PAY_000424,ORD_000424,Cash,Failed,675.47
PAY_000425,ORD_000425,UPI,Successful,2331.31
PAY_000426,ORD_000426,UPI,Successful,555.31
PAY_000427,ORD_000427,UPI,Successful,128.65
PAY_000428,ORD_000428,Cash,Successful,2458.63
PAY_000429,ORD_000429,UPI,Successful,384.94
PAY_000430,ORD_000430,Credit Card,Successful,390.76
PAY_000431,ORD_000431,UPI,Successful,1177.98
PAY_000432,ORD_000432,Debit Card,Successful,3883.52
PAY_000433,ORD_000433,Credit Card,Successful,5000.0
PAY_000434,ORD_000434,Credit Card,Successful,564.9
PAY_000435,ORD_000435,Credit Card,Successful,2354.8
PAY_000436,ORD_000436,Cash,Successful,329.43
PAY_000437,ORD_000437,UPI,Successful,112.27
PAY_000438,ORD_000438,UPI,Successful,211.93
PAY_000439,ORD_000439,Credit Card,Successful,363.78
PAY_000440,ORD_000440,UPI,Successful,237.15
PAY_000441,ORD_000441,UPI,Successful,325.61
PAY_000442,ORD_000442,Credit Card,Successful,114.7
PAY_000443,ORD_000443,UPI,Successful,211.9
PAY_000444,ORD_000444,Cash,Successful,846.78
PAY_000445,ORD_000445,UPI,Successful,378.56
PAY_000446,ORD_000446,UPI,Successful,953.08
PAY_000447,ORD_000447,UPI,Successful,1236.83
PAY_000448,ORD_000448,UPI,Successful,390.57
PAY_000449,ORD_000449,UPI,Successful,80.0
PAY_000450,ORD_000450,UPI,Successful,193.5
PAY_000451,ORD_000451,Debit Card,Successful,256.4
PAY_000452,ORD_000452,UPI,Successful,1513.32
PAY_000453,ORD_000453,UPI,Successful,810.57
PAY_000454,ORD_000454,UPI,Successful,253.81
PAY_000455,ORD_000455,Credit Card,Successful,219.35
PAY_000456,ORD_000456,Credit Card,Successful,1148.46
PAY_000457,ORD_000457,UPI,Successful,920.82
PAY_000458,ORD_000458,UPI,Successful,726.51
PAY_000459,ORD_000459,Cash,Successful,213.57
PAY_000460,ORD_000460,Wallet,Failed,1986.69
PAY_000461,ORD_000461,Credit Card,Successful,668.95
PAY_000462,ORD_000462,UPI,Successful,539.17
PAY_000463,ORD_000463,Wallet,Successful,80.0
PAY_000464,ORD_000464,Credit Card,Successful,548.84
PAY_000465,ORD_000465,Wallet,Successful,683.04
PAY_000466,ORD_000466,Credit Card,Successful,2867.65
PAY_000467,ORD_000467,UPI,Successful,1943.28
PAY_000468,ORD_000468,Debit Card,Successful,151.8
PAY_000469,ORD_000469,UPI,Successful,486.5
PAY_000470,ORD_000470,UPI,Successful,470.1
PAY_000471,ORD_000471,Credit Card,Successful,652.75
PAY_000472,ORD_000472,Credit Card,Successful,105.59
PAY_000473,ORD_000473,Credit Card,Successful,369.59
PAY_000474,ORD_000474,Credit Card,Successful,527.65
PAY_000475,ORD_000475,UPI,Successful,80.0
PAY_000476,ORD_000476,Wallet,Successful,597.39
PAY_000477,ORD_000477,Cash,Successful,323.2
PAY_000478,ORD_000478,Debit Card,Successful,3288.83
PAY_000479,ORD_000479,Credit Card,Successful,247.35
PAY_000480,ORD_000480,Debit Card,Successful,840.38
PAY_000481,ORD_000481,Debit Card,Successful,553.27
PAY_000482,ORD_000482,UPI,Successful,1512.72
PAY_000483,ORD_000483,UPI,Successful,647.77
PAY_000484,ORD_000484,Wallet,Successful,123.49
PAY_000485,ORD_000485,UPI,Successful,121.48
PAY_000486,ORD_000486,Wallet,Successful,368.32
PAY_000487,ORD_000487,Credit Card,Successful,723.28
PAY_000488,ORD_000488,Credit Card,Successful,115.63
PAY_000489,ORD_000489,Debit Card,Successful,676.56
PAY_000490,ORD_000490,Wallet,Successful,193.98
PAY_000491,ORD_000491,Credit Card,Successful,1313.63
PAY_000492,ORD_000492,Credit Card,Successful,141.19
PAY_000493,ORD_000493,Debit Card,Successful,333.13
PAY_000494,ORD_000494,UPI,Successful,892.91
PAY_000495,ORD_000495,Credit Card,Successful,769.95
PAY_000496,ORD_000496,Debit Card,Successful,150.56
PAY_000497,ORD_000497,UPI,Refunded,202.23
PAY_000498,ORD_000498,UPI,Successful,687.44
PAY_000499,ORD_000499,Credit Card,Successful,613.42
PAY_000500,ORD_000500,UPI,Successful,1406.49
PAY_000501,ORD_000501,Credit Card,Successful,472.89
PAY_000502,ORD_000502,UPI,Successful,363.13
PAY_000503,ORD_000503,UPI,Successful,961.09
PAY_000504,ORD_000504,UPI,Successful,188.82
PAY_000505,ORD_000505,UPI,Successful,531.45
PAY_000506,ORD_000506,UPI,Successful,794.1
PAY_000507,ORD_000507,UPI,Successful,5000.0
PAY_000508,ORD_000508,UPI,Successful,882.03
PAY_000509,ORD_000509,UPI,Successful,359.1
PAY_000510,ORD_000510,Credit Card,Successful,606.62
PAY_000511,ORD_000511,Credit Card,Successful,5000.0
PAY_000512,ORD_000512,UPI,Successful,185.73
PAY_000513,ORD_000513,UPI,Successful,636.65
PAY_000514,ORD_000514,Wallet,Successful,308.67
PAY_000515,ORD_000515,Debit Card,Successful,393.24
PAY_000516,ORD_000516,Credit Card,Successful,766.24
PAY_000517,ORD_000517,UPI,Successful,204.53
PAY_000518,ORD_000518,Debit Card,Successful,937.15
PAY_000519,ORD_000519,Debit Card,Successful,190.17
PAY_000520,ORD_000520,Credit Card,Successful,152.23
PAY_000521,ORD_000521,UPI,Successful,1259.15
PAY_000522,ORD_000522,Credit Card,Successful,1548.61
PAY_000523,ORD_000523,UPI,Successful,1494.0
PAY_000524,ORD_000524,UPI,Successful,1068.95
PAY_000525,ORD_000525,Wallet,Successful,814.35
PAY_000526,ORD_000526,Wallet,Successful,133.86
PAY_000527,ORD_000527,UPI,Successful,251.98
PAY_000528,ORD_000528,UPI,Successful,700.46
PAY_000529,ORD_000529,Wallet,Successful,300.56
PAY_000530,ORD_000530,Debit Card,Successful,362.65
PAY_000531,ORD_000531,Cash,Successful,358.3
PAY_000532,ORD_000532,UPI,Successful,1722.37
PAY_000533,ORD_000533,Debit Card,Successful,1877.24
PAY_000534,ORD_000534,Credit Card,Successful,1203.33
PAY_000535,ORD_000535,UPI,Refunded,1846.76
PAY_000536,ORD_000536,Debit Card,Successful,215.23
PAY_000537,ORD_000537,UPI,Successful,133.91
PAY_000538,ORD_000538,UPI,Successful,80.0
PAY_000539,ORD_000539,Wallet,Successful,246.21
PAY_000540,ORD_000540,UPI,Successful,4783.0
PAY_000541,ORD_000541,Debit Card,Successful,107.51
PAY_000542,ORD_000542,UPI,Successful,399.1
PAY_000543,ORD_000543,UPI,Successful,145.63
PAY_000544,ORD_000544,UPI,Successful,170.37
PAY_000545,ORD_000545,UPI,Successful,536.57
PAY_000546,ORD_000546,UPI,Successful,192.65
PAY_000547,ORD_000547,UPI,Successful,80.0
PAY_000548,ORD_000548,UPI,Successful,89.24
PAY_000549,ORD_000549,UPI,Successful,80.0
PAY_000550,ORD_000550,UPI,Successful,192.71
PAY_000551,ORD_000551,Credit Card,Successful,524.52
PAY_000552,ORD_000552,Cash,Successful,1840.65
PAY_000553,ORD_000553,UPI,Successful,256.4
PAY_000554,ORD_000554,UPI,Successful,2612.44
PAY_000555,ORD_000555,Cash,Successful,214.19
PAY_000556,ORD_000556,Credit Card,Successful,1831.37
PAY_000557,ORD_000557,Cash,Successful,214.76
PAY_000558,ORD_000558,UPI,Successful,452.34
PAY_000559,ORD_000559,UPI,Refunded,311.71
PAY_000560,ORD_000560,UPI,Successful,346.06
PAY_000561,ORD_000561,Credit Card,Successful,109.71
PAY_000562,ORD_000562,Wallet,Successful,2600.28
PAY_000563,ORD_000563,UPI,Successful,1575.09
PAY_000564,ORD_000564,UPI,Successful,283.32
PAY_000565,ORD_000565,UPI,Successful,1290.01
PAY_000566,ORD_000566,Wallet,Failed,1042.93
PAY_000567,ORD_000567,UPI,Successful,189.57
PAY_000568,ORD_000568,Debit Card,Successful,103.12
PAY_000569,ORD_000569,UPI,Successful,269.8
PAY_000570,ORD_000570,UPI,Refunded,1580.61
PAY_000571,ORD_000571,Credit Card,Successful,211.4
PAY_000572,ORD_000572,Credit Card,Successful,303.58
PAY_000573,ORD_000573,Wallet,Successful,365.28
PAY_000574,ORD_000574,Debit Card,Refunded,260.81
PAY_000575,ORD_000575,UPI,Successful,444.82
PAY_000576,ORD_000576,UPI,Successful,236.15
PAY_000577,ORD_000577,Credit Card,Successful,208.97
PAY_000578,ORD_000578,UPI,Successful,446.64
PAY_000579,ORD_000579,UPI,Successful,256.97
PAY_000580,ORD_000580,UPI,Successful,246.39
PAY_000581,ORD_000581,UPI,Successful,659.44
PAY_000582,ORD_000582,Credit Card,Successful,112.47
PAY_000583,ORD_000583,UPI,Successful,339.17
PAY_000584,ORD_000584,UPI,Successful,396.71
PAY_000585,ORD_000585,Cash,Successful,1376.22
PAY_000586,ORD_000586,Wallet,Successful,175.49
PAY_000587,ORD_000587,UPI,Successful,133.17
PAY_000588,ORD_000588,UPI,Successful,1148.45
PAY_000589,ORD_000589,UPI,Successful,1787.23
PAY_000590,ORD_000590,Debit Card,Successful,490.52
PAY_000591,ORD_000591,Credit Card,Successful,308.67
PAY_000592,ORD_000592,Debit Card,Successful,4131.68
PAY_000593,ORD_000593,UPI,Successful,86.57
PAY_000594,ORD_000594,UPI,Failed,216.64
PAY_000595,ORD_000595,UPI,Successful,371.32
PAY_000596,ORD_000596,UPI,Successful,314.55
PAY_000597,ORD_000597,Debit Card,Successful,962.97
PAY_000598,ORD_000598,UPI,Successful,359.46
PAY_000599,ORD_000599,UPI,Successful,990.05
PAY_000600,ORD_000600,Wallet,Successful,704.69
PAY_000601,ORD_000601,UPI,Successful,230.84
PAY_000602,ORD_000602,Debit Card,Successful,80.0
PAY_000603,ORD_000603,UPI,Successful,952.82
PAY_000604,ORD_000604,UPI,Successful,656.48
PAY_000605,ORD_000605,UPI,Successful,500.33
PAY_000606,ORD_000606,UPI,Successful,1565.6
PAY_000607,ORD_000607,UPI,Successful,568.57
PAY_000608,ORD_000608,Credit Card,Successful,1153.57
PAY_000609,ORD_000609,Wallet,Successful,4535.24
PAY_000610,ORD_000610,UPI,Successful,2116.86
PAY_000611,ORD_000611,UPI,Successful,332.47
PAY_000612,ORD_000612,Debit Card,Successful,2795.06
PAY_000613,ORD_000613,UPI,Successful,1473.88
PAY_000614,ORD_000614,UPI,Successful,102.54
PAY_000615,ORD_000615,UPI,Successful,1098.62
PAY_000616,ORD_000616,Debit Card,Successful,952.16
PAY_000617,ORD_000617,Debit Card,Successful,706.13
PAY_000618,ORD_000618,UPI,Successful,830.41
PAY_000619,ORD_000619,UPI,Successful,1363.91
PAY_000620,ORD_000620,UPI,Successful,893.2
PAY_000621,ORD_000621,UPI,Successful,500.66
PAY_000622,ORD_000622,Wallet,Successful,351.37
PAY_000623,ORD_000623,UPI,Successful,463.43
PAY_000624,ORD_000624,Credit Card,Successful,138.65
PAY_000625,ORD_000625,UPI,Successful,259.58
PAY_000626,ORD_000626,UPI,Successful,244.72
PAY_000627,ORD_000627,UPI,Successful,2232.59
PAY_000628,ORD_000628,UPI,Successful,331.54
PAY_000629,ORD_000629,UPI,Successful,2191.04
PAY_000630,ORD_000630,UPI,Successful,1345.49
PAY_000631,ORD_000631,UPI,Successful,738.74
PAY_000632,ORD_000632,UPI,Successful,2612.76
PAY_000633,ORD_000633,Debit Card,Failed,353.11
PAY_000634,ORD_000634,UPI,Successful,1146.11
PAY_000635,ORD_000635,UPI,Successful,636.67
PAY_000636,ORD_000636,UPI,Successful,726.1
PAY_000637,ORD_000637,Debit Card,Successful,219.15
PAY_000638,ORD_000638,Wallet,Successful,1354.09
PAY_000639,ORD_000639,Debit Card,Successful,2331.67
PAY_000640,ORD_000640,Credit Card,Successful,357.87
PAY_000641,ORD_000641,Wallet,Successful,488.89
PAY_000642,ORD_000642,UPI,Successful,357.1
PAY_000643,ORD_000643,Credit Card,Successful,500.02
PAY_000644,ORD_000644,UPI,Successful,390.58
PAY_000645,ORD_000645,UPI,Successful,738.99
PAY_000646,ORD_000646,UPI,Successful,1256.06
PAY_000647,ORD_000647,UPI,Successful,103.47
PAY_000648,ORD_000648,UPI,Successful,691.55
PAY_000649,ORD_000649,UPI,Successful,223.24
PAY_000650,ORD_000650,UPI,Successful,973.37
PAY_000651,ORD_000651,Wallet,Failed,3417.84
PAY_000652,ORD_000652,Debit Card,Successful,517.62
PAY_000653,ORD_000653,UPI,Refunded,519.03
PAY_000654,ORD_000654,Credit Card,Successful,192.46
PAY_000655,ORD_000655,UPI,Successful,168.96
PAY_000656,ORD_000656,UPI,Successful,600.26
PAY_000657,ORD_000657,UPI,Successful,510.12
PAY_000658,ORD_000658,UPI,Successful,379.85
PAY_000659,ORD_000659,UPI,Failed,157.07
PAY_000660,ORD_000660,Debit Card,Successful,337.01
PAY_000661,ORD_000661,UPI,Successful,3339.97
PAY_000662,ORD_000662,Debit Card,Successful,909.35
PAY_000663,ORD_000663,UPI,Successful,314.52
PAY_000664,ORD_000664,UPI,Successful,127.36
PAY_000665,ORD_000665,Debit Card,Successful,96.48
PAY_000666,ORD_000666,UPI,Successful,3844.62
PAY_000667,ORD_000667,UPI,Successful,151.59
PAY_000668,ORD_000668,UPI,Successful,664.77
PAY_000669,ORD_000669,Debit Card,Successful,531.82
PAY_000670,ORD_000670,Wallet,Successful,1837.89
PAY_000671,ORD_000671,UPI,Successful,569.02
PAY_000672,ORD_000672,UPI,Successful,814.76
PAY_000673,ORD_000673,UPI,Failed,1543.2
PAY_000674,ORD_000674,UPI,Successful,398.87
PAY_000675,ORD_000675,UPI,Successful,774.17
PAY_000676,ORD_000676,UPI,Successful,382.59
PAY_000677,ORD_000677,UPI,Successful,1197.23
PAY_000678,ORD_000678,UPI,Successful,670.87
PAY_000679,ORD_000679,UPI,Failed,1460.14
PAY_000680,ORD_000680,Credit Card,Successful,1875.71
PAY_000681,ORD_000681,UPI,Successful,163.32
PAY_000682,ORD_000682,Cash,Successful,209.54
PAY_000683,ORD_000683,Debit Card,Successful,880.98
PAY_000684,ORD_000684,Cash,Successful,503.8
PAY_000685,ORD_000685,UPI,Successful,926.53
PAY_000686,ORD_000686,UPI,Successful,145.05
PAY_000687,ORD_000687,Credit Card,Successful,841.91
PAY_000688,ORD_000688,Debit Card,Successful,643.68
PAY_000689,ORD_000689,UPI,Successful,478.13
PAY_000690,ORD_000690,Credit Card,Successful,427.4
PAY_000691,ORD_000691,UPI,Successful,961.81
PAY_000692,ORD_000692,UPI,Failed,229.14
PAY_000693,ORD_000693,UPI,Failed,300.33
PAY_000694,ORD_000694,UPI,Successful,424.2
PAY_000695,ORD_000695,Debit Card,Successful,3355.94
PAY_000696,ORD_000696,Credit Card,Failed,202.36
PAY_000697,ORD_000697,UPI,Successful,387.26
PAY_000698,ORD_000698,UPI,Successful,80.0
PAY_000699,ORD_000699,UPI,Successful,841.5
PAY_000700,ORD_000700,UPI,Successful,282.92
PAY_000701,ORD_000701,UPI,Failed,1248.83
PAY_000702,ORD_000702,Debit Card,Successful,3428.74
PAY_000703,ORD_000703,Credit Card,Successful,215.46
PAY_000704,ORD_000704,UPI,Successful,569.6
PAY_000705,ORD_000705,Debit Card,Successful,662.24
PAY_000706,ORD_000706,Credit Card,Successful,398.17
PAY_000707,ORD_000707,Debit Card,Successful,314.9
PAY_000708,ORD_000708,UPI,Successful,1306.65
PAY_000709,ORD_000709,UPI,Successful,218.85
PAY_000710,ORD_000710,UPI,Successful,2766.63
PAY_000711,ORD_000711,UPI,Successful,226.13
PAY_000712,ORD_000712,Credit Card,Successful,1475.44
PAY_000713,ORD_000713,Credit Card,Successful,267.73
PAY_000714,ORD_000714,UPI,Successful,324.33
PAY_000715,ORD_000715,Debit Card,Successful,348.95
PAY_000716,ORD_000716,Credit Card,Successful,80.0
PAY_000717,ORD_000717,UPI,Successful,4933.94
PAY_000718,ORD_000718,UPI,Successful,942.65
PAY_000719,ORD_000719,Credit Card,Successful,554.96
PAY_000720,ORD_000720,Credit Card,Successful,324.0
PAY_000721,ORD_000721,UPI,Successful,2215.36
PAY_000722,ORD_000722,UPI,Successful,161.78
PAY_000723,ORD_000723,UPI,Successful,501.39
PAY_000724,ORD_000724,UPI,Successful,644.58
PAY_000725,ORD_000725,UPI,Successful,319.98
PAY_000726,ORD_000726,UPI,Successful,247.22
PAY_000727,ORD_000727,UPI,Successful,258.41
PAY_000728,ORD_000728,Debit Card,Successful,227.92
PAY_000729,ORD_000729,UPI,Successful,265.02
PAY_000730,ORD_000730,UPI,Successful,717.26
PAY_000731,ORD_000731,UPI,Failed,891.76
PAY_000732,ORD_000732,Cash,Successful,287.9
PAY_000733,ORD_000733,UPI,Successful,4316.49
PAY_000734,ORD_000734,UPI,Successful,835.27
PAY_000735,ORD_000735,Wallet,Successful,1300.32
PAY_000736,ORD_000736,Wallet,Successful,132.61
PAY_000737,ORD_000737,UPI,Successful,436.16
PAY_000738,ORD_000738,Debit Card,Successful,198.41
PAY_000739,ORD_000739,UPI,Refunded,595.56
PAY_000740,ORD_000740,UPI,Refunded,162.4
PAY_000741,ORD_000741,UPI,Successful,252.32
PAY_000742,ORD_000742,UPI,Successful,269.48
PAY_000743,ORD_000743,Wallet,Successful,179.2
PAY_000744,ORD_000744,UPI,Successful,557.85
PAY_000745,ORD_000745,UPI,Successful,603.51
PAY_000746,ORD_000746,UPI,Successful,1428.47
PAY_000747,ORD_000747,UPI,Successful,529.22
PAY_000748,ORD_000748,Wallet,Successful,4386.01
PAY_000749,ORD_000749,UPI,Successful,755.88
PAY_000750,ORD_000750,Credit Card,Failed,86.89
PAY_000751,ORD_000751,UPI,Successful,1044.22
PAY_000752,ORD_000752,UPI,Successful,430.37
PAY_000753,ORD_000753,Debit Card,Successful,508.56
PAY_000754,ORD_000754,Credit Card,Successful,308.25
PAY_000755,ORD_000755,UPI,Successful,115.96
PAY_000756,ORD_000756,UPI,Successful,1563.61
PAY_000757,ORD_000757,Wallet,Successful,711.88
PAY_000758,ORD_000758,Credit Card,Successful,714.7
PAY_000759,ORD_000759,Wallet,Successful,169.11
PAY_000760,ORD_000760,Debit Card,Successful,179.06
PAY_000761,ORD_000761,UPI,Successful,812.96
PAY_000762,ORD_000762,Wallet,Successful,1005.69
PAY_000763,ORD_000763,UPI,Failed,80.75
PAY_000764,ORD_000764,UPI,Successful,172.99
PAY_000765,ORD_000765,Credit Card,Successful,295.49
PAY_000766,ORD_000766,Wallet,Successful,1828.92
PAY_000767,ORD_000767,Debit Card,Successful,343.5
PAY_000768,ORD_000768,UPI,Successful,1372.36
PAY_000769,ORD_000769,UPI,Successful,497.66
PAY_000770,ORD_000770,UPI,Successful,345.38
PAY_000771,ORD_000771,Debit Card,Successful,1299.03
PAY_000772,ORD_000772,Debit Card,Successful,186.35
PAY_000773,ORD_000773,UPI,Successful,521.37
PAY_000774,ORD_000774,UPI,Successful,596.63
PAY_000775,ORD_000775,UPI,Successful,252.03
PAY_000776,ORD_000776,UPI,Successful,591.29
PAY_000777,ORD_000777,UPI,Successful,4000.76
PAY_000778,ORD_000778,UPI,Successful,1149.37
PAY_000779,ORD_000779,UPI,Successful,835.87
PAY_000780,ORD_000780,Credit Card,Successful,1122.14
PAY_000781,ORD_000781,Credit Card,Successful,103.24
PAY_000782,ORD_000782,UPI,Successful,248.23
PAY_000783,ORD_000783,Credit Card,Successful,103.41
PAY_000784,ORD_000784,Credit Card,Failed,1978.68
PAY_000785,ORD_000785,Debit Card,Successful,270.47
PAY_000786,ORD_000786,Credit Card,Successful,149.03
PAY_000787,ORD_000787,Credit Card,Successful,195.91
PAY_000788,ORD_000788,UPI,Successful,101.41
PAY_000789,ORD_000789,UPI,Successful,482.77
PAY_000790,ORD_000790,Cash,Successful,1114.75
PAY_000791,ORD_000791,UPI,Successful,1194.05
PAY_000792,ORD_000792,Wallet,Successful,588.59
PAY_000793,ORD_000793,UPI,Successful,3623.02
PAY_000794,ORD_000794,Wallet,Successful,301.47
PAY_000795,ORD_000795,UPI,Successful,588.76
PAY_000796,ORD_000796,Cash,Failed,1837.39
PAY_000797,ORD_000797,UPI,Successful,302.72
PAY_000798,ORD_000798,UPI,Successful,111.2
PAY_000799,ORD_000799,Wallet,Refunded,306.72
PAY_000800,ORD_000800,Debit Card,Successful,739.66
PAY_000801,ORD_000801,Wallet,Successful,953.29
PAY_000802,ORD_000802,Wallet,Refunded,3150.34
PAY_000803,ORD_000803,Credit Card,Successful,501.89
PAY_000804,ORD_000804,UPI,Successful,349.58
PAY_000805,ORD_000805,Credit Card,Successful,1083.24
PAY_000806,ORD_000806,Cash,Successful,1252.59
PAY_000807,ORD_000807,Credit Card,Successful,460.39
PAY_000808,ORD_000808,Cash,Successful,577.36
PAY_000809,ORD_000809,Debit Card,Successful,440.63
PAY_000810,ORD_000810,Wallet,Successful,574.02
PAY_000811,ORD_000811,UPI,Successful,195.86
PAY_000812,ORD_000812,Debit Card,Successful,423.21
PAY_000813,ORD_000813,UPI,Successful,1175.45
PAY_000814,ORD_000814,Credit Card,Successful,374.0
PAY_000815,ORD_000815,Credit Card,Refunded,189.82
PAY_000816,ORD_000816,UPI,Refunded,300.2
PAY_000817,ORD_000817,Credit Card,Successful,566.65
PAY_000818,ORD_000818,Wallet,Successful,514.61
PAY_000819,ORD_000819,Credit Card,Successful,413.38
PAY_000820,ORD_000820,Credit Card,Successful,1571.01
PAY_000821,ORD_000821,UPI,Successful,239.59
PAY_000822,ORD_000822,UPI,Successful,642.75
PAY_000823,ORD_000823,Wallet,Successful,171.5
PAY_000824,ORD_000824,UPI,Refunded,2095.72
PAY_000825,ORD_000825,UPI,Successful,160.01
PAY_000826,ORD_000826,UPI,Successful,389.04
PAY_000827,ORD_000827,UPI,Successful,744.37
PAY_000828,ORD_000828,Cash,Successful,288.38
PAY_000829,ORD_000829,Wallet,Successful,272.47
PAY_000830,ORD_000830,Cash,Successful,565.85
PAY_000831,ORD_000831,UPI,Successful,654.37
PAY_000832,ORD_000832,UPI,Failed,861.12
PAY_000833,ORD_000833,UPI,Successful,374.68
PAY_000834,ORD_000834,Wallet,Successful,224.59
PAY_000835,ORD_000835,UPI,Successful,179.1
PAY_000836,ORD_000836,UPI,Successful,389.74
PAY_000837,ORD_000837,Wallet,Successful,80.0
PAY_000838,ORD_000838,UPI,Successful,1000.44
PAY_000839,ORD_000839,Debit Card,Successful,382.93
PAY_000840,ORD_000840,Credit Card,Successful,140.04
PAY_000841,ORD_000841,UPI,Refunded,311.99
PAY_000842,ORD_000842,Wallet,Successful,265.35
PAY_000843,ORD_000843,UPI,Successful,153.8
PAY_000844,ORD_000844,UPI,Successful,1388.36
PAY_000845,ORD_000845,Debit Card,Successful,1805.33
PAY_000846,ORD_000846,UPI,Successful,716.46
PAY_000847,ORD_000847,UPI,Successful,556.94
PAY_000848,ORD_000848,UPI,Successful,723.02
PAY_000849,ORD_000849,UPI,Successful,2379.63
PAY_000850,ORD_000850,UPI,Successful,632.42
PAY_000851,ORD_000851,Debit Card,Successful,604.03
PAY_000852,ORD_000852,UPI,Successful,381.88
PAY_000853,ORD_000853,UPI,Successful,361.79
PAY_000854,ORD_000854,Credit Card,Successful,761.99
PAY_000855,ORD_000855,UPI,Successful,720.99
PAY_000856,ORD_000856,UPI,Successful,363.05
PAY_000857,ORD_000857,UPI,Successful,1232.93
PAY_000858,ORD_000858,Debit Card,Successful,409.39
PAY_000859,ORD_000859,UPI,Successful,467.97
PAY_000860,ORD_000860,UPI,Successful,739.39
PAY_000861,ORD_000861,UPI,Successful,156.29
PAY_000862,ORD_000862,Debit Card,Failed,397.27
PAY_000863,ORD_000863,Credit Card,Successful,1084.07
PAY_000864,ORD_000864,Credit Card,Successful,428.91
PAY_000865,ORD_000865,UPI,Successful,261.96
PAY_000866,ORD_000866,UPI,Successful,468.04
PAY_000867,ORD_000867,Debit Card,Successful,717.63
PAY_000868,ORD_000868,Cash,Successful,92.61
PAY_000869,ORD_000869,Credit Card,Failed,1036.0
PAY_000870,ORD_000870,UPI,Successful,247.74
PAY_000871,ORD_000871,Debit Card,Refunded,958.56
PAY_000872,ORD_000872,Cash,Successful,789.69
PAY_000873,ORD_000873,Debit Card,Successful,1155.74
PAY_000874,ORD_000874,Debit Card,Successful,323.77
PAY_000875,ORD_000875,UPI,Successful,268.15
PAY_000876,ORD_000876,UPI,Failed,1323.85
PAY_000877,ORD_000877,Credit Card,Successful,560.59
PAY_000878,ORD_000878,UPI,Successful,918.46
PAY_000879,ORD_000879,UPI,Successful,339.79
PAY_000880,ORD_000880,UPI,Successful,171.53
PAY_000881,ORD_000881,UPI,Successful,351.21
PAY_000882,ORD_000882,Wallet,Successful,2770.87
PAY_000883,ORD_000883,Wallet,Successful,314.9
PAY_000884,ORD_000884,UPI,Successful,496.35
PAY_000885,ORD_000885,UPI,Successful,819.89
PAY_000886,ORD_000886,UPI,Successful,562.84
PAY_000887,ORD_000887,UPI,Successful,366.21
PAY_000888,ORD_000888,Credit Card,Successful,199.07
PAY_000889,ORD_000889,UPI,Failed,2056.03
PAY_000890,ORD_000890,Wallet,Successful,532.49
PAY_000891,ORD_000891,Debit Card,Successful,416.83
PAY_000892,ORD_000892,Debit Card,Successful,273.53
PAY_000893,ORD_000893,UPI,Refunded,207.46
PAY_000894,ORD_000894,Wallet,Successful,195.31
PAY_000895,ORD_000895,UPI,Successful,451.64
PAY_000896,ORD_000896,Credit Card,Successful,251.55
PAY_000897,ORD_000897,UPI,Successful,326.47
PAY_000898,ORD_000898,Debit Card,Successful,1218.14
PAY_000899,ORD_000899,UPI,Successful,3321.27
PAY_000900,ORD_000900,Wallet,Successful,404.85
PAY_000901,ORD_000901,Debit Card,Successful,1335.05
PAY_000902,ORD_000902,Credit Card,Successful,455.4
PAY_000903,ORD_000903,UPI,Successful,407.09
PAY_000904,ORD_000904,Debit Card,Successful,134.36
PAY_000905,ORD_000905,Debit Card,Successful,1498.91
PAY_000906,ORD_000906,Wallet,Successful,215.14
PAY_000907,ORD_000907,UPI,Successful,890.99
PAY_000908,ORD_000908,UPI,Successful,84.81
PAY_000909,ORD_000909,UPI,Successful,220.44
PAY_000910,ORD_000910,Credit Card,Refunded,497.51
PAY_000911,ORD_000911,Debit Card,Failed,268.76
PAY_000912,ORD_000912,Credit Card,Successful,5000.0
PAY_000913,ORD_000913,UPI,Successful,163.96
PAY_000914,ORD_000914,Debit Card,Successful,1673.1
PAY_000915,ORD_000915,Credit Card,Successful,630.0
PAY_000916,ORD_000916,Debit Card,Successful,506.94
PAY_000917,ORD_000917,UPI,Successful,429.4
PAY_000918,ORD_000918,Debit Card,Successful,203.32
PAY_000919,ORD_000919,UPI,Successful,389.23
PAY_000920,ORD_000920,Debit Card,Successful,168.45
PAY_000921,ORD_000921,Debit Card,Successful,93.82
PAY_000922,ORD_000922,Credit Card,Successful,2446.43
PAY_000923,ORD_000923,UPI,Successful,361.54
PAY_000924,ORD_000924,UPI,Successful,226.23
PAY_000925,ORD_000925,Wallet,Successful,186.51
PAY_000926,ORD_000926,UPI,Successful,80.0
PAY_000927,ORD_000927,Credit Card,Successful,1401.99
PAY_000928,ORD_000928,UPI,Successful,178.54
PAY_000929,ORD_000929,Credit Card,Successful,869.83
PAY_000930,ORD_000930,UPI,Successful,616.26
PAY_000931,ORD_000931,UPI,Successful,370.27
PAY_000932,ORD_000932,UPI,Successful,171.03
PAY_000933,ORD_000933,Cash,Successful,503.73
PAY_000934,ORD_000934,UPI,Successful,244.28
PAY_000935,ORD_000935,Credit Card,Successful,800.78
PAY_000936,ORD_000936,Credit Card,Successful,1025.33
PAY_000937,ORD_000937,UPI,Successful,113.3
PAY_000938,ORD_000938,UPI,Successful,238.18
PAY_000939,ORD_000939,Credit Card,Successful,167.73
PAY_000940,ORD_000940,UPI,Successful,246.36
PAY_000941,ORD_000941,Debit Card,Successful,810.39
PAY_000942,ORD_000942,Credit Card,Successful,506.63
PAY_000943,ORD_000943,Credit Card,Successful,367.61
PAY_000944,ORD_000944,Wallet,Failed,410.7
PAY_000945,ORD_000945,Debit Card,Successful,489.78
PAY_000946,ORD_000946,Cash,Successful,270.63
PAY_000947,ORD_000947,UPI,Refunded,322.83
PAY_000948,ORD_000948,Credit Card,Successful,255.17
PAY_000949,ORD_000949,UPI,Successful,2378.36
PAY_000950,ORD_000950,Wallet,Successful,606.99
PAY_000951,ORD_000951,Credit Card,Successful,354.85
PAY_000952,ORD_000952,UPI,Successful,138.83
PAY_000953,ORD_000953,UPI,Successful,613.55
PAY_000954,ORD_000954,UPI,Successful,931.39
PAY_000955,ORD_000955,Cash,Successful,116.04
PAY_000956,ORD_000956,Credit Card,Successful,499.65
PAY_000957,ORD_000957,UPI,Refunded,219.55
PAY_000958,ORD_000958,UPI,Successful,693.73
PAY_000959,ORD_000959,UPI,Successful,1810.71
PAY_000960,ORD_000960,UPI,Successful,110.36
PAY_000961,ORD_000961,Debit Card,Successful,502.57
PAY_000962,ORD_000962,Debit Card,Successful,82.6
PAY_000963,ORD_000963,Credit Card,Successful,1557.92
PAY_000964,ORD_000964,UPI,Successful,253.29
PAY_000965,ORD_000965,UPI,Successful,837.56
PAY_000966,ORD_000966,Credit Card,Successful,84.64
PAY_000967,ORD_000967,Credit Card,Successful,1615.89
PAY_000968,ORD_000968,Wallet,Successful,215.53
PAY_000969,ORD_000969,Cash,Successful,430.37
PAY_000970,ORD_000970,UPI,Successful,893.82
PAY_000971,ORD_000971,Credit Card,Successful,158.59
PAY_000972,ORD_000972,UPI,Refunded,376.34
PAY_000973,ORD_000973,Credit Card,Successful,1258.66
PAY_000974,ORD_000974,UPI,Successful,1927.46
PAY_000975,ORD_000975,UPI,Successful,767.92
PAY_000976,ORD_000976,UPI,Successful,2339.74
PAY_000977,ORD_000977,Debit Card,Failed,275.51
PAY_000978,ORD_000978,Cash,Successful,699.56
PAY_000979,ORD_000979,UPI,Successful,324.15
PAY_000980,ORD_000980,Cash,Successful,301.15
PAY_000981,ORD_000981,UPI,Successful,420.96
PAY_000982,ORD_000982,UPI,Successful,254.33
PAY_000983,ORD_000983,UPI,Successful,1026.14
PAY_000984,ORD_000984,UPI,Successful,4453.56
PAY_000985,ORD_000985,Wallet,Successful,398.3
PAY_000986,ORD_000986,UPI,Successful,601.3
PAY_000987,ORD_000987,UPI,Successful,1138.58
PAY_000988,ORD_000988,Credit Card,Successful,351.05
PAY_000989,ORD_000989,Cash,Successful,1058.57
PAY_000990,ORD_000990,Debit Card,Successful,416.38
PAY_000991,ORD_000991,UPI,Successful,299.91
PAY_000992,ORD_000992,UPI,Successful,182.28
PAY_000993,ORD_000993,Debit Card,Successful,142.12
PAY_000994,ORD_000994,UPI,Successful,261.14
PAY_000995,ORD_000995,UPI,Successful,1195.75
PAY_000996,ORD_000996,Debit Card,Failed,80.0
PAY_000997,ORD_000997,Wallet,Successful,270.53
PAY_000998,ORD_000998,Credit Card,Successful,1549.25
PAY_000999,ORD_000999,UPI,Successful,80.0
PAY_001000,ORD_001000,Wallet,Successful,187.11
PAY_001001,ORD_001001,Debit Card,Successful,192.97
PAY_001002,ORD_001002,UPI,Failed,513.49
PAY_001003,ORD_001003,UPI,Successful,119.39
PAY_001004,ORD_001004,UPI,Successful,375.58
PAY_001005,ORD_001005,UPI,Successful,312.79
PAY_001006,ORD_001006,UPI,Successful,4275.85
PAY_001007,ORD_001007,UPI,Successful,1306.28
PAY_001008,ORD_001008,Credit Card,Refunded,197.07
PAY_001009,ORD_001009,UPI,Successful,203.27
PAY_001010,ORD_001010,UPI,Successful,315.68
PAY_001011,ORD_001011,Credit Card,Successful,387.36
PAY_001012,ORD_001012,UPI,Successful,782.61
PAY_001013,ORD_001013,Cash,Failed,87.48
PAY_001014,ORD_001014,UPI,Successful,165.6
PAY_001015,ORD_001015,Debit Card,Refunded,89.47
PAY_001016,ORD_001016,UPI,Successful,148.4
PAY_001017,ORD_001017,UPI,Failed,497.57
PAY_001018,ORD_001018,Debit Card,Successful,186.86
PAY_001019,ORD_001019,Credit Card,Successful,466.03
PAY_001020,ORD_001020,Cash,Successful,1501.66
PAY_001021,ORD_001021,UPI,Successful,177.32
PAY_001022,ORD_001022,Debit Card,Successful,188.85
PAY_001023,ORD_001023,UPI,Failed,273.57
PAY_001024,ORD_001024,UPI,Refunded,258.25
PAY_001025,ORD_001025,UPI,Successful,1486.96
PAY_001026,ORD_001026,Debit Card,Successful,706.59
PAY_001027,ORD_001027,UPI,Successful,80.0
PAY_001028,ORD_001028,Credit Card,Successful,865.45
PAY_001029,ORD_001029,Wallet,Successful,1091.0
PAY_001030,ORD_001030,UPI,Successful,505.53
PAY_001031,ORD_001031,Credit Card,Successful,165.53
PAY_001032,ORD_001032,UPI,Successful,893.03
PAY_001033,ORD_001033,Debit Card,Successful,250.16
PAY_001034,ORD_001034,Credit Card,Refunded,640.76
PAY_001035,ORD_001035,UPI,Successful,642.83
PAY_001036,ORD_001036,UPI,Successful,165.08
PAY_001037,ORD_001037,Debit Card,Failed,129.02
PAY_001038,ORD_001038,Debit Card,Successful,546.89
PAY_001039,ORD_001039,Debit Card,Successful,174.12
PAY_001040,ORD_001040,Debit Card,Successful,96.4
PAY_001041,ORD_001041,UPI,Successful,232.52
PAY_001042,ORD_001042,UPI,Successful,145.4
PAY_001043,ORD_001043,UPI,Successful,1113.84
PAY_001044,ORD_001044,UPI,Successful,80.0
PAY_001045,ORD_001045,UPI,Successful,893.17
PAY_001046,ORD_001046,Credit Card,Successful,495.41
PAY_001047,ORD_001047,UPI,Successful,2512.19
PAY_001048,ORD_001048,Cash,Successful,364.1
PAY_001049,ORD_001049,Debit Card,Successful,107.93
PAY_001050,ORD_001050,UPI,Successful,278.86
PAY_001051,ORD_001051,Debit Card,Successful,883.26
PAY_001052,ORD_001052,UPI,Successful,1247.86
PAY_001053,ORD_001053,Credit Card,Successful,579.65
PAY_001054,ORD_001054,UPI,Successful,108.69
PAY_001055,ORD_001055,UPI,Successful,720.96
PAY_001056,ORD_001056,UPI,Successful,1977.09
PAY_001057,ORD_001057,UPI,Refunded,390.74
PAY_001058,ORD_001058,Wallet,Successful,484.19
PAY_001059,ORD_001059,UPI,Successful,271.69
PAY_001060,ORD_001060,Credit Card,Successful,358.96
PAY_001061,ORD_001061,Credit Card,Successful,186.93
PAY_001062,ORD_001062,UPI,Successful,903.86
PAY_001063,ORD_001063,UPI,Successful,2885.7
PAY_001064,ORD_001064,UPI,Successful,962.75
PAY_001065,ORD_001065,Debit Card,Successful,974.27
PAY_001066,ORD_001066,Wallet,Successful,87.22
PAY_001067,ORD_001067,Wallet,Successful,125.35
PAY_001068,ORD_001068,UPI,Successful,194.08
PAY_001069,ORD_001069,Credit Card,Successful,189.5
PAY_001070,ORD_001070,UPI,Successful,1789.31
PAY_001071,ORD_001071,UPI,Successful,219.06
PAY_001072,ORD_001072,UPI,Successful,504.44
PAY_001073,ORD_001073,UPI,Successful,1221.92
PAY_001074,ORD_001074,UPI,Successful,203.57
PAY_001075,ORD_001075,UPI,Successful,1730.24
PAY_001076,ORD_001076,UPI,Successful,222.4
PAY_001077,ORD_001077,Credit Card,Successful,801.15
PAY_001078,ORD_001078,Cash,Successful,1326.72
PAY_001079,ORD_001079,UPI,Successful,2573.94
PAY_001080,ORD_001080,UPI,Successful,263.97
PAY_001081,ORD_001081,Credit Card,Successful,370.71
PAY_001082,ORD_001082,UPI,Successful,320.06
PAY_001083,ORD_001083,Debit Card,Successful,2796.89
PAY_001084,ORD_001084,Credit Card,Successful,1242.14
PAY_001085,ORD_001085,UPI,Successful,119.3
PAY_001086,ORD_001086,UPI,Successful,391.07
PAY_001087,ORD_001087,UPI,Successful,136.06
PAY_001088,ORD_001088,UPI,Successful,425.71
PAY_001089,ORD_001089,UPI,Successful,288.19
PAY_001090,ORD_001090,Wallet,Successful,573.22
PAY_001091,ORD_001091,UPI,Successful,778.43
PAY_001092,ORD_001092,UPI,Successful,395.75
PAY_001093,ORD_001093,Wallet,Successful,424.88
PAY_001094,ORD_001094,Wallet,Successful,509.63
PAY_001095,ORD_001095,UPI,Successful,387.99
PAY_001096,ORD_001096,UPI,Successful,172.44
PAY_001097,ORD_001097,UPI,Successful,253.98
PAY_001098,ORD_001098,UPI,Successful,906.08
PAY_001099,ORD_001099,UPI,Successful,3087.86
PAY_001100,ORD_001100,UPI,Successful,442.41
PAY_001101,ORD_001101,UPI,Successful,315.96
PAY_001102,ORD_001102,Credit Card,Successful,2206.77
PAY_001103,ORD_001103,Debit Card,Successful,139.09
PAY_001104,ORD_001104,Debit Card,Refunded,173.06
PAY_001105,ORD_001105,UPI,Successful,4451.5
PAY_001106,ORD_001106,UPI,Successful,460.27
PAY_001107,ORD_001107,Cash,Failed,363.96
PAY_001108,ORD_001108,Debit Card,Successful,225.61
PAY_001109,ORD_001109,Credit Card,Successful,229.76
PAY_001110,ORD_001110,UPI,Successful,737.2
PAY_001111,ORD_001111,Debit Card,Successful,1966.07
PAY_001112,ORD_001112,Credit Card,Successful,769.92
PAY_001113,ORD_001113,Debit Card,Successful,733.85
PAY_001114,ORD_001114,Debit Card,Successful,630.27
PAY_001115,ORD_001115,UPI,Successful,268.74
PAY_001116,ORD_001116,UPI,Successful,97.81
PAY_001117,ORD_001117,UPI,Successful,287.52
PAY_001118,ORD_001118,Credit Card,Successful,926.55
PAY_001119,ORD_001119,Debit Card,Successful,385.25
PAY_001120,ORD_001120,UPI,Successful,2297.24
PAY_001121,ORD_001121,Credit Card,Successful,205.97
PAY_001122,ORD_001122,Debit Card,Successful,132.57
PAY_001123,ORD_001123,Wallet,Successful,542.28
PAY_001124,ORD_001124,UPI,Successful,747.04
PAY_001125,ORD_001125,UPI,Successful,292.2
PAY_001126,ORD_001126,Credit Card,Successful,490.05
PAY_001127,ORD_001127,UPI,Successful,311.82
PAY_001128,ORD_001128,UPI,Successful,1489.01
PAY_001129,ORD_001129,Debit Card,Successful,828.94
PAY_001130,ORD_001130,UPI,Successful,742.77
PAY_001131,ORD_001131,UPI,Successful,833.99
PAY_001132,ORD_001132,UPI,Successful,80.28
PAY_001133,ORD_001133,Debit Card,Successful,627.5
PAY_001134,ORD_001134,UPI,Successful,1340.87
PAY_001135,ORD_001135,UPI,Successful,335.58
PAY_001136,ORD_001136,UPI,Successful,231.63
PAY_001137,ORD_001137,Credit Card,Successful,80.0
PAY_001138,ORD_001138,Debit Card,Successful,517.75
PAY_001139,ORD_001139,UPI,Successful,254.52
PAY_001140,ORD_001140,Wallet,Successful,1084.38
PAY_001141,ORD_001141,UPI,Successful,688.93
PAY_001142,ORD_001142,UPI,Successful,1034.58
PAY_001143,ORD_001143,UPI,Successful,511.08
PAY_001144,ORD_001144,Wallet,Successful,516.12
PAY_001145,ORD_001145,UPI,Successful,509.12
PAY_001146,ORD_001146,UPI,Successful,784.04
PAY_001147,ORD_001147,Credit Card,Successful,212.28
PAY_001148,ORD_001148,UPI,Successful,80.0
PAY_001149,ORD_001149,UPI,Successful,578.11
PAY_001150,ORD_001150,Credit Card,Successful,607.14
PAY_001151,ORD_001151,UPI,Successful,4559.46
PAY_001152,ORD_001152,UPI,Failed,545.14
PAY_001153,ORD_001153,Cash,Failed,938.67
PAY_001154,ORD_001154,UPI,Successful,734.25
PAY_001155,ORD_001155,UPI,Successful,1093.33
PAY_001156,ORD_001156,UPI,Successful,110.83
PAY_001157,ORD_001157,Credit Card,Successful,203.43
PAY_001158,ORD_001158,UPI,Successful,209.18
PAY_001159,ORD_001159,Debit Card,Successful,201.32
PAY_001160,ORD_001160,Cash,Successful,165.32
PAY_001161,ORD_001161,UPI,Successful,97.43
PAY_001162,ORD_001162,Debit Card,Successful,3175.77
PAY_001163,ORD_001163,Credit Card,Successful,220.96
PAY_001164,ORD_001164,Debit Card,Successful,977.73
PAY_001165,ORD_001165,Debit Card,Successful,111.26
PAY_001166,ORD_001166,UPI,Successful,656.07
PAY_001167,ORD_001167,Credit Card,Successful,192.43
PAY_001168,ORD_001168,Credit Card,Successful,259.32
PAY_001169,ORD_001169,UPI,Successful,421.39
PAY_001170,ORD_001170,UPI,Successful,961.03
PAY_001171,ORD_001171,UPI,Successful,255.45
PAY_001172,ORD_001172,UPI,Failed,236.45
PAY_001173,ORD_001173,UPI,Successful,136.76
PAY_001174,ORD_001174,UPI,Successful,3475.16
PAY_001175,ORD_001175,Debit Card,Successful,396.26
PAY_001176,ORD_001176,UPI,Successful,739.58
PAY_001177,ORD_001177,Cash,Successful,209.0
PAY_001178,ORD_001178,Wallet,Successful,542.36
PAY_001179,ORD_001179,Wallet,Successful,215.54
PAY_001180,ORD_001180,UPI,Successful,143.77
PAY_001181,ORD_001181,UPI,Successful,2011.24
PAY_001182,ORD_001182,UPI,Successful,241.78
PAY_001183,ORD_001183,UPI,Successful,128.82
PAY_001184,ORD_001184,Wallet,Failed,224.42
PAY_001185,ORD_001185,UPI,Refunded,354.79
PAY_001186,ORD_001186,UPI,Successful,308.22
PAY_001187,ORD_001187,Credit Card,Successful,1865.93
PAY_001188,ORD_001188,UPI,Successful,333.65
PAY_001189,ORD_001189,UPI,Successful,637.4
PAY_001190,ORD_001190,UPI,Successful,986.38
PAY_001191,ORD_001191,UPI,Successful,449.3
PAY_001192,ORD_001192,Credit Card,Successful,849.22
PAY_001193,ORD_001193,Cash,Successful,109.48
PAY_001194,ORD_001194,Wallet,Successful,1220.65
PAY_001195,ORD_001195,Wallet,Successful,247.45
PAY_001196,ORD_001196,Credit Card,Refunded,119.85
PAY_001197,ORD_001197,Credit Card,Successful,1577.79
PAY_001198,ORD_001198,UPI,Successful,343.11
PAY_001199,ORD_001199,Credit Card,Successful,250.87
PAY_001200,ORD_001200,Credit Card,Successful,607.97
PAY_001201,ORD_001201,UPI,Successful,356.08
PAY_001202,ORD_001202,Credit Card,Successful,883.62
PAY_001203,ORD_001203,UPI,Successful,184.12
PAY_001204,ORD_001204,Debit Card,Successful,287.1
PAY_001205,ORD_001205,Debit Card,Successful,933.09
PAY_001206,ORD_001206,Credit Card,Successful,118.87
PAY_001207,ORD_001207,UPI,Successful,1969.24
PAY_001208,ORD_001208,Wallet,Successful,1897.95
PAY_001209,ORD_001209,Debit Card,Successful,687.78
PAY_001210,ORD_001210,UPI,Successful,80.0
PAY_001211,ORD_001211,Wallet,Successful,253.9
PAY_001212,ORD_001212,UPI,Failed,404.83
PAY_001213,ORD_001213,UPI,Successful,315.43
PAY_001214,ORD_001214,UPI,Successful,4768.88
PAY_001215,ORD_001215,Debit Card,Successful,410.43
PAY_001216,ORD_001216,UPI,Successful,115.86
PAY_001217,ORD_001217,UPI,Successful,80.0
PAY_001218,ORD_001218,Debit Card,Successful,438.12
PAY_001219,ORD_001219,UPI,Successful,358.6
PAY_001220,ORD_001220,UPI,Successful,801.35
PAY_001221,ORD_001221,Wallet,Successful,234.43
PAY_001222,ORD_001222,Cash,Successful,560.27
PAY_001223,ORD_001223,Credit Card,Successful,332.77
PAY_001224,ORD_001224,UPI,Successful,257.41
PAY_001225,ORD_001225,UPI,Successful,2522.88
PAY_001226,ORD_001226,Credit Card,Successful,4541.93
PAY_001227,ORD_001227,Credit Card,Successful,883.81
PAY_001228,ORD_001228,UPI,Successful,2152.07
PAY_001229,ORD_001229,UPI,Successful,293.18
PAY_001230,ORD_001230,UPI,Successful,445.8
PAY_001231,ORD_001231,UPI,Failed,1278.69
PAY_001232,ORD_001232,Credit Card,Failed,1054.83
PAY_001233,ORD_001233,Wallet,Successful,86.23
PAY_001234,ORD_001234,Wallet,Successful,137.98
PAY_001235,ORD_001235,Credit Card,Successful,1024.54
PAY_001236,ORD_001236,Debit Card,Refunded,646.81
PAY_001237,ORD_001237,UPI,Successful,117.46
PAY_001238,ORD_001238,Wallet,Failed,174.36
PAY_001239,ORD_001239,UPI,Successful,285.36
PAY_001240,ORD_001240,UPI,Successful,1250.04
PAY_001241,ORD_001241,UPI,Successful,122.34
PAY_001242,ORD_001242,Credit Card,Successful,265.91
PAY_001243,ORD_001243,UPI,Successful,683.39
PAY_001244,ORD_001244,Wallet,Successful,182.2
PAY_001245,ORD_001245,UPI,Successful,229.82
PAY_001246,ORD_001246,UPI,Successful,911.19
PAY_001247,ORD_001247,UPI,Successful,1033.64
PAY_001248,ORD_001248,UPI,Successful,1383.68
PAY_001249,ORD_001249,UPI,Successful,213.8
PAY_001250,ORD_001250,UPI,Successful,766.38
PAY_001251,ORD_001251,Debit Card,Successful,860.89
PAY_001252,ORD_001252,UPI,Successful,1924.56
PAY_001253,ORD_001253,Wallet,Successful,861.17
PAY_001254,ORD_001254,UPI,Successful,474.21
PAY_001255,ORD_001255,UPI,Successful,246.55
PAY_001256,ORD_001256,Credit Card,Successful,489.09
PAY_001257,ORD_001257,Debit Card,Successful,1063.56
PAY_001258,ORD_001258,Credit Card,Successful,151.25
PAY_001259,ORD_001259,UPI,Successful,223.66
PAY_001260,ORD_001260,UPI,Successful,390.69
PAY_001261,ORD_001261,UPI,Successful,101.15
PAY_001262,ORD_001262,Wallet,Successful,213.07
PAY_001263,ORD_001263,Credit Card,Failed,86.96
PAY_001264,ORD_001264,Credit Card,Successful,1249.98
PAY_001265,ORD_001265,Wallet,Successful,319.35
PAY_001266,ORD_001266,Debit Card,Successful,799.84
PAY_001267,ORD_001267,Debit Card,Successful,1382.94
PAY_001268,ORD_001268,Wallet,Successful,540.45
PAY_001269,ORD_001269,Credit Card,Successful,606.88
PAY_001270,ORD_001270,UPI,Successful,422.52
PAY_001271,ORD_001271,Debit Card,Successful,1083.52
PAY_001272,ORD_001272,Cash,Successful,792.52
PAY_001273,ORD_001273,Credit Card,Successful,724.11
PAY_001274,ORD_001274,Wallet,Successful,265.13
PAY_001275,ORD_001275,UPI,Failed,297.05
PAY_001276,ORD_001276,UPI,Successful,295.02
PAY_001277,ORD_001277,Debit Card,Successful,445.67
PAY_001278,ORD_001278,UPI,Successful,307.85
PAY_001279,ORD_001279,Wallet,Successful,338.37
PAY_001280,ORD_001280,UPI,Successful,3313.57
PAY_001281,ORD_001281,Wallet,Successful,403.38
PAY_001282,ORD_001282,UPI,Failed,245.08
PAY_001283,ORD_001283,Debit Card,Successful,545.55
PAY_001284,ORD_001284,UPI,Successful,431.21
PAY_001285,ORD_001285,UPI,Successful,410.46
PAY_001286,ORD_001286,UPI,Successful,968.71
PAY_001287,ORD_001287,UPI,Refunded,341.68
PAY_001288,ORD_001288,UPI,Successful,3683.5
PAY_001289,ORD_001289,UPI,Successful,552.92
PAY_001290,ORD_001290,UPI,Refunded,1205.04
PAY_001291,ORD_001291,UPI,Refunded,288.97
PAY_001292,ORD_001292,Debit Card,Successful,496.67
PAY_001293,ORD_001293,Credit Card,Successful,335.56
PAY_001294,ORD_001294,UPI,Successful,1016.98
PAY_001295,ORD_001295,UPI,Successful,1664.54
PAY_001296,ORD_001296,UPI,Successful,234.04
PAY_001297,ORD_001297,Wallet,Successful,561.29
PAY_001298,ORD_001298,Debit Card,Refunded,505.5
PAY_001299,ORD_001299,Wallet,Successful,656.64
PAY_001300,ORD_001300,Credit Card,Successful,765.55
PAY_001301,ORD_001301,Credit Card,Successful,210.07
PAY_001302,ORD_001302,Credit Card,Successful,244.5
PAY_001303,ORD_001303,UPI,Successful,215.74
PAY_001304,ORD_001304,UPI,Refunded,674.56
PAY_001305,ORD_001305,UPI,Refunded,466.21
PAY_001306,ORD_001306,Credit Card,Successful,2790.58
PAY_001307,ORD_001307,UPI,Successful,401.04
PAY_001308,ORD_001308,UPI,Successful,729.22
PAY_001309,ORD_001309,UPI,Successful,117.7
PAY_001310,ORD_001310,Credit Card,Successful,795.18
PAY_001311,ORD_001311,Credit Card,Successful,80.0
PAY_001312,ORD_001312,UPI,Successful,2263.31
PAY_001313,ORD_001313,UPI,Successful,231.36
PAY_001314,ORD_001314,Wallet,Successful,570.47
PAY_001315,ORD_001315,UPI,Successful,212.47
PAY_001316,ORD_001316,UPI,Successful,162.49
PAY_001317,ORD_001317,UPI,Successful,936.64
PAY_001318,ORD_001318,Debit Card,Successful,216.83
PAY_001319,ORD_001319,UPI,Successful,696.96
PAY_001320,ORD_001320,Credit Card,Successful,530.08
PAY_001321,ORD_001321,Debit Card,Successful,760.51
PAY_001322,ORD_001322,UPI,Successful,1332.47
PAY_001323,ORD_001323,Debit Card,Successful,732.31
PAY_001324,ORD_001324,UPI,Successful,505.62
PAY_001325,ORD_001325,Cash,Successful,932.82
PAY_001326,ORD_001326,UPI,Successful,1219.74
PAY_001327,ORD_001327,Credit Card,Successful,126.9
PAY_001328,ORD_001328,UPI,Successful,623.54
PAY_001329,ORD_001329,UPI,Successful,2847.93
PAY_001330,ORD_001330,Debit Card,Successful,421.88
PAY_001331,ORD_001331,UPI,Successful,1250.43
PAY_001332,ORD_001332,Credit Card,Refunded,188.7
PAY_001333,ORD_001333,Credit Card,Successful,142.03
PAY_001334,ORD_001334,Cash,Successful,679.92
PAY_001335,ORD_001335,Cash,Successful,249.75
PAY_001336,ORD_001336,Debit Card,Successful,2644.86
PAY_001337,ORD_001337,Wallet,Successful,386.15
PAY_001338,ORD_001338,Debit Card,Successful,253.65
PAY_001339,ORD_001339,UPI,Successful,2619.4
PAY_001340,ORD_001340,UPI,Refunded,2375.62
PAY_001341,ORD_001341,Debit Card,Successful,101.4
PAY_001342,ORD_001342,UPI,Successful,296.9
PAY_001343,ORD_001343,Wallet,Successful,719.27
PAY_001344,ORD_001344,UPI,Failed,202.06
PAY_001345,ORD_001345,Wallet,Successful,213.9
PAY_001346,ORD_001346,Debit Card,Successful,80.0
PAY_001347,ORD_001347,UPI,Successful,280.59
PAY_001348,ORD_001348,UPI,Successful,746.88
PAY_001349,ORD_001349,UPI,Successful,652.71
PAY_001350,ORD_001350,Credit Card,Successful,541.08
PAY_001351,ORD_001351,UPI,Successful,697.28
PAY_001352,ORD_001352,Credit Card,Successful,2391.05
PAY_001353,ORD_001353,UPI,Successful,277.16
PAY_001354,ORD_001354,Credit Card,Successful,166.78
PAY_001355,ORD_001355,Credit Card,Successful,1521.35
PAY_001356,ORD_001356,Credit Card,Successful,2175.83
PAY_001357,ORD_001357,Wallet,Successful,592.99
PAY_001358,ORD_001358,UPI,Successful,1228.63
PAY_001359,ORD_001359,UPI,Successful,192.35
PAY_001360,ORD_001360,UPI,Successful,2895.13
PAY_001361,ORD_001361,UPI,Successful,2195.93
PAY_001362,ORD_001362,Credit Card,Successful,143.27
PAY_001363,ORD_001363,Wallet,Successful,885.81
PAY_001364,ORD_001364,Debit Card,Successful,403.22
PAY_001365,ORD_001365,UPI,Successful,80.0
PAY_001366,ORD_001366,UPI,Successful,442.32
PAY_001367,ORD_001367,UPI,Successful,587.38
PAY_001368,ORD_001368,UPI,Successful,791.37
PAY_001369,ORD_001369,UPI,Successful,4437.77
PAY_001370,ORD_001370,UPI,Successful,1531.66
PAY_001371,ORD_001371,Wallet,Failed,126.04
PAY_001372,ORD_001372,Debit Card,Successful,152.56
PAY_001373,ORD_001373,UPI,Successful,3810.86
PAY_001374,ORD_001374,UPI,Successful,597.51
PAY_001375,ORD_001375,UPI,Successful,314.97
PAY_001376,ORD_001376,Credit Card,Successful,1182.78
PAY_001377,ORD_001377,UPI,Successful,386.01
PAY_001378,ORD_001378,Debit Card,Successful,554.74
PAY_001379,ORD_001379,Debit Card,Successful,137.46
PAY_001380,ORD_001380,Debit Card,Successful,182.99
PAY_001381,ORD_001381,Credit Card,Successful,1768.43
PAY_001382,ORD_001382,UPI,Successful,882.12
PAY_001383,ORD_001383,UPI,Successful,1564.53
PAY_001384,ORD_001384,UPI,Successful,139.51
PAY_001385,ORD_001385,UPI,Successful,341.97
PAY_001386,ORD_001386,Wallet,Successful,208.1
PAY_001387,ORD_001387,UPI,Successful,89.27
PAY_001388,ORD_001388,UPI,Successful,246.42
PAY_001389,ORD_001389,Debit Card,Successful,1464.45
PAY_001390,ORD_001390,UPI,Successful,122.75
PAY_001391,ORD_001391,Debit Card,Successful,957.62
PAY_001392,ORD_001392,Cash,Successful,360.91
PAY_001393,ORD_001393,Cash,Successful,788.09
PAY_001394,ORD_001394,UPI,Successful,1794.4
PAY_001395,ORD_001395,UPI,Successful,98.09
PAY_001396,ORD_001396,UPI,Successful,677.11
PAY_001397,ORD_001397,UPI,Successful,400.65
PAY_001398,ORD_001398,UPI,Successful,577.56
PAY_001399,ORD_001399,Credit Card,Successful,452.04
PAY_001400,ORD_001400,UPI,Successful,393.55
PAY_001401,ORD_001401,Credit Card,Successful,1001.57
PAY_001402,ORD_001402,UPI,Successful,1102.8
PAY_001403,ORD_001403,Credit Card,Successful,279.79
PAY_001404,ORD_001404,UPI,Failed,543.14
PAY_001405,ORD_001405,Credit Card,Successful,258.4
PAY_001406,ORD_001406,UPI,Successful,376.23
PAY_001407,ORD_001407,Credit Card,Refunded,504.12
PAY_001408,ORD_001408,UPI,Successful,340.27
PAY_001409,ORD_001409,UPI,Successful,906.33
PAY_001410,ORD_001410,Wallet,Successful,492.86
PAY_001411,ORD_001411,UPI,Successful,173.6
PAY_001412,ORD_001412,Wallet,Successful,200.2
PAY_001413,ORD_001413,UPI,Successful,421.23
PAY_001414,ORD_001414,UPI,Successful,259.39
PAY_001415,ORD_001415,Debit Card,Successful,2044.74
PAY_001416,ORD_001416,Cash,Successful,1610.82
PAY_001417,ORD_001417,Credit Card,Failed,168.31
PAY_001418,ORD_001418,Wallet,Successful,660.28
PAY_001419,ORD_001419,UPI,Refunded,389.96
PAY_001420,ORD_001420,UPI,Successful,381.55
PAY_001421,ORD_001421,UPI,Successful,1153.01
PAY_001422,ORD_001422,UPI,Successful,502.67
PAY_001423,ORD_001423,UPI,Successful,193.87
PAY_001424,ORD_001424,Debit Card,Failed,86.95
PAY_001425,ORD_001425,UPI,Successful,80.0
PAY_001426,ORD_001426,Cash,Successful,278.13
PAY_001427,ORD_001427,Credit Card,Successful,637.49
PAY_001428,ORD_001428,UPI,Successful,500.74
PAY_001429,ORD_001429,Cash,Successful,309.76
PAY_001430,ORD_001430,Debit Card,Successful,3337.12
PAY_001431,ORD_001431,UPI,Successful,748.28
PAY_001432,ORD_001432,Wallet,Successful,637.34
PAY_001433,ORD_001433,Credit Card,Successful,1684.4
PAY_001434,ORD_001434,UPI,Successful,270.51
PAY_001435,ORD_001435,UPI,Failed,487.36
PAY_001436,ORD_001436,Debit Card,Successful,1522.17
PAY_001437,ORD_001437,UPI,Successful,1083.68
PAY_001438,ORD_001438,UPI,Successful,369.97
PAY_001439,ORD_001439,Credit Card,Successful,526.44
PAY_001440,ORD_001440,Debit Card,Refunded,486.23
PAY_001441,ORD_001441,Credit Card,Successful,493.04
PAY_001442,ORD_001442,Debit Card,Successful,300.73
PAY_001443,ORD_001443,Credit Card,Successful,4067.52
PAY_001444,ORD_001444,Cash,Successful,237.79
PAY_001445,ORD_001445,UPI,Successful,191.61
PAY_001446,ORD_001446,UPI,Successful,563.36
PAY_001447,ORD_001447,Debit Card,Failed,87.92
PAY_001448,ORD_001448,UPI,Successful,98.95
PAY_001449,ORD_001449,UPI,Successful,563.17
PAY_001450,ORD_001450,Credit Card,Successful,664.62
PAY_001451,ORD_001451,UPI,Successful,990.57
PAY_001452,ORD_001452,UPI,Successful,847.37
PAY_001453,ORD_001453,UPI,Successful,1126.9
PAY_001454,ORD_001454,UPI,Successful,348.18
PAY_001455,ORD_001455,Credit Card,Failed,418.19
PAY_001456,ORD_001456,Debit Card,Successful,152.07
PAY_001457,ORD_001457,Debit Card,Successful,351.06
PAY_001458,ORD_001458,UPI,Successful,359.77
PAY_001459,ORD_001459,UPI,Successful,2950.97
PAY_001460,ORD_001460,Debit Card,Successful,813.16
PAY_001461,ORD_001461,UPI,Successful,664.45
PAY_001462,ORD_001462,UPI,Successful,196.26
PAY_001463,ORD_001463,UPI,Successful,557.3
PAY_001464,ORD_001464,Credit Card,Successful,215.94
PAY_001465,ORD_001465,UPI,Failed,3031.79
PAY_001466,ORD_001466,UPI,Successful,1273.07
PAY_001467,ORD_001467,UPI,Successful,603.36
PAY_001468,ORD_001468,UPI,Successful,550.43
PAY_001469,ORD_001469,Cash,Successful,445.67
PAY_001470,ORD_001470,Debit Card,Successful,182.61
PAY_001471,ORD_001471,UPI,Successful,1358.19
PAY_001472,ORD_001472,UPI,Successful,153.3
PAY_001473,ORD_001473,UPI,Successful,891.72
PAY_001474,ORD_001474,UPI,Successful,360.05
PAY_001475,ORD_001475,UPI,Successful,500.9
PAY_001476,ORD_001476,Credit Card,Successful,302.66
PAY_001477,ORD_001477,UPI,Successful,606.21
PAY_001478,ORD_001478,UPI,Successful,2708.34
PAY_001479,ORD_001479,UPI,Successful,480.36
PAY_001480,ORD_001480,UPI,Successful,447.84
PAY_001481,ORD_001481,Wallet,Successful,221.07
PAY_001482,ORD_001482,UPI,Refunded,816.65
PAY_001483,ORD_001483,Debit Card,Successful,610.69
PAY_001484,ORD_001484,UPI,Successful,585.66
PAY_001485,ORD_001485,UPI,Successful,1097.96
PAY_001486,ORD_001486,UPI,Successful,553.78
PAY_001487,ORD_001487,Credit Card,Successful,805.21
PAY_001488,ORD_001488,UPI,Successful,1268.23
PAY_001489,ORD_001489,Credit Card,Successful,214.64
PAY_001490,ORD_001490,UPI,Successful,620.45
PAY_001491,ORD_001491,Debit Card,Successful,2261.96
PAY_001492,ORD_001492,UPI,Successful,1031.88
PAY_001493,ORD_001493,UPI,Successful,746.56
PAY_001494,ORD_001494,Debit Card,Successful,1959.78
PAY_001495,ORD_001495,UPI,Successful,837.36
PAY_001496,ORD_001496,UPI,Successful,436.97
PAY_001497,ORD_001497,UPI,Successful,318.93
PAY_001498,ORD_001498,UPI,Successful,384.49
PAY_001499,ORD_001499,Debit Card,Successful,684.16
PAY_001500,ORD_001500,Debit Card,Successful,164.54
PAY_001501,ORD_001501,Debit Card,Successful,1002.83
PAY_001502,ORD_001502,UPI,Successful,840.58
PAY_001503,ORD_001503,Debit Card,Successful,481.13
PAY_001504,ORD_001504,Debit Card,Successful,190.73
PAY_001505,ORD_001505,Wallet,Successful,1272.66
PAY_001506,ORD_001506,UPI,Successful,100.01
PAY_001507,ORD_001507,Debit Card,Successful,392.12
PAY_001508,ORD_001508,UPI,Successful,541.8
PAY_001509,ORD_001509,UPI,Successful,991.65
PAY_001510,ORD_001510,Debit Card,Successful,704.09
PAY_001511,ORD_001511,Debit Card,Successful,412.02
PAY_001512,ORD_001512,Credit Card,Successful,189.81
PAY_001513,ORD_001513,UPI,Successful,634.28
PAY_001514,ORD_001514,UPI,Successful,896.58
PAY_001515,ORD_001515,Wallet,Successful,234.51
PAY_001516,ORD_001516,Debit Card,Successful,1183.12
PAY_001517,ORD_001517,UPI,Successful,1997.95
PAY_001518,ORD_001518,UPI,Successful,345.99
PAY_001519,ORD_001519,Credit Card,Successful,424.23
PAY_001520,ORD_001520,UPI,Successful,446.05
PAY_001521,ORD_001521,UPI,Successful,118.19
PAY_001522,ORD_001522,UPI,Successful,167.26
PAY_001523,ORD_001523,Debit Card,Successful,236.11
PAY_001524,ORD_001524,Wallet,Successful,913.28
PAY_001525,ORD_001525,UPI,Successful,961.94
PAY_001526,ORD_001526,UPI,Successful,649.42
PAY_001527,ORD_001527,UPI,Successful,418.67
PAY_001528,ORD_001528,Wallet,Successful,285.06
PAY_001529,ORD_001529,Credit Card,Successful,1092.15
PAY_001530,ORD_001530,Debit Card,Refunded,1169.97
PAY_001531,ORD_001531,UPI,Successful,1589.48
PAY_001532,ORD_001532,UPI,Successful,1467.63
PAY_001533,ORD_001533,Debit Card,Successful,879.78
PAY_001534,ORD_001534,UPI,Successful,391.69
PAY_001535,ORD_001535,Credit Card,Successful,90.04
PAY_001536,ORD_001536,UPI,Successful,335.44
PAY_001537,ORD_001537,UPI,Successful,174.4
PAY_001538,ORD_001538,UPI,Successful,1002.86
PAY_001539,ORD_001539,UPI,Successful,199.82
PAY_001540,ORD_001540,Wallet,Successful,80.0
PAY_001541,ORD_001541,Credit Card,Successful,231.91
PAY_001542,ORD_001542,UPI,Successful,713.11
PAY_001543,ORD_001543,UPI,Refunded,134.61
PAY_001544,ORD_001544,Wallet,Successful,259.23
PAY_001545,ORD_001545,UPI,Failed,1413.41
PAY_001546,ORD_001546,Wallet,Successful,3758.86
PAY_001547,ORD_001547,Credit Card,Successful,80.0
PAY_001548,ORD_001548,UPI,Successful,218.96
PAY_001549,ORD_001549,Wallet,Successful,494.81
PAY_001550,ORD_001550,UPI,Successful,993.36
PAY_001551,ORD_001551,Credit Card,Successful,449.24
PAY_001552,ORD_001552,Cash,Successful,80.0
PAY_001553,ORD_001553,Wallet,Failed,662.78
PAY_001554,ORD_001554,UPI,Successful,246.47
PAY_001555,ORD_001555,UPI,Successful,363.67
PAY_001556,ORD_001556,UPI,Successful,2094.35
PAY_001557,ORD_001557,UPI,Refunded,376.85
PAY_001558,ORD_001558,Cash,Successful,929.58
PAY_001559,ORD_001559,Debit Card,Successful,355.86
PAY_001560,ORD_001560,UPI,Successful,330.79
PAY_001561,ORD_001561,UPI,Successful,415.28
PAY_001562,ORD_001562,UPI,Successful,1045.47
PAY_001563,ORD_001563,UPI,Successful,474.02
PAY_001564,ORD_001564,UPI,Successful,491.03
PAY_001565,ORD_001565,Credit Card,Failed,365.8
PAY_001566,ORD_001566,UPI,Successful,276.77
PAY_001567,ORD_001567,UPI,Successful,2739.85
PAY_001568,ORD_001568,Wallet,Successful,3127.76
PAY_001569,ORD_001569,UPI,Successful,3229.72
PAY_001570,ORD_001570,UPI,Refunded,80.0
PAY_001571,ORD_001571,Credit Card,Successful,89.79
PAY_001572,ORD_001572,UPI,Successful,155.34
PAY_001573,ORD_001573,UPI,Successful,936.38
PAY_001574,ORD_001574,UPI,Successful,376.64
PAY_001575,ORD_001575,UPI,Successful,100.18
PAY_001576,ORD_001576,UPI,Successful,937.0
PAY_001577,ORD_001577,Cash,Successful,302.69
PAY_001578,ORD_001578,Wallet,Successful,418.63
PAY_001579,ORD_001579,UPI,Failed,449.02
PAY_001580,ORD_001580,Wallet,Successful,687.19
PAY_001581,ORD_001581,Credit Card,Successful,638.63
PAY_001582,ORD_001582,Cash,Failed,1401.99
PAY_001583,ORD_001583,Credit Card,Successful,381.47
PAY_001584,ORD_001584,UPI,Refunded,262.93
PAY_001585,ORD_001585,Credit Card,Successful,366.65
PAY_001586,ORD_001586,UPI,Successful,400.6
PAY_001587,ORD_001587,Debit Card,Successful,80.0
PAY_001588,ORD_001588,UPI,Successful,615.08
PAY_001589,ORD_001589,UPI,Successful,240.55
PAY_001590,ORD_001590,Credit Card,Successful,487.34
PAY_001591,ORD_001591,UPI,Successful,174.88
PAY_001592,ORD_001592,UPI,Successful,1187.15
PAY_001593,ORD_001593,UPI,Successful,1667.51
PAY_001594,ORD_001594,UPI,Successful,248.95
PAY_001595,ORD_001595,UPI,Successful,101.96
PAY_001596,ORD_001596,Credit Card,Successful,312.7
PAY_001597,ORD_001597,Debit Card,Successful,294.59
PAY_001598,ORD_001598,UPI,Successful,162.69
PAY_001599,ORD_001599,UPI,Successful,1358.47
PAY_001600,ORD_001600,UPI,Successful,297.42
PAY_001601,ORD_001601,UPI,Successful,1807.08
PAY_001602,ORD_001602,Wallet,Successful,399.98
PAY_001603,ORD_001603,UPI,Successful,782.58
PAY_001604,ORD_001604,UPI,Successful,903.8
PAY_001605,ORD_001605,Wallet,Successful,98.37
PAY_001606,ORD_001606,UPI,Successful,225.24
PAY_001607,ORD_001607,UPI,Successful,442.1
PAY_001608,ORD_001608,Debit Card,Successful,1293.59
PAY_001609,ORD_001609,UPI,Successful,1431.81
PAY_001610,ORD_001610,UPI,Successful,337.92
PAY_001611,ORD_001611,UPI,Successful,337.57
PAY_001612,ORD_001612,UPI,Successful,730.15
PAY_001613,ORD_001613,UPI,Successful,625.11
PAY_001614,ORD_001614,UPI,Successful,80.0
PAY_001615,ORD_001615,Credit Card,Successful,294.6
PAY_001616,ORD_001616,UPI,Successful,627.29
PAY_001617,ORD_001617,UPI,Successful,891.29
PAY_001618,ORD_001618,UPI,Successful,1466.61
PAY_001619,ORD_001619,Credit Card,Successful,505.95
PAY_001620,ORD_001620,Credit Card,Successful,250.12
PAY_001621,ORD_001621,Wallet,Successful,293.68
PAY_001622,ORD_001622,UPI,Successful,91.24
PAY_001623,ORD_001623,UPI,Successful,124.88
PAY_001624,ORD_001624,Wallet,Successful,272.7
PAY_001625,ORD_001625,UPI,Successful,838.05
PAY_001626,ORD_001626,UPI,Successful,693.55
PAY_001627,ORD_001627,Credit Card,Successful,144.87
PAY_001628,ORD_001628,Wallet,Successful,876.34
PAY_001629,ORD_001629,Wallet,Successful,586.29
PAY_001630,ORD_001630,Credit Card,Successful,220.57
PAY_001631,ORD_001631,Credit Card,Successful,1211.33
PAY_001632,ORD_001632,Wallet,Successful,1464.45
PAY_001633,ORD_001633,Credit Card,Successful,431.83
PAY_001634,ORD_001634,UPI,Successful,396.34
PAY_001635,ORD_001635,UPI,Successful,1011.27
PAY_001636,ORD_001636,Credit Card,Failed,576.21
PAY_001637,ORD_001637,Debit Card,Successful,612.49
PAY_001638,ORD_001638,Credit Card,Successful,359.45
PAY_001639,ORD_001639,Credit Card,Failed,188.74
PAY_001640,ORD_001640,UPI,Successful,554.32
PAY_001641,ORD_001641,Credit Card,Successful,344.99
PAY_001642,ORD_001642,UPI,Refunded,614.46
PAY_001643,ORD_001643,UPI,Successful,385.08
PAY_001644,ORD_001644,UPI,Successful,214.37
PAY_001645,ORD_001645,Credit Card,Successful,431.48
PAY_001646,ORD_001646,UPI,Failed,214.07
PAY_001647,ORD_001647,Wallet,Successful,80.0
PAY_001648,ORD_001648,UPI,Successful,693.47
PAY_001649,ORD_001649,UPI,Successful,570.67
PAY_001650,ORD_001650,Wallet,Successful,793.76
PAY_001651,ORD_001651,UPI,Successful,350.53
PAY_001652,ORD_001652,UPI,Successful,135.91
PAY_001653,ORD_001653,UPI,Successful,409.69
PAY_001654,ORD_001654,UPI,Successful,404.95
PAY_001655,ORD_001655,UPI,Failed,461.0
PAY_001656,ORD_001656,UPI,Successful,985.79
PAY_001657,ORD_001657,Debit Card,Successful,3315.6
PAY_001658,ORD_001658,UPI,Successful,220.32
PAY_001659,ORD_001659,UPI,Successful,1389.08
PAY_001660,ORD_001660,UPI,Successful,165.02
PAY_001661,ORD_001661,Cash,Successful,339.98
PAY_001662,ORD_001662,Cash,Successful,446.79
PAY_001663,ORD_001663,Wallet,Successful,226.59
PAY_001664,ORD_001664,UPI,Successful,155.85
PAY_001665,ORD_001665,Credit Card,Successful,122.01
PAY_001666,ORD_001666,UPI,Successful,386.29
PAY_001667,ORD_001667,Wallet,Successful,760.38
PAY_001668,ORD_001668,UPI,Successful,331.26
PAY_001669,ORD_001669,Credit Card,Successful,266.06
PAY_001670,ORD_001670,UPI,Successful,460.11
PAY_001671,ORD_001671,UPI,Failed,530.68
PAY_001672,ORD_001672,Debit Card,Successful,211.29
PAY_001673,ORD_001673,UPI,Successful,1907.93
PAY_001674,ORD_001674,Wallet,Successful,830.14
PAY_001675,ORD_001675,UPI,Refunded,464.75
PAY_001676,ORD_001676,UPI,Successful,106.91
PAY_001677,ORD_001677,UPI,Successful,271.93
PAY_001678,ORD_001678,Debit Card,Successful,538.92
PAY_001679,ORD_001679,UPI,Successful,1242.47
PAY_001680,ORD_001680,UPI,Successful,776.35
PAY_001681,ORD_001681,UPI,Successful,957.58
PAY_001682,ORD_001682,UPI,Successful,937.57
PAY_001683,ORD_001683,UPI,Successful,732.94
PAY_001684,ORD_001684,Credit Card,Successful,1722.15
PAY_001685,ORD_001685,Debit Card,Successful,1305.96
PAY_001686,ORD_001686,UPI,Successful,2822.61
PAY_001687,ORD_001687,UPI,Successful,1641.61
PAY_001688,ORD_001688,Cash,Successful,915.8
PAY_001689,ORD_001689,Wallet,Successful,707.23
PAY_001690,ORD_001690,Debit Card,Successful,146.85
PAY_001691,ORD_001691,Credit Card,Successful,1324.99
PAY_001692,ORD_001692,Wallet,Successful,390.8
PAY_001693,ORD_001693,Debit Card,Failed,314.57
PAY_001694,ORD_001694,Credit Card,Successful,574.72
PAY_001695,ORD_001695,Debit Card,Successful,195.91
PAY_001696,ORD_001696,UPI,Successful,2277.16
PAY_001697,ORD_001697,UPI,Successful,917.31
PAY_001698,ORD_001698,UPI,Successful,246.81
PAY_001699,ORD_001699,Wallet,Successful,280.34
PAY_001700,ORD_001700,Wallet,Successful,446.93
PAY_001701,ORD_001701,UPI,Successful,686.59
PAY_001702,ORD_001702,Credit Card,Successful,180.6
PAY_001703,ORD_001703,Cash,Successful,551.06
PAY_001704,ORD_001704,Wallet,Successful,3077.68
PAY_001705,ORD_001705,Credit Card,Successful,816.87
PAY_001706,ORD_001706,UPI,Successful,696.79
PAY_001707,ORD_001707,Credit Card,Successful,2924.45
PAY_001708,ORD_001708,Cash,Successful,412.06
PAY_001709,ORD_001709,UPI,Failed,2425.07
PAY_001710,ORD_001710,UPI,Successful,2266.2
PAY_001711,ORD_001711,Cash,Successful,317.92
PAY_001712,ORD_001712,UPI,Refunded,1559.46
PAY_001713,ORD_001713,UPI,Successful,239.21
PAY_001714,ORD_001714,UPI,Successful,309.91
PAY_001715,ORD_001715,UPI,Successful,125.87
PAY_001716,ORD_001716,UPI,Successful,662.08
PAY_001717,ORD_001717,UPI,Successful,1573.57
PAY_001718,ORD_001718,Debit Card,Failed,446.27
PAY_001719,ORD_001719,UPI,Successful,1737.88
PAY_001720,ORD_001720,Credit Card,Successful,363.27
PAY_001721,ORD_001721,Credit Card,Successful,603.99
PAY_001722,ORD_001722,Credit Card,Successful,856.29
PAY_001723,ORD_001723,Debit Card,Successful,553.55
PAY_001724,ORD_001724,Debit Card,Successful,1161.4
PAY_001725,ORD_001725,UPI,Successful,1318.4
PAY_001726,ORD_001726,UPI,Successful,1374.85
PAY_001727,ORD_001727,UPI,Successful,162.01
PAY_001728,ORD_001728,UPI,Successful,2455.99
PAY_001729,ORD_001729,UPI,Successful,3119.19
PAY_001730,ORD_001730,UPI,Successful,931.71
PAY_001731,ORD_001731,UPI,Successful,376.6
PAY_001732,ORD_001732,UPI,Successful,1050.03
PAY_001733,ORD_001733,Debit Card,Successful,923.36
PAY_001734,ORD_001734,UPI,Successful,521.08
PAY_001735,ORD_001735,Debit Card,Successful,821.32
PAY_001736,ORD_001736,UPI,Successful,487.56
PAY_001737,ORD_001737,Credit Card,Successful,614.38
PAY_001738,ORD_001738,UPI,Successful,201.15
PAY_001739,ORD_001739,Debit Card,Successful,452.97
PAY_001740,ORD_001740,Credit Card,Successful,753.43
PAY_001741,ORD_001741,UPI,Successful,211.58
PAY_001742,ORD_001742,Debit Card,Failed,976.82
PAY_001743,ORD_001743,UPI,Successful,451.93
PAY_001744,ORD_001744,UPI,Successful,455.62
PAY_001745,ORD_001745,UPI,Successful,627.79
PAY_001746,ORD_001746,UPI,Successful,131.35
PAY_001747,ORD_001747,UPI,Successful,1449.75
PAY_001748,ORD_001748,UPI,Successful,546.33
PAY_001749,ORD_001749,Debit Card,Successful,384.16
PAY_001750,ORD_001750,Wallet,Successful,1097.04
PAY_001751,ORD_001751,Debit Card,Successful,2289.29
PAY_001752,ORD_001752,UPI,Successful,924.97
PAY_001753,ORD_001753,Credit Card,Successful,105.29
PAY_001754,ORD_001754,UPI,Successful,708.15
PAY_001755,ORD_001755,UPI,Successful,261.92
PAY_001756,ORD_001756,UPI,Successful,137.6
PAY_001757,ORD_001757,UPI,Successful,185.6
PAY_001758,ORD_001758,Credit Card,Successful,148.03
PAY_001759,ORD_001759,UPI,Successful,562.75
PAY_001760,ORD_001760,Debit Card,Successful,357.05
PAY_001761,ORD_001761,Wallet,Successful,680.32
PAY_001762,ORD_001762,UPI,Successful,337.98
PAY_001763,ORD_001763,UPI,Successful,117.2
PAY_001764,ORD_001764,Wallet,Successful,115.11
PAY_001765,ORD_001765,UPI,Successful,550.37
PAY_001766,ORD_001766,UPI,Successful,562.95
PAY_001767,ORD_001767,Debit Card,Successful,436.66
PAY_001768,ORD_001768,Debit Card,Successful,366.77
PAY_001769,ORD_001769,UPI,Failed,525.33
PAY_001770,ORD_001770,Wallet,Successful,364.88
PAY_001771,ORD_001771,Credit Card,Successful,2238.9
PAY_001772,ORD_001772,UPI,Successful,477.96
PAY_001773,ORD_001773,UPI,Successful,1137.11
PAY_001774,ORD_001774,UPI,Successful,199.4
PAY_001775,ORD_001775,UPI,Failed,776.34
PAY_001776,ORD_001776,UPI,Successful,206.84
PAY_001777,ORD_001777,UPI,Refunded,1510.71
PAY_001778,ORD_001778,UPI,Successful,752.37
PAY_001779,ORD_001779,UPI,Successful,731.96
PAY_001780,ORD_001780,UPI,Successful,471.69
PAY_001781,ORD_001781,Wallet,Successful,421.42
PAY_001782,ORD_001782,Wallet,Failed,169.42
PAY_001783,ORD_001783,Wallet,Successful,764.11
PAY_001784,ORD_001784,Wallet,Refunded,225.35
PAY_001785,ORD_001785,UPI,Successful,2622.25
PAY_001786,ORD_001786,Debit Card,Successful,981.35
PAY_001787,ORD_001787,UPI,Successful,1063.63
PAY_001788,ORD_001788,UPI,Successful,450.61
PAY_001789,ORD_001789,Debit Card,Successful,878.55
PAY_001790,ORD_001790,Credit Card,Successful,1232.69
PAY_001791,ORD_001791,Credit Card,Successful,1535.17
PAY_001792,ORD_001792,Debit Card,Failed,226.65
PAY_001793,ORD_001793,UPI,Successful,195.28
PAY_001794,ORD_001794,UPI,Successful,591.87
PAY_001795,ORD_001795,UPI,Successful,305.35
PAY_001796,ORD_001796,Credit Card,Successful,159.97
PAY_001797,ORD_001797,Credit Card,Failed,288.85
PAY_001798,ORD_001798,UPI,Successful,596.97
PAY_001799,ORD_001799,UPI,Successful,421.52
PAY_001800,ORD_001800,UPI,Successful,673.22
PAY_001801,ORD_001801,UPI,Successful,168.69
PAY_001802,ORD_001802,UPI,Successful,593.71
PAY_001803,ORD_001803,UPI,Successful,236.86
PAY_001804,ORD_001804,UPI,Successful,286.12
PAY_001805,ORD_001805,UPI,Refunded,207.45
PAY_001806,ORD_001806,UPI,Successful,399.41
PAY_001807,ORD_001807,UPI,Successful,658.38
PAY_001808,ORD_001808,Wallet,Successful,955.28
PAY_001809,ORD_001809,UPI,Successful,268.27
PAY_001810,ORD_001810,Wallet,Successful,489.72
PAY_001811,ORD_001811,Credit Card,Successful,936.19
PAY_001812,ORD_001812,Wallet,Successful,529.42
PAY_001813,ORD_001813,Credit Card,Successful,1560.2
PAY_001814,ORD_001814,UPI,Successful,543.68
PAY_001815,ORD_001815,UPI,Failed,218.2
PAY_001816,ORD_001816,Wallet,Successful,3360.69
PAY_001817,ORD_001817,Wallet,Successful,839.19
PAY_001818,ORD_001818,Wallet,Successful,694.97
PAY_001819,ORD_001819,Credit Card,Successful,318.93
PAY_001820,ORD_001820,UPI,Successful,1005.38
PAY_001821,ORD_001821,Wallet,Successful,526.43
PAY_001822,ORD_001822,Cash,Successful,850.5
PAY_001823,ORD_001823,UPI,Successful,259.86
PAY_001824,ORD_001824,UPI,Successful,117.27
PAY_001825,ORD_001825,UPI,Failed,121.51
PAY_001826,ORD_001826,Cash,Successful,3530.4
PAY_001827,ORD_001827,UPI,Successful,215.09
PAY_001828,ORD_001828,Credit Card,Successful,1499.83
PAY_001829,ORD_001829,Debit Card,Successful,3251.87
PAY_001830,ORD_001830,UPI,Successful,951.0
PAY_001831,ORD_001831,UPI,Refunded,712.66
PAY_001832,ORD_001832,UPI,Successful,883.53
PAY_001833,ORD_001833,Debit Card,Successful,2149.33
PAY_001834,ORD_001834,UPI,Successful,1647.83
PAY_001835,ORD_001835,UPI,Successful,80.0
PAY_001836,ORD_001836,Debit Card,Successful,1117.89
PAY_001837,ORD_001837,Wallet,Successful,533.8
PAY_001838,ORD_001838,UPI,Successful,208.18
PAY_001839,ORD_001839,UPI,Successful,305.72
PAY_001840,ORD_001840,Debit Card,Successful,417.09
PAY_001841,ORD_001841,Debit Card,Successful,96.09
PAY_001842,ORD_001842,Debit Card,Successful,376.05
PAY_001843,ORD_001843,UPI,Successful,302.85
PAY_001844,ORD_001844,UPI,Successful,538.48
PAY_001845,ORD_001845,UPI,Successful,372.46
PAY_001846,ORD_001846,UPI,Successful,298.94
PAY_001847,ORD_001847,Credit Card,Successful,353.78
PAY_001848,ORD_001848,UPI,Successful,3736.52
PAY_001849,ORD_001849,UPI,Successful,362.75
PAY_001850,ORD_001850,Credit Card,Successful,105.5
PAY_001851,ORD_001851,Credit Card,Successful,162.33
PAY_001852,ORD_001852,UPI,Successful,342.43
PAY_001853,ORD_001853,UPI,Successful,196.78
PAY_001854,ORD_001854,UPI,Successful,244.36
PAY_001855,ORD_001855,UPI,Successful,1029.27
PAY_001856,ORD_001856,UPI,Successful,343.89
PAY_001857,ORD_001857,UPI,Successful,2763.11
PAY_001858,ORD_001858,UPI,Successful,399.98
PAY_001859,ORD_001859,UPI,Successful,499.21
PAY_001860,ORD_001860,UPI,Successful,460.23
PAY_001861,ORD_001861,UPI,Successful,1028.51
PAY_001862,ORD_001862,UPI,Successful,400.24
PAY_001863,ORD_001863,UPI,Successful,3407.32
PAY_001864,ORD_001864,Cash,Refunded,238.21
PAY_001865,ORD_001865,UPI,Successful,693.36
PAY_001866,ORD_001866,Debit Card,Successful,1364.34
PAY_001867,ORD_001867,UPI,Successful,463.46
PAY_001868,ORD_001868,Debit Card,Successful,208.23
PAY_001869,ORD_001869,UPI,Successful,320.06
PAY_001870,ORD_001870,Credit Card,Successful,217.52
PAY_001871,ORD_001871,Wallet,Successful,4885.6
PAY_001872,ORD_001872,Debit Card,Successful,1941.39
PAY_001873,ORD_001873,Credit Card,Successful,606.64
PAY_001874,ORD_001874,Debit Card,Successful,383.4
PAY_001875,ORD_001875,UPI,Refunded,471.32
PAY_001876,ORD_001876,UPI,Successful,1824.17
PAY_001877,ORD_001877,UPI,Successful,1114.71
PAY_001878,ORD_001878,Debit Card,Successful,456.68
PAY_001879,ORD_001879,Wallet,Successful,1733.57
PAY_001880,ORD_001880,UPI,Successful,496.3
PAY_001881,ORD_001881,Credit Card,Successful,893.98
PAY_001882,ORD_001882,Debit Card,Failed,496.57
PAY_001883,ORD_001883,UPI,Successful,160.67
PAY_001884,ORD_001884,UPI,Successful,239.84
PAY_001885,ORD_001885,Credit Card,Successful,502.32
PAY_001886,ORD_001886,UPI,Successful,4559.34
PAY_001887,ORD_001887,Debit Card,Successful,1105.15
PAY_001888,ORD_001888,UPI,Successful,463.92
PAY_001889,ORD_001889,UPI,Successful,473.79
PAY_001890,ORD_001890,UPI,Successful,1361.81
PAY_001891,ORD_001891,UPI,Successful,511.86
PAY_001892,ORD_001892,Wallet,Refunded,295.57
PAY_001893,ORD_001893,Cash,Successful,1177.24
PAY_001894,ORD_001894,UPI,Successful,484.52
PAY_001895,ORD_001895,UPI,Successful,558.4
PAY_001896,ORD_001896,UPI,Successful,742.58
PAY_001897,ORD_001897,UPI,Successful,1994.28
PAY_001898,ORD_001898,UPI,Successful,401.14
PAY_001899,ORD_001899,UPI,Successful,680.9
PAY_001900,ORD_001900,UPI,Successful,136.02
PAY_001901,ORD_001901,UPI,Successful,488.91
PAY_001902,ORD_001902,UPI,Successful,210.56
PAY_001903,ORD_001903,Debit Card,Successful,230.28
PAY_001904,ORD_001904,UPI,Successful,1827.35
PAY_001905,ORD_001905,Wallet,Successful,80.0
PAY_001906,ORD_001906,UPI,Successful,153.8
PAY_001907,ORD_001907,UPI,Successful,145.71
PAY_001908,ORD_001908,UPI,Successful,801.06
PAY_001909,ORD_001909,UPI,Failed,466.72
PAY_001910,ORD_001910,Credit Card,Successful,116.69
PAY_001911,ORD_001911,Debit Card,Successful,1154.88
PAY_001912,ORD_001912,Wallet,Successful,644.29
PAY_001913,ORD_001913,UPI,Failed,190.96
PAY_001914,ORD_001914,Debit Card,Successful,3282.43
PAY_001915,ORD_001915,UPI,Successful,188.86
PAY_001916,ORD_001916,UPI,Successful,427.57
PAY_001917,ORD_001917,UPI,Successful,684.4
PAY_001918,ORD_001918,Debit Card,Successful,618.77
PAY_001919,ORD_001919,UPI,Refunded,195.88
PAY_001920,ORD_001920,Wallet,Successful,965.76
PAY_001921,ORD_001921,Credit Card,Successful,897.62
PAY_001922,ORD_001922,UPI,Successful,521.45
PAY_001923,ORD_001923,Credit Card,Successful,1123.81
PAY_001924,ORD_001924,Credit Card,Successful,1578.09
PAY_001925,ORD_001925,Credit Card,Successful,653.0
PAY_001926,ORD_001926,Debit Card,Successful,270.06
PAY_001927,ORD_001927,Debit Card,Successful,703.33
PAY_001928,ORD_001928,UPI,Successful,2512.79
PAY_001929,ORD_001929,UPI,Successful,242.2
PAY_001930,ORD_001930,UPI,Successful,1869.32
PAY_001931,ORD_001931,UPI,Successful,80.0
PAY_001932,ORD_001932,Credit Card,Successful,335.83
PAY_001933,ORD_001933,Debit Card,Successful,342.8
PAY_001934,ORD_001934,UPI,Successful,98.77
PAY_001935,ORD_001935,UPI,Successful,388.26
PAY_001936,ORD_001936,Credit Card,Successful,489.81
PAY_001937,ORD_001937,UPI,Failed,565.9
PAY_001938,ORD_001938,UPI,Successful,185.54
PAY_001939,ORD_001939,UPI,Successful,232.46
PAY_001940,ORD_001940,Credit Card,Successful,399.13
PAY_001941,ORD_001941,UPI,Successful,290.97
PAY_001942,ORD_001942,Debit Card,Successful,1304.05
PAY_001943,ORD_001943,Debit Card,Successful,578.54
PAY_001944,ORD_001944,Wallet,Successful,244.69
PAY_001945,ORD_001945,UPI,Successful,942.45
PAY_001946,ORD_001946,UPI,Refunded,568.67
PAY_001947,ORD_001947,UPI,Successful,1077.76
PAY_001948,ORD_001948,Wallet,Successful,112.57
PAY_001949,ORD_001949,UPI,Successful,109.61
PAY_001950,ORD_001950,UPI,Successful,739.58
PAY_001951,ORD_001951,UPI,Successful,891.68
PAY_001952,ORD_001952,Wallet,Successful,134.31
PAY_001953,ORD_001953,Debit Card,Successful,1529.58
PAY_001954,ORD_001954,UPI,Successful,354.81
PAY_001955,ORD_001955,UPI,Successful,238.29
PAY_001956,ORD_001956,UPI,Successful,938.21
PAY_001957,ORD_001957,UPI,Successful,131.57
PAY_001958,ORD_001958,UPI,Successful,534.93
PAY_001959,ORD_001959,UPI,Successful,493.33
PAY_001960,ORD_001960,Debit Card,Successful,411.71
PAY_001961,ORD_001961,Cash,Successful,312.24
PAY_001962,ORD_001962,UPI,Successful,1030.66
PAY_001963,ORD_001963,UPI,Successful,1421.82
PAY_001964,ORD_001964,Wallet,Successful,109.5
PAY_001965,ORD_001965,UPI,Successful,555.93
PAY_001966,ORD_001966,UPI,Failed,2553.83
PAY_001967,ORD_001967,UPI,Successful,184.4
PAY_001968,ORD_001968,Credit Card,Failed,465.11
PAY_001969,ORD_001969,Credit Card,Refunded,201.29
PAY_001970,ORD_001970,UPI,Refunded,114.82
PAY_001971,ORD_001971,Credit Card,Successful,501.18
PAY_001972,ORD_001972,UPI,Successful,1164.38
PAY_001973,ORD_001973,Debit Card,Successful,578.52
PAY_001974,ORD_001974,UPI,Successful,214.7
PAY_001975,ORD_001975,UPI,Successful,541.74
PAY_001976,ORD_001976,Debit Card,Successful,552.73
PAY_001977,ORD_001977,Debit Card,Successful,290.32
PAY_001978,ORD_001978,UPI,Successful,432.35
PAY_001979,ORD_001979,UPI,Successful,112.59
PAY_001980,ORD_001980,UPI,Successful,385.4
PAY_001981,ORD_001981,UPI,Successful,1003.23
PAY_001982,ORD_001982,UPI,Successful,372.21
PAY_001983,ORD_001983,Credit Card,Refunded,1055.14
PAY_001984,ORD_001984,Wallet,Successful,2098.06
PAY_001985,ORD_001985,Wallet,Successful,270.65
PAY_001986,ORD_001986,Debit Card,Successful,149.58
PAY_001987,ORD_001987,UPI,Successful,80.0
PAY_001988,ORD_001988,UPI,Successful,202.99
PAY_001989,ORD_001989,Credit Card,Successful,80.0
PAY_001990,ORD_001990,UPI,Failed,171.26
PAY_001991,ORD_001991,UPI,Successful,343.39
PAY_001992,ORD_001992,UPI,Successful,211.87
PAY_001993,ORD_001993,UPI,Successful,173.81
PAY_001994,ORD_001994,UPI,Successful,489.52
PAY_001995,ORD_001995,UPI,Successful,81.15
PAY_001996,ORD_001996,Debit Card,Successful,253.8
PAY_001997,ORD_001997,Credit Card,Successful,2131.41
PAY_001998,ORD_001998,UPI,Successful,2468.7
PAY_001999,ORD_001999,Debit Card,Successful,379.08
PAY_002000,ORD_002000,UPI,Refunded,1658.67
PAY_002001,ORD_002001,UPI,Successful,80.0
PAY_002002,ORD_002002,UPI,Successful,663.09
PAY_002003,ORD_002003,UPI,Successful,284.17
PAY_002004,ORD_002004,Credit Card,Successful,1475.07
PAY_002005,ORD_002005,UPI,Successful,1670.44
PAY_002006,ORD_002006,Cash,Successful,108.76
PAY_002007,ORD_002007,Credit Card,Successful,779.21
PAY_002008,ORD_002008,Credit Card,Successful,355.18
PAY_002009,ORD_002009,Credit Card,Successful,873.27
PAY_002010,ORD_002010,UPI,Successful,80.0
PAY_002011,ORD_002011,Wallet,Successful,1919.42
PAY_002012,ORD_002012,UPI,Successful,296.44
PAY_002013,ORD_002013,UPI,Successful,655.45
PAY_002014,ORD_002014,UPI,Successful,605.1
PAY_002015,ORD_002015,Debit Card,Failed,820.83
PAY_002016,ORD_002016,Credit Card,Successful,418.63
PAY_002017,ORD_002017,UPI,Successful,152.27
PAY_002018,ORD_002018,UPI,Successful,3545.27
PAY_002019,ORD_002019,Credit Card,Successful,110.69
PAY_002020,ORD_002020,UPI,Successful,2954.27
PAY_002021,ORD_002021,Cash,Successful,369.22
PAY_002022,ORD_002022,UPI,Refunded,456.7
PAY_002023,ORD_002023,UPI,Successful,1664.83
PAY_002024,ORD_002024,UPI,Successful,622.1
PAY_002025,ORD_002025,Debit Card,Successful,871.3
PAY_002026,ORD_002026,UPI,Successful,305.7
PAY_002027,ORD_002027,UPI,Successful,159.43
PAY_002028,ORD_002028,Debit Card,Successful,4595.75
PAY_002029,ORD_002029,Wallet,Successful,2698.05
PAY_002030,ORD_002030,Credit Card,Successful,1166.91
PAY_002031,ORD_002031,UPI,Successful,1130.76
PAY_002032,ORD_002032,Credit Card,Successful,735.27
PAY_002033,ORD_002033,UPI,Successful,650.5
PAY_002034,ORD_002034,UPI,Successful,80.0
PAY_002035,ORD_002035,UPI,Successful,361.7
PAY_002036,ORD_002036,Debit Card,Successful,162.97
PAY_002037,ORD_002037,Debit Card,Successful,359.09
PAY_002038,ORD_002038,UPI,Successful,238.63
PAY_002039,ORD_002039,Wallet,Successful,835.27
PAY_002040,ORD_002040,Credit Card,Successful,849.91
PAY_002041,ORD_002041,UPI,Successful,182.7
PAY_002042,ORD_002042,Cash,Successful,955.16
PAY_002043,ORD_002043,UPI,Successful,217.48
PAY_002044,ORD_002044,Debit Card,Successful,1441.48
PAY_002045,ORD_002045,Credit Card,Refunded,584.11
PAY_002046,ORD_002046,Cash,Successful,99.41
PAY_002047,ORD_002047,Debit Card,Successful,635.05
PAY_002048,ORD_002048,UPI,Successful,507.32
PAY_002049,ORD_002049,Debit Card,Successful,590.09
PAY_002050,ORD_002050,UPI,Successful,3151.72
PAY_002051,ORD_002051,UPI,Successful,218.79
PAY_002052,ORD_002052,UPI,Successful,204.19
PAY_002053,ORD_002053,Credit Card,Successful,1614.69
PAY_002054,ORD_002054,UPI,Successful,1284.2
PAY_002055,ORD_002055,Debit Card,Successful,1166.12
PAY_002056,ORD_002056,Debit Card,Successful,924.72
PAY_002057,ORD_002057,UPI,Successful,515.73
PAY_002058,ORD_002058,UPI,Successful,634.42
PAY_002059,ORD_002059,UPI,Successful,4044.11
PAY_002060,ORD_002060,UPI,Successful,169.35
PAY_002061,ORD_002061,UPI,Successful,628.94
PAY_002062,ORD_002062,UPI,Successful,1666.05
PAY_002063,ORD_002063,Cash,Successful,1156.31
PAY_002064,ORD_002064,Credit Card,Successful,276.29
PAY_002065,ORD_002065,Credit Card,Successful,410.45
PAY_002066,ORD_002066,Credit Card,Failed,275.84
PAY_002067,ORD_002067,Debit Card,Successful,384.78
PAY_002068,ORD_002068,Debit Card,Successful,438.81
PAY_002069,ORD_002069,UPI,Successful,305.33
PAY_002070,ORD_002070,UPI,Successful,1034.92
PAY_002071,ORD_002071,Cash,Successful,1421.83
PAY_002072,ORD_002072,Credit Card,Successful,143.17
PAY_002073,ORD_002073,Wallet,Successful,1225.67
PAY_002074,ORD_002074,UPI,Successful,682.72
PAY_002075,ORD_002075,UPI,Failed,463.87
PAY_002076,ORD_002076,UPI,Successful,1378.93
PAY_002077,ORD_002077,UPI,Successful,548.89
PAY_002078,ORD_002078,Cash,Successful,3718.58
PAY_002079,ORD_002079,Cash,Successful,3820.94
PAY_002080,ORD_002080,Wallet,Successful,267.76
PAY_002081,ORD_002081,Credit Card,Successful,804.74
PAY_002082,ORD_002082,Credit Card,Successful,502.53
PAY_002083,ORD_002083,Debit Card,Successful,339.76
PAY_002084,ORD_002084,UPI,Successful,703.07
PAY_002085,ORD_002085,UPI,Successful,80.0
PAY_002086,ORD_002086,Credit Card,Successful,279.52
PAY_002087,ORD_002087,UPI,Successful,362.8
PAY_002088,ORD_002088,UPI,Successful,374.76
PAY_002089,ORD_002089,UPI,Successful,570.5
PAY_002090,ORD_002090,Credit Card,Successful,664.75
PAY_002091,ORD_002091,Debit Card,Successful,523.99
PAY_002092,ORD_002092,Credit Card,Successful,178.05
PAY_002093,ORD_002093,Credit Card,Successful,187.17
PAY_002094,ORD_002094,UPI,Successful,1100.34
PAY_002095,ORD_002095,UPI,Successful,589.44
PAY_002096,ORD_002096,Debit Card,Successful,280.3
PAY_002097,ORD_002097,Debit Card,Successful,139.71
PAY_002098,ORD_002098,Cash,Successful,563.44
PAY_002099,ORD_002099,UPI,Successful,306.62
PAY_002100,ORD_002100,Debit Card,Successful,888.14
PAY_002101,ORD_002101,Cash,Successful,589.33
PAY_002102,ORD_002102,Wallet,Successful,148.27
PAY_002103,ORD_002103,UPI,Successful,290.86
PAY_002104,ORD_002104,UPI,Successful,1585.47
PAY_002105,ORD_002105,UPI,Successful,358.37
PAY_002106,ORD_002106,Credit Card,Successful,1155.48
PAY_002107,ORD_002107,UPI,Successful,1706.11
PAY_002108,ORD_002108,UPI,Successful,532.85
PAY_002109,ORD_002109,Debit Card,Successful,316.64
PAY_002110,ORD_002110,Credit Card,Refunded,205.79
PAY_002111,ORD_002111,Cash,Successful,124.69
PAY_002112,ORD_002112,UPI,Successful,971.44
PAY_002113,ORD_002113,Credit Card,Successful,135.01
PAY_002114,ORD_002114,UPI,Failed,940.74
PAY_002115,ORD_002115,UPI,Successful,474.27
PAY_002116,ORD_002116,Debit Card,Successful,452.9
PAY_002117,ORD_002117,Credit Card,Successful,924.16
PAY_002118,ORD_002118,Cash,Successful,1104.69
PAY_002119,ORD_002119,UPI,Successful,307.78
PAY_002120,ORD_002120,UPI,Successful,317.26
PAY_002121,ORD_002121,Cash,Successful,1382.44
PAY_002122,ORD_002122,UPI,Successful,657.4
PAY_002123,ORD_002123,Credit Card,Successful,1186.15
PAY_002124,ORD_002124,Cash,Successful,836.8
PAY_002125,ORD_002125,UPI,Successful,570.3
PAY_002126,ORD_002126,UPI,Successful,151.1
PAY_002127,ORD_002127,UPI,Successful,80.0
PAY_002128,ORD_002128,UPI,Successful,589.82
PAY_002129,ORD_002129,UPI,Successful,258.54
PAY_002130,ORD_002130,Credit Card,Successful,928.25
PAY_002131,ORD_002131,Debit Card,Failed,2806.2
PAY_002132,ORD_002132,UPI,Successful,512.41
PAY_002133,ORD_002133,UPI,Refunded,109.19
PAY_002134,ORD_002134,UPI,Refunded,1157.53
PAY_002135,ORD_002135,Credit Card,Successful,257.6
PAY_002136,ORD_002136,Credit Card,Successful,88.96
PAY_002137,ORD_002137,UPI,Successful,930.89
PAY_002138,ORD_002138,UPI,Successful,272.87
PAY_002139,ORD_002139,UPI,Successful,1668.11
PAY_002140,ORD_002140,UPI,Successful,170.21
PAY_002141,ORD_002141,Debit Card,Successful,1211.44
PAY_002142,ORD_002142,Debit Card,Refunded,980.44
PAY_002143,ORD_002143,UPI,Failed,116.14
PAY_002144,ORD_002144,Credit Card,Successful,232.27
PAY_002145,ORD_002145,UPI,Successful,753.4
PAY_002146,ORD_002146,Debit Card,Failed,473.95
PAY_002147,ORD_002147,Cash,Successful,226.63
PAY_002148,ORD_002148,Debit Card,Successful,381.06
PAY_002149,ORD_002149,UPI,Successful,1259.14
PAY_002150,ORD_002150,UPI,Successful,351.15
PAY_002151,ORD_002151,UPI,Successful,346.75
PAY_002152,ORD_002152,Credit Card,Successful,118.19
PAY_002153,ORD_002153,UPI,Successful,379.46
PAY_002154,ORD_002154,Credit Card,Successful,988.05
PAY_002155,ORD_002155,UPI,Successful,295.7
PAY_002156,ORD_002156,UPI,Failed,1329.41
PAY_002157,ORD_002157,Credit Card,Successful,500.06
PAY_002158,ORD_002158,UPI,Successful,123.64
PAY_002159,ORD_002159,UPI,Successful,903.79
PAY_002160,ORD_002160,UPI,Successful,258.49
PAY_002161,ORD_002161,UPI,Successful,509.73
PAY_002162,ORD_002162,UPI,Successful,425.85
PAY_002163,ORD_002163,Cash,Successful,302.48
PAY_002164,ORD_002164,Debit Card,Successful,200.7
PAY_002165,ORD_002165,UPI,Successful,958.63
PAY_002166,ORD_002166,Credit Card,Successful,264.27
PAY_002167,ORD_002167,UPI,Successful,774.0
PAY_002168,ORD_002168,UPI,Successful,1297.03
PAY_002169,ORD_002169,UPI,Successful,258.35
PAY_002170,ORD_002170,UPI,Successful,524.49
PAY_002171,ORD_002171,Debit Card,Successful,437.05
PAY_002172,ORD_002172,Wallet,Failed,782.7
PAY_002173,ORD_002173,UPI,Refunded,523.25
PAY_002174,ORD_002174,Wallet,Failed,404.11
PAY_002175,ORD_002175,Debit Card,Successful,605.01
PAY_002176,ORD_002176,Debit Card,Successful,298.14
PAY_002177,ORD_002177,UPI,Successful,191.58
PAY_002178,ORD_002178,UPI,Successful,1016.45
PAY_002179,ORD_002179,Credit Card,Successful,202.28
PAY_002180,ORD_002180,Wallet,Successful,1829.08
PAY_002181,ORD_002181,UPI,Successful,534.25
PAY_002182,ORD_002182,UPI,Successful,1056.3
PAY_002183,ORD_002183,Credit Card,Successful,285.52
PAY_002184,ORD_002184,UPI,Successful,977.37
PAY_002185,ORD_002185,UPI,Successful,198.99
PAY_002186,ORD_002186,Credit Card,Successful,1336.2
PAY_002187,ORD_002187,UPI,Successful,883.78
PAY_002188,ORD_002188,UPI,Successful,458.12
PAY_002189,ORD_002189,UPI,Successful,283.43
PAY_002190,ORD_002190,Credit Card,Refunded,1063.93
PAY_002191,ORD_002191,Wallet,Successful,368.43
PAY_002192,ORD_002192,UPI,Successful,973.21
PAY_002193,ORD_002193,Credit Card,Successful,484.62
PAY_002194,ORD_002194,Wallet,Successful,907.87
PAY_002195,ORD_002195,Cash,Successful,147.75
PAY_002196,ORD_002196,Credit Card,Successful,426.48
PAY_002197,ORD_002197,Credit Card,Successful,2290.79
PAY_002198,ORD_002198,UPI,Successful,1308.58
PAY_002199,ORD_002199,UPI,Successful,418.55
PAY_002200,ORD_002200,UPI,Successful,309.59
PAY_002201,ORD_002201,UPI,Successful,663.97
PAY_002202,ORD_002202,Cash,Successful,483.67
PAY_002203,ORD_002203,UPI,Successful,515.93
PAY_002204,ORD_002204,UPI,Successful,2767.75
PAY_002205,ORD_002205,Credit Card,Successful,409.69
PAY_002206,ORD_002206,Credit Card,Successful,1308.98
PAY_002207,ORD_002207,UPI,Successful,490.71
PAY_002208,ORD_002208,Credit Card,Successful,376.68
PAY_002209,ORD_002209,Credit Card,Successful,358.55
PAY_002210,ORD_002210,Debit Card,Successful,195.07
PAY_002211,ORD_002211,UPI,Successful,687.85
PAY_002212,ORD_002212,UPI,Successful,186.98
PAY_002213,ORD_002213,Wallet,Successful,1097.6
PAY_002214,ORD_002214,UPI,Successful,265.73
PAY_002215,ORD_002215,Credit Card,Successful,536.44
PAY_002216,ORD_002216,Credit Card,Successful,198.88
PAY_002217,ORD_002217,UPI,Successful,676.58
PAY_002218,ORD_002218,Debit Card,Successful,849.36
PAY_002219,ORD_002219,UPI,Successful,642.81
PAY_002220,ORD_002220,Debit Card,Successful,1220.79
PAY_002221,ORD_002221,UPI,Successful,1615.43
PAY_002222,ORD_002222,UPI,Refunded,1417.33
PAY_002223,ORD_002223,UPI,Refunded,275.59
PAY_002224,ORD_002224,Wallet,Successful,655.95
PAY_002225,ORD_002225,UPI,Successful,421.74
PAY_002226,ORD_002226,Credit Card,Successful,5000.0
PAY_002227,ORD_002227,UPI,Successful,323.84
PAY_002228,ORD_002228,UPI,Successful,1756.25
PAY_002229,ORD_002229,UPI,Successful,676.98
PAY_002230,ORD_002230,Debit Card,Successful,989.71
PAY_002231,ORD_002231,UPI,Successful,98.79
PAY_002232,ORD_002232,Cash,Successful,154.29
PAY_002233,ORD_002233,UPI,Successful,765.87
PAY_002234,ORD_002234,UPI,Refunded,321.73
PAY_002235,ORD_002235,UPI,Successful,1510.95
PAY_002236,ORD_002236,Credit Card,Successful,668.79
PAY_002237,ORD_002237,UPI,Successful,445.2
PAY_002238,ORD_002238,Credit Card,Successful,1603.19
PAY_002239,ORD_002239,Debit Card,Successful,876.65
PAY_002240,ORD_002240,Debit Card,Successful,1044.14
PAY_002241,ORD_002241,Debit Card,Successful,207.65
PAY_002242,ORD_002242,UPI,Successful,223.56
PAY_002243,ORD_002243,Credit Card,Successful,378.08
PAY_002244,ORD_002244,Wallet,Successful,649.68
PAY_002245,ORD_002245,UPI,Successful,976.51
PAY_002246,ORD_002246,UPI,Refunded,628.42
PAY_002247,ORD_002247,UPI,Successful,379.09
PAY_002248,ORD_002248,Debit Card,Successful,2048.23
PAY_002249,ORD_002249,UPI,Successful,108.38
PAY_002250,ORD_002250,Debit Card,Successful,604.86
PAY_002251,ORD_002251,Debit Card,Successful,967.51
PAY_002252,ORD_002252,Debit Card,Successful,1012.95
PAY_002253,ORD_002253,Credit Card,Successful,907.26
PAY_002254,ORD_002254,Debit Card,Successful,4805.7
PAY_002255,ORD_002255,Credit Card,Successful,1040.58
PAY_002256,ORD_002256,UPI,Successful,454.04
PAY_002257,ORD_002257,UPI,Successful,147.4
PAY_002258,ORD_002258,UPI,Successful,84.47
PAY_002259,ORD_002259,UPI,Successful,159.23
PAY_002260,ORD_002260,Credit Card,Successful,232.78
PAY_002261,ORD_002261,UPI,Successful,90.9
PAY_002262,ORD_002262,Cash,Successful,207.83
PAY_002263,ORD_002263,UPI,Successful,888.65
PAY_002264,ORD_002264,UPI,Successful,1398.37
PAY_002265,ORD_002265,UPI,Successful,765.21
PAY_002266,ORD_002266,UPI,Successful,420.92
PAY_002267,ORD_002267,UPI,Successful,1995.94
PAY_002268,ORD_002268,Credit Card,Successful,238.76
PAY_002269,ORD_002269,UPI,Successful,1222.79
PAY_002270,ORD_002270,Credit Card,Successful,3530.45
PAY_002271,ORD_002271,UPI,Successful,390.83
PAY_002272,ORD_002272,UPI,Successful,417.8
PAY_002273,ORD_002273,UPI,Successful,250.62
PAY_002274,ORD_002274,UPI,Failed,555.86
PAY_002275,ORD_002275,UPI,Successful,789.47
PAY_002276,ORD_002276,UPI,Refunded,303.91
PAY_002277,ORD_002277,UPI,Successful,346.92
PAY_002278,ORD_002278,Debit Card,Successful,925.46
PAY_002279,ORD_002279,UPI,Successful,806.22
PAY_002280,ORD_002280,UPI,Successful,476.68
PAY_002281,ORD_002281,UPI,Successful,1697.57
PAY_002282,ORD_002282,UPI,Successful,309.28
PAY_002283,ORD_002283,Debit Card,Successful,204.49
PAY_002284,ORD_002284,Debit Card,Successful,191.56
PAY_002285,ORD_002285,Cash,Successful,261.99
PAY_002286,ORD_002286,UPI,Successful,561.34
PAY_002287,ORD_002287,UPI,Successful,618.64
PAY_002288,ORD_002288,UPI,Successful,391.97
PAY_002289,ORD_002289,UPI,Successful,93.62
PAY_002290,ORD_002290,UPI,Successful,264.71
PAY_002291,ORD_002291,Debit Card,Successful,817.95
PAY_002292,ORD_002292,UPI,Successful,191.62
PAY_002293,ORD_002293,Credit Card,Successful,2237.3
PAY_002294,ORD_002294,UPI,Successful,547.33
PAY_002295,ORD_002295,Wallet,Successful,797.71
PAY_002296,ORD_002296,UPI,Successful,1688.06
PAY_002297,ORD_002297,UPI,Successful,309.28
PAY_002298,ORD_002298,UPI,Successful,241.01
PAY_002299,ORD_002299,UPI,Successful,426.68
PAY_002300,ORD_002300,UPI,Successful,348.36
PAY_002301,ORD_002301,UPI,Refunded,308.27
PAY_002302,ORD_002302,Credit Card,Failed,2844.53
PAY_002303,ORD_002303,Wallet,Successful,862.17
PAY_002304,ORD_002304,UPI,Successful,247.12
PAY_002305,ORD_002305,UPI,Successful,636.56
PAY_002306,ORD_002306,UPI,Successful,321.35
PAY_002307,ORD_002307,Debit Card,Successful,113.31
PAY_002308,ORD_002308,Credit Card,Successful,722.75
PAY_002309,ORD_002309,UPI,Successful,261.18
PAY_002310,ORD_002310,UPI,Successful,1416.06
PAY_002311,ORD_002311,UPI,Successful,3000.6
PAY_002312,ORD_002312,Credit Card,Successful,1097.03
PAY_002313,ORD_002313,Credit Card,Successful,161.6
PAY_002314,ORD_002314,Debit Card,Successful,401.33
PAY_002315,ORD_002315,Cash,Successful,417.72
PAY_002316,ORD_002316,UPI,Successful,183.61
PAY_002317,ORD_002317,UPI,Failed,752.1
PAY_002318,ORD_002318,UPI,Successful,1320.28
PAY_002319,ORD_002319,UPI,Successful,3096.82
PAY_002320,ORD_002320,Cash,Successful,400.05
PAY_002321,ORD_002321,UPI,Failed,479.06
PAY_002322,ORD_002322,UPI,Failed,695.28
PAY_002323,ORD_002323,UPI,Failed,201.46
PAY_002324,ORD_002324,Debit Card,Successful,1747.49
PAY_002325,ORD_002325,Wallet,Failed,1072.24
PAY_002326,ORD_002326,Credit Card,Failed,270.91
PAY_002327,ORD_002327,Debit Card,Refunded,1566.7
PAY_002328,ORD_002328,UPI,Successful,5000.0
PAY_002329,ORD_002329,UPI,Refunded,141.96
PAY_002330,ORD_002330,UPI,Successful,214.29
PAY_002331,ORD_002331,Debit Card,Successful,530.14
PAY_002332,ORD_002332,UPI,Successful,797.63
PAY_002333,ORD_002333,UPI,Successful,148.81
PAY_002334,ORD_002334,UPI,Successful,152.82
PAY_002335,ORD_002335,UPI,Successful,351.22
PAY_002336,ORD_002336,UPI,Successful,705.94
PAY_002337,ORD_002337,UPI,Successful,393.58
PAY_002338,ORD_002338,Debit Card,Successful,405.9
PAY_002339,ORD_002339,Debit Card,Successful,853.13
PAY_002340,ORD_002340,UPI,Successful,511.73
PAY_002341,ORD_002341,UPI,Successful,1521.24
PAY_002342,ORD_002342,Credit Card,Successful,3061.67
PAY_002343,ORD_002343,Debit Card,Successful,1393.01
PAY_002344,ORD_002344,UPI,Successful,1145.16
PAY_002345,ORD_002345,UPI,Successful,807.3
PAY_002346,ORD_002346,UPI,Successful,371.78
PAY_002347,ORD_002347,Wallet,Failed,797.9
PAY_002348,ORD_002348,UPI,Successful,806.68
PAY_002349,ORD_002349,UPI,Successful,693.14
PAY_002350,ORD_002350,UPI,Successful,141.89
PAY_002351,ORD_002351,Credit Card,Successful,101.05
PAY_002352,ORD_002352,Wallet,Successful,695.22
PAY_002353,ORD_002353,Debit Card,Successful,1489.24
PAY_002354,ORD_002354,UPI,Successful,380.11
PAY_002355,ORD_002355,UPI,Successful,1041.12
PAY_002356,ORD_002356,Credit Card,Successful,678.75
PAY_002357,ORD_002357,Debit Card,Successful,109.87
PAY_002358,ORD_002358,UPI,Successful,583.97
PAY_002359,ORD_002359,UPI,Successful,460.74
PAY_002360,ORD_002360,Cash,Failed,508.73
PAY_002361,ORD_002361,Credit Card,Successful,2480.72
PAY_002362,ORD_002362,Wallet,Refunded,231.74
PAY_002363,ORD_002363,UPI,Successful,304.32
PAY_002364,ORD_002364,UPI,Successful,317.13
PAY_002365,ORD_002365,Wallet,Successful,1501.33
PAY_002366,ORD_002366,UPI,Successful,1801.51
PAY_002367,ORD_002367,Debit Card,Successful,746.28
PAY_002368,ORD_002368,Credit Card,Successful,116.89
PAY_002369,ORD_002369,UPI,Successful,3131.64
PAY_002370,ORD_002370,UPI,Failed,80.0
PAY_002371,ORD_002371,Debit Card,Successful,975.57
PAY_002372,ORD_002372,Credit Card,Successful,508.14
PAY_002373,ORD_002373,UPI,Successful,330.92
PAY_002374,ORD_002374,Credit Card,Successful,902.61
PAY_002375,ORD_002375,UPI,Successful,264.91
PAY_002376,ORD_002376,UPI,Successful,378.55
PAY_002377,ORD_002377,UPI,Successful,2624.45
PAY_002378,ORD_002378,Debit Card,Successful,562.88
PAY_002379,ORD_002379,UPI,Successful,806.67
PAY_002380,ORD_002380,UPI,Successful,779.59
PAY_002381,ORD_002381,Credit Card,Successful,239.41
PAY_002382,ORD_002382,Credit Card,Successful,967.44
PAY_002383,ORD_002383,UPI,Successful,104.49
PAY_002384,ORD_002384,UPI,Refunded,378.91
PAY_002385,ORD_002385,UPI,Successful,783.34
PAY_002386,ORD_002386,Credit Card,Successful,80.0
PAY_002387,ORD_002387,Wallet,Successful,573.65
PAY_002388,ORD_002388,Cash,Successful,366.59
PAY_002389,ORD_002389,UPI,Successful,238.63
PAY_002390,ORD_002390,Credit Card,Successful,581.22
PAY_002391,ORD_002391,UPI,Successful,456.26
PAY_002392,ORD_002392,Debit Card,Successful,666.77
PAY_002393,ORD_002393,Debit Card,Successful,957.14
PAY_002394,ORD_002394,Credit Card,Successful,442.98
PAY_002395,ORD_002395,UPI,Successful,148.12
PAY_002396,ORD_002396,UPI,Successful,2543.12
PAY_002397,ORD_002397,UPI,Successful,576.93
PAY_002398,ORD_002398,UPI,Successful,1047.76
PAY_002399,ORD_002399,Debit Card,Successful,120.81
PAY_002400,ORD_002400,Wallet,Successful,114.73
PAY_002401,ORD_002401,Debit Card,Successful,1270.95
PAY_002402,ORD_002402,Credit Card,Successful,937.0
PAY_002403,ORD_002403,UPI,Failed,341.89
PAY_002404,ORD_002404,UPI,Successful,550.26
PAY_002405,ORD_002405,UPI,Successful,807.75
PAY_002406,ORD_002406,UPI,Successful,763.13
PAY_002407,ORD_002407,UPI,Successful,615.16
PAY_002408,ORD_002408,UPI,Successful,390.47
PAY_002409,ORD_002409,UPI,Successful,639.98
PAY_002410,ORD_002410,Wallet,Successful,449.14
PAY_002411,ORD_002411,Wallet,Successful,1336.47
PAY_002412,ORD_002412,UPI,Refunded,103.02
PAY_002413,ORD_002413,Debit Card,Successful,766.61
PAY_002414,ORD_002414,UPI,Successful,128.63
PAY_002415,ORD_002415,Wallet,Successful,256.87
PAY_002416,ORD_002416,UPI,Successful,734.25
PAY_002417,ORD_002417,Debit Card,Successful,683.15
PAY_002418,ORD_002418,Wallet,Successful,812.44
PAY_002419,ORD_002419,Credit Card,Successful,254.18
PAY_002420,ORD_002420,UPI,Successful,115.25
PAY_002421,ORD_002421,UPI,Successful,358.82
PAY_002422,ORD_002422,UPI,Successful,743.67
PAY_002423,ORD_002423,Wallet,Successful,493.24
PAY_002424,ORD_002424,UPI,Successful,157.42
PAY_002425,ORD_002425,Wallet,Successful,844.89
PAY_002426,ORD_002426,Credit Card,Successful,255.35
PAY_002427,ORD_002427,UPI,Successful,1253.89
PAY_002428,ORD_002428,Debit Card,Successful,211.29
PAY_002429,ORD_002429,UPI,Successful,498.3
PAY_002430,ORD_002430,UPI,Successful,790.36
PAY_002431,ORD_002431,Cash,Successful,196.5
PAY_002432,ORD_002432,Debit Card,Successful,1088.88
PAY_002433,ORD_002433,Credit Card,Successful,1736.93
PAY_002434,ORD_002434,Cash,Successful,2427.71
PAY_002435,ORD_002435,UPI,Successful,443.77
PAY_002436,ORD_002436,Credit Card,Successful,1240.16
PAY_002437,ORD_002437,UPI,Successful,498.26
PAY_002438,ORD_002438,Credit Card,Successful,176.77
PAY_002439,ORD_002439,UPI,Successful,526.27
PAY_002440,ORD_002440,Credit Card,Successful,782.64
PAY_002441,ORD_002441,UPI,Failed,2304.12
PAY_002442,ORD_002442,Wallet,Successful,831.91
PAY_002443,ORD_002443,Wallet,Successful,2868.96
PAY_002444,ORD_002444,UPI,Successful,272.7
PAY_002445,ORD_002445,UPI,Successful,626.82
PAY_002446,ORD_002446,UPI,Successful,207.39
PAY_002447,ORD_002447,UPI,Successful,694.45
PAY_002448,ORD_002448,UPI,Successful,1036.96
PAY_002449,ORD_002449,UPI,Successful,218.63
PAY_002450,ORD_002450,UPI,Successful,1972.81
PAY_002451,ORD_002451,Credit Card,Successful,221.53
PAY_002452,ORD_002452,UPI,Successful,712.63
PAY_002453,ORD_002453,Debit Card,Refunded,102.54
PAY_002454,ORD_002454,UPI,Failed,551.19
PAY_002455,ORD_002455,UPI,Refunded,309.83
PAY_002456,ORD_002456,Credit Card,Refunded,115.77
PAY_002457,ORD_002457,Debit Card,Successful,801.71
PAY_002458,ORD_002458,UPI,Successful,860.77
PAY_002459,ORD_002459,UPI,Successful,533.03
PAY_002460,ORD_002460,UPI,Successful,273.16
PAY_002461,ORD_002461,Credit Card,Successful,320.79
PAY_002462,ORD_002462,Credit Card,Successful,921.43
PAY_002463,ORD_002463,UPI,Successful,437.9
PAY_002464,ORD_002464,UPI,Successful,4207.36
PAY_002465,ORD_002465,UPI,Successful,229.45
PAY_002466,ORD_002466,UPI,Successful,422.54
PAY_002467,ORD_002467,UPI,Successful,252.09
PAY_002468,ORD_002468,UPI,Successful,262.13
PAY_002469,ORD_002469,Credit Card,Successful,129.33
PAY_002470,ORD_002470,Wallet,Successful,196.76
PAY_002471,ORD_002471,UPI,Successful,101.85
PAY_002472,ORD_002472,UPI,Successful,2257.13
PAY_002473,ORD_002473,UPI,Successful,96.66
PAY_002474,ORD_002474,UPI,Successful,95.85
PAY_002475,ORD_002475,UPI,Successful,183.18
PAY_002476,ORD_002476,UPI,Successful,854.44
PAY_002477,ORD_002477,Credit Card,Successful,1465.02
PAY_002478,ORD_002478,UPI,Successful,214.1
PAY_002479,ORD_002479,Credit Card,Successful,2539.63
PAY_002480,ORD_002480,Wallet,Successful,226.86
PAY_002481,ORD_002481,UPI,Failed,747.97
PAY_002482,ORD_002482,Cash,Successful,90.61
PAY_002483,ORD_002483,Credit Card,Successful,130.42
PAY_002484,ORD_002484,UPI,Successful,212.39
PAY_002485,ORD_002485,UPI,Successful,579.49
PAY_002486,ORD_002486,UPI,Successful,2016.96
PAY_002487,ORD_002487,UPI,Successful,714.25
PAY_002488,ORD_002488,Credit Card,Successful,183.73
PAY_002489,ORD_002489,Wallet,Successful,1963.03
PAY_002490,ORD_002490,Wallet,Successful,473.83
PAY_002491,ORD_002491,UPI,Successful,389.09
PAY_002492,ORD_002492,UPI,Successful,80.0
PAY_002493,ORD_002493,Cash,Successful,919.82
PAY_002494,ORD_002494,UPI,Successful,576.63
PAY_002495,ORD_002495,Debit Card,Successful,424.26
PAY_002496,ORD_002496,UPI,Successful,97.58
PAY_002497,ORD_002497,Wallet,Refunded,983.41
PAY_002498,ORD_002498,Wallet,Successful,389.61
PAY_002499,ORD_002499,UPI,Successful,780.5
PAY_002500,ORD_002500,UPI,Successful,573.28
PAY_002501,ORD_002501,Wallet,Successful,609.55
PAY_002502,ORD_002502,Credit Card,Successful,1339.7
PAY_002503,ORD_002503,UPI,Successful,706.05
PAY_002504,ORD_002504,UPI,Successful,655.62
PAY_002505,ORD_002505,UPI,Successful,787.06
PAY_002506,ORD_002506,Cash,Successful,1018.03
PAY_002507,ORD_002507,UPI,Successful,545.69
PAY_002508,ORD_002508,UPI,Failed,551.23
PAY_002509,ORD_002509,Cash,Successful,2041.6
PAY_002510,ORD_002510,UPI,Successful,168.2
PAY_002511,ORD_002511,UPI,Successful,1075.08
PAY_002512,ORD_002512,Debit Card,Successful,661.93
PAY_002513,ORD_002513,Debit Card,Successful,319.16
PAY_002514,ORD_002514,Wallet,Successful,591.47
PAY_002515,ORD_002515,UPI,Successful,939.77
PAY_002516,ORD_002516,UPI,Successful,190.24
PAY_002517,ORD_002517,Wallet,Successful,243.36
PAY_002518,ORD_002518,Debit Card,Successful,140.63
PAY_002519,ORD_002519,Credit Card,Successful,484.69
PAY_002520,ORD_002520,Credit Card,Successful,2070.23
PAY_002521,ORD_002521,Wallet,Successful,159.2
PAY_002522,ORD_002522,UPI,Successful,388.52
PAY_002523,ORD_002523,Debit Card,Successful,1255.98
PAY_002524,ORD_002524,UPI,Successful,308.47
PAY_002525,ORD_002525,Debit Card,Successful,768.38
PAY_002526,ORD_002526,UPI,Successful,732.32
PAY_002527,ORD_002527,Credit Card,Successful,1449.39
PAY_002528,ORD_002528,UPI,Successful,822.97
PAY_002529,ORD_002529,UPI,Successful,1585.3
PAY_002530,ORD_002530,UPI,Successful,80.0
PAY_002531,ORD_002531,Wallet,Successful,630.99
PAY_002532,ORD_002532,Credit Card,Failed,80.0
PAY_002533,ORD_002533,Wallet,Successful,439.66
PAY_002534,ORD_002534,Debit Card,Successful,303.33
PAY_002535,ORD_002535,UPI,Successful,2754.73
PAY_002536,ORD_002536,Debit Card,Successful,164.35
PAY_002537,ORD_002537,UPI,Successful,781.17
PAY_002538,ORD_002538,Credit Card,Successful,929.57
PAY_002539,ORD_002539,Wallet,Successful,368.5
PAY_002540,ORD_002540,Wallet,Successful,220.24
PAY_002541,ORD_002541,UPI,Successful,1337.16
PAY_002542,ORD_002542,UPI,Successful,1310.28
PAY_002543,ORD_002543,UPI,Successful,354.74
PAY_002544,ORD_002544,Credit Card,Successful,1043.13
PAY_002545,ORD_002545,UPI,Successful,872.66
PAY_002546,ORD_002546,UPI,Successful,80.0
PAY_002547,ORD_002547,UPI,Successful,1389.07
PAY_002548,ORD_002548,UPI,Successful,386.7
PAY_002549,ORD_002549,Cash,Successful,241.13
PAY_002550,ORD_002550,Credit Card,Successful,488.9
PAY_002551,ORD_002551,UPI,Successful,80.0
PAY_002552,ORD_002552,UPI,Successful,302.1
PAY_002553,ORD_002553,Credit Card,Successful,948.86
PAY_002554,ORD_002554,Wallet,Successful,80.21
PAY_002555,ORD_002555,Credit Card,Successful,705.37
PAY_002556,ORD_002556,UPI,Successful,232.67
PAY_002557,ORD_002557,Debit Card,Successful,138.35
PAY_002558,ORD_002558,UPI,Successful,225.23
PAY_002559,ORD_002559,Wallet,Refunded,139.06
PAY_002560,ORD_002560,Credit Card,Successful,611.52
PAY_002561,ORD_002561,UPI,Successful,1195.84
PAY_002562,ORD_002562,Credit Card,Successful,562.33
PAY_002563,ORD_002563,UPI,Successful,197.66
PAY_002564,ORD_002564,UPI,Successful,981.77
PAY_002565,ORD_002565,Credit Card,Successful,80.0
PAY_002566,ORD_002566,Debit Card,Successful,1601.9
PAY_002567,ORD_002567,UPI,Successful,281.82
PAY_002568,ORD_002568,UPI,Successful,650.41
PAY_002569,ORD_002569,UPI,Successful,456.36
PAY_002570,ORD_002570,UPI,Successful,120.13
PAY_002571,ORD_002571,Credit Card,Successful,181.23
PAY_002572,ORD_002572,UPI,Successful,272.7
PAY_002573,ORD_002573,UPI,Successful,498.46
PAY_002574,ORD_002574,UPI,Successful,170.67
PAY_002575,ORD_002575,UPI,Successful,764.46
PAY_002576,ORD_002576,Credit Card,Successful,93.64
PAY_002577,ORD_002577,Credit Card,Successful,307.94
PAY_002578,ORD_002578,UPI,Successful,366.81
PAY_002579,ORD_002579,UPI,Successful,530.42
PAY_002580,ORD_002580,UPI,Successful,860.9
PAY_002581,ORD_002581,Debit Card,Refunded,346.39
PAY_002582,ORD_002582,UPI,Successful,1516.23
PAY_002583,ORD_002583,Wallet,Successful,575.89
PAY_002584,ORD_002584,UPI,Successful,304.0
PAY_002585,ORD_002585,UPI,Successful,1975.51
PAY_002586,ORD_002586,UPI,Successful,186.03
PAY_002587,ORD_002587,UPI,Successful,1373.7
PAY_002588,ORD_002588,UPI,Successful,1475.67
PAY_002589,ORD_002589,UPI,Successful,1086.25
PAY_002590,ORD_002590,Debit Card,Successful,383.85
PAY_002591,ORD_002591,UPI,Successful,1293.43
PAY_002592,ORD_002592,Wallet,Successful,483.06
PAY_002593,ORD_002593,UPI,Successful,94.52
PAY_002594,ORD_002594,Wallet,Successful,141.82
PAY_002595,ORD_002595,Debit Card,Successful,263.82
PAY_002596,ORD_002596,UPI,Successful,575.01
PAY_002597,ORD_002597,Debit Card,Successful,144.74
PAY_002598,ORD_002598,UPI,Successful,100.76
PAY_002599,ORD_002599,UPI,Successful,179.52
PAY_002600,ORD_002600,UPI,Successful,253.04
PAY_002601,ORD_002601,UPI,Successful,4214.36
PAY_002602,ORD_002602,Cash,Successful,1415.18
PAY_002603,ORD_002603,UPI,Successful,591.5
PAY_002604,ORD_002604,Credit Card,Successful,1197.46
PAY_002605,ORD_002605,Cash,Successful,3066.47
PAY_002606,ORD_002606,UPI,Successful,481.43
PAY_002607,ORD_002607,Credit Card,Successful,361.25
PAY_002608,ORD_002608,Wallet,Successful,1279.01
PAY_002609,ORD_002609,UPI,Successful,848.61
PAY_002610,ORD_002610,UPI,Successful,776.87
PAY_002611,ORD_002611,UPI,Successful,1485.3
PAY_002612,ORD_002612,UPI,Successful,592.91
PAY_002613,ORD_002613,UPI,Successful,157.14
PAY_002614,ORD_002614,Credit Card,Successful,286.59
PAY_002615,ORD_002615,UPI,Successful,84.1
PAY_002616,ORD_002616,UPI,Successful,120.8
PAY_002617,ORD_002617,Debit Card,Successful,913.58
PAY_002618,ORD_002618,Credit Card,Successful,348.06
PAY_002619,ORD_002619,UPI,Successful,571.55
PAY_002620,ORD_002620,UPI,Refunded,233.03
PAY_002621,ORD_002621,UPI,Successful,366.32
PAY_002622,ORD_002622,Debit Card,Successful,465.91
PAY_002623,ORD_002623,UPI,Successful,95.76
PAY_002624,ORD_002624,Debit Card,Successful,707.82
PAY_002625,ORD_002625,UPI,Successful,721.63
PAY_002626,ORD_002626,Debit Card,Successful,328.46
PAY_002627,ORD_002627,UPI,Successful,1064.39
PAY_002628,ORD_002628,UPI,Successful,909.48
PAY_002629,ORD_002629,UPI,Successful,541.56
PAY_002630,ORD_002630,Debit Card,Refunded,1257.64
PAY_002631,ORD_002631,UPI,Successful,495.12
PAY_002632,ORD_002632,UPI,Successful,235.06
PAY_002633,ORD_002633,Cash,Successful,4684.16
PAY_002634,ORD_002634,UPI,Successful,472.61
PAY_002635,ORD_002635,Credit Card,Successful,216.41
PAY_002636,ORD_002636,UPI,Successful,235.67
PAY_002637,ORD_002637,UPI,Successful,325.2
PAY_002638,ORD_002638,UPI,Successful,2367.24
PAY_002639,ORD_002639,UPI,Successful,186.88
PAY_002640,ORD_002640,Debit Card,Successful,324.94
PAY_002641,ORD_002641,Wallet,Successful,255.6
PAY_002642,ORD_002642,Wallet,Successful,176.46
PAY_002643,ORD_002643,UPI,Successful,1651.58
PAY_002644,ORD_002644,UPI,Successful,2326.16
PAY_002645,ORD_002645,UPI,Successful,153.26
PAY_002646,ORD_002646,UPI,Failed,2400.99
PAY_002647,ORD_002647,Credit Card,Successful,627.4
PAY_002648,ORD_002648,UPI,Successful,643.83
PAY_002649,ORD_002649,Wallet,Failed,874.3
PAY_002650,ORD_002650,UPI,Successful,544.07
PAY_002651,ORD_002651,Credit Card,Successful,719.89
PAY_002652,ORD_002652,UPI,Successful,532.86
PAY_002653,ORD_002653,UPI,Refunded,624.9
PAY_002654,ORD_002654,Wallet,Successful,418.26
PAY_002655,ORD_002655,UPI,Successful,264.51
PAY_002656,ORD_002656,UPI,Successful,354.96
PAY_002657,ORD_002657,UPI,Successful,300.2
PAY_002658,ORD_002658,UPI,Refunded,1202.53
PAY_002659,ORD_002659,Credit Card,Failed,798.46
PAY_002660,ORD_002660,UPI,Successful,151.35
PAY_002661,ORD_002661,UPI,Successful,1062.53
PAY_002662,ORD_002662,UPI,Refunded,3150.31
PAY_002663,ORD_002663,Wallet,Successful,298.98
PAY_002664,ORD_002664,Credit Card,Successful,370.27
PAY_002665,ORD_002665,UPI,Successful,420.69
PAY_002666,ORD_002666,Debit Card,Successful,1324.63
PAY_002667,ORD_002667,UPI,Successful,267.31
PAY_002668,ORD_002668,Debit Card,Refunded,569.75
PAY_002669,ORD_002669,Wallet,Successful,368.4
PAY_002670,ORD_002670,Wallet,Successful,200.23
PAY_002671,ORD_002671,UPI,Successful,712.83
PAY_002672,ORD_002672,UPI,Successful,111.3
PAY_002673,ORD_002673,UPI,Successful,80.0
PAY_002674,ORD_002674,UPI,Successful,973.15
PAY_002675,ORD_002675,UPI,Successful,450.83
PAY_002676,ORD_002676,UPI,Successful,335.83
PAY_002677,ORD_002677,UPI,Successful,80.0
PAY_002678,ORD_002678,Credit Card,Failed,420.52
PAY_002679,ORD_002679,UPI,Successful,857.66
PAY_002680,ORD_002680,UPI,Successful,763.14
PAY_002681,ORD_002681,UPI,Successful,1177.92
PAY_002682,ORD_002682,UPI,Successful,299.33
PAY_002683,ORD_002683,Cash,Successful,80.0
PAY_002684,ORD_002684,Credit Card,Successful,282.78
PAY_002685,ORD_002685,UPI,Successful,749.72
PAY_002686,ORD_002686,UPI,Successful,261.2
PAY_002687,ORD_002687,UPI,Successful,481.21
PAY_002688,ORD_002688,Credit Card,Successful,180.85
PAY_002689,ORD_002689,UPI,Successful,382.98
PAY_002690,ORD_002690,Debit Card,Successful,1448.02
PAY_002691,ORD_002691,UPI,Successful,210.95
PAY_002692,ORD_002692,UPI,Successful,2157.38
PAY_002693,ORD_002693,Cash,Successful,746.57
PAY_002694,ORD_002694,Cash,Successful,1161.1
PAY_002695,ORD_002695,Credit Card,Refunded,484.11
PAY_002696,ORD_002696,Wallet,Successful,503.53
PAY_002697,ORD_002697,Cash,Successful,140.96
PAY_002698,ORD_002698,UPI,Successful,119.3
PAY_002699,ORD_002699,UPI,Successful,192.61
PAY_002700,ORD_002700,Credit Card,Successful,3003.75
PAY_002701,ORD_002701,UPI,Successful,1200.1
PAY_002702,ORD_002702,Credit Card,Successful,2180.51
PAY_002703,ORD_002703,UPI,Successful,682.91
PAY_002704,ORD_002704,Cash,Successful,1042.04
PAY_002705,ORD_002705,Debit Card,Successful,441.39
PAY_002706,ORD_002706,UPI,Successful,171.45
PAY_002707,ORD_002707,Debit Card,Successful,1810.12
PAY_002708,ORD_002708,Wallet,Successful,310.7
PAY_002709,ORD_002709,UPI,Successful,103.93
PAY_002710,ORD_002710,UPI,Successful,375.79
PAY_002711,ORD_002711,UPI,Successful,689.34
PAY_002712,ORD_002712,Debit Card,Successful,1265.99
PAY_002713,ORD_002713,UPI,Successful,196.41
PAY_002714,ORD_002714,Debit Card,Successful,104.13
PAY_002715,ORD_002715,Wallet,Successful,550.56
PAY_002716,ORD_002716,Credit Card,Successful,133.95
PAY_002717,ORD_002717,UPI,Successful,1049.56
PAY_002718,ORD_002718,UPI,Successful,1904.42
PAY_002719,ORD_002719,Credit Card,Successful,295.23
PAY_002720,ORD_002720,Wallet,Successful,102.02
PAY_002721,ORD_002721,Wallet,Successful,268.41
PAY_002722,ORD_002722,UPI,Successful,240.82
PAY_002723,ORD_002723,UPI,Successful,172.44
PAY_002724,ORD_002724,UPI,Refunded,835.68
PAY_002725,ORD_002725,UPI,Refunded,1341.15
PAY_002726,ORD_002726,UPI,Successful,604.71
PAY_002727,ORD_002727,Credit Card,Successful,133.38
PAY_002728,ORD_002728,UPI,Successful,124.84
PAY_002729,ORD_002729,UPI,Successful,2383.14
PAY_002730,ORD_002730,UPI,Successful,304.63
PAY_002731,ORD_002731,Credit Card,Failed,658.46
PAY_002732,ORD_002732,UPI,Successful,1166.14
PAY_002733,ORD_002733,Debit Card,Successful,1607.31
PAY_002734,ORD_002734,UPI,Successful,875.37
PAY_002735,ORD_002735,Debit Card,Successful,3047.14
PAY_002736,ORD_002736,UPI,Successful,80.0
PAY_002737,ORD_002737,Debit Card,Successful,1034.17
PAY_002738,ORD_002738,Debit Card,Successful,274.01
PAY_002739,ORD_002739,Debit Card,Successful,235.92
PAY_002740,ORD_002740,UPI,Successful,607.34
PAY_002741,ORD_002741,Credit Card,Refunded,665.05
PAY_002742,ORD_002742,UPI,Successful,509.63
PAY_002743,ORD_002743,UPI,Successful,165.47
PAY_002744,ORD_002744,UPI,Refunded,151.96
PAY_002745,ORD_002745,UPI,Successful,431.36
PAY_002746,ORD_002746,Debit Card,Successful,572.94
PAY_002747,ORD_002747,UPI,Successful,183.38
PAY_002748,ORD_002748,UPI,Successful,325.77
PAY_002749,ORD_002749,Wallet,Successful,202.19
PAY_002750,ORD_002750,UPI,Successful,1982.41
PAY_002751,ORD_002751,Debit Card,Successful,679.19
PAY_002752,ORD_002752,UPI,Successful,172.99
PAY_002753,ORD_002753,UPI,Successful,3665.01
PAY_002754,ORD_002754,UPI,Successful,245.2
PAY_002755,ORD_002755,UPI,Successful,351.24
PAY_002756,ORD_002756,UPI,Successful,86.91
PAY_002757,ORD_002757,Debit Card,Successful,1541.01
PAY_002758,ORD_002758,Credit Card,Failed,265.82
PAY_002759,ORD_002759,UPI,Successful,146.66
PAY_002760,ORD_002760,UPI,Successful,631.41
PAY_002761,ORD_002761,UPI,Successful,543.4
PAY_002762,ORD_002762,Credit Card,Successful,301.55
PAY_002763,ORD_002763,UPI,Successful,132.91
PAY_002764,ORD_002764,UPI,Successful,1368.38
PAY_002765,ORD_002765,Debit Card,Successful,517.44
PAY_002766,ORD_002766,UPI,Successful,1055.43
PAY_002767,ORD_002767,Debit Card,Successful,648.33
PAY_002768,ORD_002768,Debit Card,Successful,908.57
PAY_002769,ORD_002769,UPI,Successful,891.61
PAY_002770,ORD_002770,UPI,Successful,192.13
PAY_002771,ORD_002771,Credit Card,Successful,1265.85
PAY_002772,ORD_002772,Cash,Successful,318.92
PAY_002773,ORD_002773,UPI,Successful,5000.0
PAY_002774,ORD_002774,Wallet,Successful,1152.03
PAY_002775,ORD_002775,Wallet,Successful,1749.9
PAY_002776,ORD_002776,UPI,Successful,328.58
PAY_002777,ORD_002777,Cash,Successful,1189.89
PAY_002778,ORD_002778,UPI,Successful,402.98
PAY_002779,ORD_002779,UPI,Successful,434.51
PAY_002780,ORD_002780,UPI,Successful,1251.49
PAY_002781,ORD_002781,UPI,Successful,204.89
PAY_002782,ORD_002782,Debit Card,Successful,674.58
PAY_002783,ORD_002783,UPI,Successful,692.46
PAY_002784,ORD_002784,Wallet,Successful,738.64
PAY_002785,ORD_002785,Cash,Successful,217.66
PAY_002786,ORD_002786,Debit Card,Successful,1667.86
PAY_002787,ORD_002787,Credit Card,Successful,187.87
PAY_002788,ORD_002788,Credit Card,Successful,949.55
PAY_002789,ORD_002789,Credit Card,Successful,167.0
PAY_002790,ORD_002790,Wallet,Successful,412.69
PAY_002791,ORD_002791,Debit Card,Successful,80.65
PAY_002792,ORD_002792,Debit Card,Successful,901.22
PAY_002793,ORD_002793,UPI,Successful,339.9
PAY_002794,ORD_002794,Debit Card,Successful,564.06
PAY_002795,ORD_002795,UPI,Successful,102.5
PAY_002796,ORD_002796,UPI,Successful,242.88
PAY_002797,ORD_002797,UPI,Successful,113.79
PAY_002798,ORD_002798,UPI,Successful,457.02
PAY_002799,ORD_002799,UPI,Successful,359.28
PAY_002800,ORD_002800,UPI,Successful,163.31
PAY_002801,ORD_002801,UPI,Refunded,2455.7
PAY_002802,ORD_002802,Debit Card,Successful,551.05
PAY_002803,ORD_002803,Debit Card,Successful,1290.45
PAY_002804,ORD_002804,UPI,Successful,98.22
PAY_002805,ORD_002805,UPI,Successful,405.13
PAY_002806,ORD_002806,UPI,Successful,351.5
PAY_002807,ORD_002807,UPI,Successful,205.87
PAY_002808,ORD_002808,Wallet,Successful,339.07
PAY_002809,ORD_002809,UPI,Successful,405.69
PAY_002810,ORD_002810,UPI,Successful,457.99
PAY_002811,ORD_002811,UPI,Successful,114.07
PAY_002812,ORD_002812,UPI,Successful,961.63
PAY_002813,ORD_002813,UPI,Successful,310.39
PAY_002814,ORD_002814,UPI,Refunded,80.0
PAY_002815,ORD_002815,Wallet,Successful,1275.92
PAY_002816,ORD_002816,Wallet,Successful,645.31
PAY_002817,ORD_002817,Debit Card,Successful,683.62
PAY_002818,ORD_002818,UPI,Refunded,440.13
PAY_002819,ORD_002819,UPI,Successful,211.34
PAY_002820,ORD_002820,UPI,Successful,1450.04
PAY_002821,ORD_002821,UPI,Successful,2060.17
PAY_002822,ORD_002822,Debit Card,Successful,1062.34
PAY_002823,ORD_002823,UPI,Refunded,454.51
PAY_002824,ORD_002824,Cash,Successful,136.61
PAY_002825,ORD_002825,Debit Card,Successful,3185.58
PAY_002826,ORD_002826,Debit Card,Successful,641.31
PAY_002827,ORD_002827,Debit Card,Successful,320.32
PAY_002828,ORD_002828,UPI,Successful,2286.14
PAY_002829,ORD_002829,UPI,Successful,99.08
PAY_002830,ORD_002830,UPI,Successful,541.22
PAY_002831,ORD_002831,UPI,Successful,471.6
PAY_002832,ORD_002832,UPI,Successful,681.25
PAY_002833,ORD_002833,Debit Card,Successful,988.07
PAY_002834,ORD_002834,Debit Card,Successful,581.37
PAY_002835,ORD_002835,Debit Card,Successful,1169.08
PAY_002836,ORD_002836,Cash,Successful,337.3
PAY_002837,ORD_002837,Wallet,Successful,671.32
PAY_002838,ORD_002838,Wallet,Successful,2016.1
PAY_002839,ORD_002839,UPI,Successful,123.51
PAY_002840,ORD_002840,Credit Card,Successful,905.91
PAY_002841,ORD_002841,Credit Card,Successful,925.69
PAY_002842,ORD_002842,Credit Card,Successful,112.67
PAY_002843,ORD_002843,UPI,Successful,443.53
PAY_002844,ORD_002844,UPI,Successful,335.88
PAY_002845,ORD_002845,UPI,Successful,216.67
PAY_002846,ORD_002846,Cash,Successful,404.07
PAY_002847,ORD_002847,UPI,Successful,646.19
PAY_002848,ORD_002848,Wallet,Refunded,1882.27
PAY_002849,ORD_002849,UPI,Successful,311.26
PAY_002850,ORD_002850,UPI,Successful,309.16
PAY_002851,ORD_002851,Debit Card,Successful,155.97
PAY_002852,ORD_002852,Credit Card,Successful,577.98
PAY_002853,ORD_002853,UPI,Successful,154.47
PAY_002854,ORD_002854,UPI,Successful,1114.62
PAY_002855,ORD_002855,UPI,Successful,882.09
PAY_002856,ORD_002856,Debit Card,Successful,321.41
PAY_002857,ORD_002857,UPI,Successful,230.2
PAY_002858,ORD_002858,UPI,Successful,755.13
PAY_002859,ORD_002859,Wallet,Successful,533.93
PAY_002860,ORD_002860,Debit Card,Refunded,603.45
PAY_002861,ORD_002861,UPI,Successful,351.04
PAY_002862,ORD_002862,Credit Card,Successful,200.62
PAY_002863,ORD_002863,Credit Card,Successful,461.38
PAY_002864,ORD_002864,Credit Card,Successful,80.0
PAY_002865,ORD_002865,Debit Card,Successful,262.52
PAY_002866,ORD_002866,Wallet,Successful,190.52
PAY_002867,ORD_002867,Wallet,Successful,696.45
PAY_002868,ORD_002868,UPI,Successful,297.08
PAY_002869,ORD_002869,Credit Card,Successful,2438.26
PAY_002870,ORD_002870,Debit Card,Successful,434.43
PAY_002871,ORD_002871,UPI,Successful,1467.93
PAY_002872,ORD_002872,Cash,Successful,157.54
PAY_002873,ORD_002873,UPI,Successful,105.18
PAY_002874,ORD_002874,Debit Card,Successful,519.12
PAY_002875,ORD_002875,Credit Card,Successful,258.03
PAY_002876,ORD_002876,UPI,Successful,306.69
PAY_002877,ORD_002877,UPI,Successful,637.81
PAY_002878,ORD_002878,UPI,Successful,400.75
PAY_002879,ORD_002879,UPI,Successful,592.97
PAY_002880,ORD_002880,Credit Card,Successful,777.8
PAY_002881,ORD_002881,UPI,Failed,908.54
PAY_002882,ORD_002882,UPI,Successful,523.44
PAY_002883,ORD_002883,Wallet,Successful,724.4
PAY_002884,ORD_002884,UPI,Successful,94.44
PAY_002885,ORD_002885,UPI,Successful,641.34
PAY_002886,ORD_002886,UPI,Successful,255.81
PAY_002887,ORD_002887,UPI,Successful,110.88
PAY_002888,ORD_002888,Wallet,Successful,363.88
PAY_002889,ORD_002889,Wallet,Successful,512.43
PAY_002890,ORD_002890,UPI,Successful,793.92
PAY_002891,ORD_002891,Wallet,Successful,287.18
PAY_002892,ORD_002892,Wallet,Successful,455.39
PAY_002893,ORD_002893,Credit Card,Successful,539.22
PAY_002894,ORD_002894,UPI,Successful,270.41
PAY_002895,ORD_002895,UPI,Failed,2567.42
PAY_002896,ORD_002896,UPI,Successful,1024.53
PAY_002897,ORD_002897,UPI,Successful,500.07
PAY_002898,ORD_002898,Debit Card,Successful,2358.92
PAY_002899,ORD_002899,Credit Card,Successful,102.24
PAY_002900,ORD_002900,UPI,Successful,2337.81
PAY_002901,ORD_002901,UPI,Successful,1920.04
PAY_002902,ORD_002902,Wallet,Successful,221.13
PAY_002903,ORD_002903,Wallet,Successful,368.24
PAY_002904,ORD_002904,UPI,Successful,283.76
PAY_002905,ORD_002905,UPI,Successful,80.0
PAY_002906,ORD_002906,Credit Card,Successful,507.6
PAY_002907,ORD_002907,UPI,Successful,353.27
PAY_002908,ORD_002908,UPI,Refunded,1008.4
PAY_002909,ORD_002909,Credit Card,Successful,186.36
PAY_002910,ORD_002910,Debit Card,Successful,301.7
PAY_002911,ORD_002911,UPI,Successful,628.8
PAY_002912,ORD_002912,UPI,Successful,3998.43
PAY_002913,ORD_002913,UPI,Successful,469.21
PAY_002914,ORD_002914,UPI,Successful,205.12
PAY_002915,ORD_002915,UPI,Successful,571.28
PAY_002916,ORD_002916,Wallet,Successful,231.61
PAY_002917,ORD_002917,UPI,Successful,158.6
PAY_002918,ORD_002918,UPI,Successful,259.08
PAY_002919,ORD_002919,UPI,Successful,383.23
PAY_002920,ORD_002920,UPI,Successful,628.46
PAY_002921,ORD_002921,UPI,Successful,185.13
PAY_002922,ORD_002922,UPI,Successful,915.64
PAY_002923,ORD_002923,UPI,Successful,795.76
PAY_002924,ORD_002924,Credit Card,Successful,888.7
PAY_002925,ORD_002925,Credit Card,Successful,712.06
PAY_002926,ORD_002926,Credit Card,Successful,275.33
PAY_002927,ORD_002927,Cash,Refunded,632.72
PAY_002928,ORD_002928,Cash,Successful,353.84
PAY_002929,ORD_002929,UPI,Successful,762.34
PAY_002930,ORD_002930,UPI,Successful,438.31
PAY_002931,ORD_002931,UPI,Successful,860.49
PAY_002932,ORD_002932,Debit Card,Successful,392.27
PAY_002933,ORD_002933,Cash,Successful,602.88
PAY_002934,ORD_002934,UPI,Successful,521.22
PAY_002935,ORD_002935,UPI,Successful,724.94
PAY_002936,ORD_002936,UPI,Successful,1038.82
PAY_002937,ORD_002937,UPI,Failed,138.85
PAY_002938,ORD_002938,UPI,Successful,352.34
PAY_002939,ORD_002939,UPI,Successful,783.35
PAY_002940,ORD_002940,UPI,Successful,540.35
PAY_002941,ORD_002941,UPI,Successful,454.17
PAY_002942,ORD_002942,Credit Card,Successful,598.99
PAY_002943,ORD_002943,UPI,Successful,537.39
PAY_002944,ORD_002944,Debit Card,Successful,1874.98
PAY_002945,ORD_002945,Credit Card,Refunded,315.94
PAY_002946,ORD_002946,Debit Card,Successful,420.08
PAY_002947,ORD_002947,UPI,Successful,762.76
PAY_002948,ORD_002948,UPI,Successful,1384.57
PAY_002949,ORD_002949,UPI,Successful,372.07
PAY_002950,ORD_002950,UPI,Successful,83.79
PAY_002951,ORD_002951,UPI,Successful,414.37
PAY_002952,ORD_002952,Debit Card,Successful,525.97
PAY_002953,ORD_002953,Credit Card,Successful,324.15
PAY_002954,ORD_002954,UPI,Successful,428.41
PAY_002955,ORD_002955,Credit Card,Successful,94.53
PAY_002956,ORD_002956,Cash,Failed,2382.79
PAY_002957,ORD_002957,UPI,Refunded,811.72
PAY_002958,ORD_002958,UPI,Successful,287.84
PAY_002959,ORD_002959,UPI,Successful,1792.19
PAY_002960,ORD_002960,UPI,Successful,215.83
PAY_002961,ORD_002961,Credit Card,Successful,588.62
PAY_002962,ORD_002962,Debit Card,Successful,735.57
PAY_002963,ORD_002963,Wallet,Successful,632.21
PAY_002964,ORD_002964,Debit Card,Successful,2773.89
PAY_002965,ORD_002965,Wallet,Successful,329.11
PAY_002966,ORD_002966,Debit Card,Successful,758.21
PAY_002967,ORD_002967,UPI,Successful,239.15
PAY_002968,ORD_002968,Credit Card,Refunded,362.72
PAY_002969,ORD_002969,Credit Card,Successful,1371.08
PAY_002970,ORD_002970,UPI,Refunded,80.0
PAY_002971,ORD_002971,Cash,Successful,108.57
PAY_002972,ORD_002972,Credit Card,Successful,675.75
PAY_002973,ORD_002973,UPI,Successful,1118.82
PAY_002974,ORD_002974,UPI,Successful,1288.86
PAY_002975,ORD_002975,Credit Card,Successful,149.31
PAY_002976,ORD_002976,UPI,Successful,851.98
PAY_002977,ORD_002977,Debit Card,Successful,560.49
PAY_002978,ORD_002978,UPI,Refunded,397.46
PAY_002979,ORD_002979,UPI,Successful,1816.64
PAY_002980,ORD_002980,UPI,Failed,762.95
PAY_002981,ORD_002981,UPI,Successful,3825.27
PAY_002982,ORD_002982,UPI,Successful,458.69
PAY_002983,ORD_002983,Debit Card,Successful,1324.48
PAY_002984,ORD_002984,UPI,Successful,200.36
PAY_002985,ORD_002985,UPI,Successful,278.18
PAY_002986,ORD_002986,UPI,Successful,80.0
PAY_002987,ORD_002987,Debit Card,Successful,202.51
PAY_002988,ORD_002988,UPI,Failed,1578.55
PAY_002989,ORD_002989,Cash,Successful,630.99
PAY_002990,ORD_002990,UPI,Successful,575.96
PAY_002991,ORD_002991,Debit Card,Successful,249.43
PAY_002992,ORD_002992,Debit Card,Successful,718.3
PAY_002993,ORD_002993,UPI,Successful,452.76
PAY_002994,ORD_002994,Credit Card,Successful,1080.0
PAY_002995,ORD_002995,UPI,Successful,121.2
PAY_002996,ORD_002996,UPI,Successful,265.14
PAY_002997,ORD_002997,UPI,Successful,587.17
PAY_002998,ORD_002998,UPI,Successful,226.73
PAY_002999,ORD_002999,UPI,Successful,1344.15
PAY_003000,ORD_003000,UPI,Successful,493.07
PAY_003001,ORD_003001,Credit Card,Successful,836.59
PAY_003002,ORD_003002,UPI,Successful,1891.5
PAY_003003,ORD_003003,Credit Card,Successful,425.34
PAY_003004,ORD_003004,UPI,Successful,2870.59
PAY_003005,ORD_003005,UPI,Successful,307.71
PAY_003006,ORD_003006,UPI,Successful,104.46
PAY_003007,ORD_003007,UPI,Successful,1009.27
PAY_003008,ORD_003008,UPI,Successful,249.23
PAY_003009,ORD_003009,UPI,Successful,1662.46
PAY_003010,ORD_003010,UPI,Refunded,2694.6
PAY_003011,ORD_003011,UPI,Successful,681.75
PAY_003012,ORD_003012,UPI,Successful,1311.6
PAY_003013,ORD_003013,UPI,Refunded,3414.37
PAY_003014,ORD_003014,Debit Card,Successful,405.7
PAY_003015,ORD_003015,Debit Card,Successful,155.62
PAY_003016,ORD_003016,UPI,Successful,2867.68
PAY_003017,ORD_003017,UPI,Successful,809.82
PAY_003018,ORD_003018,UPI,Successful,272.08
PAY_003019,ORD_003019,Credit Card,Successful,1372.46
PAY_003020,ORD_003020,UPI,Successful,804.08
PAY_003021,ORD_003021,UPI,Successful,211.82
PAY_003022,ORD_003022,Cash,Failed,530.81
PAY_003023,ORD_003023,UPI,Successful,828.76
PAY_003024,ORD_003024,UPI,Successful,527.37
PAY_003025,ORD_003025,Credit Card,Successful,2857.45
PAY_003026,ORD_003026,UPI,Successful,3073.87
PAY_003027,ORD_003027,UPI,Successful,294.88
PAY_003028,ORD_003028,Wallet,Successful,492.34
PAY_003029,ORD_003029,Credit Card,Successful,82.11
PAY_003030,ORD_003030,UPI,Successful,1629.09
PAY_003031,ORD_003031,UPI,Successful,729.73
PAY_003032,ORD_003032,UPI,Successful,745.63
PAY_003033,ORD_003033,Cash,Successful,123.2
PAY_003034,ORD_003034,Credit Card,Successful,593.79
PAY_003035,ORD_003035,Debit Card,Successful,281.36
PAY_003036,ORD_003036,UPI,Successful,2870.37
PAY_003037,ORD_003037,Debit Card,Successful,252.25
PAY_003038,ORD_003038,Credit Card,Successful,368.49
PAY_003039,ORD_003039,Cash,Successful,1312.65
PAY_003040,ORD_003040,UPI,Successful,2567.55
PAY_003041,ORD_003041,UPI,Failed,148.41
PAY_003042,ORD_003042,UPI,Successful,797.77
PAY_003043,ORD_003043,Wallet,Failed,388.56
PAY_003044,ORD_003044,UPI,Successful,332.88
PAY_003045,ORD_003045,UPI,Successful,1677.66
PAY_003046,ORD_003046,Wallet,Successful,668.42
PAY_003047,ORD_003047,UPI,Successful,316.1
PAY_003048,ORD_003048,UPI,Successful,1419.89
PAY_003049,ORD_003049,UPI,Successful,1784.11
PAY_003050,ORD_003050,UPI,Successful,413.56
PAY_003051,ORD_003051,UPI,Successful,1942.22
PAY_003052,ORD_003052,UPI,Successful,216.42
PAY_003053,ORD_003053,UPI,Successful,178.18
PAY_003054,ORD_003054,Debit Card,Successful,308.94
PAY_003055,ORD_003055,UPI,Successful,545.08
PAY_003056,ORD_003056,UPI,Successful,471.4
PAY_003057,ORD_003057,Cash,Successful,80.0
PAY_003058,ORD_003058,Wallet,Successful,515.46
PAY_003059,ORD_003059,UPI,Successful,737.35
PAY_003060,ORD_003060,UPI,Successful,1589.02
PAY_003061,ORD_003061,UPI,Successful,285.1
PAY_003062,ORD_003062,Debit Card,Successful,1285.09
PAY_003063,ORD_003063,Wallet,Successful,774.17
PAY_003064,ORD_003064,UPI,Successful,150.66
PAY_003065,ORD_003065,Wallet,Successful,484.2
PAY_003066,ORD_003066,UPI,Successful,391.36
PAY_003067,ORD_003067,Wallet,Successful,1717.84
PAY_003068,ORD_003068,UPI,Successful,318.85
PAY_003069,ORD_003069,UPI,Successful,568.99
PAY_003070,ORD_003070,Debit Card,Successful,1508.22
PAY_003071,ORD_003071,Credit Card,Successful,573.82
PAY_003072,ORD_003072,Cash,Successful,610.62
PAY_003073,ORD_003073,UPI,Successful,254.67
PAY_003074,ORD_003074,UPI,Successful,347.31
PAY_003075,ORD_003075,Cash,Successful,248.01
PAY_003076,ORD_003076,Wallet,Successful,329.15
PAY_003077,ORD_003077,Debit Card,Successful,4169.07
PAY_003078,ORD_003078,UPI,Successful,319.75
PAY_003079,ORD_003079,Credit Card,Successful,246.83
PAY_003080,ORD_003080,UPI,Refunded,289.96
PAY_003081,ORD_003081,UPI,Successful,946.84
PAY_003082,ORD_003082,UPI,Successful,969.28
PAY_003083,ORD_003083,Wallet,Failed,691.57
PAY_003084,ORD_003084,UPI,Successful,1556.78
PAY_003085,ORD_003085,UPI,Refunded,522.3
PAY_003086,ORD_003086,UPI,Successful,88.48
PAY_003087,ORD_003087,Debit Card,Successful,542.46
PAY_003088,ORD_003088,Debit Card,Successful,371.23
PAY_003089,ORD_003089,UPI,Failed,181.1
PAY_003090,ORD_003090,Cash,Successful,321.56
PAY_003091,ORD_003091,Credit Card,Successful,130.53
PAY_003092,ORD_003092,UPI,Successful,214.37
PAY_003093,ORD_003093,Cash,Successful,223.33
PAY_003094,ORD_003094,UPI,Successful,350.0
PAY_003095,ORD_003095,UPI,Successful,212.08
PAY_003096,ORD_003096,Debit Card,Refunded,352.89
PAY_003097,ORD_003097,Wallet,Successful,366.65
PAY_003098,ORD_003098,UPI,Successful,1094.38
PAY_003099,ORD_003099,Wallet,Successful,581.57
PAY_003100,ORD_003100,UPI,Failed,361.44
PAY_003101,ORD_003101,Debit Card,Successful,300.55
PAY_003102,ORD_003102,UPI,Successful,1850.38
PAY_003103,ORD_003103,Credit Card,Successful,307.75
PAY_003104,ORD_003104,UPI,Successful,628.91
PAY_003105,ORD_003105,UPI,Successful,957.58
PAY_003106,ORD_003106,UPI,Successful,909.09
PAY_003107,ORD_003107,Credit Card,Successful,838.91
PAY_003108,ORD_003108,Debit Card,Successful,151.24
PAY_003109,ORD_003109,Wallet,Successful,766.57
PAY_003110,ORD_003110,UPI,Successful,313.73
PAY_003111,ORD_003111,UPI,Successful,544.57
PAY_003112,ORD_003112,Credit Card,Successful,84.87
PAY_003113,ORD_003113,UPI,Successful,2157.67
PAY_003114,ORD_003114,Debit Card,Successful,219.58
PAY_003115,ORD_003115,Debit Card,Successful,491.0
PAY_003116,ORD_003116,UPI,Successful,226.3
PAY_003117,ORD_003117,UPI,Successful,527.38
PAY_003118,ORD_003118,Credit Card,Failed,676.18
PAY_003119,ORD_003119,Wallet,Successful,1231.45
PAY_003120,ORD_003120,UPI,Successful,1235.28
PAY_003121,ORD_003121,Credit Card,Refunded,418.51
PAY_003122,ORD_003122,Cash,Successful,1329.34
PAY_003123,ORD_003123,Debit Card,Failed,580.4
PAY_003124,ORD_003124,Credit Card,Successful,576.23
PAY_003125,ORD_003125,Debit Card,Successful,566.45
PAY_003126,ORD_003126,UPI,Successful,132.56
PAY_003127,ORD_003127,Wallet,Successful,1061.96
PAY_003128,ORD_003128,Cash,Successful,470.92
PAY_003129,ORD_003129,Wallet,Successful,946.44
PAY_003130,ORD_003130,UPI,Successful,229.65
PAY_003131,ORD_003131,UPI,Successful,542.62
PAY_003132,ORD_003132,Wallet,Successful,547.7
PAY_003133,ORD_003133,Credit Card,Successful,262.22
PAY_003134,ORD_003134,UPI,Successful,861.91
PAY_003135,ORD_003135,Debit Card,Refunded,845.36
PAY_003136,ORD_003136,UPI,Successful,530.03
PAY_003137,ORD_003137,UPI,Successful,632.85
PAY_003138,ORD_003138,Debit Card,Successful,1589.64
PAY_003139,ORD_003139,UPI,Successful,232.48
PAY_003140,ORD_003140,UPI,Successful,708.63
PAY_003141,ORD_003141,UPI,Failed,634.41
PAY_003142,ORD_003142,UPI,Successful,160.34
PAY_003143,ORD_003143,Wallet,Failed,574.31
PAY_003144,ORD_003144,UPI,Successful,619.54
PAY_003145,ORD_003145,UPI,Successful,1232.67
PAY_003146,ORD_003146,UPI,Successful,300.31
PAY_003147,ORD_003147,Debit Card,Successful,1426.92
PAY_003148,ORD_003148,UPI,Successful,220.71
PAY_003149,ORD_003149,UPI,Successful,193.47
PAY_003150,ORD_003150,UPI,Successful,1365.8
PAY_003151,ORD_003151,UPI,Successful,1191.09
PAY_003152,ORD_003152,Wallet,Successful,392.2
PAY_003153,ORD_003153,UPI,Successful,385.59
PAY_003154,ORD_003154,UPI,Successful,3003.38
PAY_003155,ORD_003155,UPI,Successful,758.38
PAY_003156,ORD_003156,UPI,Successful,657.68
PAY_003157,ORD_003157,Debit Card,Successful,350.29
PAY_003158,ORD_003158,UPI,Successful,296.07
PAY_003159,ORD_003159,Debit Card,Successful,490.88
PAY_003160,ORD_003160,UPI,Successful,546.16
PAY_003161,ORD_003161,UPI,Successful,121.12
PAY_003162,ORD_003162,Credit Card,Successful,839.86
PAY_003163,ORD_003163,Debit Card,Successful,476.52
PAY_003164,ORD_003164,UPI,Successful,196.69
PAY_003165,ORD_003165,UPI,Successful,2358.68
PAY_003166,ORD_003166,UPI,Refunded,562.75
PAY_003167,ORD_003167,UPI,Successful,140.61
PAY_003168,ORD_003168,Wallet,Successful,761.79
PAY_003169,ORD_003169,UPI,Successful,466.28
PAY_003170,ORD_003170,Credit Card,Successful,314.99
PAY_003171,ORD_003171,UPI,Successful,583.09
PAY_003172,ORD_003172,Credit Card,Successful,1060.4
PAY_003173,ORD_003173,Cash,Successful,382.71
PAY_003174,ORD_003174,Debit Card,Successful,475.59
PAY_003175,ORD_003175,Credit Card,Successful,264.65
PAY_003176,ORD_003176,Credit Card,Successful,838.37
PAY_003177,ORD_003177,UPI,Successful,204.97
PAY_003178,ORD_003178,UPI,Successful,154.21
PAY_003179,ORD_003179,UPI,Failed,295.77
PAY_003180,ORD_003180,UPI,Refunded,508.82
PAY_003181,ORD_003181,UPI,Successful,97.12
PAY_003182,ORD_003182,UPI,Successful,209.1
PAY_003183,ORD_003183,UPI,Successful,80.31
PAY_003184,ORD_003184,Debit Card,Successful,570.45
PAY_003185,ORD_003185,UPI,Successful,346.35
PAY_003186,ORD_003186,Debit Card,Successful,723.99
PAY_003187,ORD_003187,Credit Card,Successful,2768.92
PAY_003188,ORD_003188,UPI,Successful,356.54
PAY_003189,ORD_003189,UPI,Successful,840.28
PAY_003190,ORD_003190,UPI,Successful,948.78
PAY_003191,ORD_003191,Debit Card,Successful,1111.9
PAY_003192,ORD_003192,UPI,Successful,1179.13
PAY_003193,ORD_003193,UPI,Successful,689.12
PAY_003194,ORD_003194,Cash,Successful,265.36
PAY_003195,ORD_003195,UPI,Successful,404.86
PAY_003196,ORD_003196,UPI,Successful,324.3
PAY_003197,ORD_003197,UPI,Successful,125.51
PAY_003198,ORD_003198,UPI,Successful,3265.58
PAY_003199,ORD_003199,Credit Card,Successful,263.31
PAY_003200,ORD_003200,UPI,Successful,695.82
PAY_003201,ORD_003201,Debit Card,Successful,80.0
PAY_003202,ORD_003202,Credit Card,Successful,706.75
PAY_003203,ORD_003203,UPI,Successful,674.87
PAY_003204,ORD_003204,Debit Card,Successful,541.04
PAY_003205,ORD_003205,Wallet,Successful,258.09
PAY_003206,ORD_003206,Debit Card,Successful,701.42
PAY_003207,ORD_003207,UPI,Successful,501.07
PAY_003208,ORD_003208,UPI,Successful,108.03
PAY_003209,ORD_003209,UPI,Successful,1510.17
PAY_003210,ORD_003210,UPI,Successful,4085.97
PAY_003211,ORD_003211,UPI,Successful,297.85
PAY_003212,ORD_003212,Wallet,Refunded,226.14
PAY_003213,ORD_003213,UPI,Successful,380.18
PAY_003214,ORD_003214,Debit Card,Successful,83.52
PAY_003215,ORD_003215,Wallet,Successful,905.3
PAY_003216,ORD_003216,UPI,Successful,191.2
PAY_003217,ORD_003217,Wallet,Successful,598.71
PAY_003218,ORD_003218,Credit Card,Successful,194.54
PAY_003219,ORD_003219,UPI,Successful,2559.89
PAY_003220,ORD_003220,Debit Card,Successful,763.02
PAY_003221,ORD_003221,UPI,Successful,3881.89
PAY_003222,ORD_003222,Credit Card,Successful,3919.08
PAY_003223,ORD_003223,UPI,Successful,1110.24
PAY_003224,ORD_003224,Cash,Failed,405.3
PAY_003225,ORD_003225,Credit Card,Successful,5000.0
PAY_003226,ORD_003226,UPI,Successful,1870.22
PAY_003227,ORD_003227,Debit Card,Successful,279.04
PAY_003228,ORD_003228,Credit Card,Successful,3726.94
PAY_003229,ORD_003229,UPI,Successful,80.0
PAY_003230,ORD_003230,Cash,Successful,463.35
PAY_003231,ORD_003231,UPI,Successful,1127.29
PAY_003232,ORD_003232,Credit Card,Successful,481.18
PAY_003233,ORD_003233,Debit Card,Successful,80.0
PAY_003234,ORD_003234,Debit Card,Successful,141.88
PAY_003235,ORD_003235,Credit Card,Successful,507.57
PAY_003236,ORD_003236,Debit Card,Successful,659.04
PAY_003237,ORD_003237,Debit Card,Successful,148.91
PAY_003238,ORD_003238,Wallet,Successful,454.73
PAY_003239,ORD_003239,Credit Card,Successful,759.71
PAY_003240,ORD_003240,Credit Card,Successful,163.27
PAY_003241,ORD_003241,UPI,Successful,656.91
PAY_003242,ORD_003242,UPI,Successful,939.25
PAY_003243,ORD_003243,UPI,Successful,659.48
PAY_003244,ORD_003244,UPI,Successful,857.3
PAY_003245,ORD_003245,Debit Card,Successful,1090.38
PAY_003246,ORD_003246,Credit Card,Successful,286.7
PAY_003247,ORD_003247,UPI,Successful,260.92
PAY_003248,ORD_003248,UPI,Successful,224.17
PAY_003249,ORD_003249,Cash,Successful,511.78
PAY_003250,ORD_003250,UPI,Successful,2081.58
PAY_003251,ORD_003251,UPI,Successful,569.85
PAY_003252,ORD_003252,UPI,Successful,1411.73
PAY_003253,ORD_003253,Debit Card,Successful,258.22
PAY_003254,ORD_003254,UPI,Successful,389.7
PAY_003255,ORD_003255,Debit Card,Failed,423.94
PAY_003256,ORD_003256,UPI,Successful,814.76
PAY_003257,ORD_003257,Cash,Successful,87.29
PAY_003258,ORD_003258,UPI,Successful,607.91
PAY_003259,ORD_003259,UPI,Successful,218.18
PAY_003260,ORD_003260,UPI,Successful,903.52
PAY_003261,ORD_003261,UPI,Successful,198.7
PAY_003262,ORD_003262,UPI,Successful,4771.17
PAY_003263,ORD_003263,UPI,Successful,5000.0
PAY_003264,ORD_003264,Debit Card,Successful,948.73
PAY_003265,ORD_003265,Wallet,Successful,262.56
PAY_003266,ORD_003266,Credit Card,Successful,464.36
PAY_003267,ORD_003267,UPI,Successful,1974.96
PAY_003268,ORD_003268,Debit Card,Successful,502.66
PAY_003269,ORD_003269,UPI,Successful,306.45
PAY_003270,ORD_003270,Debit Card,Successful,336.11
PAY_003271,ORD_003271,UPI,Successful,377.75
PAY_003272,ORD_003272,Credit Card,Successful,238.46
PAY_003273,ORD_003273,Wallet,Successful,1713.17
PAY_003274,ORD_003274,Debit Card,Successful,512.65
PAY_003275,ORD_003275,Wallet,Successful,80.0
PAY_003276,ORD_003276,Credit Card,Successful,139.19
PAY_003277,ORD_003277,UPI,Successful,369.57
PAY_003278,ORD_003278,UPI,Successful,804.84
PAY_003279,ORD_003279,Credit Card,Successful,365.84
PAY_003280,ORD_003280,UPI,Successful,469.91
PAY_003281,ORD_003281,UPI,Successful,991.21
PAY_003282,ORD_003282,Credit Card,Successful,529.89
PAY_003283,ORD_003283,UPI,Successful,325.3
PAY_003284,ORD_003284,UPI,Successful,566.66
PAY_003285,ORD_003285,UPI,Failed,1423.12
PAY_003286,ORD_003286,UPI,Successful,356.32
PAY_003287,ORD_003287,Credit Card,Successful,727.56
PAY_003288,ORD_003288,Credit Card,Successful,713.97
PAY_003289,ORD_003289,UPI,Successful,80.0
PAY_003290,ORD_003290,UPI,Successful,218.29
PAY_003291,ORD_003291,Debit Card,Successful,376.89
PAY_003292,ORD_003292,Wallet,Successful,864.0
PAY_003293,ORD_003293,UPI,Failed,238.84
PAY_003294,ORD_003294,Cash,Successful,467.64
PAY_003295,ORD_003295,UPI,Failed,312.44
PAY_003296,ORD_003296,Cash,Successful,1344.7
PAY_003297,ORD_003297,Credit Card,Successful,209.97
PAY_003298,ORD_003298,Cash,Failed,1024.66
PAY_003299,ORD_003299,UPI,Successful,124.16
PAY_003300,ORD_003300,UPI,Successful,1657.19
PAY_003301,ORD_003301,Cash,Successful,80.0
PAY_003302,ORD_003302,UPI,Successful,222.41
PAY_003303,ORD_003303,Credit Card,Refunded,142.0
PAY_003304,ORD_003304,UPI,Successful,208.8
PAY_003305,ORD_003305,Wallet,Successful,575.54
PAY_003306,ORD_003306,UPI,Successful,203.17
PAY_003307,ORD_003307,UPI,Failed,327.12
PAY_003308,ORD_003308,Credit Card,Successful,296.21
PAY_003309,ORD_003309,UPI,Successful,113.42
PAY_003310,ORD_003310,Debit Card,Successful,222.56
PAY_003311,ORD_003311,Debit Card,Successful,128.8
PAY_003312,ORD_003312,UPI,Successful,182.86
PAY_003313,ORD_003313,UPI,Successful,450.41
PAY_003314,ORD_003314,UPI,Successful,228.98
PAY_003315,ORD_003315,UPI,Successful,676.83
PAY_003316,ORD_003316,Wallet,Successful,135.09
PAY_003317,ORD_003317,UPI,Successful,491.46
PAY_003318,ORD_003318,Cash,Successful,353.43
PAY_003319,ORD_003319,UPI,Successful,596.0
PAY_003320,ORD_003320,UPI,Failed,1564.23
PAY_003321,ORD_003321,UPI,Successful,1273.9
PAY_003322,ORD_003322,Cash,Successful,116.32
PAY_003323,ORD_003323,UPI,Successful,411.2
PAY_003324,ORD_003324,UPI,Successful,767.23
PAY_003325,ORD_003325,Debit Card,Successful,467.53
PAY_003326,ORD_003326,UPI,Refunded,113.44
PAY_003327,ORD_003327,UPI,Successful,546.08
PAY_003328,ORD_003328,Credit Card,Successful,538.28
PAY_003329,ORD_003329,UPI,Successful,300.64
PAY_003330,ORD_003330,Cash,Successful,1207.65
PAY_003331,ORD_003331,UPI,Successful,80.0
PAY_003332,ORD_003332,UPI,Successful,234.88
PAY_003333,ORD_003333,Credit Card,Successful,488.12
PAY_003334,ORD_003334,Wallet,Successful,374.55
PAY_003335,ORD_003335,UPI,Successful,734.24
PAY_003336,ORD_003336,UPI,Successful,355.41
PAY_003337,ORD_003337,UPI,Successful,980.19
PAY_003338,ORD_003338,UPI,Successful,762.01
PAY_003339,ORD_003339,Debit Card,Successful,288.02
PAY_003340,ORD_003340,UPI,Successful,335.91
PAY_003341,ORD_003341,Credit Card,Successful,745.33
PAY_003342,ORD_003342,UPI,Successful,3774.18
PAY_003343,ORD_003343,UPI,Successful,1053.33
PAY_003344,ORD_003344,Credit Card,Successful,150.96
PAY_003345,ORD_003345,UPI,Successful,206.66
PAY_003346,ORD_003346,UPI,Successful,740.58
PAY_003347,ORD_003347,UPI,Successful,144.8
PAY_003348,ORD_003348,UPI,Successful,672.01
PAY_003349,ORD_003349,UPI,Successful,313.44
PAY_003350,ORD_003350,Credit Card,Successful,904.87
PAY_003351,ORD_003351,Debit Card,Successful,453.54
PAY_003352,ORD_003352,UPI,Successful,207.69
PAY_003353,ORD_003353,Credit Card,Successful,426.35
PAY_003354,ORD_003354,UPI,Successful,282.74
PAY_003355,ORD_003355,Credit Card,Successful,442.53
PAY_003356,ORD_003356,UPI,Successful,398.73
PAY_003357,ORD_003357,Credit Card,Successful,1507.3
PAY_003358,ORD_003358,Credit Card,Successful,247.1
PAY_003359,ORD_003359,Debit Card,Successful,2828.47
PAY_003360,ORD_003360,UPI,Successful,1497.25
PAY_003361,ORD_003361,UPI,Successful,509.13
PAY_003362,ORD_003362,Debit Card,Successful,945.7
PAY_003363,ORD_003363,Credit Card,Successful,542.22
PAY_003364,ORD_003364,UPI,Successful,268.92
PAY_003365,ORD_003365,Debit Card,Successful,909.51
PAY_003366,ORD_003366,UPI,Successful,1000.62
PAY_003367,ORD_003367,UPI,Successful,453.08
PAY_003368,ORD_003368,Credit Card,Successful,222.98
PAY_003369,ORD_003369,Debit Card,Successful,1704.79
PAY_003370,ORD_003370,UPI,Successful,1062.57
PAY_003371,ORD_003371,Cash,Failed,159.81
PAY_003372,ORD_003372,UPI,Successful,1798.4
PAY_003373,ORD_003373,Credit Card,Successful,1912.83
PAY_003374,ORD_003374,Debit Card,Successful,442.33
PAY_003375,ORD_003375,UPI,Successful,647.59
PAY_003376,ORD_003376,UPI,Successful,586.36
PAY_003377,ORD_003377,Cash,Successful,812.71
PAY_003378,ORD_003378,Debit Card,Successful,319.91
PAY_003379,ORD_003379,UPI,Successful,2165.89
PAY_003380,ORD_003380,Credit Card,Successful,409.19
PAY_003381,ORD_003381,UPI,Successful,389.45
PAY_003382,ORD_003382,Credit Card,Successful,110.2
PAY_003383,ORD_003383,UPI,Successful,672.77
PAY_003384,ORD_003384,Debit Card,Successful,747.19
PAY_003385,ORD_003385,Debit Card,Successful,2053.92
PAY_003386,ORD_003386,UPI,Successful,337.32
PAY_003387,ORD_003387,UPI,Successful,504.96
PAY_003388,ORD_003388,UPI,Successful,573.75
PAY_003389,ORD_003389,Credit Card,Successful,259.2
PAY_003390,ORD_003390,UPI,Successful,139.35
PAY_003391,ORD_003391,UPI,Successful,1032.12
PAY_003392,ORD_003392,UPI,Successful,240.82
PAY_003393,ORD_003393,UPI,Successful,2646.81
PAY_003394,ORD_003394,UPI,Refunded,550.68
PAY_003395,ORD_003395,Cash,Successful,1030.81
PAY_003396,ORD_003396,UPI,Successful,3941.98
PAY_003397,ORD_003397,Debit Card,Successful,572.49
PAY_003398,ORD_003398,UPI,Successful,122.95
PAY_003399,ORD_003399,UPI,Successful,501.36
PAY_003400,ORD_003400,UPI,Successful,807.42
PAY_003401,ORD_003401,Wallet,Successful,4485.98
PAY_003402,ORD_003402,UPI,Successful,704.92
PAY_003403,ORD_003403,UPI,Successful,449.26
PAY_003404,ORD_003404,Credit Card,Successful,292.94
PAY_003405,ORD_003405,Debit Card,Successful,355.99
PAY_003406,ORD_003406,Cash,Successful,194.57
PAY_003407,ORD_003407,Cash,Successful,403.11
PAY_003408,ORD_003408,Credit Card,Successful,980.13
PAY_003409,ORD_003409,Credit Card,Successful,932.18
PAY_003410,ORD_003410,UPI,Successful,733.45
PAY_003411,ORD_003411,Wallet,Successful,3699.42
PAY_003412,ORD_003412,UPI,Successful,2676.28
PAY_003413,ORD_003413,Credit Card,Successful,227.94
PAY_003414,ORD_003414,Wallet,Successful,2418.35
PAY_003415,ORD_003415,UPI,Successful,376.98
PAY_003416,ORD_003416,Wallet,Successful,537.33
PAY_003417,ORD_003417,UPI,Successful,591.51
PAY_003418,ORD_003418,UPI,Successful,230.14
PAY_003419,ORD_003419,Credit Card,Successful,2363.98
PAY_003420,ORD_003420,Debit Card,Successful,350.31
PAY_003421,ORD_003421,Debit Card,Successful,1068.81
PAY_003422,ORD_003422,Wallet,Successful,883.39
PAY_003423,ORD_003423,UPI,Successful,254.71
PAY_003424,ORD_003424,Debit Card,Successful,238.47
PAY_003425,ORD_003425,Cash,Successful,2090.29
PAY_003426,ORD_003426,UPI,Successful,1425.06
PAY_003427,ORD_003427,UPI,Successful,739.06
PAY_003428,ORD_003428,Wallet,Successful,540.5
PAY_003429,ORD_003429,UPI,Successful,525.91
PAY_003430,ORD_003430,Wallet,Successful,667.09
PAY_003431,ORD_003431,UPI,Successful,1579.17
PAY_003432,ORD_003432,UPI,Successful,901.86
PAY_003433,ORD_003433,UPI,Refunded,1132.21
PAY_003434,ORD_003434,UPI,Successful,1734.34
PAY_003435,ORD_003435,Wallet,Failed,284.33
PAY_003436,ORD_003436,Debit Card,Successful,182.86
PAY_003437,ORD_003437,UPI,Successful,141.87
PAY_003438,ORD_003438,UPI,Successful,1047.55
PAY_003439,ORD_003439,Wallet,Refunded,2548.4
PAY_003440,ORD_003440,Debit Card,Successful,1652.23
PAY_003441,ORD_003441,UPI,Successful,903.04
PAY_003442,ORD_003442,Credit Card,Successful,2084.49
PAY_003443,ORD_003443,Cash,Successful,349.95
PAY_003444,ORD_003444,UPI,Successful,1976.93
PAY_003445,ORD_003445,UPI,Successful,384.35
PAY_003446,ORD_003446,UPI,Successful,3179.78
PAY_003447,ORD_003447,UPI,Successful,473.99
PAY_003448,ORD_003448,UPI,Successful,363.65
PAY_003449,ORD_003449,Debit Card,Successful,250.73
PAY_003450,ORD_003450,UPI,Successful,565.42
PAY_003451,ORD_003451,UPI,Successful,1176.48
PAY_003452,ORD_003452,Debit Card,Successful,231.67
PAY_003453,ORD_003453,UPI,Successful,1246.48
PAY_003454,ORD_003454,UPI,Successful,313.8
PAY_003455,ORD_003455,UPI,Successful,971.52
PAY_003456,ORD_003456,Credit Card,Successful,1405.27
PAY_003457,ORD_003457,Wallet,Refunded,396.61
PAY_003458,ORD_003458,Debit Card,Successful,3256.15
PAY_003459,ORD_003459,UPI,Failed,543.5
PAY_003460,ORD_003460,UPI,Successful,1742.63
PAY_003461,ORD_003461,Credit Card,Successful,913.28
PAY_003462,ORD_003462,UPI,Successful,203.77
PAY_003463,ORD_003463,Wallet,Successful,276.67
PAY_003464,ORD_003464,UPI,Successful,116.69
PAY_003465,ORD_003465,UPI,Successful,153.34
PAY_003466,ORD_003466,UPI,Successful,389.17
PAY_003467,ORD_003467,UPI,Successful,536.16
PAY_003468,ORD_003468,UPI,Successful,996.77
PAY_003469,ORD_003469,UPI,Successful,1670.45
PAY_003470,ORD_003470,UPI,Successful,300.39
PAY_003471,ORD_003471,UPI,Successful,376.54
PAY_003472,ORD_003472,Debit Card,Successful,381.37
PAY_003473,ORD_003473,UPI,Successful,336.08
PAY_003474,ORD_003474,UPI,Successful,384.57
PAY_003475,ORD_003475,UPI,Successful,1130.81
PAY_003476,ORD_003476,Debit Card,Successful,296.13
PAY_003477,ORD_003477,Cash,Successful,478.24
PAY_003478,ORD_003478,Credit Card,Successful,969.58
PAY_003479,ORD_003479,Credit Card,Successful,866.77
PAY_003480,ORD_003480,UPI,Successful,5000.0
PAY_003481,ORD_003481,UPI,Successful,294.95
PAY_003482,ORD_003482,UPI,Failed,322.49
PAY_003483,ORD_003483,Cash,Successful,511.94
PAY_003484,ORD_003484,UPI,Successful,720.76
PAY_003485,ORD_003485,UPI,Successful,808.22
PAY_003486,ORD_003486,UPI,Successful,713.85
PAY_003487,ORD_003487,UPI,Successful,370.57
PAY_003488,ORD_003488,Credit Card,Successful,909.23
PAY_003489,ORD_003489,Cash,Successful,137.12
PAY_003490,ORD_003490,Credit Card,Successful,380.92
PAY_003491,ORD_003491,Debit Card,Successful,171.54
PAY_003492,ORD_003492,Credit Card,Successful,395.24
PAY_003493,ORD_003493,UPI,Successful,2632.51
PAY_003494,ORD_003494,Wallet,Successful,299.97
PAY_003495,ORD_003495,UPI,Successful,1445.3
PAY_003496,ORD_003496,Credit Card,Successful,209.55
PAY_003497,ORD_003497,Debit Card,Successful,220.41
PAY_003498,ORD_003498,UPI,Successful,408.89
PAY_003499,ORD_003499,UPI,Successful,1041.12
PAY_003500,ORD_003500,UPI,Successful,216.28
PAY_003501,ORD_003501,Debit Card,Successful,80.0
PAY_003502,ORD_003502,UPI,Refunded,177.25
PAY_003503,ORD_003503,UPI,Successful,139.98
PAY_003504,ORD_003504,UPI,Successful,1468.64
PAY_003505,ORD_003505,UPI,Successful,204.4
PAY_003506,ORD_003506,Wallet,Successful,246.98
PAY_003507,ORD_003507,UPI,Successful,585.16
PAY_003508,ORD_003508,UPI,Successful,223.21
PAY_003509,ORD_003509,UPI,Successful,999.83
PAY_003510,ORD_003510,UPI,Successful,243.35
PAY_003511,ORD_003511,UPI,Successful,797.88
PAY_003512,ORD_003512,UPI,Successful,1167.72
PAY_003513,ORD_003513,Cash,Successful,476.46
PAY_003514,ORD_003514,Wallet,Successful,1227.18
PAY_003515,ORD_003515,Credit Card,Successful,1725.88
PAY_003516,ORD_003516,Wallet,Successful,511.96
PAY_003517,ORD_003517,Credit Card,Successful,112.88
PAY_003518,ORD_003518,Debit Card,Successful,437.37
PAY_003519,ORD_003519,Debit Card,Successful,710.91
PAY_003520,ORD_003520,UPI,Successful,200.19
PAY_003521,ORD_003521,Credit Card,Successful,109.9
PAY_003522,ORD_003522,UPI,Successful,313.76
PAY_003523,ORD_003523,Wallet,Successful,1108.76
PAY_003524,ORD_003524,Credit Card,Failed,688.32
PAY_003525,ORD_003525,Credit Card,Successful,1868.56
PAY_003526,ORD_003526,Credit Card,Successful,3386.1
PAY_003527,ORD_003527,UPI,Successful,267.62
PAY_003528,ORD_003528,Credit Card,Failed,955.22
PAY_003529,ORD_003529,Cash,Successful,196.67
PAY_003530,ORD_003530,Credit Card,Successful,1407.95
PAY_003531,ORD_003531,Wallet,Successful,276.5
PAY_003532,ORD_003532,UPI,Successful,1420.12
PAY_003533,ORD_003533,UPI,Successful,80.0
PAY_003534,ORD_003534,UPI,Successful,467.26
PAY_003535,ORD_003535,Cash,Successful,146.41
PAY_003536,ORD_003536,Cash,Successful,165.27
PAY_003537,ORD_003537,Wallet,Successful,164.76
PAY_003538,ORD_003538,Wallet,Refunded,80.0
PAY_003539,ORD_003539,UPI,Successful,1101.39
PAY_003540,ORD_003540,Credit Card,Successful,2410.14
PAY_003541,ORD_003541,UPI,Successful,510.2
PAY_003542,ORD_003542,UPI,Successful,736.5
PAY_003543,ORD_003543,UPI,Successful,80.0
PAY_003544,ORD_003544,Credit Card,Successful,433.32
PAY_003545,ORD_003545,Debit Card,Successful,1599.07
PAY_003546,ORD_003546,UPI,Successful,1250.81
PAY_003547,ORD_003547,Debit Card,Successful,548.91
PAY_003548,ORD_003548,Debit Card,Successful,411.72
PAY_003549,ORD_003549,UPI,Successful,546.48
PAY_003550,ORD_003550,Cash,Successful,814.52
PAY_003551,ORD_003551,UPI,Failed,206.64
PAY_003552,ORD_003552,Credit Card,Successful,444.41
PAY_003553,ORD_003553,UPI,Successful,1969.51
PAY_003554,ORD_003554,Credit Card,Successful,2005.57
PAY_003555,ORD_003555,UPI,Successful,265.46
PAY_003556,ORD_003556,Credit Card,Successful,273.3
PAY_003557,ORD_003557,Cash,Successful,3124.54
PAY_003558,ORD_003558,UPI,Successful,4845.59
PAY_003559,ORD_003559,Debit Card,Successful,5000.0
PAY_003560,ORD_003560,UPI,Successful,372.4
PAY_003561,ORD_003561,Credit Card,Successful,1052.23
PAY_003562,ORD_003562,UPI,Successful,189.5
PAY_003563,ORD_003563,Wallet,Successful,207.16
PAY_003564,ORD_003564,UPI,Successful,214.81
PAY_003565,ORD_003565,Debit Card,Successful,363.46
PAY_003566,ORD_003566,Debit Card,Successful,135.04
PAY_003567,ORD_003567,Wallet,Successful,1143.9
PAY_003568,ORD_003568,UPI,Successful,634.85
PAY_003569,ORD_003569,Wallet,Successful,80.0
PAY_003570,ORD_003570,UPI,Successful,343.89
PAY_003571,ORD_003571,UPI,Successful,1062.31
PAY_003572,ORD_003572,UPI,Successful,1379.19
PAY_003573,ORD_003573,Wallet,Successful,221.84
PAY_003574,ORD_003574,Debit Card,Successful,128.96
PAY_003575,ORD_003575,UPI,Successful,480.44
PAY_003576,ORD_003576,UPI,Successful,206.28
PAY_003577,ORD_003577,UPI,Successful,354.58
PAY_003578,ORD_003578,UPI,Successful,166.39
PAY_003579,ORD_003579,UPI,Successful,395.44
PAY_003580,ORD_003580,UPI,Failed,229.65
PAY_003581,ORD_003581,Wallet,Successful,304.63
PAY_003582,ORD_003582,Wallet,Successful,493.92
PAY_003583,ORD_003583,UPI,Successful,101.32
PAY_003584,ORD_003584,Credit Card,Successful,495.81
PAY_003585,ORD_003585,UPI,Successful,131.14
PAY_003586,ORD_003586,Credit Card,Successful,310.3
PAY_003587,ORD_003587,Credit Card,Successful,5000.0
PAY_003588,ORD_003588,Wallet,Successful,815.18
PAY_003589,ORD_003589,UPI,Successful,101.21
PAY_003590,ORD_003590,UPI,Successful,216.95
PAY_003591,ORD_003591,Credit Card,Successful,364.31
PAY_003592,ORD_003592,Credit Card,Successful,1060.1
PAY_003593,ORD_003593,Debit Card,Successful,273.64
PAY_003594,ORD_003594,UPI,Successful,1624.67
PAY_003595,ORD_003595,UPI,Successful,2132.62
PAY_003596,ORD_003596,Cash,Successful,194.09
PAY_003597,ORD_003597,Debit Card,Successful,655.9
PAY_003598,ORD_003598,UPI,Successful,389.66
PAY_003599,ORD_003599,Cash,Successful,2750.6
PAY_003600,ORD_003600,Credit Card,Successful,473.29
PAY_003601,ORD_003601,UPI,Successful,306.23
PAY_003602,ORD_003602,UPI,Successful,481.33
PAY_003603,ORD_003603,Debit Card,Successful,597.4
PAY_003604,ORD_003604,UPI,Successful,3526.14
PAY_003605,ORD_003605,Credit Card,Successful,215.51
PAY_003606,ORD_003606,Credit Card,Successful,480.71
PAY_003607,ORD_003607,Wallet,Successful,292.22
PAY_003608,ORD_003608,UPI,Successful,1791.15
PAY_003609,ORD_003609,UPI,Successful,1233.54
PAY_003610,ORD_003610,UPI,Successful,201.06
PAY_003611,ORD_003611,Credit Card,Successful,1486.05
PAY_003612,ORD_003612,UPI,Successful,396.55
PAY_003613,ORD_003613,UPI,Successful,193.81
PAY_003614,ORD_003614,Debit Card,Successful,2740.63
PAY_003615,ORD_003615,UPI,Successful,566.28
PAY_003616,ORD_003616,Debit Card,Successful,266.59
PAY_003617,ORD_003617,Credit Card,Successful,501.51
PAY_003618,ORD_003618,Wallet,Successful,162.65
PAY_003619,ORD_003619,Credit Card,Successful,535.0
PAY_003620,ORD_003620,UPI,Successful,173.58
PAY_003621,ORD_003621,UPI,Successful,633.74
PAY_003622,ORD_003622,UPI,Successful,592.93
PAY_003623,ORD_003623,Wallet,Successful,1215.17
PAY_003624,ORD_003624,UPI,Successful,1239.88
PAY_003625,ORD_003625,UPI,Successful,5000.0
PAY_003626,ORD_003626,Wallet,Successful,481.46
PAY_003627,ORD_003627,Cash,Successful,223.88
PAY_003628,ORD_003628,Cash,Successful,281.74
PAY_003629,ORD_003629,UPI,Successful,161.14
PAY_003630,ORD_003630,UPI,Successful,2063.48
PAY_003631,ORD_003631,UPI,Refunded,1799.27
PAY_003632,ORD_003632,UPI,Successful,404.03
PAY_003633,ORD_003633,Credit Card,Successful,3210.71
PAY_003634,ORD_003634,UPI,Successful,85.13
PAY_003635,ORD_003635,UPI,Successful,304.03
PAY_003636,ORD_003636,Debit Card,Successful,334.0
PAY_003637,ORD_003637,Debit Card,Successful,362.55
PAY_003638,ORD_003638,Wallet,Successful,389.74
PAY_003639,ORD_003639,Debit Card,Successful,210.92
PAY_003640,ORD_003640,Credit Card,Successful,565.41
PAY_003641,ORD_003641,UPI,Successful,787.4
PAY_003642,ORD_003642,UPI,Successful,90.91
PAY_003643,ORD_003643,Debit Card,Failed,80.0
PAY_003644,ORD_003644,UPI,Successful,1031.6
PAY_003645,ORD_003645,Wallet,Successful,2564.46
PAY_003646,ORD_003646,Wallet,Successful,919.7
PAY_003647,ORD_003647,Credit Card,Successful,91.05
PAY_003648,ORD_003648,Wallet,Successful,1012.01
PAY_003649,ORD_003649,UPI,Successful,164.01
PAY_003650,ORD_003650,UPI,Successful,487.92
PAY_003651,ORD_003651,Wallet,Successful,316.62
PAY_003652,ORD_003652,UPI,Successful,838.75
PAY_003653,ORD_003653,Debit Card,Successful,1840.44
PAY_003654,ORD_003654,Wallet,Successful,818.87
PAY_003655,ORD_003655,UPI,Successful,3232.04
PAY_003656,ORD_003656,UPI,Successful,130.0
PAY_003657,ORD_003657,Debit Card,Successful,199.4
PAY_003658,ORD_003658,UPI,Successful,194.33
PAY_003659,ORD_003659,UPI,Successful,482.32
PAY_003660,ORD_003660,UPI,Successful,496.06
PAY_003661,ORD_003661,UPI,Successful,739.94
PAY_003662,ORD_003662,Credit Card,Successful,479.61
PAY_003663,ORD_003663,Credit Card,Successful,440.39
PAY_003664,ORD_003664,Credit Card,Successful,298.7
PAY_003665,ORD_003665,UPI,Successful,230.75
PAY_003666,ORD_003666,Credit Card,Successful,1348.49
PAY_003667,ORD_003667,Credit Card,Successful,712.15
PAY_003668,ORD_003668,Cash,Successful,712.39
PAY_003669,ORD_003669,UPI,Successful,945.6
PAY_003670,ORD_003670,Credit Card,Successful,294.66
PAY_003671,ORD_003671,Debit Card,Successful,131.23
PAY_003672,ORD_003672,UPI,Successful,244.18
PAY_003673,ORD_003673,UPI,Successful,606.28
PAY_003674,ORD_003674,Debit Card,Successful,1825.32
PAY_003675,ORD_003675,UPI,Failed,678.23
PAY_003676,ORD_003676,Wallet,Successful,318.22
PAY_003677,ORD_003677,Wallet,Successful,1184.47
PAY_003678,ORD_003678,UPI,Successful,1114.76
PAY_003679,ORD_003679,Debit Card,Successful,424.02
PAY_003680,ORD_003680,UPI,Successful,408.96
PAY_003681,ORD_003681,UPI,Successful,931.16
PAY_003682,ORD_003682,Wallet,Successful,158.16
PAY_003683,ORD_003683,UPI,Successful,726.0
PAY_003684,ORD_003684,UPI,Successful,285.18
PAY_003685,ORD_003685,UPI,Successful,352.21
PAY_003686,ORD_003686,UPI,Failed,337.06
PAY_003687,ORD_003687,Credit Card,Successful,993.39
PAY_003688,ORD_003688,Cash,Successful,294.88
PAY_003689,ORD_003689,UPI,Successful,388.11
PAY_003690,ORD_003690,Cash,Successful,306.47
PAY_003691,ORD_003691,Wallet,Successful,150.67
PAY_003692,ORD_003692,Credit Card,Successful,471.11
PAY_003693,ORD_003693,UPI,Successful,1391.13
PAY_003694,ORD_003694,UPI,Successful,800.65
PAY_003695,ORD_003695,Debit Card,Successful,555.91
PAY_003696,ORD_003696,Wallet,Successful,526.71
PAY_003697,ORD_003697,Cash,Successful,1343.09
PAY_003698,ORD_003698,Wallet,Refunded,2412.23
PAY_003699,ORD_003699,Wallet,Successful,681.01
PAY_003700,ORD_003700,Debit Card,Successful,612.37
PAY_003701,ORD_003701,Debit Card,Successful,792.62
PAY_003702,ORD_003702,UPI,Successful,493.68
PAY_003703,ORD_003703,UPI,Successful,696.74
PAY_003704,ORD_003704,UPI,Successful,707.45
PAY_003705,ORD_003705,UPI,Successful,403.0
PAY_003706,ORD_003706,UPI,Successful,315.03
PAY_003707,ORD_003707,UPI,Successful,877.17
PAY_003708,ORD_003708,Credit Card,Failed,129.59
PAY_003709,ORD_003709,UPI,Refunded,276.26
PAY_003710,ORD_003710,UPI,Successful,598.16
PAY_003711,ORD_003711,Debit Card,Successful,843.91
PAY_003712,ORD_003712,UPI,Successful,437.24
PAY_003713,ORD_003713,UPI,Successful,359.23
PAY_003714,ORD_003714,UPI,Successful,582.26
PAY_003715,ORD_003715,Cash,Successful,392.64
PAY_003716,ORD_003716,UPI,Successful,459.02
PAY_003717,ORD_003717,Debit Card,Successful,636.22
PAY_003718,ORD_003718,Credit Card,Successful,304.29
PAY_003719,ORD_003719,UPI,Successful,253.2
PAY_003720,ORD_003720,UPI,Successful,508.43
PAY_003721,ORD_003721,UPI,Successful,119.89
PAY_003722,ORD_003722,UPI,Successful,298.42
PAY_003723,ORD_003723,Credit Card,Failed,478.95
PAY_003724,ORD_003724,Debit Card,Successful,132.19
PAY_003725,ORD_003725,UPI,Successful,834.38
PAY_003726,ORD_003726,Credit Card,Successful,740.78
PAY_003727,ORD_003727,UPI,Successful,238.61
PAY_003728,ORD_003728,UPI,Successful,1995.21
PAY_003729,ORD_003729,UPI,Successful,702.42
PAY_003730,ORD_003730,Wallet,Successful,195.82
PAY_003731,ORD_003731,Debit Card,Successful,341.38
PAY_003732,ORD_003732,UPI,Successful,1869.95
PAY_003733,ORD_003733,UPI,Successful,157.62
PAY_003734,ORD_003734,Credit Card,Successful,198.74
PAY_003735,ORD_003735,UPI,Successful,302.71
PAY_003736,ORD_003736,Credit Card,Failed,89.74
PAY_003737,ORD_003737,Credit Card,Failed,516.45
PAY_003738,ORD_003738,Cash,Successful,1241.97
PAY_003739,ORD_003739,Wallet,Successful,1321.17
PAY_003740,ORD_003740,UPI,Successful,232.01
PAY_003741,ORD_003741,UPI,Successful,676.92
PAY_003742,ORD_003742,UPI,Successful,497.53
PAY_003743,ORD_003743,UPI,Successful,303.26
PAY_003744,ORD_003744,Debit Card,Successful,1859.7
PAY_003745,ORD_003745,Wallet,Successful,336.86
PAY_003746,ORD_003746,Wallet,Failed,233.21
PAY_003747,ORD_003747,UPI,Successful,888.46
PAY_003748,ORD_003748,Debit Card,Successful,2694.44
PAY_003749,ORD_003749,UPI,Successful,397.12
PAY_003750,ORD_003750,Debit Card,Successful,116.06
PAY_003751,ORD_003751,UPI,Successful,329.05
PAY_003752,ORD_003752,UPI,Successful,638.63
PAY_003753,ORD_003753,Debit Card,Successful,501.21
PAY_003754,ORD_003754,Credit Card,Successful,252.03
PAY_003755,ORD_003755,Credit Card,Successful,819.95
PAY_003756,ORD_003756,Credit Card,Successful,318.81
PAY_003757,ORD_003757,UPI,Successful,194.96
PAY_003758,ORD_003758,UPI,Successful,217.73
PAY_003759,ORD_003759,UPI,Successful,860.85
PAY_003760,ORD_003760,Credit Card,Successful,2066.51
PAY_003761,ORD_003761,Debit Card,Successful,354.1
PAY_003762,ORD_003762,Credit Card,Successful,492.41
PAY_003763,ORD_003763,UPI,Refunded,613.77
PAY_003764,ORD_003764,Credit Card,Successful,1341.65
PAY_003765,ORD_003765,UPI,Successful,100.95
PAY_003766,ORD_003766,Credit Card,Successful,3762.0
PAY_003767,ORD_003767,Debit Card,Successful,579.37
PAY_003768,ORD_003768,UPI,Successful,925.05
PAY_003769,ORD_003769,UPI,Successful,1790.85
PAY_003770,ORD_003770,UPI,Successful,183.23
PAY_003771,ORD_003771,Debit Card,Successful,2079.11
PAY_003772,ORD_003772,UPI,Successful,296.06
PAY_003773,ORD_003773,Cash,Successful,2134.06
PAY_003774,ORD_003774,Debit Card,Successful,646.91
PAY_003775,ORD_003775,Debit Card,Successful,1146.89
PAY_003776,ORD_003776,UPI,Successful,514.12
PAY_003777,ORD_003777,Debit Card,Successful,122.61
PAY_003778,ORD_003778,UPI,Successful,476.42
PAY_003779,ORD_003779,UPI,Successful,483.39
PAY_003780,ORD_003780,UPI,Successful,468.66
PAY_003781,ORD_003781,Cash,Successful,332.82
PAY_003782,ORD_003782,Credit Card,Successful,1756.74
PAY_003783,ORD_003783,UPI,Successful,493.49
PAY_003784,ORD_003784,Credit Card,Successful,743.53
PAY_003785,ORD_003785,Debit Card,Successful,787.36
PAY_003786,ORD_003786,Debit Card,Successful,274.73
PAY_003787,ORD_003787,UPI,Successful,290.15
PAY_003788,ORD_003788,Debit Card,Successful,469.05
PAY_003789,ORD_003789,UPI,Successful,2780.37
PAY_003790,ORD_003790,Debit Card,Successful,359.23
PAY_003791,ORD_003791,UPI,Successful,1433.45
PAY_003792,ORD_003792,UPI,Successful,1119.96
PAY_003793,ORD_003793,UPI,Successful,1165.37
PAY_003794,ORD_003794,UPI,Successful,1468.02
PAY_003795,ORD_003795,UPI,Successful,148.04
PAY_003796,ORD_003796,UPI,Successful,423.8
PAY_003797,ORD_003797,Credit Card,Successful,299.15
PAY_003798,ORD_003798,Wallet,Failed,579.99
PAY_003799,ORD_003799,UPI,Successful,1005.88
PAY_003800,ORD_003800,UPI,Successful,231.38
PAY_003801,ORD_003801,UPI,Successful,976.56
PAY_003802,ORD_003802,UPI,Successful,3588.27
PAY_003803,ORD_003803,UPI,Successful,1058.66
PAY_003804,ORD_003804,UPI,Successful,935.95
PAY_003805,ORD_003805,Credit Card,Successful,701.89
PAY_003806,ORD_003806,UPI,Successful,587.88
PAY_003807,ORD_003807,Wallet,Successful,3681.95
PAY_003808,ORD_003808,UPI,Successful,354.0
PAY_003809,ORD_003809,Debit Card,Successful,349.52
PAY_003810,ORD_003810,Credit Card,Successful,217.77
PAY_003811,ORD_003811,Debit Card,Successful,355.9
PAY_003812,ORD_003812,UPI,Successful,169.56
PAY_003813,ORD_003813,Credit Card,Successful,1084.39
PAY_003814,ORD_003814,Wallet,Successful,298.5
PAY_003815,ORD_003815,UPI,Successful,216.58
PAY_003816,ORD_003816,Credit Card,Successful,857.01
PAY_003817,ORD_003817,UPI,Successful,765.33
PAY_003818,ORD_003818,UPI,Successful,1623.41
PAY_003819,ORD_003819,Wallet,Successful,646.61
PAY_003820,ORD_003820,Cash,Refunded,326.11
PAY_003821,ORD_003821,UPI,Successful,128.67
PAY_003822,ORD_003822,UPI,Failed,376.93
PAY_003823,ORD_003823,Credit Card,Successful,502.65
PAY_003824,ORD_003824,UPI,Successful,446.84
PAY_003825,ORD_003825,Credit Card,Successful,144.95
PAY_003826,ORD_003826,UPI,Failed,271.18
PAY_003827,ORD_003827,Credit Card,Successful,400.8
PAY_003828,ORD_003828,Credit Card,Successful,558.7
PAY_003829,ORD_003829,Wallet,Successful,630.44
PAY_003830,ORD_003830,UPI,Successful,189.0
PAY_003831,ORD_003831,UPI,Successful,288.55
PAY_003832,ORD_003832,UPI,Successful,441.6
PAY_003833,ORD_003833,UPI,Successful,354.29
PAY_003834,ORD_003834,Credit Card,Successful,401.51
PAY_003835,ORD_003835,UPI,Successful,501.1
PAY_003836,ORD_003836,UPI,Successful,588.91
PAY_003837,ORD_003837,Wallet,Successful,230.12
PAY_003838,ORD_003838,Cash,Successful,314.0
PAY_003839,ORD_003839,UPI,Successful,412.07
PAY_003840,ORD_003840,Credit Card,Successful,509.6
PAY_003841,ORD_003841,Credit Card,Successful,395.76
PAY_003842,ORD_003842,UPI,Successful,1069.88
PAY_003843,ORD_003843,UPI,Successful,99.05
PAY_003844,ORD_003844,UPI,Successful,269.15
PAY_003845,ORD_003845,Wallet,Successful,1336.29
PAY_003846,ORD_003846,UPI,Successful,259.94
PAY_003847,ORD_003847,Credit Card,Successful,905.01
PAY_003848,ORD_003848,Credit Card,Successful,608.12
PAY_003849,ORD_003849,Credit Card,Successful,2056.04
PAY_003850,ORD_003850,UPI,Successful,421.29
PAY_003851,ORD_003851,UPI,Successful,3359.05
PAY_003852,ORD_003852,UPI,Successful,580.79
PAY_003853,ORD_003853,Credit Card,Successful,167.14
PAY_003854,ORD_003854,UPI,Successful,449.07
PAY_003855,ORD_003855,Debit Card,Successful,1030.46
PAY_003856,ORD_003856,UPI,Successful,203.53
PAY_003857,ORD_003857,Debit Card,Successful,501.39
PAY_003858,ORD_003858,Credit Card,Successful,819.26
PAY_003859,ORD_003859,UPI,Successful,179.34
PAY_003860,ORD_003860,UPI,Successful,1424.75
PAY_003861,ORD_003861,UPI,Successful,141.15
PAY_003862,ORD_003862,UPI,Refunded,3820.61
PAY_003863,ORD_003863,Cash,Successful,1171.3
PAY_003864,ORD_003864,Wallet,Successful,402.43
PAY_003865,ORD_003865,Credit Card,Refunded,922.21
PAY_003866,ORD_003866,UPI,Successful,663.11
PAY_003867,ORD_003867,Cash,Successful,309.21
PAY_003868,ORD_003868,UPI,Successful,1694.71
PAY_003869,ORD_003869,Credit Card,Successful,976.0
PAY_003870,ORD_003870,UPI,Successful,1962.24
PAY_003871,ORD_003871,UPI,Successful,552.73
PAY_003872,ORD_003872,Debit Card,Successful,406.34
PAY_003873,ORD_003873,UPI,Successful,676.57
PAY_003874,ORD_003874,UPI,Successful,1458.16
PAY_003875,ORD_003875,UPI,Successful,242.78
PAY_003876,ORD_003876,UPI,Successful,369.78
PAY_003877,ORD_003877,UPI,Successful,171.78
PAY_003878,ORD_003878,UPI,Successful,3248.93
PAY_003879,ORD_003879,Cash,Successful,173.01
PAY_003880,ORD_003880,UPI,Successful,145.78
PAY_003881,ORD_003881,Cash,Successful,417.02
PAY_003882,ORD_003882,Wallet,Failed,1290.43
PAY_003883,ORD_003883,Debit Card,Successful,1471.07
PAY_003884,ORD_003884,Credit Card,Successful,872.2
PAY_003885,ORD_003885,UPI,Successful,254.35
PAY_003886,ORD_003886,Debit Card,Successful,80.0
PAY_003887,ORD_003887,UPI,Successful,296.09
PAY_003888,ORD_003888,Credit Card,Successful,1851.04
PAY_003889,ORD_003889,Wallet,Successful,254.38
PAY_003890,ORD_003890,Credit Card,Successful,359.49
PAY_003891,ORD_003891,UPI,Successful,678.29
PAY_003892,ORD_003892,UPI,Successful,651.67
PAY_003893,ORD_003893,Credit Card,Successful,743.78
PAY_003894,ORD_003894,UPI,Successful,575.19
PAY_003895,ORD_003895,Credit Card,Successful,396.46
PAY_003896,ORD_003896,UPI,Successful,677.87
PAY_003897,ORD_003897,UPI,Successful,1235.31
PAY_003898,ORD_003898,UPI,Successful,413.05
PAY_003899,ORD_003899,Wallet,Successful,1975.67
PAY_003900,ORD_003900,Debit Card,Successful,260.62
PAY_003901,ORD_003901,Wallet,Successful,1172.3
PAY_003902,ORD_003902,UPI,Successful,894.11
PAY_003903,ORD_003903,UPI,Successful,373.6
PAY_003904,ORD_003904,Credit Card,Successful,598.34
PAY_003905,ORD_003905,Credit Card,Successful,136.19
PAY_003906,ORD_003906,UPI,Successful,569.06
PAY_003907,ORD_003907,UPI,Successful,106.79
PAY_003908,ORD_003908,UPI,Successful,1130.38
PAY_003909,ORD_003909,UPI,Successful,130.95
PAY_003910,ORD_003910,Debit Card,Successful,518.73
PAY_003911,ORD_003911,Wallet,Successful,216.39
PAY_003912,ORD_003912,Wallet,Successful,86.8
PAY_003913,ORD_003913,UPI,Successful,819.42
PAY_003914,ORD_003914,UPI,Successful,527.57
PAY_003915,ORD_003915,UPI,Successful,1087.9
PAY_003916,ORD_003916,UPI,Successful,999.06
PAY_003917,ORD_003917,UPI,Successful,2254.2
PAY_003918,ORD_003918,UPI,Failed,180.6
PAY_003919,ORD_003919,UPI,Successful,738.99
PAY_003920,ORD_003920,UPI,Successful,520.02
PAY_003921,ORD_003921,Credit Card,Successful,186.87
PAY_003922,ORD_003922,Cash,Successful,1209.64
PAY_003923,ORD_003923,Wallet,Successful,1162.06
PAY_003924,ORD_003924,UPI,Successful,325.02
PAY_003925,ORD_003925,UPI,Failed,273.94
PAY_003926,ORD_003926,Cash,Successful,471.48
PAY_003927,ORD_003927,Credit Card,Successful,148.65
PAY_003928,ORD_003928,Credit Card,Successful,246.1
PAY_003929,ORD_003929,UPI,Successful,1101.84
PAY_003930,ORD_003930,UPI,Successful,1736.48
PAY_003931,ORD_003931,Credit Card,Successful,449.89
PAY_003932,ORD_003932,UPI,Successful,403.77
PAY_003933,ORD_003933,UPI,Successful,720.48
PAY_003934,ORD_003934,UPI,Successful,357.33
PAY_003935,ORD_003935,UPI,Successful,2669.66
PAY_003936,ORD_003936,UPI,Successful,288.96
PAY_003937,ORD_003937,UPI,Successful,467.24
PAY_003938,ORD_003938,Wallet,Successful,905.64
PAY_003939,ORD_003939,Credit Card,Successful,1050.19
PAY_003940,ORD_003940,UPI,Successful,561.64
PAY_003941,ORD_003941,Credit Card,Successful,233.18
PAY_003942,ORD_003942,UPI,Successful,1184.48
PAY_003943,ORD_003943,UPI,Successful,1243.17
PAY_003944,ORD_003944,UPI,Successful,423.63
PAY_003945,ORD_003945,Credit Card,Successful,529.39
PAY_003946,ORD_003946,UPI,Successful,474.11
PAY_003947,ORD_003947,UPI,Successful,3208.13
PAY_003948,ORD_003948,Cash,Successful,530.99
PAY_003949,ORD_003949,UPI,Successful,181.1
PAY_003950,ORD_003950,UPI,Successful,80.0
PAY_003951,ORD_003951,Credit Card,Successful,333.21
PAY_003952,ORD_003952,UPI,Successful,2606.43
PAY_003953,ORD_003953,UPI,Successful,5000.0
PAY_003954,ORD_003954,UPI,Successful,510.39
PAY_003955,ORD_003955,Credit Card,Successful,103.86
PAY_003956,ORD_003956,Debit Card,Successful,516.62
PAY_003957,ORD_003957,UPI,Successful,166.52
PAY_003958,ORD_003958,UPI,Successful,1640.58
PAY_003959,ORD_003959,Debit Card,Successful,167.43
PAY_003960,ORD_003960,UPI,Successful,4767.13
PAY_003961,ORD_003961,UPI,Successful,306.59
PAY_003962,ORD_003962,UPI,Successful,288.89
PAY_003963,ORD_003963,UPI,Successful,1413.78
PAY_003964,ORD_003964,Credit Card,Successful,242.05
PAY_003965,ORD_003965,UPI,Successful,425.35
PAY_003966,ORD_003966,UPI,Successful,2145.34
PAY_003967,ORD_003967,Credit Card,Successful,132.4
PAY_003968,ORD_003968,Debit Card,Successful,115.49
PAY_003969,ORD_003969,UPI,Successful,458.54
PAY_003970,ORD_003970,UPI,Successful,621.22
PAY_003971,ORD_003971,UPI,Successful,1213.1
PAY_003972,ORD_003972,UPI,Successful,172.41
PAY_003973,ORD_003973,UPI,Successful,765.51
PAY_003974,ORD_003974,UPI,Successful,1262.21
PAY_003975,ORD_003975,UPI,Successful,100.41
PAY_003976,ORD_003976,Debit Card,Successful,2063.86
PAY_003977,ORD_003977,UPI,Successful,647.26
PAY_003978,ORD_003978,UPI,Successful,474.48
PAY_003979,ORD_003979,UPI,Successful,426.39
PAY_003980,ORD_003980,Debit Card,Successful,829.72
PAY_003981,ORD_003981,UPI,Successful,361.4
PAY_003982,ORD_003982,UPI,Failed,440.01
PAY_003983,ORD_003983,Debit Card,Successful,289.74
PAY_003984,ORD_003984,UPI,Refunded,875.83
PAY_003985,ORD_003985,Credit Card,Successful,103.98
PAY_003986,ORD_003986,Debit Card,Successful,100.1
PAY_003987,ORD_003987,UPI,Successful,543.06
PAY_003988,ORD_003988,UPI,Successful,129.72
PAY_003989,ORD_003989,Debit Card,Successful,734.82
PAY_003990,ORD_003990,Credit Card,Failed,935.68
PAY_003991,ORD_003991,UPI,Successful,886.34
PAY_003992,ORD_003992,UPI,Successful,80.0
PAY_003993,ORD_003993,UPI,Successful,648.84
PAY_003994,ORD_003994,Wallet,Successful,541.84
PAY_003995,ORD_003995,UPI,Successful,460.51
PAY_003996,ORD_003996,UPI,Successful,80.0
PAY_003997,ORD_003997,UPI,Successful,2709.19
PAY_003998,ORD_003998,UPI,Successful,721.73
PAY_003999,ORD_003999,UPI,Failed,211.86
PAY_004000,ORD_004000,UPI,Refunded,583.35
PAY_004001,ORD_004001,Debit Card,Successful,1666.84
PAY_004002,ORD_004002,UPI,Successful,570.41
PAY_004003,ORD_004003,UPI,Successful,191.57
PAY_004004,ORD_004004,UPI,Successful,1084.07
PAY_004005,ORD_004005,UPI,Successful,238.02
PAY_004006,ORD_004006,Credit Card,Successful,387.18
PAY_004007,ORD_004007,Credit Card,Successful,323.06
PAY_004008,ORD_004008,UPI,Successful,386.42
PAY_004009,ORD_004009,UPI,Successful,321.46
PAY_004010,ORD_004010,UPI,Successful,3283.33
PAY_004011,ORD_004011,UPI,Successful,1392.63
PAY_004012,ORD_004012,UPI,Successful,96.13
PAY_004013,ORD_004013,Cash,Successful,116.1
PAY_004014,ORD_004014,UPI,Successful,838.76
PAY_004015,ORD_004015,UPI,Successful,292.82
PAY_004016,ORD_004016,Credit Card,Successful,192.64
PAY_004017,ORD_004017,UPI,Successful,426.02
PAY_004018,ORD_004018,UPI,Successful,940.52
PAY_004019,ORD_004019,Debit Card,Successful,936.2
PAY_004020,ORD_004020,UPI,Successful,764.43
PAY_004021,ORD_004021,Debit Card,Successful,338.23
PAY_004022,ORD_004022,Wallet,Successful,885.34
PAY_004023,ORD_004023,UPI,Successful,432.24
PAY_004024,ORD_004024,UPI,Successful,511.1
PAY_004025,ORD_004025,UPI,Successful,857.37
PAY_004026,ORD_004026,UPI,Refunded,265.57
PAY_004027,ORD_004027,Credit Card,Successful,297.04
PAY_004028,ORD_004028,Cash,Failed,116.53
PAY_004029,ORD_004029,Debit Card,Successful,722.2
PAY_004030,ORD_004030,Debit Card,Refunded,444.67
PAY_004031,ORD_004031,UPI,Successful,312.59
PAY_004032,ORD_004032,Credit Card,Successful,233.4
PAY_004033,ORD_004033,Credit Card,Successful,1049.64
PAY_004034,ORD_004034,Wallet,Successful,306.26
PAY_004035,ORD_004035,Credit Card,Successful,708.89
PAY_004036,ORD_004036,Credit Card,Successful,657.92
PAY_004037,ORD_004037,UPI,Successful,1869.71
PAY_004038,ORD_004038,Credit Card,Successful,672.33
PAY_004039,ORD_004039,Wallet,Successful,644.74
PAY_004040,ORD_004040,UPI,Successful,495.71
PAY_004041,ORD_004041,UPI,Successful,1439.92
PAY_004042,ORD_004042,UPI,Successful,229.76
PAY_004043,ORD_004043,UPI,Successful,170.72
PAY_004044,ORD_004044,UPI,Successful,949.83
PAY_004045,ORD_004045,UPI,Successful,138.21
PAY_004046,ORD_004046,Debit Card,Successful,421.15
PAY_004047,ORD_004047,Wallet,Successful,677.27
PAY_004048,ORD_004048,Debit Card,Successful,263.75
PAY_004049,ORD_004049,Wallet,Successful,212.84
PAY_004050,ORD_004050,Wallet,Successful,503.14
PAY_004051,ORD_004051,UPI,Successful,665.86
PAY_004052,ORD_004052,UPI,Successful,1113.48
PAY_004053,ORD_004053,UPI,Successful,1001.95
PAY_004054,ORD_004054,UPI,Successful,182.66
PAY_004055,ORD_004055,Wallet,Failed,1059.19
PAY_004056,ORD_004056,UPI,Successful,477.0
PAY_004057,ORD_004057,Wallet,Successful,2878.17
PAY_004058,ORD_004058,UPI,Successful,258.69
PAY_004059,ORD_004059,Wallet,Failed,413.93
PAY_004060,ORD_004060,Wallet,Successful,144.87
PAY_004061,ORD_004061,Credit Card,Successful,80.0
PAY_004062,ORD_004062,UPI,Successful,274.84
PAY_004063,ORD_004063,Wallet,Successful,4019.36
PAY_004064,ORD_004064,UPI,Successful,373.6
PAY_004065,ORD_004065,Wallet,Successful,369.84
PAY_004066,ORD_004066,Wallet,Successful,221.54
PAY_004067,ORD_004067,Debit Card,Successful,576.66
PAY_004068,ORD_004068,Wallet,Successful,111.85
PAY_004069,ORD_004069,UPI,Successful,192.29
PAY_004070,ORD_004070,Debit Card,Successful,2386.82
PAY_004071,ORD_004071,UPI,Successful,1024.99
PAY_004072,ORD_004072,UPI,Successful,899.97
PAY_004073,ORD_004073,Wallet,Successful,706.26
PAY_004074,ORD_004074,UPI,Successful,256.93
PAY_004075,ORD_004075,Debit Card,Successful,1555.55
PAY_004076,ORD_004076,UPI,Successful,94.3
PAY_004077,ORD_004077,Debit Card,Successful,1171.52
PAY_004078,ORD_004078,UPI,Failed,166.89
PAY_004079,ORD_004079,UPI,Successful,662.09
PAY_004080,ORD_004080,Credit Card,Successful,93.27
PAY_004081,ORD_004081,UPI,Successful,383.67
PAY_004082,ORD_004082,UPI,Successful,1034.99
PAY_004083,ORD_004083,UPI,Successful,1464.18
PAY_004084,ORD_004084,UPI,Successful,289.59
PAY_004085,ORD_004085,Debit Card,Successful,868.66
PAY_004086,ORD_004086,Wallet,Successful,1287.02
PAY_004087,ORD_004087,UPI,Successful,269.96
PAY_004088,ORD_004088,Debit Card,Successful,356.89
PAY_004089,ORD_004089,UPI,Successful,939.32
PAY_004090,ORD_004090,Debit Card,Successful,1358.22
PAY_004091,ORD_004091,Cash,Successful,926.11
PAY_004092,ORD_004092,Credit Card,Successful,453.37
PAY_004093,ORD_004093,Debit Card,Successful,151.58
PAY_004094,ORD_004094,Debit Card,Successful,297.55
PAY_004095,ORD_004095,UPI,Successful,203.71
PAY_004096,ORD_004096,UPI,Refunded,597.18
PAY_004097,ORD_004097,UPI,Successful,803.77
PAY_004098,ORD_004098,UPI,Refunded,3609.6
PAY_004099,ORD_004099,Credit Card,Successful,776.17
PAY_004100,ORD_004100,Wallet,Successful,989.56
PAY_004101,ORD_004101,Wallet,Successful,284.6
PAY_004102,ORD_004102,Wallet,Successful,426.9
PAY_004103,ORD_004103,UPI,Successful,298.79
PAY_004104,ORD_004104,Credit Card,Successful,399.15
PAY_004105,ORD_004105,UPI,Successful,4595.34
PAY_004106,ORD_004106,UPI,Successful,155.09
PAY_004107,ORD_004107,UPI,Successful,308.79
PAY_004108,ORD_004108,Wallet,Successful,230.53
PAY_004109,ORD_004109,UPI,Successful,464.72
PAY_004110,ORD_004110,Credit Card,Successful,350.12
PAY_004111,ORD_004111,Debit Card,Successful,3561.34
PAY_004112,ORD_004112,UPI,Successful,156.25
PAY_004113,ORD_004113,UPI,Successful,172.0
PAY_004114,ORD_004114,Cash,Successful,211.88
PAY_004115,ORD_004115,UPI,Successful,183.06
PAY_004116,ORD_004116,Cash,Successful,161.73
PAY_004117,ORD_004117,Debit Card,Successful,532.88
PAY_004118,ORD_004118,UPI,Successful,85.34
PAY_004119,ORD_004119,UPI,Successful,142.45
PAY_004120,ORD_004120,Wallet,Successful,877.57
PAY_004121,ORD_004121,Debit Card,Successful,1377.67
PAY_004122,ORD_004122,Debit Card,Successful,2301.87
PAY_004123,ORD_004123,Debit Card,Successful,466.76
PAY_004124,ORD_004124,UPI,Successful,142.89
PAY_004125,ORD_004125,Credit Card,Successful,312.33
PAY_004126,ORD_004126,UPI,Successful,80.0
PAY_004127,ORD_004127,UPI,Successful,861.99
PAY_004128,ORD_004128,UPI,Successful,128.11
PAY_004129,ORD_004129,Debit Card,Successful,944.47
PAY_004130,ORD_004130,UPI,Successful,759.15
PAY_004131,ORD_004131,UPI,Successful,207.98
PAY_004132,ORD_004132,UPI,Successful,4115.12
PAY_004133,ORD_004133,UPI,Successful,1475.17
PAY_004134,ORD_004134,UPI,Successful,843.27
PAY_004135,ORD_004135,UPI,Successful,896.64
PAY_004136,ORD_004136,Credit Card,Successful,192.96
PAY_004137,ORD_004137,UPI,Successful,212.34
PAY_004138,ORD_004138,Cash,Successful,89.88
PAY_004139,ORD_004139,UPI,Failed,586.43
PAY_004140,ORD_004140,UPI,Successful,612.68
PAY_004141,ORD_004141,Cash,Successful,538.35
PAY_004142,ORD_004142,Credit Card,Successful,80.0
PAY_004143,ORD_004143,UPI,Successful,187.51
PAY_004144,ORD_004144,Debit Card,Successful,578.65
PAY_004145,ORD_004145,UPI,Successful,337.3
PAY_004146,ORD_004146,Debit Card,Successful,1018.53
PAY_004147,ORD_004147,UPI,Successful,1439.84
PAY_004148,ORD_004148,Credit Card,Successful,752.84
PAY_004149,ORD_004149,Credit Card,Successful,545.22
PAY_004150,ORD_004150,UPI,Successful,156.41
PAY_004151,ORD_004151,UPI,Successful,607.84
PAY_004152,ORD_004152,Credit Card,Failed,273.54
PAY_004153,ORD_004153,UPI,Successful,224.19
PAY_004154,ORD_004154,UPI,Successful,202.92
PAY_004155,ORD_004155,Wallet,Successful,830.77
PAY_004156,ORD_004156,Debit Card,Successful,1198.91
PAY_004157,ORD_004157,Debit Card,Successful,334.07
PAY_004158,ORD_004158,UPI,Successful,80.0
PAY_004159,ORD_004159,UPI,Failed,283.01
PAY_004160,ORD_004160,Debit Card,Successful,784.62
PAY_004161,ORD_004161,UPI,Successful,4527.03
PAY_004162,ORD_004162,Wallet,Successful,516.1
PAY_004163,ORD_004163,UPI,Successful,1937.64
PAY_004164,ORD_004164,Debit Card,Successful,537.02
PAY_004165,ORD_004165,UPI,Successful,402.02
PAY_004166,ORD_004166,UPI,Successful,412.12
PAY_004167,ORD_004167,Cash,Successful,407.4
PAY_004168,ORD_004168,Credit Card,Successful,661.95
PAY_004169,ORD_004169,Wallet,Successful,282.95
PAY_004170,ORD_004170,UPI,Successful,242.16
PAY_004171,ORD_004171,Wallet,Successful,4030.17
PAY_004172,ORD_004172,UPI,Successful,502.71
PAY_004173,ORD_004173,UPI,Successful,2449.83
PAY_004174,ORD_004174,Debit Card,Successful,1095.92
PAY_004175,ORD_004175,Credit Card,Successful,81.18
PAY_004176,ORD_004176,Cash,Successful,1901.76
PAY_004177,ORD_004177,UPI,Successful,161.8
PAY_004178,ORD_004178,Cash,Refunded,359.36
PAY_004179,ORD_004179,UPI,Successful,369.67
PAY_004180,ORD_004180,Credit Card,Successful,466.74
PAY_004181,ORD_004181,UPI,Successful,819.38
PAY_004182,ORD_004182,UPI,Successful,251.15
PAY_004183,ORD_004183,UPI,Successful,1892.71
PAY_004184,ORD_004184,UPI,Successful,91.64
PAY_004185,ORD_004185,UPI,Successful,724.81
PAY_004186,ORD_004186,UPI,Successful,585.84
PAY_004187,ORD_004187,Debit Card,Successful,647.5
PAY_004188,ORD_004188,UPI,Failed,114.58
PAY_004189,ORD_004189,UPI,Successful,407.37
PAY_004190,ORD_004190,Debit Card,Refunded,1030.4
PAY_004191,ORD_004191,UPI,Refunded,285.48
PAY_004192,ORD_004192,Debit Card,Successful,80.0
PAY_004193,ORD_004193,Debit Card,Successful,535.88
PAY_004194,ORD_004194,UPI,Successful,841.37
PAY_004195,ORD_004195,Cash,Successful,3505.0
PAY_004196,ORD_004196,Wallet,Successful,227.9
PAY_004197,ORD_004197,UPI,Successful,938.96
PAY_004198,ORD_004198,UPI,Successful,391.94
PAY_004199,ORD_004199,UPI,Successful,227.95
PAY_004200,ORD_004200,Credit Card,Successful,1025.05
PAY_004201,ORD_004201,UPI,Successful,648.75
PAY_004202,ORD_004202,UPI,Successful,287.78
PAY_004203,ORD_004203,UPI,Failed,970.78
PAY_004204,ORD_004204,UPI,Successful,298.31
PAY_004205,ORD_004205,Cash,Failed,472.52
PAY_004206,ORD_004206,Debit Card,Successful,285.71
PAY_004207,ORD_004207,Wallet,Successful,323.23
PAY_004208,ORD_004208,Credit Card,Successful,162.44
PAY_004209,ORD_004209,Debit Card,Successful,989.25
PAY_004210,ORD_004210,Wallet,Successful,2885.29
PAY_004211,ORD_004211,UPI,Successful,582.6
PAY_004212,ORD_004212,UPI,Successful,424.13
PAY_004213,ORD_004213,UPI,Successful,248.31
PAY_004214,ORD_004214,UPI,Successful,542.58
PAY_004215,ORD_004215,Wallet,Successful,254.31
PAY_004216,ORD_004216,UPI,Successful,479.26
PAY_004217,ORD_004217,UPI,Successful,207.61
PAY_004218,ORD_004218,Wallet,Successful,360.78
PAY_004219,ORD_004219,Wallet,Successful,227.67
PAY_004220,ORD_004220,UPI,Successful,465.36
PAY_004221,ORD_004221,Wallet,Successful,550.07
PAY_004222,ORD_004222,UPI,Failed,412.68
PAY_004223,ORD_004223,Credit Card,Failed,386.76
PAY_004224,ORD_004224,Wallet,Refunded,80.0
PAY_004225,ORD_004225,UPI,Successful,2596.34
PAY_004226,ORD_004226,Credit Card,Failed,258.03
PAY_004227,ORD_004227,Debit Card,Successful,610.37
PAY_004228,ORD_004228,Debit Card,Successful,268.3
PAY_004229,ORD_004229,UPI,Successful,1949.81
PAY_004230,ORD_004230,Debit Card,Successful,468.58
PAY_004231,ORD_004231,Credit Card,Successful,602.69
PAY_004232,ORD_004232,UPI,Successful,128.08
PAY_004233,ORD_004233,UPI,Successful,854.14
PAY_004234,ORD_004234,UPI,Successful,1506.17
PAY_004235,ORD_004235,Credit Card,Successful,838.02
PAY_004236,ORD_004236,Debit Card,Successful,501.1
PAY_004237,ORD_004237,UPI,Successful,164.66
PAY_004238,ORD_004238,UPI,Successful,213.99
PAY_004239,ORD_004239,Debit Card,Successful,712.81
PAY_004240,ORD_004240,UPI,Successful,226.66
PAY_004241,ORD_004241,Debit Card,Successful,3381.22
PAY_004242,ORD_004242,UPI,Successful,640.24
PAY_004243,ORD_004243,Cash,Successful,1046.37
PAY_004244,ORD_004244,UPI,Successful,255.87
PAY_004245,ORD_004245,UPI,Successful,478.88
PAY_004246,ORD_004246,UPI,Successful,853.07
PAY_004247,ORD_004247,UPI,Successful,337.89
PAY_004248,ORD_004248,Debit Card,Successful,594.75
PAY_004249,ORD_004249,Wallet,Successful,213.27
PAY_004250,ORD_004250,Wallet,Successful,5000.0
PAY_004251,ORD_004251,UPI,Successful,476.88
PAY_004252,ORD_004252,UPI,Successful,895.15
PAY_004253,ORD_004253,UPI,Successful,698.22
PAY_004254,ORD_004254,Credit Card,Successful,183.37
PAY_004255,ORD_004255,Debit Card,Successful,493.03
PAY_004256,ORD_004256,Cash,Successful,600.77
PAY_004257,ORD_004257,Debit Card,Successful,317.84
PAY_004258,ORD_004258,Wallet,Successful,902.56
PAY_004259,ORD_004259,Debit Card,Successful,1877.95
PAY_004260,ORD_004260,UPI,Failed,549.64
PAY_004261,ORD_004261,UPI,Successful,448.06
PAY_004262,ORD_004262,UPI,Successful,315.48
PAY_004263,ORD_004263,Credit Card,Successful,456.82
PAY_004264,ORD_004264,UPI,Successful,317.93
PAY_004265,ORD_004265,UPI,Successful,361.15
PAY_004266,ORD_004266,UPI,Successful,245.53
PAY_004267,ORD_004267,Credit Card,Successful,1023.99
PAY_004268,ORD_004268,Credit Card,Successful,3783.24
PAY_004269,ORD_004269,UPI,Successful,106.65
PAY_004270,ORD_004270,Credit Card,Failed,679.92
PAY_004271,ORD_004271,UPI,Successful,788.01
PAY_004272,ORD_004272,Wallet,Successful,204.12
PAY_004273,ORD_004273,UPI,Successful,524.25
PAY_004274,ORD_004274,Cash,Successful,994.11
PAY_004275,ORD_004275,UPI,Successful,1646.94
PAY_004276,ORD_004276,UPI,Successful,758.92
PAY_004277,ORD_004277,Cash,Successful,538.29
PAY_004278,ORD_004278,UPI,Successful,328.95
PAY_004279,ORD_004279,UPI,Successful,396.66
PAY_004280,ORD_004280,UPI,Successful,192.13
PAY_004281,ORD_004281,Credit Card,Successful,1613.4
PAY_004282,ORD_004282,UPI,Refunded,982.28
PAY_004283,ORD_004283,UPI,Successful,681.11
PAY_004284,ORD_004284,UPI,Successful,1437.85
PAY_004285,ORD_004285,Wallet,Successful,709.0
PAY_004286,ORD_004286,Credit Card,Successful,378.97
PAY_004287,ORD_004287,Wallet,Successful,1251.19
PAY_004288,ORD_004288,Credit Card,Successful,499.81
PAY_004289,ORD_004289,Credit Card,Successful,276.91
PAY_004290,ORD_004290,UPI,Successful,558.46
PAY_004291,ORD_004291,UPI,Successful,374.76
PAY_004292,ORD_004292,UPI,Successful,380.28
PAY_004293,ORD_004293,UPI,Successful,611.79
PAY_004294,ORD_004294,UPI,Failed,366.11
PAY_004295,ORD_004295,UPI,Failed,763.16
PAY_004296,ORD_004296,UPI,Successful,1249.32
PAY_004297,ORD_004297,Wallet,Successful,485.64
PAY_004298,ORD_004298,UPI,Successful,123.18
PAY_004299,ORD_004299,UPI,Successful,641.09
PAY_004300,ORD_004300,UPI,Successful,326.69
PAY_004301,ORD_004301,Credit Card,Successful,1784.88
PAY_004302,ORD_004302,Wallet,Successful,472.67
PAY_004303,ORD_004303,Credit Card,Successful,1124.13
PAY_004304,ORD_004304,UPI,Successful,2561.76
PAY_004305,ORD_004305,UPI,Successful,80.0
PAY_004306,ORD_004306,UPI,Successful,367.02
PAY_004307,ORD_004307,UPI,Successful,1256.37
PAY_004308,ORD_004308,Credit Card,Successful,1573.05
PAY_004309,ORD_004309,Wallet,Successful,295.44
PAY_004310,ORD_004310,Cash,Successful,219.73
PAY_004311,ORD_004311,UPI,Successful,1080.25
PAY_004312,ORD_004312,UPI,Successful,184.37
PAY_004313,ORD_004313,UPI,Refunded,487.56
PAY_004314,ORD_004314,UPI,Successful,2973.91
PAY_004315,ORD_004315,UPI,Successful,483.87
PAY_004316,ORD_004316,Debit Card,Successful,801.81
PAY_004317,ORD_004317,Debit Card,Successful,580.25
PAY_004318,ORD_004318,Cash,Successful,213.35
PAY_004319,ORD_004319,UPI,Refunded,271.64
PAY_004320,ORD_004320,UPI,Successful,737.17
PAY_004321,ORD_004321,Wallet,Successful,1179.15
PAY_004322,ORD_004322,Credit Card,Successful,1328.94
PAY_004323,ORD_004323,UPI,Successful,684.9
PAY_004324,ORD_004324,Credit Card,Successful,2000.61
PAY_004325,ORD_004325,UPI,Successful,721.28
PAY_004326,ORD_004326,Debit Card,Successful,192.95
PAY_004327,ORD_004327,UPI,Successful,945.8
PAY_004328,ORD_004328,Credit Card,Successful,684.05
PAY_004329,ORD_004329,UPI,Successful,440.17
PAY_004330,ORD_004330,UPI,Refunded,423.62
PAY_004331,ORD_004331,UPI,Successful,206.83
PAY_004332,ORD_004332,UPI,Successful,849.06
PAY_004333,ORD_004333,UPI,Successful,497.75
PAY_004334,ORD_004334,UPI,Successful,659.48
PAY_004335,ORD_004335,UPI,Successful,300.23
PAY_004336,ORD_004336,UPI,Successful,243.61
PAY_004337,ORD_004337,UPI,Successful,1027.43
PAY_004338,ORD_004338,UPI,Successful,181.26
PAY_004339,ORD_004339,UPI,Successful,637.87
PAY_004340,ORD_004340,UPI,Successful,104.35
PAY_004341,ORD_004341,UPI,Successful,191.79
PAY_004342,ORD_004342,UPI,Successful,759.93
PAY_004343,ORD_004343,UPI,Successful,592.2
PAY_004344,ORD_004344,Credit Card,Successful,549.65
PAY_004345,ORD_004345,UPI,Successful,339.94
PAY_004346,ORD_004346,UPI,Successful,689.13
PAY_004347,ORD_004347,Debit Card,Successful,542.0
PAY_004348,ORD_004348,UPI,Successful,692.02
PAY_004349,ORD_004349,Debit Card,Successful,1070.85
PAY_004350,ORD_004350,UPI,Successful,374.21
PAY_004351,ORD_004351,Credit Card,Successful,752.99
PAY_004352,ORD_004352,Credit Card,Successful,335.15
PAY_004353,ORD_004353,UPI,Successful,2476.31
PAY_004354,ORD_004354,Debit Card,Successful,1183.79
PAY_004355,ORD_004355,UPI,Successful,330.04
PAY_004356,ORD_004356,UPI,Successful,94.08
PAY_004357,ORD_004357,Debit Card,Successful,202.33
PAY_004358,ORD_004358,UPI,Successful,248.94
PAY_004359,ORD_004359,UPI,Successful,280.13
PAY_004360,ORD_004360,UPI,Successful,165.19
PAY_004361,ORD_004361,UPI,Refunded,316.39
PAY_004362,ORD_004362,Credit Card,Successful,1248.81
PAY_004363,ORD_004363,Debit Card,Successful,1622.41
PAY_004364,ORD_004364,Cash,Successful,102.12
PAY_004365,ORD_004365,UPI,Successful,395.41
PAY_004366,ORD_004366,Debit Card,Successful,1222.19
PAY_004367,ORD_004367,UPI,Successful,493.56
PAY_004368,ORD_004368,Credit Card,Successful,192.84
PAY_004369,ORD_004369,Credit Card,Successful,266.33
PAY_004370,ORD_004370,UPI,Successful,233.07
PAY_004371,ORD_004371,UPI,Successful,916.21
PAY_004372,ORD_004372,Credit Card,Successful,1444.44
PAY_004373,ORD_004373,Debit Card,Successful,525.89
PAY_004374,ORD_004374,Debit Card,Successful,3373.67
PAY_004375,ORD_004375,UPI,Successful,141.57
PAY_004376,ORD_004376,Credit Card,Successful,183.35
PAY_004377,ORD_004377,Debit Card,Successful,256.11
PAY_004378,ORD_004378,Debit Card,Successful,427.36
PAY_004379,ORD_004379,UPI,Successful,3688.83
PAY_004380,ORD_004380,UPI,Successful,423.9
PAY_004381,ORD_004381,Credit Card,Successful,379.74
PAY_004382,ORD_004382,UPI,Successful,458.12
PAY_004383,ORD_004383,Credit Card,Successful,534.21
PAY_004384,ORD_004384,Credit Card,Successful,789.23
PAY_004385,ORD_004385,UPI,Refunded,408.49
PAY_004386,ORD_004386,Credit Card,Successful,664.16
PAY_004387,ORD_004387,Wallet,Successful,275.96
PAY_004388,ORD_004388,UPI,Successful,153.3
PAY_004389,ORD_004389,Credit Card,Successful,1258.36
PAY_004390,ORD_004390,Credit Card,Successful,402.46
PAY_004391,ORD_004391,Debit Card,Successful,440.83
PAY_004392,ORD_004392,UPI,Successful,462.19
PAY_004393,ORD_004393,Credit Card,Successful,1570.36
PAY_004394,ORD_004394,UPI,Successful,953.06
PAY_004395,ORD_004395,UPI,Refunded,1624.67
PAY_004396,ORD_004396,Wallet,Successful,205.34
PAY_004397,ORD_004397,Debit Card,Refunded,978.66
PAY_004398,ORD_004398,UPI,Successful,699.33
PAY_004399,ORD_004399,Wallet,Failed,617.47
PAY_004400,ORD_004400,UPI,Successful,891.28
PAY_004401,ORD_004401,Debit Card,Successful,1136.92
PAY_004402,ORD_004402,UPI,Successful,5000.0
PAY_004403,ORD_004403,UPI,Successful,2678.06
PAY_004404,ORD_004404,UPI,Successful,699.58
PAY_004405,ORD_004405,Debit Card,Successful,1689.04
PAY_004406,ORD_004406,Debit Card,Successful,354.67
PAY_004407,ORD_004407,Credit Card,Successful,672.91
PAY_004408,ORD_004408,Wallet,Successful,277.28
PAY_004409,ORD_004409,Wallet,Successful,905.3
PAY_004410,ORD_004410,UPI,Successful,423.48
PAY_004411,ORD_004411,UPI,Successful,954.44
PAY_004412,ORD_004412,Cash,Successful,856.8
PAY_004413,ORD_004413,Credit Card,Successful,207.55
PAY_004414,ORD_004414,UPI,Successful,158.07
PAY_004415,ORD_004415,Cash,Successful,397.3
PAY_004416,ORD_004416,UPI,Successful,578.71
PAY_004417,ORD_004417,UPI,Successful,3856.99
PAY_004418,ORD_004418,UPI,Successful,1955.19
PAY_004419,ORD_004419,UPI,Successful,2211.95
PAY_004420,ORD_004420,Credit Card,Successful,705.88
PAY_004421,ORD_004421,UPI,Successful,558.05
PAY_004422,ORD_004422,Credit Card,Failed,150.9
PAY_004423,ORD_004423,UPI,Successful,903.22
PAY_004424,ORD_004424,Debit Card,Successful,277.4
PAY_004425,ORD_004425,UPI,Successful,1427.29
PAY_004426,ORD_004426,Cash,Successful,919.88
PAY_004427,ORD_004427,UPI,Refunded,1240.62
PAY_004428,ORD_004428,Debit Card,Successful,374.98
PAY_004429,ORD_004429,Debit Card,Successful,876.4
PAY_004430,ORD_004430,Debit Card,Successful,672.75
PAY_004431,ORD_004431,UPI,Refunded,301.98
PAY_004432,ORD_004432,Debit Card,Successful,234.03
PAY_004433,ORD_004433,UPI,Successful,620.06
PAY_004434,ORD_004434,UPI,Successful,163.07
PAY_004435,ORD_004435,Wallet,Successful,1144.59
PAY_004436,ORD_004436,Wallet,Successful,98.71
PAY_004437,ORD_004437,UPI,Successful,415.42
PAY_004438,ORD_004438,Credit Card,Successful,165.09
PAY_004439,ORD_004439,UPI,Successful,267.29
PAY_004440,ORD_004440,UPI,Successful,80.0
PAY_004441,ORD_004441,Credit Card,Successful,1308.31
PAY_004442,ORD_004442,UPI,Successful,229.26
PAY_004443,ORD_004443,Credit Card,Successful,377.24
PAY_004444,ORD_004444,Debit Card,Successful,91.47
PAY_004445,ORD_004445,UPI,Successful,218.69
PAY_004446,ORD_004446,UPI,Successful,498.67
PAY_004447,ORD_004447,UPI,Successful,1561.62
PAY_004448,ORD_004448,Credit Card,Successful,589.71
PAY_004449,ORD_004449,UPI,Successful,585.29
PAY_004450,ORD_004450,UPI,Successful,1218.64
PAY_004451,ORD_004451,Credit Card,Successful,965.22
PAY_004452,ORD_004452,UPI,Successful,920.23
PAY_004453,ORD_004453,Wallet,Successful,329.57
PAY_004454,ORD_004454,Credit Card,Successful,1520.8
PAY_004455,ORD_004455,UPI,Successful,229.65
PAY_004456,ORD_004456,Debit Card,Successful,541.31
PAY_004457,ORD_004457,Credit Card,Successful,313.38
PAY_004458,ORD_004458,Cash,Successful,441.32
PAY_004459,ORD_004459,UPI,Successful,300.74
PAY_004460,ORD_004460,Credit Card,Successful,996.06
PAY_004461,ORD_004461,UPI,Successful,1124.6
PAY_004462,ORD_004462,UPI,Successful,1558.8
PAY_004463,ORD_004463,UPI,Successful,751.26
PAY_004464,ORD_004464,UPI,Successful,2584.25
PAY_004465,ORD_004465,Credit Card,Successful,812.36
PAY_004466,ORD_004466,Credit Card,Successful,579.08
PAY_004467,ORD_004467,UPI,Successful,1095.05
PAY_004468,ORD_004468,Credit Card,Successful,774.52
PAY_004469,ORD_004469,Cash,Successful,339.24
PAY_004470,ORD_004470,Credit Card,Successful,442.89
PAY_004471,ORD_004471,UPI,Successful,886.08
PAY_004472,ORD_004472,Debit Card,Successful,354.28
PAY_004473,ORD_004473,UPI,Successful,325.52
PAY_004474,ORD_004474,Cash,Successful,864.13
PAY_004475,ORD_004475,UPI,Successful,679.78
PAY_004476,ORD_004476,UPI,Successful,1314.1
PAY_004477,ORD_004477,UPI,Successful,153.78
PAY_004478,ORD_004478,Debit Card,Failed,1597.17
PAY_004479,ORD_004479,UPI,Successful,933.22
PAY_004480,ORD_004480,Wallet,Successful,640.28
PAY_004481,ORD_004481,UPI,Successful,839.22
PAY_004482,ORD_004482,Debit Card,Successful,1563.91
PAY_004483,ORD_004483,Debit Card,Successful,494.71
PAY_004484,ORD_004484,UPI,Successful,368.44
PAY_004485,ORD_004485,Debit Card,Refunded,192.47
PAY_004486,ORD_004486,UPI,Successful,205.44
PAY_004487,ORD_004487,Debit Card,Successful,1016.54
PAY_004488,ORD_004488,UPI,Successful,545.62
PAY_004489,ORD_004489,Credit Card,Successful,318.39
PAY_004490,ORD_004490,UPI,Successful,510.13
PAY_004491,ORD_004491,Debit Card,Successful,360.36
PAY_004492,ORD_004492,Credit Card,Failed,1030.88
PAY_004493,ORD_004493,UPI,Successful,250.2
PAY_004494,ORD_004494,Wallet,Failed,183.54
PAY_004495,ORD_004495,Debit Card,Successful,1176.63
PAY_004496,ORD_004496,UPI,Successful,996.76
PAY_004497,ORD_004497,Wallet,Successful,342.27
PAY_004498,ORD_004498,UPI,Successful,248.8
PAY_004499,ORD_004499,Wallet,Successful,492.81
PAY_004500,ORD_004500,Cash,Successful,2406.33
PAY_004501,ORD_004501,Credit Card,Successful,802.17
PAY_004502,ORD_004502,Cash,Successful,499.84
PAY_004503,ORD_004503,UPI,Successful,323.66
PAY_004504,ORD_004504,Wallet,Successful,453.13
PAY_004505,ORD_004505,UPI,Refunded,1293.39
PAY_004506,ORD_004506,Wallet,Successful,877.91
PAY_004507,ORD_004507,UPI,Successful,3387.58
PAY_004508,ORD_004508,UPI,Successful,301.41
PAY_004509,ORD_004509,Cash,Successful,1420.52
PAY_004510,ORD_004510,Cash,Successful,94.97
PAY_004511,ORD_004511,Cash,Successful,160.41
PAY_004512,ORD_004512,Credit Card,Successful,138.45
PAY_004513,ORD_004513,UPI,Successful,117.92
PAY_004514,ORD_004514,UPI,Failed,283.86
PAY_004515,ORD_004515,Credit Card,Successful,299.36
PAY_004516,ORD_004516,UPI,Successful,184.34
PAY_004517,ORD_004517,UPI,Successful,612.82
PAY_004518,ORD_004518,Credit Card,Refunded,494.84
PAY_004519,ORD_004519,Credit Card,Successful,594.24
PAY_004520,ORD_004520,Wallet,Successful,415.55
PAY_004521,ORD_004521,Wallet,Successful,154.91
PAY_004522,ORD_004522,UPI,Successful,3822.24
PAY_004523,ORD_004523,Wallet,Successful,446.21
PAY_004524,ORD_004524,Debit Card,Refunded,228.64
PAY_004525,ORD_004525,UPI,Successful,80.0
PAY_004526,ORD_004526,UPI,Successful,1032.71
PAY_004527,ORD_004527,Credit Card,Successful,532.54
PAY_004528,ORD_004528,UPI,Successful,99.01
PAY_004529,ORD_004529,UPI,Successful,604.11
PAY_004530,ORD_004530,Debit Card,Successful,312.65
PAY_004531,ORD_004531,Debit Card,Successful,457.3
PAY_004532,ORD_004532,UPI,Successful,667.63
PAY_004533,ORD_004533,Debit Card,Successful,3055.57
PAY_004534,ORD_004534,UPI,Successful,426.41
PAY_004535,ORD_004535,UPI,Successful,306.6
PAY_004536,ORD_004536,Wallet,Successful,1403.82
PAY_004537,ORD_004537,UPI,Successful,504.49
PAY_004538,ORD_004538,UPI,Successful,316.63
PAY_004539,ORD_004539,Debit Card,Successful,207.49
PAY_004540,ORD_004540,UPI,Successful,829.43
PAY_004541,ORD_004541,UPI,Successful,83.17
PAY_004542,ORD_004542,UPI,Successful,512.71
PAY_004543,ORD_004543,UPI,Successful,325.29
PAY_004544,ORD_004544,UPI,Successful,80.0
PAY_004545,ORD_004545,UPI,Successful,116.15
PAY_004546,ORD_004546,Wallet,Successful,304.76
PAY_004547,ORD_004547,Credit Card,Successful,666.06
PAY_004548,ORD_004548,UPI,Successful,818.47
PAY_004549,ORD_004549,UPI,Successful,666.59
PAY_004550,ORD_004550,UPI,Successful,293.25
PAY_004551,ORD_004551,UPI,Successful,1581.74
PAY_004552,ORD_004552,UPI,Successful,378.33
PAY_004553,ORD_004553,UPI,Successful,2893.43
PAY_004554,ORD_004554,UPI,Successful,3305.33
PAY_004555,ORD_004555,UPI,Successful,1023.93
PAY_004556,ORD_004556,Credit Card,Successful,614.39
PAY_004557,ORD_004557,UPI,Successful,80.0
PAY_004558,ORD_004558,UPI,Successful,806.86
PAY_004559,ORD_004559,UPI,Successful,389.16
PAY_004560,ORD_004560,UPI,Successful,210.25
PAY_004561,ORD_004561,Cash,Successful,226.78
PAY_004562,ORD_004562,Debit Card,Successful,628.21
PAY_004563,ORD_004563,Debit Card,Refunded,202.45
PAY_004564,ORD_004564,Credit Card,Successful,556.59
PAY_004565,ORD_004565,UPI,Successful,242.31
PAY_004566,ORD_004566,Credit Card,Successful,302.25
PAY_004567,ORD_004567,Wallet,Successful,392.44
PAY_004568,ORD_004568,Debit Card,Successful,216.37
PAY_004569,ORD_004569,Wallet,Successful,844.23
PAY_004570,ORD_004570,Wallet,Successful,287.41
PAY_004571,ORD_004571,Debit Card,Successful,476.43
PAY_004572,ORD_004572,UPI,Successful,316.06
PAY_004573,ORD_004573,UPI,Successful,80.0
PAY_004574,ORD_004574,Credit Card,Successful,1070.66
PAY_004575,ORD_004575,UPI,Successful,2278.83
PAY_004576,ORD_004576,UPI,Successful,388.77
PAY_004577,ORD_004577,Debit Card,Successful,274.39
PAY_004578,ORD_004578,UPI,Successful,260.1
PAY_004579,ORD_004579,UPI,Successful,1178.51
PAY_004580,ORD_004580,Credit Card,Successful,919.56
PAY_004581,ORD_004581,UPI,Successful,905.75
PAY_004582,ORD_004582,Debit Card,Successful,395.35
PAY_004583,ORD_004583,Credit Card,Successful,798.31
PAY_004584,ORD_004584,Credit Card,Successful,292.58
PAY_004585,ORD_004585,UPI,Successful,80.0
PAY_004586,ORD_004586,UPI,Successful,936.54
PAY_004587,ORD_004587,UPI,Successful,1383.3
PAY_004588,ORD_004588,UPI,Successful,321.3
PAY_004589,ORD_004589,Wallet,Refunded,142.92
PAY_004590,ORD_004590,UPI,Successful,212.89
PAY_004591,ORD_004591,UPI,Successful,407.34
PAY_004592,ORD_004592,UPI,Successful,82.06
PAY_004593,ORD_004593,Cash,Refunded,403.57
PAY_004594,ORD_004594,Debit Card,Successful,1808.31
PAY_004595,ORD_004595,Debit Card,Refunded,880.64
PAY_004596,ORD_004596,Wallet,Successful,511.46
PAY_004597,ORD_004597,UPI,Successful,90.87
PAY_004598,ORD_004598,Debit Card,Successful,527.62
PAY_004599,ORD_004599,UPI,Successful,789.77
PAY_004600,ORD_004600,Credit Card,Successful,253.78
PAY_004601,ORD_004601,UPI,Successful,524.18
PAY_004602,ORD_004602,Debit Card,Successful,1809.24
PAY_004603,ORD_004603,Wallet,Successful,80.0
PAY_004604,ORD_004604,Credit Card,Successful,949.39
PAY_004605,ORD_004605,Credit Card,Successful,906.64
PAY_004606,ORD_004606,UPI,Successful,513.59
PAY_004607,ORD_004607,UPI,Successful,362.15
PAY_004608,ORD_004608,UPI,Successful,646.33
PAY_004609,ORD_004609,Debit Card,Successful,378.93
PAY_004610,ORD_004610,UPI,Successful,2086.54
PAY_004611,ORD_004611,Wallet,Successful,3710.04
PAY_004612,ORD_004612,UPI,Successful,164.55
PAY_004613,ORD_004613,UPI,Successful,671.7
PAY_004614,ORD_004614,Debit Card,Successful,301.85
PAY_004615,ORD_004615,UPI,Successful,1377.23
PAY_004616,ORD_004616,Debit Card,Successful,885.0
PAY_004617,ORD_004617,UPI,Refunded,838.94
PAY_004618,ORD_004618,UPI,Successful,4123.22
PAY_004619,ORD_004619,Cash,Refunded,147.81
PAY_004620,ORD_004620,UPI,Successful,194.64
PAY_004621,ORD_004621,Credit Card,Failed,173.77
PAY_004622,ORD_004622,Wallet,Successful,246.79
PAY_004623,ORD_004623,Credit Card,Successful,105.35
PAY_004624,ORD_004624,UPI,Successful,397.54
PAY_004625,ORD_004625,UPI,Successful,183.53
PAY_004626,ORD_004626,UPI,Successful,236.1
PAY_004627,ORD_004627,UPI,Successful,1127.11
PAY_004628,ORD_004628,Credit Card,Failed,972.83
PAY_004629,ORD_004629,UPI,Successful,351.8
PAY_004630,ORD_004630,UPI,Successful,484.77
PAY_004631,ORD_004631,UPI,Successful,1159.82
PAY_004632,ORD_004632,UPI,Successful,106.33
PAY_004633,ORD_004633,UPI,Successful,916.66
PAY_004634,ORD_004634,Debit Card,Successful,938.96
PAY_004635,ORD_004635,Credit Card,Successful,239.93
PAY_004636,ORD_004636,UPI,Successful,827.46
PAY_004637,ORD_004637,Credit Card,Successful,128.61
PAY_004638,ORD_004638,UPI,Successful,450.06
PAY_004639,ORD_004639,UPI,Successful,226.07
PAY_004640,ORD_004640,UPI,Successful,369.68
PAY_004641,ORD_004641,Debit Card,Successful,403.64
PAY_004642,ORD_004642,UPI,Successful,319.37
PAY_004643,ORD_004643,Wallet,Successful,649.49
PAY_004644,ORD_004644,UPI,Successful,567.51
PAY_004645,ORD_004645,UPI,Successful,151.8
PAY_004646,ORD_004646,Credit Card,Successful,701.71
PAY_004647,ORD_004647,Credit Card,Successful,1490.19
PAY_004648,ORD_004648,Credit Card,Successful,454.11
PAY_004649,ORD_004649,Debit Card,Successful,1124.5
PAY_004650,ORD_004650,Credit Card,Successful,723.68
PAY_004651,ORD_004651,UPI,Successful,171.84
PAY_004652,ORD_004652,UPI,Successful,1592.91
PAY_004653,ORD_004653,Debit Card,Successful,718.27
PAY_004654,ORD_004654,UPI,Successful,619.45
PAY_004655,ORD_004655,UPI,Successful,395.98
PAY_004656,ORD_004656,Debit Card,Successful,232.53
PAY_004657,ORD_004657,Cash,Successful,155.97
PAY_004658,ORD_004658,Wallet,Successful,472.46
PAY_004659,ORD_004659,UPI,Successful,440.85
PAY_004660,ORD_004660,Cash,Successful,187.94
PAY_004661,ORD_004661,UPI,Successful,258.21
PAY_004662,ORD_004662,UPI,Successful,1324.16
PAY_004663,ORD_004663,UPI,Successful,476.87
PAY_004664,ORD_004664,Credit Card,Refunded,816.5
PAY_004665,ORD_004665,UPI,Successful,162.37
PAY_004666,ORD_004666,Wallet,Successful,432.52
PAY_004667,ORD_004667,UPI,Successful,172.72
PAY_004668,ORD_004668,UPI,Successful,799.32
PAY_004669,ORD_004669,UPI,Successful,1148.68
PAY_004670,ORD_004670,Credit Card,Successful,928.99
PAY_004671,ORD_004671,Credit Card,Successful,1256.34
PAY_004672,ORD_004672,UPI,Successful,858.52
PAY_004673,ORD_004673,Wallet,Refunded,80.0
PAY_004674,ORD_004674,UPI,Successful,593.82
PAY_004675,ORD_004675,UPI,Successful,382.04
PAY_004676,ORD_004676,UPI,Successful,436.44
PAY_004677,ORD_004677,Cash,Successful,116.23
PAY_004678,ORD_004678,UPI,Successful,95.22
PAY_004679,ORD_004679,Wallet,Successful,238.8
PAY_004680,ORD_004680,Wallet,Successful,305.74
PAY_004681,ORD_004681,UPI,Successful,276.46
PAY_004682,ORD_004682,Credit Card,Refunded,170.26
PAY_004683,ORD_004683,UPI,Successful,395.25
PAY_004684,ORD_004684,UPI,Successful,263.34
PAY_004685,ORD_004685,Credit Card,Successful,339.57
PAY_004686,ORD_004686,UPI,Successful,85.59
PAY_004687,ORD_004687,UPI,Successful,317.27
PAY_004688,ORD_004688,UPI,Successful,483.64
PAY_004689,ORD_004689,UPI,Successful,163.86
PAY_004690,ORD_004690,Wallet,Successful,1792.21
PAY_004691,ORD_004691,UPI,Successful,171.82
PAY_004692,ORD_004692,UPI,Successful,645.95
PAY_004693,ORD_004693,UPI,Successful,125.21
PAY_004694,ORD_004694,UPI,Successful,1235.53
PAY_004695,ORD_004695,Credit Card,Successful,1565.83
PAY_004696,ORD_004696,UPI,Successful,216.58
PAY_004697,ORD_004697,UPI,Successful,251.07
PAY_004698,ORD_004698,UPI,Successful,1242.56
PAY_004699,ORD_004699,Cash,Successful,206.56
PAY_004700,ORD_004700,Debit Card,Successful,192.62
PAY_004701,ORD_004701,UPI,Refunded,220.45
PAY_004702,ORD_004702,UPI,Failed,654.01
PAY_004703,ORD_004703,UPI,Successful,314.75
PAY_004704,ORD_004704,UPI,Successful,87.52
PAY_004705,ORD_004705,UPI,Successful,121.64
PAY_004706,ORD_004706,UPI,Successful,399.18
PAY_004707,ORD_004707,Cash,Successful,131.43
PAY_004708,ORD_004708,UPI,Successful,402.25
PAY_004709,ORD_004709,UPI,Failed,897.88
PAY_004710,ORD_004710,UPI,Successful,319.41
PAY_004711,ORD_004711,UPI,Successful,80.0
PAY_004712,ORD_004712,UPI,Successful,281.43
PAY_004713,ORD_004713,Debit Card,Successful,1138.36
PAY_004714,ORD_004714,UPI,Successful,103.44
PAY_004715,ORD_004715,UPI,Successful,512.02
PAY_004716,ORD_004716,Credit Card,Successful,714.78
PAY_004717,ORD_004717,UPI,Successful,277.56
PAY_004718,ORD_004718,UPI,Refunded,173.84
PAY_004719,ORD_004719,UPI,Successful,614.13
PAY_004720,ORD_004720,UPI,Successful,1027.61
PAY_004721,ORD_004721,UPI,Successful,308.31
PAY_004722,ORD_004722,Debit Card,Successful,229.07
PAY_004723,ORD_004723,Credit Card,Successful,501.71
PAY_004724,ORD_004724,UPI,Failed,610.1
PAY_004725,ORD_004725,Debit Card,Successful,80.0
PAY_004726,ORD_004726,UPI,Successful,729.35
PAY_004727,ORD_004727,UPI,Successful,798.13
PAY_004728,ORD_004728,UPI,Successful,279.71
PAY_004729,ORD_004729,Debit Card,Successful,812.15
PAY_004730,ORD_004730,UPI,Successful,93.97
PAY_004731,ORD_004731,UPI,Successful,307.41
PAY_004732,ORD_004732,UPI,Successful,286.07
PAY_004733,ORD_004733,Wallet,Successful,1860.23
PAY_004734,ORD_004734,Debit Card,Successful,306.39
PAY_004735,ORD_004735,UPI,Successful,387.94
PAY_004736,ORD_004736,UPI,Successful,205.76
PAY_004737,ORD_004737,UPI,Successful,251.4
PAY_004738,ORD_004738,UPI,Successful,251.15
PAY_004739,ORD_004739,Wallet,Successful,368.35
PAY_004740,ORD_004740,Wallet,Failed,301.23
PAY_004741,ORD_004741,Credit Card,Successful,324.99
PAY_004742,ORD_004742,Cash,Successful,258.06
PAY_004743,ORD_004743,Credit Card,Successful,1176.32
PAY_004744,ORD_004744,Debit Card,Refunded,153.91
PAY_004745,ORD_004745,UPI,Successful,1205.85
PAY_004746,ORD_004746,Wallet,Successful,107.47
PAY_004747,ORD_004747,UPI,Successful,132.17
PAY_004748,ORD_004748,Wallet,Refunded,319.14
PAY_004749,ORD_004749,Credit Card,Successful,2315.76
PAY_004750,ORD_004750,UPI,Successful,808.13
PAY_004751,ORD_004751,UPI,Successful,2712.72
PAY_004752,ORD_004752,UPI,Successful,94.57
PAY_004753,ORD_004753,UPI,Successful,703.18
PAY_004754,ORD_004754,Debit Card,Successful,841.92
PAY_004755,ORD_004755,UPI,Successful,1665.81
PAY_004756,ORD_004756,UPI,Successful,1597.94
PAY_004757,ORD_004757,UPI,Successful,273.99
PAY_004758,ORD_004758,Credit Card,Successful,309.39
PAY_004759,ORD_004759,Credit Card,Successful,911.14
PAY_004760,ORD_004760,UPI,Successful,104.78
PAY_004761,ORD_004761,UPI,Successful,1352.38
PAY_004762,ORD_004762,Cash,Successful,641.86
PAY_004763,ORD_004763,Debit Card,Successful,633.72
PAY_004764,ORD_004764,UPI,Successful,661.64
PAY_004765,ORD_004765,Credit Card,Successful,933.33
PAY_004766,ORD_004766,Credit Card,Successful,80.0
PAY_004767,ORD_004767,UPI,Successful,196.87
PAY_004768,ORD_004768,UPI,Successful,552.26
PAY_004769,ORD_004769,UPI,Successful,4871.86
PAY_004770,ORD_004770,UPI,Successful,1265.88
PAY_004771,ORD_004771,UPI,Successful,470.05
PAY_004772,ORD_004772,UPI,Successful,650.9
PAY_004773,ORD_004773,UPI,Successful,1952.58
PAY_004774,ORD_004774,Cash,Successful,1279.65
PAY_004775,ORD_004775,UPI,Successful,188.68
PAY_004776,ORD_004776,Wallet,Successful,2220.95
PAY_004777,ORD_004777,UPI,Successful,216.9
PAY_004778,ORD_004778,UPI,Successful,774.22
PAY_004779,ORD_004779,UPI,Successful,1104.7
PAY_004780,ORD_004780,UPI,Successful,349.24
PAY_004781,ORD_004781,UPI,Successful,249.65
PAY_004782,ORD_004782,UPI,Successful,647.53
PAY_004783,ORD_004783,Debit Card,Successful,522.23
PAY_004784,ORD_004784,UPI,Successful,2413.48
PAY_004785,ORD_004785,Credit Card,Successful,374.67
PAY_004786,ORD_004786,UPI,Successful,183.28
PAY_004787,ORD_004787,Debit Card,Successful,1395.11
PAY_004788,ORD_004788,Wallet,Successful,329.53
PAY_004789,ORD_004789,UPI,Successful,998.92
PAY_004790,ORD_004790,UPI,Failed,1214.99
PAY_004791,ORD_004791,Credit Card,Successful,174.55
PAY_004792,ORD_004792,UPI,Successful,1118.85
PAY_004793,ORD_004793,Debit Card,Successful,130.74
PAY_004794,ORD_004794,Wallet,Successful,316.33
PAY_004795,ORD_004795,Wallet,Successful,224.33
PAY_004796,ORD_004796,Wallet,Successful,188.49
PAY_004797,ORD_004797,UPI,Successful,345.85
PAY_004798,ORD_004798,Debit Card,Successful,98.87
PAY_004799,ORD_004799,Credit Card,Successful,157.11
PAY_004800,ORD_004800,UPI,Successful,201.79
PAY_004801,ORD_004801,UPI,Failed,2484.9
PAY_004802,ORD_004802,Wallet,Successful,1828.14
PAY_004803,ORD_004803,Cash,Failed,413.09
PAY_004804,ORD_004804,Debit Card,Successful,80.0
PAY_004805,ORD_004805,UPI,Successful,150.98
PAY_004806,ORD_004806,Credit Card,Refunded,172.96
PAY_004807,ORD_004807,UPI,Successful,451.81
PAY_004808,ORD_004808,UPI,Successful,443.82
PAY_004809,ORD_004809,UPI,Successful,243.64
PAY_004810,ORD_004810,UPI,Successful,293.22
PAY_004811,ORD_004811,UPI,Successful,1611.1
PAY_004812,ORD_004812,UPI,Refunded,237.26
PAY_004813,ORD_004813,UPI,Successful,164.27
PAY_004814,ORD_004814,UPI,Successful,513.83
PAY_004815,ORD_004815,UPI,Successful,856.9
PAY_004816,ORD_004816,Cash,Successful,681.85
PAY_004817,ORD_004817,UPI,Refunded,132.44
PAY_004818,ORD_004818,UPI,Failed,630.16
PAY_004819,ORD_004819,Wallet,Successful,501.58
PAY_004820,ORD_004820,UPI,Successful,343.84
PAY_004821,ORD_004821,Debit Card,Successful,1012.15
PAY_004822,ORD_004822,UPI,Successful,1455.69
PAY_004823,ORD_004823,UPI,Failed,333.82
PAY_004824,ORD_004824,Wallet,Successful,513.52
PAY_004825,ORD_004825,UPI,Successful,367.5
PAY_004826,ORD_004826,UPI,Successful,613.14
PAY_004827,ORD_004827,Debit Card,Successful,1223.75
PAY_004828,ORD_004828,UPI,Successful,2616.55
PAY_004829,ORD_004829,UPI,Successful,834.56
PAY_004830,ORD_004830,UPI,Successful,336.61
PAY_004831,ORD_004831,Wallet,Successful,444.61
PAY_004832,ORD_004832,Debit Card,Successful,1154.85
PAY_004833,ORD_004833,Credit Card,Successful,867.0
PAY_004834,ORD_004834,Debit Card,Successful,857.93
PAY_004835,ORD_004835,UPI,Successful,589.44
PAY_004836,ORD_004836,Wallet,Successful,405.43
PAY_004837,ORD_004837,UPI,Successful,114.56
PAY_004838,ORD_004838,UPI,Successful,101.79
PAY_004839,ORD_004839,UPI,Failed,1171.06
PAY_004840,ORD_004840,Cash,Refunded,385.27
PAY_004841,ORD_004841,Credit Card,Refunded,498.75
PAY_004842,ORD_004842,UPI,Successful,219.97
PAY_004843,ORD_004843,UPI,Successful,563.01
PAY_004844,ORD_004844,Debit Card,Successful,1161.87
PAY_004845,ORD_004845,UPI,Successful,291.85
PAY_004846,ORD_004846,Credit Card,Successful,382.59
PAY_004847,ORD_004847,UPI,Successful,120.56
PAY_004848,ORD_004848,UPI,Successful,2324.54
PAY_004849,ORD_004849,UPI,Successful,1013.8
PAY_004850,ORD_004850,Credit Card,Successful,2608.82
PAY_004851,ORD_004851,UPI,Successful,1062.17
PAY_004852,ORD_004852,UPI,Successful,1130.7
PAY_004853,ORD_004853,Credit Card,Successful,890.93
PAY_004854,ORD_004854,UPI,Successful,2245.95
PAY_004855,ORD_004855,UPI,Successful,1159.29
PAY_004856,ORD_004856,Debit Card,Successful,249.49
PAY_004857,ORD_004857,Credit Card,Successful,3916.5
PAY_004858,ORD_004858,UPI,Successful,516.11
PAY_004859,ORD_004859,UPI,Successful,3097.47
PAY_004860,ORD_004860,UPI,Successful,539.44
PAY_004861,ORD_004861,Wallet,Successful,255.65
PAY_004862,ORD_004862,Credit Card,Successful,125.72
PAY_004863,ORD_004863,UPI,Successful,227.39
PAY_004864,ORD_004864,Credit Card,Successful,525.46
PAY_004865,ORD_004865,Credit Card,Successful,222.84
PAY_004866,ORD_004866,UPI,Successful,135.49
PAY_004867,ORD_004867,UPI,Failed,377.57
PAY_004868,ORD_004868,Debit Card,Successful,147.22
PAY_004869,ORD_004869,UPI,Successful,787.15
PAY_004870,ORD_004870,UPI,Successful,652.32
PAY_004871,ORD_004871,UPI,Successful,229.33
PAY_004872,ORD_004872,UPI,Successful,136.92
PAY_004873,ORD_004873,Cash,Successful,333.76
PAY_004874,ORD_004874,Debit Card,Successful,298.28
PAY_004875,ORD_004875,UPI,Successful,83.16
PAY_004876,ORD_004876,UPI,Successful,462.55
PAY_004877,ORD_004877,Credit Card,Successful,150.8
PAY_004878,ORD_004878,UPI,Successful,184.51
PAY_004879,ORD_004879,Credit Card,Successful,851.17
PAY_004880,ORD_004880,Credit Card,Successful,3183.79
PAY_004881,ORD_004881,Credit Card,Successful,343.05
PAY_004882,ORD_004882,Credit Card,Successful,713.37
PAY_004883,ORD_004883,UPI,Successful,624.25
PAY_004884,ORD_004884,UPI,Successful,1779.85
PAY_004885,ORD_004885,UPI,Successful,886.5
PAY_004886,ORD_004886,Wallet,Successful,295.89
PAY_004887,ORD_004887,Wallet,Successful,166.84
PAY_004888,ORD_004888,Wallet,Successful,1377.08
PAY_004889,ORD_004889,UPI,Successful,1014.41
PAY_004890,ORD_004890,Cash,Successful,800.09
PAY_004891,ORD_004891,UPI,Successful,331.43
PAY_004892,ORD_004892,UPI,Successful,498.06
PAY_004893,ORD_004893,UPI,Successful,1860.43
PAY_004894,ORD_004894,Credit Card,Failed,1005.12
PAY_004895,ORD_004895,Credit Card,Successful,285.69
PAY_004896,ORD_004896,Debit Card,Successful,256.87
PAY_004897,ORD_004897,Wallet,Successful,149.03
PAY_004898,ORD_004898,Credit Card,Successful,1399.21
PAY_004899,ORD_004899,Credit Card,Successful,375.45
PAY_004900,ORD_004900,UPI,Successful,80.0
PAY_004901,ORD_004901,UPI,Successful,381.58
PAY_004902,ORD_004902,UPI,Failed,889.24
PAY_004903,ORD_004903,UPI,Successful,132.31
PAY_004904,ORD_004904,UPI,Successful,509.89
PAY_004905,ORD_004905,UPI,Successful,400.63
PAY_004906,ORD_004906,UPI,Successful,503.95
PAY_004907,ORD_004907,UPI,Successful,371.18
PAY_004908,ORD_004908,Debit Card,Successful,416.57
PAY_004909,ORD_004909,UPI,Successful,273.89
PAY_004910,ORD_004910,Debit Card,Successful,464.73
PAY_004911,ORD_004911,Debit Card,Failed,474.35
PAY_004912,ORD_004912,UPI,Failed,215.79
PAY_004913,ORD_004913,Credit Card,Successful,111.61
PAY_004914,ORD_004914,UPI,Refunded,808.63
PAY_004915,ORD_004915,UPI,Successful,158.32
PAY_004916,ORD_004916,UPI,Successful,267.38
PAY_004917,ORD_004917,Debit Card,Successful,149.45
PAY_004918,ORD_004918,UPI,Successful,315.67
PAY_004919,ORD_004919,UPI,Successful,446.53
PAY_004920,ORD_004920,Credit Card,Refunded,190.8
PAY_004921,ORD_004921,Debit Card,Successful,384.17
PAY_004922,ORD_004922,UPI,Successful,467.31
PAY_004923,ORD_004923,Credit Card,Successful,363.83
PAY_004924,ORD_004924,UPI,Successful,129.89
PAY_004925,ORD_004925,Debit Card,Successful,1508.97
PAY_004926,ORD_004926,UPI,Successful,1117.7
PAY_004927,ORD_004927,Debit Card,Failed,282.03
PAY_004928,ORD_004928,Debit Card,Successful,747.02
PAY_004929,ORD_004929,Debit Card,Successful,240.05
PAY_004930,ORD_004930,UPI,Successful,440.85
PAY_004931,ORD_004931,Wallet,Successful,807.75
PAY_004932,ORD_004932,UPI,Successful,406.76
PAY_004933,ORD_004933,UPI,Successful,240.22
PAY_004934,ORD_004934,UPI,Successful,111.87
PAY_004935,ORD_004935,Wallet,Successful,864.44
PAY_004936,ORD_004936,UPI,Successful,323.96
PAY_004937,ORD_004937,UPI,Successful,214.82
PAY_004938,ORD_004938,UPI,Successful,934.31
PAY_004939,ORD_004939,UPI,Successful,245.63
PAY_004940,ORD_004940,Wallet,Successful,80.0
PAY_004941,ORD_004941,UPI,Successful,1971.82
PAY_004942,ORD_004942,Credit Card,Successful,81.63
PAY_004943,ORD_004943,Debit Card,Successful,473.63
PAY_004944,ORD_004944,UPI,Refunded,140.17
PAY_004945,ORD_004945,Credit Card,Failed,250.21
PAY_004946,ORD_004946,UPI,Successful,248.67
PAY_004947,ORD_004947,Wallet,Successful,427.29
PAY_004948,ORD_004948,UPI,Successful,318.43
PAY_004949,ORD_004949,Credit Card,Successful,1321.56
PAY_004950,ORD_004950,UPI,Successful,767.12
PAY_004951,ORD_004951,UPI,Refunded,476.37
PAY_004952,ORD_004952,Wallet,Successful,369.27
PAY_004953,ORD_004953,UPI,Successful,80.0
PAY_004954,ORD_004954,UPI,Successful,1445.67
PAY_004955,ORD_004955,Debit Card,Successful,809.37
PAY_004956,ORD_004956,UPI,Successful,1348.19
PAY_004957,ORD_004957,Credit Card,Successful,322.93
PAY_004958,ORD_004958,UPI,Successful,161.33
PAY_004959,ORD_004959,UPI,Successful,264.62
PAY_004960,ORD_004960,UPI,Successful,812.17
PAY_004961,ORD_004961,Credit Card,Successful,409.86
PAY_004962,ORD_004962,UPI,Successful,307.29
PAY_004963,ORD_004963,UPI,Successful,431.8
PAY_004964,ORD_004964,Credit Card,Successful,556.3
PAY_004965,ORD_004965,Wallet,Successful,495.71
PAY_004966,ORD_004966,UPI,Successful,146.29
PAY_004967,ORD_004967,UPI,Failed,768.41
PAY_004968,ORD_004968,Debit Card,Refunded,489.36
PAY_004969,ORD_004969,UPI,Successful,764.17
PAY_004970,ORD_004970,Credit Card,Successful,569.94
PAY_004971,ORD_004971,UPI,Successful,323.41
PAY_004972,ORD_004972,UPI,Successful,450.78
PAY_004973,ORD_004973,Credit Card,Successful,100.18
PAY_004974,ORD_004974,Credit Card,Successful,322.42
PAY_004975,ORD_004975,Debit Card,Failed,323.33
PAY_004976,ORD_004976,Debit Card,Successful,115.44
PAY_004977,ORD_004977,UPI,Successful,358.29
PAY_004978,ORD_004978,UPI,Successful,80.0
PAY_004979,ORD_004979,UPI,Successful,1088.13
PAY_004980,ORD_004980,Debit Card,Refunded,257.5
PAY_004981,ORD_004981,Cash,Successful,295.62
PAY_004982,ORD_004982,Debit Card,Successful,415.1
PAY_004983,ORD_004983,UPI,Successful,1127.9
PAY_004984,ORD_004984,Debit Card,Successful,2342.18
PAY_004985,ORD_004985,Debit Card,Successful,2790.65
PAY_004986,ORD_004986,Debit Card,Successful,238.64
PAY_004987,ORD_004987,UPI,Successful,197.39
PAY_004988,ORD_004988,Debit Card,Failed,869.52
PAY_004989,ORD_004989,UPI,Successful,216.84
PAY_004990,ORD_004990,UPI,Successful,871.89
PAY_004991,ORD_004991,UPI,Successful,1022.41
PAY_004992,ORD_004992,Wallet,Successful,434.38
PAY_004993,ORD_004993,Credit Card,Successful,322.32
PAY_004994,ORD_004994,Wallet,Successful,304.11
PAY_004995,ORD_004995,UPI,Successful,320.38
PAY_004996,ORD_004996,UPI,Refunded,440.85
PAY_004997,ORD_004997,UPI,Successful,219.25
PAY_004998,ORD_004998,UPI,Successful,147.87
PAY_004999,ORD_004999,UPI,Successful,169.28
PAY_005000,ORD_005000,UPI,Successful,500.66
PAY_005001,ORD_005001,UPI,Successful,1035.41
PAY_005002,ORD_005002,Credit Card,Successful,1378.58
PAY_005003,ORD_005003,Wallet,Successful,144.94
PAY_005004,ORD_005004,UPI,Successful,313.52
PAY_005005,ORD_005005,UPI,Successful,485.78
PAY_005006,ORD_005006,Credit Card,Successful,798.9
PAY_005007,ORD_005007,UPI,Successful,265.0
PAY_005008,ORD_005008,UPI,Successful,805.42
PAY_005009,ORD_005009,UPI,Successful,2121.9
PAY_005010,ORD_005010,Wallet,Successful,316.14
PAY_005011,ORD_005011,UPI,Successful,270.88
PAY_005012,ORD_005012,UPI,Successful,1824.89
PAY_005013,ORD_005013,UPI,Failed,126.3
PAY_005014,ORD_005014,UPI,Successful,1102.97
PAY_005015,ORD_005015,Cash,Successful,405.23
PAY_005016,ORD_005016,UPI,Successful,357.23
PAY_005017,ORD_005017,UPI,Successful,387.84
PAY_005018,ORD_005018,Cash,Successful,480.72
PAY_005019,ORD_005019,UPI,Successful,295.51
PAY_005020,ORD_005020,Debit Card,Successful,280.95
PAY_005021,ORD_005021,UPI,Successful,397.07
PAY_005022,ORD_005022,UPI,Successful,466.38
PAY_005023,ORD_005023,UPI,Successful,220.04
PAY_005024,ORD_005024,Cash,Successful,183.25
PAY_005025,ORD_005025,Debit Card,Successful,513.93
PAY_005026,ORD_005026,UPI,Successful,755.4
PAY_005027,ORD_005027,Cash,Successful,381.64
PAY_005028,ORD_005028,UPI,Successful,312.38
PAY_005029,ORD_005029,Credit Card,Successful,368.68
PAY_005030,ORD_005030,Cash,Successful,526.61
PAY_005031,ORD_005031,Credit Card,Successful,134.58
PAY_005032,ORD_005032,UPI,Successful,979.74
PAY_005033,ORD_005033,Debit Card,Successful,298.79
PAY_005034,ORD_005034,Wallet,Successful,1110.77
PAY_005035,ORD_005035,Cash,Successful,430.22
PAY_005036,ORD_005036,Cash,Successful,1421.24
PAY_005037,ORD_005037,UPI,Successful,589.64
PAY_005038,ORD_005038,Debit Card,Successful,461.2
PAY_005039,ORD_005039,Debit Card,Successful,388.18
PAY_005040,ORD_005040,UPI,Successful,115.48
PAY_005041,ORD_005041,Credit Card,Failed,5000.0
PAY_005042,ORD_005042,Credit Card,Successful,631.48
PAY_005043,ORD_005043,UPI,Successful,5000.0
PAY_005044,ORD_005044,Wallet,Successful,569.91
PAY_005045,ORD_005045,UPI,Successful,202.02
PAY_005046,ORD_005046,UPI,Successful,591.97
PAY_005047,ORD_005047,UPI,Successful,676.57
PAY_005048,ORD_005048,Cash,Successful,1970.22
PAY_005049,ORD_005049,UPI,Successful,80.0
PAY_005050,ORD_005050,UPI,Successful,1273.96
PAY_005051,ORD_005051,UPI,Successful,141.43
PAY_005052,ORD_005052,Wallet,Successful,727.26
PAY_005053,ORD_005053,Debit Card,Successful,559.26
PAY_005054,ORD_005054,UPI,Failed,202.24
PAY_005055,ORD_005055,Credit Card,Successful,253.03
PAY_005056,ORD_005056,Wallet,Successful,487.51
PAY_005057,ORD_005057,UPI,Successful,1857.75
PAY_005058,ORD_005058,UPI,Successful,322.16
PAY_005059,ORD_005059,UPI,Successful,80.0
PAY_005060,ORD_005060,Wallet,Successful,411.58
PAY_005061,ORD_005061,UPI,Successful,135.43
PAY_005062,ORD_005062,UPI,Successful,191.49
PAY_005063,ORD_005063,Wallet,Successful,414.02
PAY_005064,ORD_005064,Credit Card,Successful,1145.86
PAY_005065,ORD_005065,Wallet,Successful,282.1
PAY_005066,ORD_005066,Wallet,Successful,729.31
PAY_005067,ORD_005067,Credit Card,Successful,3359.57
PAY_005068,ORD_005068,UPI,Successful,1053.09
PAY_005069,ORD_005069,UPI,Successful,2111.71
PAY_005070,ORD_005070,UPI,Successful,287.35
PAY_005071,ORD_005071,UPI,Successful,247.89
PAY_005072,ORD_005072,UPI,Refunded,1969.24
PAY_005073,ORD_005073,UPI,Successful,671.26
PAY_005074,ORD_005074,Debit Card,Successful,832.92
PAY_005075,ORD_005075,UPI,Successful,981.4
PAY_005076,ORD_005076,UPI,Successful,1282.6
PAY_005077,ORD_005077,Wallet,Successful,852.64
PAY_005078,ORD_005078,Wallet,Successful,1152.88
PAY_005079,ORD_005079,UPI,Successful,838.34
PAY_005080,ORD_005080,UPI,Successful,95.34
PAY_005081,ORD_005081,UPI,Failed,288.32
PAY_005082,ORD_005082,Wallet,Successful,1301.35
PAY_005083,ORD_005083,UPI,Successful,179.33
PAY_005084,ORD_005084,Wallet,Successful,180.41
PAY_005085,ORD_005085,UPI,Successful,497.19
PAY_005086,ORD_005086,UPI,Successful,1124.46
PAY_005087,ORD_005087,UPI,Successful,329.34
PAY_005088,ORD_005088,Debit Card,Successful,903.09
PAY_005089,ORD_005089,Debit Card,Successful,1058.54
PAY_005090,ORD_005090,UPI,Successful,796.89
PAY_005091,ORD_005091,Debit Card,Successful,478.17
PAY_005092,ORD_005092,UPI,Successful,368.17
PAY_005093,ORD_005093,UPI,Successful,570.17
PAY_005094,ORD_005094,Debit Card,Failed,834.56
PAY_005095,ORD_005095,UPI,Successful,420.73
PAY_005096,ORD_005096,UPI,Successful,734.45
PAY_005097,ORD_005097,UPI,Successful,364.62
PAY_005098,ORD_005098,UPI,Successful,1446.62
PAY_005099,ORD_005099,Credit Card,Refunded,610.25
PAY_005100,ORD_005100,Credit Card,Successful,5000.0
PAY_005101,ORD_005101,UPI,Successful,216.65
PAY_005102,ORD_005102,Credit Card,Failed,1314.07
PAY_005103,ORD_005103,Cash,Successful,583.3
PAY_005104,ORD_005104,UPI,Successful,786.48
PAY_005105,ORD_005105,UPI,Successful,262.02
PAY_005106,ORD_005106,UPI,Successful,839.61
PAY_005107,ORD_005107,UPI,Successful,123.53
PAY_005108,ORD_005108,UPI,Failed,4225.48
PAY_005109,ORD_005109,UPI,Refunded,490.47
PAY_005110,ORD_005110,UPI,Successful,309.16
PAY_005111,ORD_005111,UPI,Successful,388.66
PAY_005112,ORD_005112,Credit Card,Successful,491.14
PAY_005113,ORD_005113,Wallet,Successful,617.29
PAY_005114,ORD_005114,Credit Card,Successful,257.78
PAY_005115,ORD_005115,Credit Card,Successful,829.35
PAY_005116,ORD_005116,Wallet,Successful,395.4
PAY_005117,ORD_005117,Cash,Successful,3854.93
PAY_005118,ORD_005118,UPI,Successful,639.28
PAY_005119,ORD_005119,Credit Card,Successful,515.46
PAY_005120,ORD_005120,UPI,Successful,2626.18
PAY_005121,ORD_005121,Credit Card,Successful,128.97
PAY_005122,ORD_005122,UPI,Successful,370.19
PAY_005123,ORD_005123,UPI,Successful,143.51
PAY_005124,ORD_005124,Credit Card,Successful,143.98
PAY_005125,ORD_005125,Credit Card,Failed,183.38
PAY_005126,ORD_005126,UPI,Successful,177.19
PAY_005127,ORD_005127,Wallet,Successful,353.94
PAY_005128,ORD_005128,Debit Card,Successful,200.05
PAY_005129,ORD_005129,UPI,Successful,422.5
PAY_005130,ORD_005130,Credit Card,Successful,736.46
PAY_005131,ORD_005131,UPI,Successful,2055.04
PAY_005132,ORD_005132,UPI,Successful,501.53
PAY_005133,ORD_005133,Wallet,Successful,2909.72
PAY_005134,ORD_005134,Wallet,Successful,376.13
PAY_005135,ORD_005135,UPI,Successful,495.98
PAY_005136,ORD_005136,UPI,Successful,214.02
PAY_005137,ORD_005137,Debit Card,Successful,80.0
PAY_005138,ORD_005138,Debit Card,Successful,327.48
PAY_005139,ORD_005139,UPI,Successful,613.07
PAY_005140,ORD_005140,UPI,Successful,1761.89
PAY_005141,ORD_005141,Credit Card,Successful,1848.17
PAY_005142,ORD_005142,Wallet,Successful,1209.42
PAY_005143,ORD_005143,UPI,Successful,716.18
PAY_005144,ORD_005144,Debit Card,Successful,839.33
PAY_005145,ORD_005145,UPI,Successful,523.53
PAY_005146,ORD_005146,Credit Card,Successful,473.43
PAY_005147,ORD_005147,Credit Card,Successful,191.36
PAY_005148,ORD_005148,Cash,Successful,203.89
PAY_005149,ORD_005149,UPI,Successful,330.79
PAY_005150,ORD_005150,UPI,Successful,968.21
PAY_005151,ORD_005151,Credit Card,Successful,307.45
PAY_005152,ORD_005152,Cash,Successful,1264.45
PAY_005153,ORD_005153,Credit Card,Successful,1297.58
PAY_005154,ORD_005154,UPI,Refunded,160.68
PAY_005155,ORD_005155,Debit Card,Successful,1065.41
PAY_005156,ORD_005156,Credit Card,Successful,139.27
PAY_005157,ORD_005157,UPI,Successful,183.68
PAY_005158,ORD_005158,UPI,Successful,811.77
PAY_005159,ORD_005159,Credit Card,Successful,482.33
PAY_005160,ORD_005160,Debit Card,Successful,293.3
PAY_005161,ORD_005161,Wallet,Successful,972.78
PAY_005162,ORD_005162,UPI,Successful,170.42
PAY_005163,ORD_005163,UPI,Successful,2008.8
PAY_005164,ORD_005164,UPI,Successful,128.47
PAY_005165,ORD_005165,UPI,Successful,309.99
PAY_005166,ORD_005166,Cash,Successful,252.48
PAY_005167,ORD_005167,UPI,Successful,500.68
PAY_005168,ORD_005168,UPI,Successful,129.76
PAY_005169,ORD_005169,Debit Card,Successful,335.09
PAY_005170,ORD_005170,UPI,Successful,97.32
PAY_005171,ORD_005171,UPI,Successful,868.21
PAY_005172,ORD_005172,UPI,Successful,821.33
PAY_005173,ORD_005173,UPI,Successful,471.34
PAY_005174,ORD_005174,UPI,Successful,1291.68
PAY_005175,ORD_005175,UPI,Successful,189.73
PAY_005176,ORD_005176,UPI,Successful,1423.48
PAY_005177,ORD_005177,UPI,Successful,538.45
PAY_005178,ORD_005178,UPI,Successful,576.1
PAY_005179,ORD_005179,Debit Card,Successful,173.74
PAY_005180,ORD_005180,UPI,Successful,564.86
PAY_005181,ORD_005181,Credit Card,Successful,1824.58
PAY_005182,ORD_005182,Credit Card,Successful,80.0
PAY_005183,ORD_005183,Credit Card,Successful,449.94
PAY_005184,ORD_005184,Debit Card,Successful,103.38
PAY_005185,ORD_005185,UPI,Successful,3189.74
PAY_005186,ORD_005186,UPI,Successful,1591.99
PAY_005187,ORD_005187,UPI,Successful,312.87
PAY_005188,ORD_005188,Debit Card,Successful,589.66
PAY_005189,ORD_005189,UPI,Successful,998.01
PAY_005190,ORD_005190,Debit Card,Successful,324.33
PAY_005191,ORD_005191,UPI,Successful,390.46
PAY_005192,ORD_005192,Wallet,Successful,444.77
PAY_005193,ORD_005193,UPI,Successful,214.04
PAY_005194,ORD_005194,UPI,Successful,301.18
PAY_005195,ORD_005195,UPI,Successful,1856.13
PAY_005196,ORD_005196,UPI,Successful,1105.5
PAY_005197,ORD_005197,Credit Card,Successful,497.15
PAY_005198,ORD_005198,Credit Card,Successful,137.93
PAY_005199,ORD_005199,Credit Card,Successful,1297.21
PAY_005200,ORD_005200,Cash,Successful,483.94
PAY_005201,ORD_005201,UPI,Successful,128.65
PAY_005202,ORD_005202,UPI,Successful,80.0
PAY_005203,ORD_005203,Debit Card,Successful,235.0
PAY_005204,ORD_005204,Cash,Successful,89.59
PAY_005205,ORD_005205,Credit Card,Successful,997.24
PAY_005206,ORD_005206,Wallet,Successful,764.7
PAY_005207,ORD_005207,Wallet,Successful,707.39
PAY_005208,ORD_005208,Debit Card,Successful,349.13
PAY_005209,ORD_005209,Wallet,Successful,132.26
PAY_005210,ORD_005210,Credit Card,Successful,833.83
PAY_005211,ORD_005211,UPI,Successful,1014.3
PAY_005212,ORD_005212,UPI,Failed,198.35
PAY_005213,ORD_005213,Credit Card,Successful,414.33
PAY_005214,ORD_005214,Cash,Failed,246.26
PAY_005215,ORD_005215,UPI,Successful,467.24
PAY_005216,ORD_005216,Credit Card,Successful,489.5
PAY_005217,ORD_005217,UPI,Successful,848.79
PAY_005218,ORD_005218,UPI,Successful,650.23
PAY_005219,ORD_005219,UPI,Successful,1074.57
PAY_005220,ORD_005220,Debit Card,Successful,395.56
PAY_005221,ORD_005221,Cash,Successful,171.32
PAY_005222,ORD_005222,UPI,Successful,1715.74
PAY_005223,ORD_005223,UPI,Successful,150.34
PAY_005224,ORD_005224,UPI,Successful,261.29
PAY_005225,ORD_005225,Debit Card,Successful,374.01
PAY_005226,ORD_005226,UPI,Successful,797.31
PAY_005227,ORD_005227,Debit Card,Successful,80.0
PAY_005228,ORD_005228,Debit Card,Successful,342.45
PAY_005229,ORD_005229,UPI,Successful,95.22
PAY_005230,ORD_005230,UPI,Successful,127.42
PAY_005231,ORD_005231,UPI,Successful,180.57
PAY_005232,ORD_005232,Wallet,Successful,80.0
PAY_005233,ORD_005233,UPI,Successful,3180.13
PAY_005234,ORD_005234,UPI,Successful,298.14
PAY_005235,ORD_005235,Credit Card,Successful,87.1
PAY_005236,ORD_005236,Credit Card,Successful,2910.21
PAY_005237,ORD_005237,Credit Card,Successful,147.78
PAY_005238,ORD_005238,Wallet,Successful,568.18
PAY_005239,ORD_005239,Wallet,Successful,524.13
PAY_005240,ORD_005240,Debit Card,Successful,126.12
PAY_005241,ORD_005241,UPI,Successful,98.78
PAY_005242,ORD_005242,UPI,Successful,471.74
PAY_005243,ORD_005243,Debit Card,Successful,231.39
PAY_005244,ORD_005244,UPI,Successful,773.63
PAY_005245,ORD_005245,Debit Card,Successful,479.69
PAY_005246,ORD_005246,UPI,Successful,668.69
PAY_005247,ORD_005247,UPI,Successful,489.12
PAY_005248,ORD_005248,UPI,Successful,1229.67
PAY_005249,ORD_005249,UPI,Successful,697.15
PAY_005250,ORD_005250,Credit Card,Failed,1203.09
PAY_005251,ORD_005251,UPI,Successful,339.99
PAY_005252,ORD_005252,Debit Card,Successful,1018.92
PAY_005253,ORD_005253,UPI,Successful,107.24
PAY_005254,ORD_005254,Debit Card,Successful,441.82
PAY_005255,ORD_005255,UPI,Successful,126.05
PAY_005256,ORD_005256,UPI,Successful,1817.55
PAY_005257,ORD_005257,UPI,Successful,515.71
PAY_005258,ORD_005258,UPI,Successful,1188.02
PAY_005259,ORD_005259,UPI,Successful,96.48
PAY_005260,ORD_005260,Credit Card,Successful,1170.05
PAY_005261,ORD_005261,UPI,Successful,113.23
PAY_005262,ORD_005262,Credit Card,Successful,5000.0
PAY_005263,ORD_005263,UPI,Successful,80.0
PAY_005264,ORD_005264,UPI,Successful,1468.63
PAY_005265,ORD_005265,UPI,Successful,94.01
PAY_005266,ORD_005266,Credit Card,Refunded,88.0
PAY_005267,ORD_005267,UPI,Successful,406.03
PAY_005268,ORD_005268,Debit Card,Successful,168.36
PAY_005269,ORD_005269,UPI,Successful,2764.77
PAY_005270,ORD_005270,UPI,Successful,398.22
PAY_005271,ORD_005271,Credit Card,Successful,985.53
PAY_005272,ORD_005272,UPI,Refunded,196.64
PAY_005273,ORD_005273,Wallet,Refunded,696.33
PAY_005274,ORD_005274,UPI,Successful,783.62
PAY_005275,ORD_005275,Cash,Successful,985.21
PAY_005276,ORD_005276,UPI,Successful,1129.95
PAY_005277,ORD_005277,UPI,Successful,316.51
PAY_005278,ORD_005278,UPI,Successful,770.6
PAY_005279,ORD_005279,UPI,Successful,258.8
PAY_005280,ORD_005280,UPI,Successful,173.97
PAY_005281,ORD_005281,UPI,Successful,88.21
PAY_005282,ORD_005282,UPI,Successful,1122.14
PAY_005283,ORD_005283,Credit Card,Successful,402.32
PAY_005284,ORD_005284,Credit Card,Successful,126.67
PAY_005285,ORD_005285,Debit Card,Successful,1397.77
PAY_005286,ORD_005286,Credit Card,Successful,140.62
PAY_005287,ORD_005287,Debit Card,Successful,305.95
PAY_005288,ORD_005288,Wallet,Successful,1163.28
PAY_005289,ORD_005289,UPI,Failed,244.69
PAY_005290,ORD_005290,Wallet,Successful,1147.17
PAY_005291,ORD_005291,Wallet,Successful,241.01
PAY_005292,ORD_005292,UPI,Successful,826.08
PAY_005293,ORD_005293,UPI,Successful,322.41
PAY_005294,ORD_005294,UPI,Successful,626.28
PAY_005295,ORD_005295,Credit Card,Successful,406.28
PAY_005296,ORD_005296,UPI,Refunded,877.18
PAY_005297,ORD_005297,Debit Card,Successful,573.32
PAY_005298,ORD_005298,Debit Card,Successful,551.65
PAY_005299,ORD_005299,UPI,Successful,2001.23
PAY_005300,ORD_005300,UPI,Successful,477.22
PAY_005301,ORD_005301,UPI,Successful,178.31
PAY_005302,ORD_005302,UPI,Successful,242.45
PAY_005303,ORD_005303,UPI,Failed,1161.58
PAY_005304,ORD_005304,UPI,Successful,493.21
PAY_005305,ORD_005305,UPI,Successful,376.25
PAY_005306,ORD_005306,UPI,Successful,221.04
PAY_005307,ORD_005307,UPI,Successful,106.98
PAY_005308,ORD_005308,Credit Card,Successful,450.42
PAY_005309,ORD_005309,UPI,Successful,1915.67
PAY_005310,ORD_005310,Debit Card,Successful,670.87
PAY_005311,ORD_005311,UPI,Successful,2258.44
PAY_005312,ORD_005312,UPI,Successful,80.0
PAY_005313,ORD_005313,Debit Card,Successful,634.84
PAY_005314,ORD_005314,UPI,Successful,719.99
PAY_005315,ORD_005315,Cash,Successful,533.51
PAY_005316,ORD_005316,UPI,Successful,675.46
PAY_005317,ORD_005317,UPI,Successful,360.81
PAY_005318,ORD_005318,Debit Card,Successful,460.79
PAY_005319,ORD_005319,Credit Card,Successful,586.16
PAY_005320,ORD_005320,Credit Card,Successful,674.01
PAY_005321,ORD_005321,UPI,Successful,243.69
PAY_005322,ORD_005322,UPI,Successful,240.54
PAY_005323,ORD_005323,UPI,Refunded,256.22
PAY_005324,ORD_005324,UPI,Successful,3512.75
PAY_005325,ORD_005325,UPI,Successful,113.19
PAY_005326,ORD_005326,UPI,Successful,1146.43
PAY_005327,ORD_005327,UPI,Successful,106.61
PAY_005328,ORD_005328,UPI,Failed,786.24
PAY_005329,ORD_005329,Debit Card,Successful,246.74
PAY_005330,ORD_005330,UPI,Refunded,1649.09
PAY_005331,ORD_005331,Credit Card,Successful,539.31
PAY_005332,ORD_005332,Debit Card,Successful,550.33
PAY_005333,ORD_005333,UPI,Successful,547.3
PAY_005334,ORD_005334,UPI,Successful,301.37
PAY_005335,ORD_005335,UPI,Successful,551.42
PAY_005336,ORD_005336,UPI,Successful,273.63
PAY_005337,ORD_005337,UPI,Successful,615.19
PAY_005338,ORD_005338,Credit Card,Successful,194.21
PAY_005339,ORD_005339,UPI,Successful,413.77
PAY_005340,ORD_005340,UPI,Successful,1695.95
PAY_005341,ORD_005341,Cash,Successful,343.64
PAY_005342,ORD_005342,UPI,Successful,298.43
PAY_005343,ORD_005343,UPI,Successful,421.16
PAY_005344,ORD_005344,Debit Card,Successful,3558.14
PAY_005345,ORD_005345,UPI,Refunded,693.51
PAY_005346,ORD_005346,Debit Card,Successful,1509.88
PAY_005347,ORD_005347,Wallet,Successful,1535.89
PAY_005348,ORD_005348,Debit Card,Successful,501.2
PAY_005349,ORD_005349,Debit Card,Successful,1745.89
PAY_005350,ORD_005350,Debit Card,Successful,476.27
PAY_005351,ORD_005351,UPI,Refunded,815.26
PAY_005352,ORD_005352,UPI,Successful,1967.08
PAY_005353,ORD_005353,UPI,Successful,823.24
PAY_005354,ORD_005354,Wallet,Successful,197.93
PAY_005355,ORD_005355,UPI,Refunded,95.92
PAY_005356,ORD_005356,UPI,Successful,197.47
PAY_005357,ORD_005357,Credit Card,Successful,698.35
PAY_005358,ORD_005358,UPI,Successful,379.13
PAY_005359,ORD_005359,UPI,Successful,1099.27
PAY_005360,ORD_005360,Credit Card,Successful,409.14
PAY_005361,ORD_005361,Wallet,Successful,1058.18
PAY_005362,ORD_005362,Wallet,Successful,1780.1
PAY_005363,ORD_005363,Credit Card,Successful,2093.81
PAY_005364,ORD_005364,Debit Card,Successful,3790.89
PAY_005365,ORD_005365,Wallet,Successful,566.83
PAY_005366,ORD_005366,UPI,Successful,1281.24
PAY_005367,ORD_005367,Cash,Successful,192.89
PAY_005368,ORD_005368,UPI,Successful,319.86
PAY_005369,ORD_005369,UPI,Successful,80.0
PAY_005370,ORD_005370,Debit Card,Successful,1259.59
PAY_005371,ORD_005371,Debit Card,Successful,151.92
PAY_005372,ORD_005372,UPI,Successful,2942.94
PAY_005373,ORD_005373,UPI,Successful,247.36
PAY_005374,ORD_005374,Credit Card,Refunded,157.68
PAY_005375,ORD_005375,Credit Card,Refunded,775.55
PAY_005376,ORD_005376,Wallet,Successful,714.31
PAY_005377,ORD_005377,UPI,Successful,396.59
PAY_005378,ORD_005378,Wallet,Successful,89.31
PAY_005379,ORD_005379,Credit Card,Successful,326.25
PAY_005380,ORD_005380,UPI,Failed,3802.79
PAY_005381,ORD_005381,UPI,Successful,1328.59
PAY_005382,ORD_005382,UPI,Successful,471.2
PAY_005383,ORD_005383,UPI,Refunded,659.85
PAY_005384,ORD_005384,UPI,Successful,362.33
PAY_005385,ORD_005385,Debit Card,Successful,759.79
PAY_005386,ORD_005386,Debit Card,Successful,261.68
PAY_005387,ORD_005387,Credit Card,Successful,321.43
PAY_005388,ORD_005388,UPI,Successful,341.01
PAY_005389,ORD_005389,Credit Card,Successful,2904.44
PAY_005390,ORD_005390,UPI,Failed,613.43
PAY_005391,ORD_005391,Credit Card,Refunded,706.65
PAY_005392,ORD_005392,Wallet,Successful,361.97
PAY_005393,ORD_005393,UPI,Successful,130.09
PAY_005394,ORD_005394,UPI,Successful,681.85
PAY_005395,ORD_005395,UPI,Successful,260.06
PAY_005396,ORD_005396,UPI,Successful,433.64
PAY_005397,ORD_005397,Debit Card,Successful,507.9
PAY_005398,ORD_005398,Wallet,Successful,469.93
PAY_005399,ORD_005399,UPI,Refunded,2111.67
PAY_005400,ORD_005400,Credit Card,Successful,2018.51
PAY_005401,ORD_005401,UPI,Successful,704.19
PAY_005402,ORD_005402,UPI,Successful,92.49
PAY_005403,ORD_005403,Wallet,Successful,178.53
PAY_005404,ORD_005404,Credit Card,Successful,3113.76
PAY_005405,ORD_005405,UPI,Successful,887.59
PAY_005406,ORD_005406,UPI,Successful,450.05
PAY_005407,ORD_005407,Credit Card,Successful,208.06
PAY_005408,ORD_005408,UPI,Successful,289.97
PAY_005409,ORD_005409,Credit Card,Successful,449.35
PAY_005410,ORD_005410,UPI,Successful,706.7
PAY_005411,ORD_005411,Debit Card,Successful,409.96
PAY_005412,ORD_005412,UPI,Successful,3793.0
PAY_005413,ORD_005413,UPI,Successful,956.04
PAY_005414,ORD_005414,Debit Card,Successful,96.15
PAY_005415,ORD_005415,Debit Card,Successful,696.23
PAY_005416,ORD_005416,Debit Card,Successful,326.26
PAY_005417,ORD_005417,UPI,Successful,394.42
PAY_005418,ORD_005418,UPI,Successful,663.52
PAY_005419,ORD_005419,UPI,Successful,2048.83
PAY_005420,ORD_005420,UPI,Successful,721.1
PAY_005421,ORD_005421,UPI,Successful,1860.92
PAY_005422,ORD_005422,UPI,Successful,440.46
PAY_005423,ORD_005423,Wallet,Successful,2584.19
PAY_005424,ORD_005424,UPI,Successful,265.03
PAY_005425,ORD_005425,UPI,Successful,199.9
PAY_005426,ORD_005426,Cash,Successful,1221.68
PAY_005427,ORD_005427,UPI,Successful,193.05
PAY_005428,ORD_005428,Wallet,Failed,334.21
PAY_005429,ORD_005429,Debit Card,Successful,150.59
PAY_005430,ORD_005430,UPI,Successful,515.44
PAY_005431,ORD_005431,Credit Card,Successful,322.28
PAY_005432,ORD_005432,UPI,Successful,296.8
PAY_005433,ORD_005433,UPI,Successful,205.3
PAY_005434,ORD_005434,Credit Card,Successful,946.17
PAY_005435,ORD_005435,UPI,Successful,469.11
PAY_005436,ORD_005436,UPI,Successful,1332.62
PAY_005437,ORD_005437,Debit Card,Successful,2586.06
PAY_005438,ORD_005438,UPI,Successful,335.08
PAY_005439,ORD_005439,Credit Card,Successful,745.56
PAY_005440,ORD_005440,Credit Card,Successful,137.56
PAY_005441,ORD_005441,UPI,Successful,749.69
PAY_005442,ORD_005442,UPI,Successful,622.94
PAY_005443,ORD_005443,Credit Card,Successful,208.83
PAY_005444,ORD_005444,Cash,Successful,234.27
PAY_005445,ORD_005445,Credit Card,Successful,467.96
PAY_005446,ORD_005446,Wallet,Successful,295.79
PAY_005447,ORD_005447,Debit Card,Successful,486.19
PAY_005448,ORD_005448,UPI,Successful,1176.92
PAY_005449,ORD_005449,UPI,Successful,937.24
PAY_005450,ORD_005450,Credit Card,Successful,385.29
PAY_005451,ORD_005451,Debit Card,Successful,768.27
PAY_005452,ORD_005452,UPI,Successful,1411.05
PAY_005453,ORD_005453,UPI,Successful,98.86
PAY_005454,ORD_005454,Credit Card,Successful,223.42
PAY_005455,ORD_005455,UPI,Successful,234.74
PAY_005456,ORD_005456,UPI,Successful,577.86
PAY_005457,ORD_005457,Debit Card,Successful,534.16
PAY_005458,ORD_005458,UPI,Successful,552.76
PAY_005459,ORD_005459,Wallet,Successful,117.48
PAY_005460,ORD_005460,Debit Card,Successful,685.98
PAY_005461,ORD_005461,UPI,Successful,546.58
PAY_005462,ORD_005462,Wallet,Successful,602.97
PAY_005463,ORD_005463,UPI,Successful,1009.5
PAY_005464,ORD_005464,Cash,Successful,664.94
PAY_005465,ORD_005465,UPI,Successful,215.62
PAY_005466,ORD_005466,UPI,Successful,305.35
PAY_005467,ORD_005467,Credit Card,Successful,413.6
PAY_005468,ORD_005468,Wallet,Successful,591.97
PAY_005469,ORD_005469,Cash,Successful,187.6
PAY_005470,ORD_005470,UPI,Successful,879.46
PAY_005471,ORD_005471,UPI,Successful,1986.36
PAY_005472,ORD_005472,UPI,Successful,1559.13
PAY_005473,ORD_005473,Debit Card,Successful,475.05
PAY_005474,ORD_005474,Credit Card,Successful,470.02
PAY_005475,ORD_005475,UPI,Successful,96.6
PAY_005476,ORD_005476,UPI,Successful,254.82
PAY_005477,ORD_005477,Debit Card,Successful,446.68
PAY_005478,ORD_005478,UPI,Successful,606.25
PAY_005479,ORD_005479,UPI,Successful,1256.22
PAY_005480,ORD_005480,UPI,Successful,2513.54
PAY_005481,ORD_005481,UPI,Successful,313.85
PAY_005482,ORD_005482,UPI,Successful,458.82
PAY_005483,ORD_005483,UPI,Successful,268.47
PAY_005484,ORD_005484,Wallet,Successful,105.84
PAY_005485,ORD_005485,UPI,Successful,440.0
PAY_005486,ORD_005486,UPI,Successful,570.7
PAY_005487,ORD_005487,Debit Card,Successful,288.76
PAY_005488,ORD_005488,UPI,Successful,630.84
PAY_005489,ORD_005489,UPI,Successful,627.69
PAY_005490,ORD_005490,Cash,Successful,720.94
PAY_005491,ORD_005491,Credit Card,Successful,659.51
PAY_005492,ORD_005492,Credit Card,Successful,105.96
PAY_005493,ORD_005493,Credit Card,Successful,221.34
PAY_005494,ORD_005494,UPI,Successful,674.32
PAY_005495,ORD_005495,Credit Card,Successful,209.24
PAY_005496,ORD_005496,Debit Card,Successful,280.64
PAY_005497,ORD_005497,Debit Card,Successful,106.87
PAY_005498,ORD_005498,UPI,Successful,408.5
PAY_005499,ORD_005499,UPI,Successful,214.28
PAY_005500,ORD_005500,UPI,Successful,762.03
PAY_005501,ORD_005501,Debit Card,Successful,287.42
PAY_005502,ORD_005502,Cash,Successful,581.57
PAY_005503,ORD_005503,UPI,Successful,869.08
PAY_005504,ORD_005504,UPI,Successful,617.13
PAY_005505,ORD_005505,UPI,Successful,275.26
PAY_005506,ORD_005506,UPI,Successful,1042.6
PAY_005507,ORD_005507,UPI,Successful,242.62
PAY_005508,ORD_005508,UPI,Failed,427.27
PAY_005509,ORD_005509,UPI,Successful,461.02
PAY_005510,ORD_005510,UPI,Failed,350.67
PAY_005511,ORD_005511,Cash,Successful,1170.03
PAY_005512,ORD_005512,Wallet,Successful,491.88
PAY_005513,ORD_005513,Debit Card,Successful,2652.26
PAY_005514,ORD_005514,Debit Card,Successful,1014.7
PAY_005515,ORD_005515,UPI,Successful,80.0
PAY_005516,ORD_005516,UPI,Refunded,161.96
PAY_005517,ORD_005517,UPI,Successful,131.2
PAY_005518,ORD_005518,UPI,Successful,567.76
PAY_005519,ORD_005519,UPI,Successful,410.44
PAY_005520,ORD_005520,Debit Card,Successful,350.14
PAY_005521,ORD_005521,Debit Card,Successful,311.68
PAY_005522,ORD_005522,Wallet,Successful,991.99
PAY_005523,ORD_005523,UPI,Successful,1013.77
PAY_005524,ORD_005524,Wallet,Successful,1354.8
PAY_005525,ORD_005525,Credit Card,Successful,819.19
PAY_005526,ORD_005526,UPI,Successful,688.63
PAY_005527,ORD_005527,Credit Card,Successful,506.48
PAY_005528,ORD_005528,Credit Card,Successful,91.31
PAY_005529,ORD_005529,Debit Card,Successful,284.43
PAY_005530,ORD_005530,UPI,Successful,502.0
PAY_005531,ORD_005531,UPI,Successful,1383.54
PAY_005532,ORD_005532,Debit Card,Successful,350.66
PAY_005533,ORD_005533,Debit Card,Successful,80.0
PAY_005534,ORD_005534,UPI,Successful,285.71
PAY_005535,ORD_005535,UPI,Successful,221.15
PAY_005536,ORD_005536,UPI,Successful,109.93
PAY_005537,ORD_005537,Credit Card,Successful,593.37
PAY_005538,ORD_005538,Cash,Successful,788.23
PAY_005539,ORD_005539,UPI,Successful,2015.63
PAY_005540,ORD_005540,UPI,Successful,367.74
PAY_005541,ORD_005541,Credit Card,Successful,1681.16
PAY_005542,ORD_005542,Wallet,Successful,849.38
PAY_005543,ORD_005543,Wallet,Successful,1086.97
PAY_005544,ORD_005544,Credit Card,Successful,1082.77
PAY_005545,ORD_005545,UPI,Successful,515.95
PAY_005546,ORD_005546,Credit Card,Successful,80.0
PAY_005547,ORD_005547,UPI,Successful,2384.78
PAY_005548,ORD_005548,Debit Card,Successful,835.79
PAY_005549,ORD_005549,UPI,Successful,184.47
PAY_005550,ORD_005550,Credit Card,Successful,909.31
PAY_005551,ORD_005551,UPI,Successful,148.46
PAY_005552,ORD_005552,Cash,Successful,329.69
PAY_005553,ORD_005553,Credit Card,Successful,179.07
PAY_005554,ORD_005554,Wallet,Successful,517.44
PAY_005555,ORD_005555,Wallet,Successful,1395.36
PAY_005556,ORD_005556,Credit Card,Successful,661.81
PAY_005557,ORD_005557,Credit Card,Successful,745.3
PAY_005558,ORD_005558,Wallet,Successful,1836.94
PAY_005559,ORD_005559,UPI,Successful,328.18
PAY_005560,ORD_005560,Debit Card,Successful,256.34
PAY_005561,ORD_005561,UPI,Successful,152.03
PAY_005562,ORD_005562,UPI,Successful,204.04
PAY_005563,ORD_005563,UPI,Successful,478.31
PAY_005564,ORD_005564,UPI,Successful,1492.05
PAY_005565,ORD_005565,UPI,Successful,1107.39
PAY_005566,ORD_005566,UPI,Failed,189.1
PAY_005567,ORD_005567,Wallet,Successful,543.78
PAY_005568,ORD_005568,UPI,Successful,96.84
PAY_005569,ORD_005569,Cash,Successful,498.96
PAY_005570,ORD_005570,UPI,Successful,443.02
PAY_005571,ORD_005571,Debit Card,Failed,862.32
PAY_005572,ORD_005572,UPI,Successful,241.63
PAY_005573,ORD_005573,UPI,Successful,422.3
PAY_005574,ORD_005574,UPI,Successful,5000.0
PAY_005575,ORD_005575,Wallet,Successful,435.8
PAY_005576,ORD_005576,Wallet,Successful,1991.42
PAY_005577,ORD_005577,UPI,Successful,993.76
PAY_005578,ORD_005578,Credit Card,Successful,249.34
PAY_005579,ORD_005579,UPI,Successful,1149.09
PAY_005580,ORD_005580,Wallet,Successful,688.52
PAY_005581,ORD_005581,UPI,Successful,561.76
PAY_005582,ORD_005582,UPI,Successful,574.0
PAY_005583,ORD_005583,UPI,Successful,1624.58
PAY_005584,ORD_005584,UPI,Successful,305.98
PAY_005585,ORD_005585,UPI,Successful,1726.59
PAY_005586,ORD_005586,UPI,Successful,710.03
PAY_005587,ORD_005587,UPI,Successful,200.22
PAY_005588,ORD_005588,Debit Card,Successful,338.03
PAY_005589,ORD_005589,UPI,Successful,129.16
PAY_005590,ORD_005590,Wallet,Successful,3239.77
PAY_005591,ORD_005591,UPI,Successful,1147.95
PAY_005592,ORD_005592,UPI,Successful,331.86
PAY_005593,ORD_005593,UPI,Successful,597.92
PAY_005594,ORD_005594,UPI,Successful,347.71
PAY_005595,ORD_005595,Cash,Successful,1395.55
PAY_005596,ORD_005596,UPI,Successful,435.08
PAY_005597,ORD_005597,Cash,Successful,511.27
PAY_005598,ORD_005598,UPI,Successful,482.57
PAY_005599,ORD_005599,UPI,Successful,199.63
PAY_005600,ORD_005600,Credit Card,Successful,973.78
PAY_005601,ORD_005601,Debit Card,Successful,633.02
PAY_005602,ORD_005602,UPI,Successful,226.54
PAY_005603,ORD_005603,Debit Card,Failed,165.88
PAY_005604,ORD_005604,UPI,Failed,179.99
PAY_005605,ORD_005605,Debit Card,Successful,235.24
PAY_005606,ORD_005606,Debit Card,Failed,837.32
PAY_005607,ORD_005607,Credit Card,Successful,861.71
PAY_005608,ORD_005608,UPI,Successful,457.16
PAY_005609,ORD_005609,UPI,Successful,670.64
PAY_005610,ORD_005610,UPI,Successful,487.47
PAY_005611,ORD_005611,UPI,Successful,1078.33
PAY_005612,ORD_005612,Debit Card,Refunded,325.37
PAY_005613,ORD_005613,Debit Card,Successful,627.26
PAY_005614,ORD_005614,UPI,Successful,290.14
PAY_005615,ORD_005615,UPI,Successful,540.91
PAY_005616,ORD_005616,UPI,Successful,215.06
PAY_005617,ORD_005617,Cash,Successful,536.4
PAY_005618,ORD_005618,Credit Card,Successful,363.87
PAY_005619,ORD_005619,Wallet,Successful,401.59
PAY_005620,ORD_005620,UPI,Successful,339.08
PAY_005621,ORD_005621,UPI,Successful,371.31
PAY_005622,ORD_005622,UPI,Successful,1067.53
PAY_005623,ORD_005623,UPI,Successful,289.26
PAY_005624,ORD_005624,UPI,Successful,426.63
PAY_005625,ORD_005625,Debit Card,Successful,125.95
PAY_005626,ORD_005626,UPI,Successful,3709.93
PAY_005627,ORD_005627,UPI,Successful,261.42
PAY_005628,ORD_005628,Wallet,Successful,199.52
PAY_005629,ORD_005629,Credit Card,Successful,391.79
PAY_005630,ORD_005630,Debit Card,Successful,1322.94
PAY_005631,ORD_005631,Cash,Successful,434.89
PAY_005632,ORD_005632,Debit Card,Successful,1100.14
PAY_005633,ORD_005633,UPI,Successful,1032.31
PAY_005634,ORD_005634,UPI,Successful,888.76
PAY_005635,ORD_005635,Credit Card,Successful,1443.18
PAY_005636,ORD_005636,Wallet,Successful,533.84
PAY_005637,ORD_005637,Wallet,Successful,920.43
PAY_005638,ORD_005638,UPI,Successful,274.84
PAY_005639,ORD_005639,UPI,Successful,262.66
PAY_005640,ORD_005640,Credit Card,Successful,480.15
PAY_005641,ORD_005641,Credit Card,Successful,414.56
PAY_005642,ORD_005642,UPI,Successful,80.0
PAY_005643,ORD_005643,Wallet,Successful,480.81
PAY_005644,ORD_005644,Wallet,Successful,2107.34
PAY_005645,ORD_005645,UPI,Successful,916.87
PAY_005646,ORD_005646,Credit Card,Successful,343.09
PAY_005647,ORD_005647,Debit Card,Successful,587.42
PAY_005648,ORD_005648,Credit Card,Successful,865.16
PAY_005649,ORD_005649,UPI,Failed,273.44
PAY_005650,ORD_005650,UPI,Successful,405.61
PAY_005651,ORD_005651,UPI,Successful,1194.35
PAY_005652,ORD_005652,UPI,Successful,762.64
PAY_005653,ORD_005653,Debit Card,Successful,261.12
PAY_005654,ORD_005654,UPI,Successful,243.38
PAY_005655,ORD_005655,Wallet,Successful,1288.85
PAY_005656,ORD_005656,Wallet,Successful,933.46
PAY_005657,ORD_005657,Credit Card,Successful,99.01
PAY_005658,ORD_005658,UPI,Successful,830.85
PAY_005659,ORD_005659,UPI,Successful,136.62
PAY_005660,ORD_005660,Debit Card,Successful,385.09
PAY_005661,ORD_005661,UPI,Successful,510.16
PAY_005662,ORD_005662,Wallet,Successful,473.43
PAY_005663,ORD_005663,Credit Card,Successful,732.12
PAY_005664,ORD_005664,Credit Card,Successful,566.83
PAY_005665,ORD_005665,UPI,Successful,381.5
PAY_005666,ORD_005666,Credit Card,Successful,247.22
PAY_005667,ORD_005667,Wallet,Refunded,2294.47
PAY_005668,ORD_005668,UPI,Successful,761.72
PAY_005669,ORD_005669,UPI,Successful,1099.75
PAY_005670,ORD_005670,UPI,Successful,665.54
PAY_005671,ORD_005671,Debit Card,Successful,1887.19
PAY_005672,ORD_005672,UPI,Successful,596.23
PAY_005673,ORD_005673,UPI,Successful,337.93
PAY_005674,ORD_005674,Debit Card,Successful,435.13
PAY_005675,ORD_005675,UPI,Successful,351.46
PAY_005676,ORD_005676,UPI,Successful,724.53
PAY_005677,ORD_005677,Wallet,Successful,174.97
PAY_005678,ORD_005678,UPI,Successful,346.53
PAY_005679,ORD_005679,UPI,Failed,1777.14
PAY_005680,ORD_005680,Cash,Successful,1388.47
PAY_005681,ORD_005681,Cash,Successful,829.38
PAY_005682,ORD_005682,Debit Card,Successful,227.36
PAY_005683,ORD_005683,Credit Card,Successful,502.18
PAY_005684,ORD_005684,Credit Card,Successful,1166.01
PAY_005685,ORD_005685,Debit Card,Successful,484.79
PAY_005686,ORD_005686,UPI,Successful,485.64
PAY_005687,ORD_005687,UPI,Successful,369.75
PAY_005688,ORD_005688,UPI,Successful,320.44
PAY_005689,ORD_005689,UPI,Successful,282.64
PAY_005690,ORD_005690,UPI,Successful,856.62
PAY_005691,ORD_005691,UPI,Successful,779.79
PAY_005692,ORD_005692,UPI,Successful,113.43
PAY_005693,ORD_005693,UPI,Successful,630.6
PAY_005694,ORD_005694,Credit Card,Successful,225.8
PAY_005695,ORD_005695,UPI,Successful,703.05
PAY_005696,ORD_005696,Wallet,Successful,960.83
PAY_005697,ORD_005697,UPI,Successful,186.81
PAY_005698,ORD_005698,UPI,Successful,293.58
PAY_005699,ORD_005699,UPI,Successful,109.76
PAY_005700,ORD_005700,UPI,Failed,1155.13
PAY_005701,ORD_005701,UPI,Successful,225.82
PAY_005702,ORD_005702,Debit Card,Successful,80.0
PAY_005703,ORD_005703,Cash,Successful,252.11
PAY_005704,ORD_005704,UPI,Successful,553.6
PAY_005705,ORD_005705,UPI,Successful,626.42
PAY_005706,ORD_005706,Wallet,Successful,1814.09
PAY_005707,ORD_005707,UPI,Successful,305.28
PAY_005708,ORD_005708,UPI,Successful,425.04
PAY_005709,ORD_005709,UPI,Successful,2457.65
PAY_005710,ORD_005710,UPI,Successful,393.64
PAY_005711,ORD_005711,Debit Card,Successful,495.25
PAY_005712,ORD_005712,UPI,Successful,1112.09
PAY_005713,ORD_005713,UPI,Successful,105.01
PAY_005714,ORD_005714,UPI,Successful,962.39
PAY_005715,ORD_005715,UPI,Successful,1391.58
PAY_005716,ORD_005716,UPI,Successful,301.65
PAY_005717,ORD_005717,UPI,Successful,509.5
PAY_005718,ORD_005718,Credit Card,Successful,638.6
PAY_005719,ORD_005719,UPI,Successful,820.05
PAY_005720,ORD_005720,Credit Card,Successful,3273.13
PAY_005721,ORD_005721,UPI,Successful,421.33
PAY_005722,ORD_005722,UPI,Refunded,605.56
PAY_005723,ORD_005723,Wallet,Successful,1015.57
PAY_005724,ORD_005724,UPI,Successful,568.51
PAY_005725,ORD_005725,Debit Card,Successful,2231.86
PAY_005726,ORD_005726,Debit Card,Successful,542.63
PAY_005727,ORD_005727,Debit Card,Successful,149.5
PAY_005728,ORD_005728,UPI,Successful,529.48
PAY_005729,ORD_005729,UPI,Successful,427.58
PAY_005730,ORD_005730,UPI,Successful,2858.24
PAY_005731,ORD_005731,UPI,Successful,265.91
PAY_005732,ORD_005732,UPI,Successful,831.88
PAY_005733,ORD_005733,UPI,Successful,829.22
PAY_005734,ORD_005734,Debit Card,Successful,972.46
PAY_005735,ORD_005735,Credit Card,Successful,288.98
PAY_005736,ORD_005736,UPI,Successful,523.81
PAY_005737,ORD_005737,UPI,Successful,133.22
PAY_005738,ORD_005738,Cash,Successful,4013.98
PAY_005739,ORD_005739,UPI,Successful,395.28
PAY_005740,ORD_005740,UPI,Successful,1297.35
PAY_005741,ORD_005741,UPI,Successful,1419.05
PAY_005742,ORD_005742,Wallet,Failed,111.38
PAY_005743,ORD_005743,UPI,Refunded,724.56
PAY_005744,ORD_005744,Credit Card,Successful,2479.74
PAY_005745,ORD_005745,Wallet,Successful,183.94
PAY_005746,ORD_005746,UPI,Successful,249.49
PAY_005747,ORD_005747,UPI,Successful,80.0
PAY_005748,ORD_005748,UPI,Successful,434.39
PAY_005749,ORD_005749,UPI,Successful,1242.96
PAY_005750,ORD_005750,UPI,Successful,108.19
PAY_005751,ORD_005751,Debit Card,Successful,2493.32
PAY_005752,ORD_005752,Debit Card,Successful,727.8
PAY_005753,ORD_005753,UPI,Successful,216.46
PAY_005754,ORD_005754,Wallet,Successful,605.69
PAY_005755,ORD_005755,UPI,Successful,734.97
PAY_005756,ORD_005756,Debit Card,Successful,275.64
PAY_005757,ORD_005757,Wallet,Successful,750.66
PAY_005758,ORD_005758,Debit Card,Successful,459.95
PAY_005759,ORD_005759,Wallet,Successful,255.19
PAY_005760,ORD_005760,Wallet,Successful,504.86
PAY_005761,ORD_005761,UPI,Successful,178.68
PAY_005762,ORD_005762,UPI,Successful,391.98
PAY_005763,ORD_005763,UPI,Successful,454.0
PAY_005764,ORD_005764,Wallet,Successful,1841.73
PAY_005765,ORD_005765,UPI,Successful,222.87
PAY_005766,ORD_005766,UPI,Successful,80.0
PAY_005767,ORD_005767,Credit Card,Successful,80.0
PAY_005768,ORD_005768,UPI,Successful,211.07
PAY_005769,ORD_005769,Credit Card,Successful,563.11
PAY_005770,ORD_005770,UPI,Successful,190.35
PAY_005771,ORD_005771,UPI,Successful,274.24
PAY_005772,ORD_005772,Wallet,Successful,244.14
PAY_005773,ORD_005773,Cash,Successful,377.42
PAY_005774,ORD_005774,UPI,Successful,252.54
PAY_005775,ORD_005775,UPI,Successful,3687.32
PAY_005776,ORD_005776,UPI,Successful,698.21
PAY_005777,ORD_005777,Debit Card,Successful,1405.2
PAY_005778,ORD_005778,UPI,Successful,435.22
PAY_005779,ORD_005779,UPI,Successful,193.57
PAY_005780,ORD_005780,Credit Card,Successful,86.58
PAY_005781,ORD_005781,UPI,Successful,1048.8
PAY_005782,ORD_005782,UPI,Successful,942.13
PAY_005783,ORD_005783,UPI,Successful,721.19
PAY_005784,ORD_005784,UPI,Successful,1419.31
PAY_005785,ORD_005785,UPI,Successful,2581.29
PAY_005786,ORD_005786,Debit Card,Successful,293.23
PAY_005787,ORD_005787,UPI,Successful,903.37
PAY_005788,ORD_005788,UPI,Successful,149.91
PAY_005789,ORD_005789,Wallet,Successful,284.13
PAY_005790,ORD_005790,UPI,Successful,1545.54
PAY_005791,ORD_005791,UPI,Successful,139.67
PAY_005792,ORD_005792,Debit Card,Successful,899.16
PAY_005793,ORD_005793,UPI,Successful,602.95
PAY_005794,ORD_005794,UPI,Successful,477.76
PAY_005795,ORD_005795,Wallet,Successful,1244.95
PAY_005796,ORD_005796,Debit Card,Successful,305.93
PAY_005797,ORD_005797,Credit Card,Successful,300.47
PAY_005798,ORD_005798,Credit Card,Failed,519.48
PAY_005799,ORD_005799,Debit Card,Successful,1278.35
PAY_005800,ORD_005800,UPI,Failed,362.65
PAY_005801,ORD_005801,Cash,Successful,512.53
PAY_005802,ORD_005802,UPI,Successful,454.05
PAY_005803,ORD_005803,UPI,Successful,210.16
PAY_005804,ORD_005804,UPI,Successful,242.29
PAY_005805,ORD_005805,Wallet,Successful,1642.08
PAY_005806,ORD_005806,Wallet,Successful,1492.18
PAY_005807,ORD_005807,UPI,Successful,923.71
PAY_005808,ORD_005808,Cash,Successful,214.6
PAY_005809,ORD_005809,Credit Card,Successful,124.5
PAY_005810,ORD_005810,Wallet,Successful,1432.28
PAY_005811,ORD_005811,Credit Card,Successful,2715.35
PAY_005812,ORD_005812,Cash,Successful,450.09
PAY_005813,ORD_005813,UPI,Successful,80.0
PAY_005814,ORD_005814,UPI,Successful,106.53
PAY_005815,ORD_005815,Debit Card,Successful,2127.99
PAY_005816,ORD_005816,Credit Card,Refunded,278.86
PAY_005817,ORD_005817,Debit Card,Successful,201.38
PAY_005818,ORD_005818,UPI,Successful,529.52
PAY_005819,ORD_005819,Wallet,Successful,171.62
PAY_005820,ORD_005820,UPI,Successful,552.55
PAY_005821,ORD_005821,Debit Card,Successful,1899.27
PAY_005822,ORD_005822,Debit Card,Successful,503.59
PAY_005823,ORD_005823,UPI,Successful,406.89
PAY_005824,ORD_005824,Credit Card,Successful,337.13
PAY_005825,ORD_005825,UPI,Successful,984.53
PAY_005826,ORD_005826,Credit Card,Successful,1112.37
PAY_005827,ORD_005827,Credit Card,Successful,1192.94
PAY_005828,ORD_005828,Debit Card,Successful,398.24
PAY_005829,ORD_005829,Credit Card,Successful,492.72
PAY_005830,ORD_005830,Cash,Failed,1017.63
PAY_005831,ORD_005831,UPI,Successful,1092.55
PAY_005832,ORD_005832,UPI,Successful,2156.17
PAY_005833,ORD_005833,Credit Card,Successful,419.88
PAY_005834,ORD_005834,Credit Card,Successful,192.41
PAY_005835,ORD_005835,UPI,Successful,189.94
PAY_005836,ORD_005836,UPI,Successful,284.95
PAY_005837,ORD_005837,UPI,Successful,1029.56
PAY_005838,ORD_005838,Credit Card,Successful,1149.32
PAY_005839,ORD_005839,Wallet,Successful,323.79
PAY_005840,ORD_005840,Wallet,Successful,2806.46
PAY_005841,ORD_005841,Credit Card,Successful,700.77
PAY_005842,ORD_005842,UPI,Successful,695.22
PAY_005843,ORD_005843,Wallet,Successful,719.37
PAY_005844,ORD_005844,UPI,Successful,775.72
PAY_005845,ORD_005845,UPI,Successful,409.0
PAY_005846,ORD_005846,Credit Card,Successful,370.79
PAY_005847,ORD_005847,Wallet,Successful,2541.55
PAY_005848,ORD_005848,UPI,Successful,2507.73
PAY_005849,ORD_005849,Credit Card,Successful,681.96
PAY_005850,ORD_005850,Credit Card,Successful,345.65
PAY_005851,ORD_005851,UPI,Successful,193.28
PAY_005852,ORD_005852,UPI,Successful,875.51
PAY_005853,ORD_005853,Credit Card,Successful,198.26
PAY_005854,ORD_005854,Wallet,Successful,1574.43
PAY_005855,ORD_005855,UPI,Successful,1531.8
PAY_005856,ORD_005856,UPI,Successful,879.87
PAY_005857,ORD_005857,Credit Card,Successful,99.67
PAY_005858,ORD_005858,UPI,Successful,385.31
PAY_005859,ORD_005859,Wallet,Successful,668.15
PAY_005860,ORD_005860,UPI,Refunded,290.52
PAY_005861,ORD_005861,UPI,Successful,306.05
PAY_005862,ORD_005862,Credit Card,Successful,535.06
PAY_005863,ORD_005863,Wallet,Successful,894.72
PAY_005864,ORD_005864,Credit Card,Failed,2334.57
PAY_005865,ORD_005865,UPI,Successful,106.62
PAY_005866,ORD_005866,UPI,Successful,131.45
PAY_005867,ORD_005867,UPI,Successful,1138.4
PAY_005868,ORD_005868,Debit Card,Successful,176.57
PAY_005869,ORD_005869,UPI,Successful,311.19
PAY_005870,ORD_005870,UPI,Successful,361.12
PAY_005871,ORD_005871,UPI,Successful,487.51
PAY_005872,ORD_005872,Debit Card,Successful,609.59
PAY_005873,ORD_005873,UPI,Successful,192.76
PAY_005874,ORD_005874,UPI,Successful,343.22
PAY_005875,ORD_005875,UPI,Successful,924.39
PAY_005876,ORD_005876,UPI,Successful,381.23
PAY_005877,ORD_005877,Credit Card,Successful,506.21
PAY_005878,ORD_005878,UPI,Successful,184.9
PAY_005879,ORD_005879,UPI,Successful,822.69
PAY_005880,ORD_005880,UPI,Successful,454.53
PAY_005881,ORD_005881,UPI,Successful,4284.74
PAY_005882,ORD_005882,UPI,Successful,3235.18
PAY_005883,ORD_005883,UPI,Successful,884.96
PAY_005884,ORD_005884,UPI,Successful,229.51
PAY_005885,ORD_005885,UPI,Successful,654.97
PAY_005886,ORD_005886,UPI,Successful,398.58
PAY_005887,ORD_005887,UPI,Successful,863.38
PAY_005888,ORD_005888,Debit Card,Successful,418.91
PAY_005889,ORD_005889,UPI,Successful,206.58
PAY_005890,ORD_005890,UPI,Successful,471.15
PAY_005891,ORD_005891,Debit Card,Successful,1619.92
PAY_005892,ORD_005892,UPI,Successful,516.94
PAY_005893,ORD_005893,UPI,Successful,139.33
PAY_005894,ORD_005894,UPI,Successful,1271.89
PAY_005895,ORD_005895,Cash,Successful,560.59
PAY_005896,ORD_005896,UPI,Successful,133.21
PAY_005897,ORD_005897,UPI,Successful,666.13
PAY_005898,ORD_005898,UPI,Successful,582.32
PAY_005899,ORD_005899,Credit Card,Successful,568.37
PAY_005900,ORD_005900,UPI,Refunded,1486.57
PAY_005901,ORD_005901,UPI,Successful,438.13
PAY_005902,ORD_005902,UPI,Successful,469.61
PAY_005903,ORD_005903,UPI,Successful,342.69
PAY_005904,ORD_005904,UPI,Successful,335.0
PAY_005905,ORD_005905,Debit Card,Successful,526.48
PAY_005906,ORD_005906,Wallet,Successful,247.18
PAY_005907,ORD_005907,Debit Card,Successful,603.61
PAY_005908,ORD_005908,UPI,Successful,414.05
PAY_005909,ORD_005909,UPI,Successful,273.57
PAY_005910,ORD_005910,UPI,Successful,257.71
PAY_005911,ORD_005911,Debit Card,Refunded,716.83
PAY_005912,ORD_005912,Wallet,Successful,1092.5
PAY_005913,ORD_005913,Credit Card,Successful,80.0
PAY_005914,ORD_005914,Wallet,Successful,1015.63
PAY_005915,ORD_005915,UPI,Successful,1407.84
PAY_005916,ORD_005916,UPI,Successful,356.22
PAY_005917,ORD_005917,Debit Card,Failed,1560.35
PAY_005918,ORD_005918,Debit Card,Successful,675.49
PAY_005919,ORD_005919,UPI,Successful,949.53
PAY_005920,ORD_005920,UPI,Successful,591.07
PAY_005921,ORD_005921,UPI,Successful,734.83
PAY_005922,ORD_005922,Credit Card,Successful,427.45
PAY_005923,ORD_005923,UPI,Successful,946.57
PAY_005924,ORD_005924,Wallet,Successful,711.47
PAY_005925,ORD_005925,UPI,Successful,1258.24
PAY_005926,ORD_005926,UPI,Successful,1927.0
PAY_005927,ORD_005927,UPI,Successful,1007.72
PAY_005928,ORD_005928,UPI,Successful,349.88
PAY_005929,ORD_005929,Wallet,Successful,899.38
PAY_005930,ORD_005930,Debit Card,Successful,316.55
PAY_005931,ORD_005931,UPI,Successful,130.64
PAY_005932,ORD_005932,Debit Card,Successful,168.59
PAY_005933,ORD_005933,UPI,Successful,126.68
PAY_005934,ORD_005934,UPI,Successful,489.63
PAY_005935,ORD_005935,Wallet,Successful,436.4
PAY_005936,ORD_005936,UPI,Successful,1723.23
PAY_005937,ORD_005937,Wallet,Successful,591.05
PAY_005938,ORD_005938,UPI,Successful,281.32
PAY_005939,ORD_005939,UPI,Successful,1194.06
PAY_005940,ORD_005940,Debit Card,Successful,278.03
PAY_005941,ORD_005941,UPI,Successful,456.0
PAY_005942,ORD_005942,UPI,Successful,787.02
PAY_005943,ORD_005943,UPI,Successful,1328.44
PAY_005944,ORD_005944,Credit Card,Successful,707.76
PAY_005945,ORD_005945,UPI,Successful,403.49
PAY_005946,ORD_005946,UPI,Successful,936.37
PAY_005947,ORD_005947,Credit Card,Successful,500.77
PAY_005948,ORD_005948,Credit Card,Successful,138.51
PAY_005949,ORD_005949,UPI,Successful,390.19
PAY_005950,ORD_005950,Wallet,Successful,310.19
PAY_005951,ORD_005951,UPI,Successful,179.33
PAY_005952,ORD_005952,UPI,Successful,267.97
PAY_005953,ORD_005953,UPI,Successful,2287.08
PAY_005954,ORD_005954,Credit Card,Successful,509.99
PAY_005955,ORD_005955,UPI,Successful,80.0
PAY_005956,ORD_005956,UPI,Successful,829.79
PAY_005957,ORD_005957,Debit Card,Successful,227.27
PAY_005958,ORD_005958,UPI,Refunded,274.34
PAY_005959,ORD_005959,Credit Card,Successful,204.37
PAY_005960,ORD_005960,Wallet,Successful,3158.8
PAY_005961,ORD_005961,UPI,Successful,488.04
PAY_005962,ORD_005962,UPI,Successful,310.49
PAY_005963,ORD_005963,Credit Card,Successful,430.19
PAY_005964,ORD_005964,Credit Card,Successful,1054.16
PAY_005965,ORD_005965,UPI,Refunded,158.88
PAY_005966,ORD_005966,UPI,Successful,1158.82
PAY_005967,ORD_005967,UPI,Failed,209.58
PAY_005968,ORD_005968,Cash,Successful,119.06
PAY_005969,ORD_005969,UPI,Successful,634.86
PAY_005970,ORD_005970,UPI,Successful,531.03
PAY_005971,ORD_005971,UPI,Successful,201.69
PAY_005972,ORD_005972,Wallet,Successful,767.6
PAY_005973,ORD_005973,UPI,Successful,406.15
PAY_005974,ORD_005974,Debit Card,Successful,186.91
PAY_005975,ORD_005975,UPI,Successful,629.3
PAY_005976,ORD_005976,UPI,Successful,206.5
PAY_005977,ORD_005977,Cash,Successful,80.45
PAY_005978,ORD_005978,UPI,Successful,907.02
PAY_005979,ORD_005979,UPI,Successful,440.02
PAY_005980,ORD_005980,Debit Card,Successful,103.28
PAY_005981,ORD_005981,Debit Card,Refunded,182.02
PAY_005982,ORD_005982,UPI,Successful,414.41
PAY_005983,ORD_005983,UPI,Successful,671.51
PAY_005984,ORD_005984,UPI,Successful,897.18
PAY_005985,ORD_005985,Credit Card,Successful,609.41
PAY_005986,ORD_005986,Debit Card,Successful,405.33
PAY_005987,ORD_005987,UPI,Successful,376.47
PAY_005988,ORD_005988,Wallet,Successful,265.59
PAY_005989,ORD_005989,UPI,Successful,412.76
PAY_005990,ORD_005990,Debit Card,Successful,618.75
PAY_005991,ORD_005991,UPI,Successful,689.52
PAY_005992,ORD_005992,Wallet,Successful,900.31
PAY_005993,ORD_005993,Cash,Successful,80.0
PAY_005994,ORD_005994,UPI,Successful,496.96
PAY_005995,ORD_005995,UPI,Successful,126.24
PAY_005996,ORD_005996,Wallet,Successful,396.97
PAY_005997,ORD_005997,Cash,Successful,227.77
PAY_005998,ORD_005998,UPI,Successful,628.44
PAY_005999,ORD_005999,UPI,Failed,373.89
PAY_006000,ORD_006000,UPI,Successful,215.34
PAY_006001,ORD_006001,UPI,Successful,550.11
PAY_006002,ORD_006002,Debit Card,Successful,475.95
PAY_006003,ORD_006003,UPI,Successful,123.43
PAY_006004,ORD_006004,Debit Card,Successful,462.03
PAY_006005,ORD_006005,UPI,Successful,130.0
PAY_006006,ORD_006006,Wallet,Successful,586.85
PAY_006007,ORD_006007,UPI,Successful,137.27
PAY_006008,ORD_006008,UPI,Successful,385.38
PAY_006009,ORD_006009,UPI,Successful,80.0
PAY_006010,ORD_006010,Debit Card,Successful,214.56
PAY_006011,ORD_006011,UPI,Successful,428.04
PAY_006012,ORD_006012,Debit Card,Successful,297.69
PAY_006013,ORD_006013,Credit Card,Successful,2439.71
PAY_006014,ORD_006014,Wallet,Successful,449.33
PAY_006015,ORD_006015,Credit Card,Successful,285.54
PAY_006016,ORD_006016,UPI,Successful,133.24
PAY_006017,ORD_006017,UPI,Successful,4704.59
PAY_006018,ORD_006018,UPI,Successful,480.12
PAY_006019,ORD_006019,UPI,Successful,1377.28
PAY_006020,ORD_006020,Debit Card,Successful,359.84
PAY_006021,ORD_006021,UPI,Successful,468.67
PAY_006022,ORD_006022,UPI,Successful,90.87
PAY_006023,ORD_006023,Credit Card,Successful,1686.59
PAY_006024,ORD_006024,UPI,Successful,488.49
PAY_006025,ORD_006025,UPI,Successful,121.16
PAY_006026,ORD_006026,Credit Card,Successful,292.66
PAY_006027,ORD_006027,UPI,Successful,272.39
PAY_006028,ORD_006028,UPI,Failed,283.78
PAY_006029,ORD_006029,Wallet,Failed,839.1
PAY_006030,ORD_006030,Wallet,Successful,453.16
PAY_006031,ORD_006031,Credit Card,Successful,1400.57
PAY_006032,ORD_006032,Wallet,Successful,2500.07
PAY_006033,ORD_006033,Debit Card,Successful,797.78
PAY_006034,ORD_006034,UPI,Successful,1184.75
PAY_006035,ORD_006035,Credit Card,Successful,1218.85
PAY_006036,ORD_006036,UPI,Successful,108.64
PAY_006037,ORD_006037,UPI,Successful,1369.58
PAY_006038,ORD_006038,Cash,Successful,3047.59
PAY_006039,ORD_006039,Debit Card,Successful,1156.76
PAY_006040,ORD_006040,UPI,Failed,467.07
PAY_006041,ORD_006041,UPI,Successful,1105.44
PAY_006042,ORD_006042,Cash,Successful,1138.04
PAY_006043,ORD_006043,UPI,Successful,361.62
PAY_006044,ORD_006044,UPI,Successful,370.07
PAY_006045,ORD_006045,Cash,Successful,1217.71
PAY_006046,ORD_006046,UPI,Failed,568.75
PAY_006047,ORD_006047,UPI,Successful,225.04
PAY_006048,ORD_006048,Debit Card,Successful,3235.02
PAY_006049,ORD_006049,UPI,Successful,486.82
PAY_006050,ORD_006050,Credit Card,Successful,371.58
PAY_006051,ORD_006051,UPI,Successful,111.42
PAY_006052,ORD_006052,UPI,Successful,183.08
PAY_006053,ORD_006053,UPI,Successful,348.04
PAY_006054,ORD_006054,UPI,Successful,187.14
PAY_006055,ORD_006055,UPI,Successful,414.0
PAY_006056,ORD_006056,Cash,Successful,257.98
PAY_006057,ORD_006057,UPI,Successful,1030.71
PAY_006058,ORD_006058,UPI,Successful,815.72
PAY_006059,ORD_006059,UPI,Successful,278.24
PAY_006060,ORD_006060,Debit Card,Successful,435.86
PAY_006061,ORD_006061,Cash,Successful,501.85
PAY_006062,ORD_006062,UPI,Failed,2329.43
PAY_006063,ORD_006063,Wallet,Successful,389.73
PAY_006064,ORD_006064,Wallet,Successful,337.85
PAY_006065,ORD_006065,Credit Card,Successful,3512.96
PAY_006066,ORD_006066,Debit Card,Successful,80.0
PAY_006067,ORD_006067,Debit Card,Refunded,840.87
PAY_006068,ORD_006068,Credit Card,Successful,401.13
PAY_006069,ORD_006069,UPI,Successful,278.74
PAY_006070,ORD_006070,Credit Card,Successful,458.57
PAY_006071,ORD_006071,UPI,Successful,2054.75
PAY_006072,ORD_006072,Credit Card,Successful,552.28
PAY_006073,ORD_006073,Credit Card,Successful,1907.83
PAY_006074,ORD_006074,Debit Card,Successful,844.81
PAY_006075,ORD_006075,UPI,Successful,469.7
PAY_006076,ORD_006076,UPI,Successful,522.13
PAY_006077,ORD_006077,UPI,Failed,359.04
PAY_006078,ORD_006078,Cash,Successful,506.34
PAY_006079,ORD_006079,Wallet,Refunded,1466.65
PAY_006080,ORD_006080,Cash,Successful,391.81
PAY_006081,ORD_006081,UPI,Successful,189.72
PAY_006082,ORD_006082,Debit Card,Successful,482.81
PAY_006083,ORD_006083,UPI,Successful,273.39
PAY_006084,ORD_006084,Cash,Successful,1198.09
PAY_006085,ORD_006085,Wallet,Successful,360.74
PAY_006086,ORD_006086,Wallet,Successful,255.9
PAY_006087,ORD_006087,UPI,Successful,729.27
PAY_006088,ORD_006088,UPI,Successful,752.79
PAY_006089,ORD_006089,Credit Card,Successful,1667.37
PAY_006090,ORD_006090,Wallet,Successful,454.54
PAY_006091,ORD_006091,UPI,Successful,1155.56
PAY_006092,ORD_006092,Credit Card,Successful,496.63
PAY_006093,ORD_006093,UPI,Successful,233.0
PAY_006094,ORD_006094,Debit Card,Successful,378.77
PAY_006095,ORD_006095,UPI,Successful,521.29
PAY_006096,ORD_006096,UPI,Successful,699.96
PAY_006097,ORD_006097,Debit Card,Successful,997.34
PAY_006098,ORD_006098,UPI,Successful,1257.69
PAY_006099,ORD_006099,UPI,Successful,264.9
PAY_006100,ORD_006100,Credit Card,Successful,822.27
PAY_006101,ORD_006101,UPI,Successful,233.9
PAY_006102,ORD_006102,UPI,Successful,1149.83
PAY_006103,ORD_006103,Wallet,Successful,1474.08
PAY_006104,ORD_006104,UPI,Successful,341.46
PAY_006105,ORD_006105,UPI,Successful,719.0
PAY_006106,ORD_006106,UPI,Successful,1463.19
PAY_006107,ORD_006107,Wallet,Successful,299.67
PAY_006108,ORD_006108,Credit Card,Successful,872.78
PAY_006109,ORD_006109,UPI,Successful,267.93
PAY_006110,ORD_006110,UPI,Successful,1632.15
PAY_006111,ORD_006111,UPI,Successful,1057.87
PAY_006112,ORD_006112,UPI,Failed,137.46
PAY_006113,ORD_006113,Credit Card,Successful,2178.61
PAY_006114,ORD_006114,Credit Card,Successful,80.0
PAY_006115,ORD_006115,UPI,Successful,169.54
PAY_006116,ORD_006116,UPI,Successful,1330.1
PAY_006117,ORD_006117,Wallet,Successful,1938.71
PAY_006118,ORD_006118,Debit Card,Successful,1678.73
PAY_006119,ORD_006119,Credit Card,Successful,1420.28
PAY_006120,ORD_006120,Wallet,Successful,653.66
PAY_006121,ORD_006121,Debit Card,Successful,743.24
PAY_006122,ORD_006122,Debit Card,Successful,2927.64
PAY_006123,ORD_006123,UPI,Successful,80.0
PAY_006124,ORD_006124,UPI,Successful,490.49
PAY_006125,ORD_006125,UPI,Successful,1513.89
PAY_006126,ORD_006126,Wallet,Successful,1181.35
PAY_006127,ORD_006127,Credit Card,Successful,1198.54
PAY_006128,ORD_006128,Debit Card,Successful,226.37
PAY_006129,ORD_006129,UPI,Successful,310.69
PAY_006130,ORD_006130,Wallet,Successful,335.48
PAY_006131,ORD_006131,UPI,Successful,819.2
PAY_006132,ORD_006132,Credit Card,Successful,427.73
PAY_006133,ORD_006133,UPI,Successful,436.65
PAY_006134,ORD_006134,UPI,Successful,1426.19
PAY_006135,ORD_006135,UPI,Successful,452.52
PAY_006136,ORD_006136,UPI,Successful,1991.63
PAY_006137,ORD_006137,UPI,Failed,855.86
PAY_006138,ORD_006138,UPI,Successful,201.61
PAY_006139,ORD_006139,Credit Card,Successful,317.96
PAY_006140,ORD_006140,UPI,Successful,238.78
PAY_006141,ORD_006141,Debit Card,Successful,454.97
PAY_006142,ORD_006142,Credit Card,Successful,483.19
PAY_006143,ORD_006143,Debit Card,Successful,136.67
PAY_006144,ORD_006144,Credit Card,Successful,693.52
PAY_006145,ORD_006145,UPI,Successful,770.08
PAY_006146,ORD_006146,Credit Card,Successful,1196.53
PAY_006147,ORD_006147,UPI,Successful,106.45
PAY_006148,ORD_006148,UPI,Successful,332.75
PAY_006149,ORD_006149,UPI,Successful,349.14
PAY_006150,ORD_006150,UPI,Successful,955.93
PAY_006151,ORD_006151,UPI,Successful,197.94
PAY_006152,ORD_006152,UPI,Successful,789.68
PAY_006153,ORD_006153,Wallet,Successful,191.62
PAY_006154,ORD_006154,Credit Card,Successful,298.82
PAY_006155,ORD_006155,UPI,Successful,378.87
PAY_006156,ORD_006156,Wallet,Successful,749.02
PAY_006157,ORD_006157,UPI,Successful,858.55
PAY_006158,ORD_006158,Cash,Successful,873.92
PAY_006159,ORD_006159,Wallet,Successful,254.1
PAY_006160,ORD_006160,UPI,Successful,287.7
PAY_006161,ORD_006161,Credit Card,Successful,3198.06
PAY_006162,ORD_006162,UPI,Successful,217.19
PAY_006163,ORD_006163,UPI,Successful,1495.84
PAY_006164,ORD_006164,UPI,Successful,1025.63
PAY_006165,ORD_006165,UPI,Successful,517.96
PAY_006166,ORD_006166,Wallet,Successful,80.0
PAY_006167,ORD_006167,UPI,Successful,669.82
PAY_006168,ORD_006168,Debit Card,Successful,621.25
PAY_006169,ORD_006169,UPI,Successful,3449.8
PAY_006170,ORD_006170,Debit Card,Successful,3509.78
PAY_006171,ORD_006171,UPI,Refunded,475.87
PAY_006172,ORD_006172,UPI,Successful,837.49
PAY_006173,ORD_006173,Debit Card,Successful,169.71
PAY_006174,ORD_006174,UPI,Successful,3318.21
PAY_006175,ORD_006175,UPI,Successful,679.88
PAY_006176,ORD_006176,UPI,Successful,230.92
PAY_006177,ORD_006177,Credit Card,Successful,3708.07
PAY_006178,ORD_006178,UPI,Successful,1272.92
PAY_006179,ORD_006179,Credit Card,Successful,429.79
PAY_006180,ORD_006180,UPI,Successful,148.43
PAY_006181,ORD_006181,Wallet,Successful,492.12
PAY_006182,ORD_006182,UPI,Refunded,618.41
PAY_006183,ORD_006183,Debit Card,Successful,558.93
PAY_006184,ORD_006184,Wallet,Successful,813.27
PAY_006185,ORD_006185,UPI,Successful,575.1
PAY_006186,ORD_006186,UPI,Refunded,480.12
PAY_006187,ORD_006187,UPI,Successful,5000.0
PAY_006188,ORD_006188,UPI,Successful,1173.01
PAY_006189,ORD_006189,UPI,Successful,288.85
PAY_006190,ORD_006190,Credit Card,Successful,676.63
PAY_006191,ORD_006191,UPI,Successful,912.08
PAY_006192,ORD_006192,UPI,Successful,656.44
PAY_006193,ORD_006193,Credit Card,Refunded,80.0
PAY_006194,ORD_006194,Credit Card,Successful,1289.88
PAY_006195,ORD_006195,UPI,Successful,83.12
PAY_006196,ORD_006196,Credit Card,Successful,684.85
PAY_006197,ORD_006197,UPI,Successful,1130.66
PAY_006198,ORD_006198,UPI,Successful,97.9
PAY_006199,ORD_006199,Cash,Successful,165.32
PAY_006200,ORD_006200,Wallet,Successful,1653.47
PAY_006201,ORD_006201,Debit Card,Successful,1260.33
PAY_006202,ORD_006202,Credit Card,Successful,80.0
PAY_006203,ORD_006203,UPI,Successful,298.61
PAY_006204,ORD_006204,UPI,Refunded,823.71
PAY_006205,ORD_006205,Wallet,Successful,600.92
PAY_006206,ORD_006206,Debit Card,Successful,284.04
PAY_006207,ORD_006207,UPI,Refunded,207.49
PAY_006208,ORD_006208,Credit Card,Successful,345.7
PAY_006209,ORD_006209,UPI,Successful,375.22
PAY_006210,ORD_006210,UPI,Successful,127.0
PAY_006211,ORD_006211,Debit Card,Successful,1832.33
PAY_006212,ORD_006212,UPI,Successful,274.98
PAY_006213,ORD_006213,UPI,Successful,147.05
PAY_006214,ORD_006214,Credit Card,Successful,696.49
PAY_006215,ORD_006215,Cash,Successful,100.77
PAY_006216,ORD_006216,Credit Card,Failed,80.0
PAY_006217,ORD_006217,UPI,Successful,293.02
PAY_006218,ORD_006218,UPI,Successful,1423.98
PAY_006219,ORD_006219,UPI,Refunded,80.0
PAY_006220,ORD_006220,Credit Card,Successful,190.76
PAY_006221,ORD_006221,UPI,Successful,323.19
PAY_006222,ORD_006222,Debit Card,Successful,3085.33
PAY_006223,ORD_006223,UPI,Successful,152.63
PAY_006224,ORD_006224,Wallet,Successful,245.79
PAY_006225,ORD_006225,Debit Card,Successful,417.81
PAY_006226,ORD_006226,UPI,Successful,420.36
PAY_006227,ORD_006227,UPI,Successful,80.0
PAY_006228,ORD_006228,Debit Card,Successful,91.43
PAY_006229,ORD_006229,UPI,Successful,349.74
PAY_006230,ORD_006230,Debit Card,Successful,221.72
PAY_006231,ORD_006231,UPI,Successful,909.59
PAY_006232,ORD_006232,Credit Card,Successful,262.49
PAY_006233,ORD_006233,Wallet,Successful,2208.36
PAY_006234,ORD_006234,Cash,Successful,2197.93
PAY_006235,ORD_006235,Debit Card,Failed,466.35
PAY_006236,ORD_006236,Cash,Successful,201.35
PAY_006237,ORD_006237,Cash,Successful,961.01
PAY_006238,ORD_006238,Cash,Successful,565.31
PAY_006239,ORD_006239,UPI,Successful,442.58
PAY_006240,ORD_006240,UPI,Successful,569.9
PAY_006241,ORD_006241,UPI,Successful,403.19
PAY_006242,ORD_006242,UPI,Successful,472.07
PAY_006243,ORD_006243,UPI,Successful,520.51
PAY_006244,ORD_006244,UPI,Successful,1791.87
PAY_006245,ORD_006245,Cash,Successful,946.96
PAY_006246,ORD_006246,UPI,Successful,680.28
PAY_006247,ORD_006247,UPI,Successful,1918.81
PAY_006248,ORD_006248,Debit Card,Successful,559.08
PAY_006249,ORD_006249,Cash,Successful,1515.54
PAY_006250,ORD_006250,Credit Card,Successful,1420.29
PAY_006251,ORD_006251,Wallet,Successful,557.06
PAY_006252,ORD_006252,UPI,Successful,2696.54
PAY_006253,ORD_006253,UPI,Successful,399.88
PAY_006254,ORD_006254,UPI,Refunded,317.43
PAY_006255,ORD_006255,UPI,Successful,843.24
PAY_006256,ORD_006256,Credit Card,Successful,1168.44
PAY_006257,ORD_006257,Cash,Refunded,947.34
PAY_006258,ORD_006258,UPI,Successful,337.46
PAY_006259,ORD_006259,Credit Card,Successful,963.65
PAY_006260,ORD_006260,UPI,Successful,1340.07
PAY_006261,ORD_006261,UPI,Successful,1798.61
PAY_006262,ORD_006262,UPI,Successful,821.41
PAY_006263,ORD_006263,Cash,Successful,326.4
PAY_006264,ORD_006264,Cash,Refunded,778.47
PAY_006265,ORD_006265,UPI,Successful,243.55
PAY_006266,ORD_006266,UPI,Successful,461.29
PAY_006267,ORD_006267,Debit Card,Successful,180.51
PAY_006268,ORD_006268,UPI,Successful,443.94
PAY_006269,ORD_006269,Wallet,Successful,183.1
PAY_006270,ORD_006270,UPI,Successful,2071.11
PAY_006271,ORD_006271,UPI,Successful,549.18
PAY_006272,ORD_006272,Cash,Successful,178.89
PAY_006273,ORD_006273,UPI,Successful,482.37
PAY_006274,ORD_006274,UPI,Successful,264.34
PAY_006275,ORD_006275,Credit Card,Successful,466.02
PAY_006276,ORD_006276,UPI,Successful,2514.79
PAY_006277,ORD_006277,Credit Card,Successful,685.6
PAY_006278,ORD_006278,UPI,Successful,120.21
PAY_006279,ORD_006279,Credit Card,Successful,569.4
PAY_006280,ORD_006280,UPI,Successful,481.89
PAY_006281,ORD_006281,Wallet,Successful,563.57
PAY_006282,ORD_006282,Debit Card,Successful,791.48
PAY_006283,ORD_006283,UPI,Successful,173.45
PAY_006284,ORD_006284,Credit Card,Successful,4076.75
PAY_006285,ORD_006285,UPI,Successful,584.64
PAY_006286,ORD_006286,Wallet,Successful,323.07
PAY_006287,ORD_006287,UPI,Successful,281.13
PAY_006288,ORD_006288,Credit Card,Successful,80.0
PAY_006289,ORD_006289,UPI,Successful,335.84
PAY_006290,ORD_006290,Credit Card,Successful,343.76
PAY_006291,ORD_006291,UPI,Successful,182.51
PAY_006292,ORD_006292,Credit Card,Successful,364.59
PAY_006293,ORD_006293,UPI,Successful,209.02
PAY_006294,ORD_006294,UPI,Successful,179.75
PAY_006295,ORD_006295,Wallet,Successful,2526.37
PAY_006296,ORD_006296,Wallet,Successful,300.67
PAY_006297,ORD_006297,UPI,Successful,208.5
PAY_006298,ORD_006298,Wallet,Successful,720.34
PAY_006299,ORD_006299,UPI,Successful,340.78
PAY_006300,ORD_006300,UPI,Successful,600.64
PAY_006301,ORD_006301,Credit Card,Refunded,222.85
PAY_006302,ORD_006302,Credit Card,Successful,687.35
PAY_006303,ORD_006303,Debit Card,Failed,229.78
PAY_006304,ORD_006304,UPI,Successful,295.23
PAY_006305,ORD_006305,UPI,Successful,509.43
PAY_006306,ORD_006306,UPI,Successful,170.71
PAY_006307,ORD_006307,UPI,Successful,1355.28
PAY_006308,ORD_006308,UPI,Successful,797.55
PAY_006309,ORD_006309,Credit Card,Successful,328.95
PAY_006310,ORD_006310,UPI,Refunded,688.84
PAY_006311,ORD_006311,UPI,Successful,359.1
PAY_006312,ORD_006312,Credit Card,Successful,152.04
PAY_006313,ORD_006313,Wallet,Successful,785.2
PAY_006314,ORD_006314,UPI,Successful,345.95
PAY_006315,ORD_006315,UPI,Successful,706.02
PAY_006316,ORD_006316,Cash,Successful,203.53
PAY_006317,ORD_006317,UPI,Failed,170.23
PAY_006318,ORD_006318,Debit Card,Failed,305.83
PAY_006319,ORD_006319,UPI,Successful,186.3
PAY_006320,ORD_006320,Wallet,Successful,444.09
PAY_006321,ORD_006321,UPI,Successful,1086.12
PAY_006322,ORD_006322,UPI,Successful,569.15
PAY_006323,ORD_006323,UPI,Successful,794.61
PAY_006324,ORD_006324,UPI,Successful,1215.79
PAY_006325,ORD_006325,UPI,Refunded,995.69
PAY_006326,ORD_006326,UPI,Failed,1018.7
PAY_006327,ORD_006327,Wallet,Successful,960.11
PAY_006328,ORD_006328,Credit Card,Successful,395.33
PAY_006329,ORD_006329,UPI,Successful,644.82
PAY_006330,ORD_006330,Wallet,Successful,90.22
PAY_006331,ORD_006331,UPI,Successful,577.51
PAY_006332,ORD_006332,UPI,Successful,233.7
PAY_006333,ORD_006333,Wallet,Successful,1008.83
PAY_006334,ORD_006334,Credit Card,Successful,506.42
PAY_006335,ORD_006335,Debit Card,Successful,255.04
PAY_006336,ORD_006336,UPI,Successful,532.11
PAY_006337,ORD_006337,Wallet,Successful,441.8
PAY_006338,ORD_006338,Cash,Successful,138.62
PAY_006339,ORD_006339,UPI,Successful,257.85
PAY_006340,ORD_006340,Credit Card,Failed,431.71
PAY_006341,ORD_006341,UPI,Successful,779.31
PAY_006342,ORD_006342,UPI,Successful,751.07
PAY_006343,ORD_006343,UPI,Successful,343.01
PAY_006344,ORD_006344,Debit Card,Successful,3894.2
PAY_006345,ORD_006345,UPI,Successful,1054.4
PAY_006346,ORD_006346,Credit Card,Successful,114.26
PAY_006347,ORD_006347,UPI,Successful,545.1
PAY_006348,ORD_006348,UPI,Successful,869.04
PAY_006349,ORD_006349,UPI,Successful,767.69
PAY_006350,ORD_006350,UPI,Successful,1717.17
PAY_006351,ORD_006351,UPI,Successful,119.21
PAY_006352,ORD_006352,Wallet,Successful,160.59
PAY_006353,ORD_006353,UPI,Successful,1387.05
PAY_006354,ORD_006354,Credit Card,Successful,318.52
PAY_006355,ORD_006355,Credit Card,Successful,1210.23
PAY_006356,ORD_006356,UPI,Successful,356.21
PAY_006357,ORD_006357,Debit Card,Successful,231.47
PAY_006358,ORD_006358,UPI,Successful,963.77
PAY_006359,ORD_006359,UPI,Successful,248.74
PAY_006360,ORD_006360,UPI,Successful,742.78
PAY_006361,ORD_006361,UPI,Successful,933.19
PAY_006362,ORD_006362,Wallet,Successful,1230.25
PAY_006363,ORD_006363,UPI,Failed,267.26
PAY_006364,ORD_006364,Debit Card,Successful,761.72
PAY_006365,ORD_006365,UPI,Successful,955.52
PAY_006366,ORD_006366,UPI,Successful,344.24
PAY_006367,ORD_006367,Debit Card,Successful,97.63
PAY_006368,ORD_006368,UPI,Successful,453.39
PAY_006369,ORD_006369,UPI,Successful,131.99
PAY_006370,ORD_006370,Debit Card,Successful,425.05
PAY_006371,ORD_006371,Credit Card,Successful,1199.39
PAY_006372,ORD_006372,Credit Card,Successful,596.45
PAY_006373,ORD_006373,UPI,Successful,552.06
PAY_006374,ORD_006374,UPI,Successful,258.8
PAY_006375,ORD_006375,UPI,Successful,97.56
PAY_006376,ORD_006376,UPI,Successful,1099.44
PAY_006377,ORD_006377,Credit Card,Successful,975.68
PAY_006378,ORD_006378,UPI,Successful,359.42
PAY_006379,ORD_006379,Wallet,Successful,858.82
PAY_006380,ORD_006380,Wallet,Successful,470.48
PAY_006381,ORD_006381,Wallet,Successful,80.0
PAY_006382,ORD_006382,Credit Card,Successful,977.55
PAY_006383,ORD_006383,Credit Card,Successful,420.6
PAY_006384,ORD_006384,Debit Card,Successful,627.44
PAY_006385,ORD_006385,UPI,Successful,531.35
PAY_006386,ORD_006386,Cash,Successful,1981.78
PAY_006387,ORD_006387,Credit Card,Successful,452.67
PAY_006388,ORD_006388,UPI,Successful,722.82
PAY_006389,ORD_006389,UPI,Successful,265.78
PAY_006390,ORD_006390,UPI,Successful,268.37
PAY_006391,ORD_006391,UPI,Successful,1427.12
PAY_006392,ORD_006392,Debit Card,Successful,206.12
PAY_006393,ORD_006393,UPI,Successful,236.85
PAY_006394,ORD_006394,UPI,Successful,229.54
PAY_006395,ORD_006395,UPI,Successful,1181.52
PAY_006396,ORD_006396,UPI,Successful,502.75
PAY_006397,ORD_006397,UPI,Successful,610.66
PAY_006398,ORD_006398,Debit Card,Successful,145.24
PAY_006399,ORD_006399,UPI,Successful,311.34
PAY_006400,ORD_006400,UPI,Successful,653.73
PAY_006401,ORD_006401,UPI,Successful,308.9
PAY_006402,ORD_006402,Debit Card,Successful,1456.96
PAY_006403,ORD_006403,UPI,Successful,462.78
PAY_006404,ORD_006404,UPI,Successful,1561.3
PAY_006405,ORD_006405,UPI,Successful,686.1
PAY_006406,ORD_006406,UPI,Successful,610.79
PAY_006407,ORD_006407,UPI,Successful,1649.3
PAY_006408,ORD_006408,Wallet,Successful,124.22
PAY_006409,ORD_006409,UPI,Successful,734.06
PAY_006410,ORD_006410,UPI,Successful,256.66
PAY_006411,ORD_006411,Cash,Successful,800.56
PAY_006412,ORD_006412,Credit Card,Successful,1858.44
PAY_006413,ORD_006413,UPI,Successful,1417.01
PAY_006414,ORD_006414,UPI,Successful,221.54
PAY_006415,ORD_006415,Wallet,Successful,80.0
PAY_006416,ORD_006416,Credit Card,Successful,391.94
PAY_006417,ORD_006417,UPI,Successful,413.11
PAY_006418,ORD_006418,UPI,Successful,113.51
PAY_006419,ORD_006419,Debit Card,Successful,1222.79
PAY_006420,ORD_006420,Credit Card,Successful,398.8
PAY_006421,ORD_006421,Debit Card,Successful,598.32
PAY_006422,ORD_006422,Credit Card,Successful,1916.3
PAY_006423,ORD_006423,Debit Card,Successful,1990.39
PAY_006424,ORD_006424,UPI,Refunded,452.91
PAY_006425,ORD_006425,UPI,Failed,706.91
PAY_006426,ORD_006426,Credit Card,Failed,255.54
PAY_006427,ORD_006427,Debit Card,Successful,4334.07
PAY_006428,ORD_006428,Cash,Successful,344.67
PAY_006429,ORD_006429,Credit Card,Successful,423.46
PAY_006430,ORD_006430,Debit Card,Refunded,453.93
PAY_006431,ORD_006431,UPI,Successful,391.7
PAY_006432,ORD_006432,Credit Card,Successful,245.05
PAY_006433,ORD_006433,Debit Card,Successful,863.89
PAY_006434,ORD_006434,UPI,Successful,3500.88
PAY_006435,ORD_006435,Wallet,Successful,354.02
PAY_006436,ORD_006436,Credit Card,Successful,1153.56
PAY_006437,ORD_006437,UPI,Successful,1002.77
PAY_006438,ORD_006438,UPI,Successful,835.87
PAY_006439,ORD_006439,Debit Card,Successful,214.89
PAY_006440,ORD_006440,UPI,Failed,1139.52
PAY_006441,ORD_006441,UPI,Successful,241.86
PAY_006442,ORD_006442,Cash,Successful,1047.21
PAY_006443,ORD_006443,UPI,Successful,320.63
PAY_006444,ORD_006444,UPI,Successful,281.21
PAY_006445,ORD_006445,UPI,Successful,637.59
PAY_006446,ORD_006446,Cash,Successful,156.88
PAY_006447,ORD_006447,Wallet,Successful,314.52
PAY_006448,ORD_006448,Debit Card,Successful,128.14
PAY_006449,ORD_006449,Debit Card,Refunded,349.93
PAY_006450,ORD_006450,UPI,Successful,946.61
PAY_006451,ORD_006451,UPI,Successful,251.63
PAY_006452,ORD_006452,Debit Card,Successful,193.76
PAY_006453,ORD_006453,UPI,Successful,1433.35
PAY_006454,ORD_006454,UPI,Successful,266.62
PAY_006455,ORD_006455,Debit Card,Successful,137.83
PAY_006456,ORD_006456,UPI,Successful,3787.84
PAY_006457,ORD_006457,Debit Card,Refunded,2822.3
PAY_006458,ORD_006458,UPI,Successful,2128.5
PAY_006459,ORD_006459,UPI,Successful,749.17
PAY_006460,ORD_006460,UPI,Successful,180.81
PAY_006461,ORD_006461,UPI,Successful,1242.69
PAY_006462,ORD_006462,Debit Card,Refunded,1265.06
PAY_006463,ORD_006463,UPI,Successful,331.84
PAY_006464,ORD_006464,UPI,Failed,590.86
PAY_006465,ORD_006465,UPI,Successful,303.6
PAY_006466,ORD_006466,UPI,Successful,130.4
PAY_006467,ORD_006467,Debit Card,Successful,111.16
PAY_006468,ORD_006468,Credit Card,Successful,323.27
PAY_006469,ORD_006469,Credit Card,Successful,270.69
PAY_006470,ORD_006470,Cash,Successful,178.72
PAY_006471,ORD_006471,UPI,Successful,857.96
PAY_006472,ORD_006472,UPI,Successful,86.44
PAY_006473,ORD_006473,UPI,Successful,1111.69
PAY_006474,ORD_006474,UPI,Successful,2440.58
PAY_006475,ORD_006475,UPI,Successful,2072.6
PAY_006476,ORD_006476,UPI,Successful,562.29
PAY_006477,ORD_006477,Credit Card,Successful,325.54
PAY_006478,ORD_006478,UPI,Refunded,346.92
PAY_006479,ORD_006479,UPI,Successful,1381.37
PAY_006480,ORD_006480,Credit Card,Successful,791.8
PAY_006481,ORD_006481,UPI,Successful,2649.32
PAY_006482,ORD_006482,UPI,Successful,220.38
PAY_006483,ORD_006483,UPI,Successful,1993.41
PAY_006484,ORD_006484,UPI,Successful,244.09
PAY_006485,ORD_006485,Credit Card,Successful,2778.59
PAY_006486,ORD_006486,UPI,Successful,427.67
PAY_006487,ORD_006487,UPI,Successful,1073.62
PAY_006488,ORD_006488,Cash,Successful,493.45
PAY_006489,ORD_006489,UPI,Successful,487.42
PAY_006490,ORD_006490,UPI,Successful,279.59
PAY_006491,ORD_006491,UPI,Successful,330.59
PAY_006492,ORD_006492,Debit Card,Successful,80.0
PAY_006493,ORD_006493,UPI,Successful,377.5
PAY_006494,ORD_006494,UPI,Successful,319.67
PAY_006495,ORD_006495,Cash,Successful,943.76
PAY_006496,ORD_006496,UPI,Successful,599.35
PAY_006497,ORD_006497,UPI,Successful,1058.15
PAY_006498,ORD_006498,Wallet,Successful,1330.26
PAY_006499,ORD_006499,Cash,Successful,485.56
PAY_006500,ORD_006500,UPI,Successful,448.08
PAY_006501,ORD_006501,Wallet,Successful,284.92
PAY_006502,ORD_006502,Credit Card,Successful,369.28
PAY_006503,ORD_006503,Cash,Successful,1542.88
PAY_006504,ORD_006504,UPI,Successful,383.28
PAY_006505,ORD_006505,Credit Card,Successful,112.61
PAY_006506,ORD_006506,Debit Card,Successful,168.16
PAY_006507,ORD_006507,UPI,Successful,104.26
PAY_006508,ORD_006508,UPI,Successful,128.1
PAY_006509,ORD_006509,UPI,Successful,494.64
PAY_006510,ORD_006510,UPI,Successful,1333.72
PAY_006511,ORD_006511,UPI,Failed,203.65
PAY_006512,ORD_006512,Credit Card,Successful,481.24
PAY_006513,ORD_006513,UPI,Successful,3276.06
PAY_006514,ORD_006514,Credit Card,Successful,105.74
PAY_006515,ORD_006515,UPI,Successful,442.01
PAY_006516,ORD_006516,Cash,Successful,821.52
PAY_006517,ORD_006517,Debit Card,Successful,368.87
PAY_006518,ORD_006518,Debit Card,Successful,707.33
PAY_006519,ORD_006519,UPI,Successful,4215.03
PAY_006520,ORD_006520,Debit Card,Successful,197.48
PAY_006521,ORD_006521,UPI,Successful,80.0
PAY_006522,ORD_006522,Credit Card,Successful,763.45
PAY_006523,ORD_006523,UPI,Refunded,476.9
PAY_006524,ORD_006524,Debit Card,Successful,764.38
PAY_006525,ORD_006525,UPI,Successful,425.08
PAY_006526,ORD_006526,Credit Card,Successful,152.36
PAY_006527,ORD_006527,Credit Card,Successful,752.96
PAY_006528,ORD_006528,Wallet,Successful,452.54
PAY_006529,ORD_006529,Wallet,Successful,659.56
PAY_006530,ORD_006530,UPI,Successful,960.56
PAY_006531,ORD_006531,UPI,Successful,1167.03
PAY_006532,ORD_006532,UPI,Successful,346.41
PAY_006533,ORD_006533,UPI,Successful,531.62
PAY_006534,ORD_006534,Debit Card,Successful,2102.54
PAY_006535,ORD_006535,Credit Card,Failed,2184.02
PAY_006536,ORD_006536,Credit Card,Successful,230.81
PAY_006537,ORD_006537,UPI,Successful,1944.69
PAY_006538,ORD_006538,UPI,Successful,1428.96
PAY_006539,ORD_006539,UPI,Successful,639.06
PAY_006540,ORD_006540,Wallet,Successful,313.12
PAY_006541,ORD_006541,Cash,Successful,1368.61
PAY_006542,ORD_006542,UPI,Successful,572.83
PAY_006543,ORD_006543,UPI,Successful,515.17
PAY_006544,ORD_006544,UPI,Successful,317.67
PAY_006545,ORD_006545,Credit Card,Successful,259.77
PAY_006546,ORD_006546,Credit Card,Successful,508.12
PAY_006547,ORD_006547,UPI,Failed,4693.51
PAY_006548,ORD_006548,UPI,Refunded,3329.42
PAY_006549,ORD_006549,UPI,Successful,211.47
PAY_006550,ORD_006550,Debit Card,Successful,3261.78
PAY_006551,ORD_006551,UPI,Successful,292.27
PAY_006552,ORD_006552,Wallet,Successful,298.26
PAY_006553,ORD_006553,UPI,Refunded,250.88
PAY_006554,ORD_006554,UPI,Successful,472.58
PAY_006555,ORD_006555,UPI,Successful,614.25
PAY_006556,ORD_006556,Cash,Successful,345.22
PAY_006557,ORD_006557,Debit Card,Successful,2068.22
PAY_006558,ORD_006558,Credit Card,Successful,147.18
PAY_006559,ORD_006559,Cash,Successful,1317.96
PAY_006560,ORD_006560,UPI,Successful,1449.99
PAY_006561,ORD_006561,Debit Card,Successful,353.44
PAY_006562,ORD_006562,Credit Card,Successful,499.43
PAY_006563,ORD_006563,UPI,Successful,303.93
PAY_006564,ORD_006564,Debit Card,Successful,534.93
PAY_006565,ORD_006565,Debit Card,Successful,933.82
PAY_006566,ORD_006566,UPI,Successful,1175.31
PAY_006567,ORD_006567,UPI,Failed,1452.83
PAY_006568,ORD_006568,UPI,Successful,214.81
PAY_006569,ORD_006569,UPI,Successful,739.4
PAY_006570,ORD_006570,UPI,Successful,675.16
PAY_006571,ORD_006571,UPI,Successful,2808.35
PAY_006572,ORD_006572,Wallet,Successful,169.11
PAY_006573,ORD_006573,UPI,Successful,616.89
PAY_006574,ORD_006574,Wallet,Successful,444.89
PAY_006575,ORD_006575,Credit Card,Successful,143.33
PAY_006576,ORD_006576,Credit Card,Successful,3643.96
PAY_006577,ORD_006577,UPI,Successful,221.36
PAY_006578,ORD_006578,UPI,Successful,106.54
PAY_006579,ORD_006579,UPI,Successful,2199.0
PAY_006580,ORD_006580,Debit Card,Successful,492.12
PAY_006581,ORD_006581,UPI,Successful,484.8
PAY_006582,ORD_006582,Debit Card,Successful,222.48
PAY_006583,ORD_006583,Credit Card,Successful,398.2
PAY_006584,ORD_006584,UPI,Successful,825.92
PAY_006585,ORD_006585,UPI,Successful,1970.88
PAY_006586,ORD_006586,UPI,Successful,266.89
PAY_006587,ORD_006587,UPI,Successful,853.22
PAY_006588,ORD_006588,UPI,Successful,170.6
PAY_006589,ORD_006589,Debit Card,Successful,331.68
PAY_006590,ORD_006590,UPI,Successful,1157.25
PAY_006591,ORD_006591,Credit Card,Successful,474.73
PAY_006592,ORD_006592,UPI,Successful,901.24
PAY_006593,ORD_006593,Credit Card,Successful,742.04
PAY_006594,ORD_006594,UPI,Successful,724.52
PAY_006595,ORD_006595,UPI,Successful,679.34
PAY_006596,ORD_006596,Wallet,Successful,665.99
PAY_006597,ORD_006597,UPI,Successful,328.61
PAY_006598,ORD_006598,UPI,Successful,537.33
PAY_006599,ORD_006599,UPI,Successful,150.72
PAY_006600,ORD_006600,Debit Card,Successful,250.47
PAY_006601,ORD_006601,UPI,Successful,171.39
PAY_006602,ORD_006602,UPI,Successful,118.49
PAY_006603,ORD_006603,Wallet,Successful,315.96
PAY_006604,ORD_006604,Debit Card,Successful,80.0
PAY_006605,ORD_006605,UPI,Successful,270.78
PAY_006606,ORD_006606,UPI,Successful,788.68
PAY_006607,ORD_006607,UPI,Successful,80.0
PAY_006608,ORD_006608,UPI,Successful,870.86
PAY_006609,ORD_006609,UPI,Successful,1199.62
PAY_006610,ORD_006610,Cash,Successful,1448.21
PAY_006611,ORD_006611,UPI,Successful,1673.56
PAY_006612,ORD_006612,UPI,Successful,902.47
PAY_006613,ORD_006613,Debit Card,Successful,80.0
PAY_006614,ORD_006614,Wallet,Failed,227.85
PAY_006615,ORD_006615,UPI,Successful,153.81
PAY_006616,ORD_006616,UPI,Successful,534.94
PAY_006617,ORD_006617,Credit Card,Successful,560.11
PAY_006618,ORD_006618,UPI,Successful,88.57
PAY_006619,ORD_006619,Credit Card,Successful,670.96
PAY_006620,ORD_006620,UPI,Successful,1364.08
PAY_006621,ORD_006621,Credit Card,Successful,2488.89
PAY_006622,ORD_006622,Debit Card,Successful,603.59
PAY_006623,ORD_006623,Debit Card,Successful,278.91
PAY_006624,ORD_006624,Debit Card,Successful,795.35
PAY_006625,ORD_006625,Credit Card,Successful,558.15
PAY_006626,ORD_006626,Cash,Successful,881.06
PAY_006627,ORD_006627,Cash,Failed,270.98
PAY_006628,ORD_006628,UPI,Successful,558.25
PAY_006629,ORD_006629,UPI,Successful,3118.25
PAY_006630,ORD_006630,Debit Card,Refunded,808.8
PAY_006631,ORD_006631,UPI,Successful,394.7
PAY_006632,ORD_006632,UPI,Successful,1572.4
PAY_006633,ORD_006633,Wallet,Successful,757.53
PAY_006634,ORD_006634,UPI,Successful,738.95
PAY_006635,ORD_006635,UPI,Successful,610.88
PAY_006636,ORD_006636,UPI,Successful,160.84
PAY_006637,ORD_006637,UPI,Successful,1706.15
PAY_006638,ORD_006638,UPI,Successful,276.9
PAY_006639,ORD_006639,UPI,Successful,2351.78
PAY_006640,ORD_006640,UPI,Failed,179.15
PAY_006641,ORD_006641,Credit Card,Refunded,240.13
PAY_006642,ORD_006642,UPI,Successful,739.63
PAY_006643,ORD_006643,UPI,Successful,1028.97
PAY_006644,ORD_006644,Cash,Successful,789.94
PAY_006645,ORD_006645,Cash,Successful,397.07
PAY_006646,ORD_006646,Wallet,Successful,80.0
PAY_006647,ORD_006647,UPI,Successful,228.23
PAY_006648,ORD_006648,UPI,Successful,95.78
PAY_006649,ORD_006649,UPI,Successful,296.03
PAY_006650,ORD_006650,Debit Card,Successful,288.13
PAY_006651,ORD_006651,Wallet,Successful,462.56
PAY_006652,ORD_006652,UPI,Successful,425.11
PAY_006653,ORD_006653,UPI,Successful,279.63
PAY_006654,ORD_006654,UPI,Successful,550.44
PAY_006655,ORD_006655,Wallet,Successful,825.48
PAY_006656,ORD_006656,UPI,Successful,371.99
PAY_006657,ORD_006657,Cash,Successful,2999.57
PAY_006658,ORD_006658,UPI,Successful,235.71
PAY_006659,ORD_006659,UPI,Successful,145.97
PAY_006660,ORD_006660,UPI,Successful,240.84
PAY_006661,ORD_006661,UPI,Successful,308.78
PAY_006662,ORD_006662,Debit Card,Successful,761.91
PAY_006663,ORD_006663,UPI,Successful,433.61
PAY_006664,ORD_006664,UPI,Successful,361.93
PAY_006665,ORD_006665,UPI,Successful,2235.95
PAY_006666,ORD_006666,UPI,Successful,451.04
PAY_006667,ORD_006667,UPI,Successful,643.11
PAY_006668,ORD_006668,Wallet,Successful,207.98
PAY_006669,ORD_006669,UPI,Successful,409.12
PAY_006670,ORD_006670,UPI,Successful,260.92
PAY_006671,ORD_006671,Debit Card,Successful,80.0
PAY_006672,ORD_006672,Credit Card,Successful,284.3
PAY_006673,ORD_006673,UPI,Successful,99.14
PAY_006674,ORD_006674,UPI,Successful,1004.8
PAY_006675,ORD_006675,Debit Card,Successful,1003.35
PAY_006676,ORD_006676,UPI,Successful,316.4
PAY_006677,ORD_006677,UPI,Successful,317.56
PAY_006678,ORD_006678,Debit Card,Successful,80.0
PAY_006679,ORD_006679,UPI,Successful,771.33
PAY_006680,ORD_006680,UPI,Successful,354.72
PAY_006681,ORD_006681,Credit Card,Successful,380.83
PAY_006682,ORD_006682,UPI,Successful,298.6
PAY_006683,ORD_006683,Wallet,Successful,1346.61
PAY_006684,ORD_006684,Wallet,Successful,734.89
PAY_006685,ORD_006685,UPI,Successful,533.48
PAY_006686,ORD_006686,Debit Card,Successful,417.99
PAY_006687,ORD_006687,UPI,Successful,325.36
PAY_006688,ORD_006688,UPI,Successful,372.97
PAY_006689,ORD_006689,UPI,Successful,170.04
PAY_006690,ORD_006690,UPI,Successful,933.59
PAY_006691,ORD_006691,Credit Card,Successful,226.13
PAY_006692,ORD_006692,Cash,Successful,710.39
PAY_006693,ORD_006693,UPI,Successful,803.63
PAY_006694,ORD_006694,Debit Card,Successful,1544.89
PAY_006695,ORD_006695,Debit Card,Successful,167.05
PAY_006696,ORD_006696,UPI,Failed,80.0
PAY_006697,ORD_006697,Credit Card,Successful,461.63
PAY_006698,ORD_006698,UPI,Successful,218.26
PAY_006699,ORD_006699,UPI,Successful,1512.03
PAY_006700,ORD_006700,UPI,Successful,208.59
PAY_006701,ORD_006701,Credit Card,Successful,460.87
PAY_006702,ORD_006702,UPI,Successful,1723.13
PAY_006703,ORD_006703,Wallet,Successful,369.17
PAY_006704,ORD_006704,Credit Card,Successful,3302.88
PAY_006705,ORD_006705,Credit Card,Successful,2178.94
PAY_006706,ORD_006706,Credit Card,Successful,518.88
PAY_006707,ORD_006707,Credit Card,Successful,1247.17
PAY_006708,ORD_006708,Wallet,Successful,246.0
PAY_006709,ORD_006709,UPI,Successful,816.82
PAY_006710,ORD_006710,Debit Card,Successful,380.32
PAY_006711,ORD_006711,UPI,Successful,605.97
PAY_006712,ORD_006712,Credit Card,Successful,1205.39
PAY_006713,ORD_006713,UPI,Successful,2111.11
PAY_006714,ORD_006714,Debit Card,Successful,372.56
PAY_006715,ORD_006715,UPI,Successful,154.39
PAY_006716,ORD_006716,Wallet,Successful,1142.8
PAY_006717,ORD_006717,UPI,Successful,1918.9
PAY_006718,ORD_006718,Wallet,Successful,102.21
PAY_006719,ORD_006719,Cash,Successful,136.19
PAY_006720,ORD_006720,Cash,Successful,1752.92
PAY_006721,ORD_006721,UPI,Successful,1009.09
PAY_006722,ORD_006722,Cash,Successful,420.77
PAY_006723,ORD_006723,Debit Card,Successful,214.66
PAY_006724,ORD_006724,UPI,Successful,577.79
PAY_006725,ORD_006725,UPI,Successful,1141.43
PAY_006726,ORD_006726,UPI,Successful,819.81
PAY_006727,ORD_006727,UPI,Successful,409.76
PAY_006728,ORD_006728,Wallet,Successful,628.8
PAY_006729,ORD_006729,UPI,Successful,446.71
PAY_006730,ORD_006730,Credit Card,Successful,127.94
PAY_006731,ORD_006731,UPI,Successful,406.35
PAY_006732,ORD_006732,Wallet,Successful,652.98
PAY_006733,ORD_006733,UPI,Successful,927.13
PAY_006734,ORD_006734,UPI,Successful,457.09
PAY_006735,ORD_006735,UPI,Successful,817.97
PAY_006736,ORD_006736,Credit Card,Successful,106.55
PAY_006737,ORD_006737,Wallet,Successful,448.22
PAY_006738,ORD_006738,UPI,Successful,283.57
PAY_006739,ORD_006739,Debit Card,Successful,314.92
PAY_006740,ORD_006740,UPI,Successful,486.64
PAY_006741,ORD_006741,UPI,Successful,585.58
PAY_006742,ORD_006742,UPI,Failed,595.22
PAY_006743,ORD_006743,Credit Card,Successful,203.5
PAY_006744,ORD_006744,Credit Card,Successful,522.54
PAY_006745,ORD_006745,UPI,Successful,80.0
PAY_006746,ORD_006746,UPI,Successful,421.38
PAY_006747,ORD_006747,Debit Card,Successful,671.6
PAY_006748,ORD_006748,UPI,Refunded,364.49
PAY_006749,ORD_006749,UPI,Successful,252.62
PAY_006750,ORD_006750,Debit Card,Successful,229.08
PAY_006751,ORD_006751,Credit Card,Successful,370.16
PAY_006752,ORD_006752,UPI,Successful,730.78
PAY_006753,ORD_006753,UPI,Successful,644.05
PAY_006754,ORD_006754,UPI,Successful,204.86
PAY_006755,ORD_006755,UPI,Successful,556.81
PAY_006756,ORD_006756,UPI,Successful,2513.68
PAY_006757,ORD_006757,UPI,Successful,245.72
PAY_006758,ORD_006758,UPI,Successful,297.9
PAY_006759,ORD_006759,UPI,Successful,434.55
PAY_006760,ORD_006760,UPI,Successful,813.55
PAY_006761,ORD_006761,UPI,Refunded,524.87
PAY_006762,ORD_006762,UPI,Successful,143.4
PAY_006763,ORD_006763,Wallet,Successful,236.92
PAY_006764,ORD_006764,UPI,Successful,2154.94
PAY_006765,ORD_006765,Debit Card,Successful,429.82
PAY_006766,ORD_006766,UPI,Successful,252.59
PAY_006767,ORD_006767,Cash,Successful,580.73
PAY_006768,ORD_006768,UPI,Successful,3184.12
PAY_006769,ORD_006769,Credit Card,Successful,199.45
PAY_006770,ORD_006770,Wallet,Successful,148.92
PAY_006771,ORD_006771,UPI,Refunded,413.01
PAY_006772,ORD_006772,UPI,Successful,4836.41
PAY_006773,ORD_006773,Credit Card,Successful,1103.64
PAY_006774,ORD_006774,UPI,Successful,487.02
PAY_006775,ORD_006775,Credit Card,Successful,361.64
PAY_006776,ORD_006776,Debit Card,Successful,1478.28
PAY_006777,ORD_006777,Credit Card,Successful,260.05
PAY_006778,ORD_006778,UPI,Successful,2434.28
PAY_006779,ORD_006779,Credit Card,Failed,420.33
PAY_006780,ORD_006780,Wallet,Successful,752.68
PAY_006781,ORD_006781,UPI,Successful,242.52
PAY_006782,ORD_006782,Wallet,Successful,367.16
PAY_006783,ORD_006783,Debit Card,Successful,720.46
PAY_006784,ORD_006784,UPI,Successful,80.0
PAY_006785,ORD_006785,Cash,Successful,709.69
PAY_006786,ORD_006786,UPI,Successful,278.77
PAY_006787,ORD_006787,UPI,Failed,306.34
PAY_006788,ORD_006788,Credit Card,Successful,432.13
PAY_006789,ORD_006789,UPI,Successful,496.46
PAY_006790,ORD_006790,Wallet,Successful,715.49
PAY_006791,ORD_006791,UPI,Successful,3065.34
PAY_006792,ORD_006792,UPI,Successful,283.71
PAY_006793,ORD_006793,UPI,Successful,126.73
PAY_006794,ORD_006794,UPI,Refunded,523.65
PAY_006795,ORD_006795,UPI,Successful,830.32
PAY_006796,ORD_006796,UPI,Successful,163.93
PAY_006797,ORD_006797,UPI,Successful,325.03
PAY_006798,ORD_006798,Credit Card,Failed,786.58
PAY_006799,ORD_006799,UPI,Successful,4480.08
PAY_006800,ORD_006800,Credit Card,Successful,264.14
PAY_006801,ORD_006801,UPI,Successful,236.21
PAY_006802,ORD_006802,UPI,Successful,264.45
PAY_006803,ORD_006803,UPI,Failed,190.86
PAY_006804,ORD_006804,UPI,Successful,770.54
PAY_006805,ORD_006805,Credit Card,Successful,1696.85
PAY_006806,ORD_006806,UPI,Successful,3177.19
PAY_006807,ORD_006807,UPI,Successful,994.95
PAY_006808,ORD_006808,Wallet,Successful,581.46
PAY_006809,ORD_006809,UPI,Successful,927.92
PAY_006810,ORD_006810,UPI,Successful,813.22
PAY_006811,ORD_006811,UPI,Successful,627.12
PAY_006812,ORD_006812,UPI,Successful,1810.13
PAY_006813,ORD_006813,UPI,Successful,511.58
PAY_006814,ORD_006814,UPI,Successful,585.0
PAY_006815,ORD_006815,Wallet,Successful,519.16
PAY_006816,ORD_006816,UPI,Refunded,1722.03
PAY_006817,ORD_006817,Debit Card,Successful,1269.1
PAY_006818,ORD_006818,Credit Card,Successful,238.79
PAY_006819,ORD_006819,Wallet,Successful,1676.22
PAY_006820,ORD_006820,UPI,Successful,253.55
PAY_006821,ORD_006821,UPI,Successful,283.54
PAY_006822,ORD_006822,Credit Card,Successful,561.78
PAY_006823,ORD_006823,UPI,Successful,2006.65
PAY_006824,ORD_006824,UPI,Successful,282.57
PAY_006825,ORD_006825,Credit Card,Failed,328.68
PAY_006826,ORD_006826,Credit Card,Successful,122.28
PAY_006827,ORD_006827,UPI,Successful,322.36
PAY_006828,ORD_006828,UPI,Successful,984.74
PAY_006829,ORD_006829,UPI,Successful,80.0
PAY_006830,ORD_006830,UPI,Successful,170.22
PAY_006831,ORD_006831,Debit Card,Successful,279.5
PAY_006832,ORD_006832,UPI,Successful,1365.64
PAY_006833,ORD_006833,UPI,Successful,557.93
PAY_006834,ORD_006834,Credit Card,Successful,225.75
PAY_006835,ORD_006835,UPI,Successful,1131.48
PAY_006836,ORD_006836,UPI,Successful,1192.87
PAY_006837,ORD_006837,UPI,Successful,280.42
PAY_006838,ORD_006838,Credit Card,Successful,394.96
PAY_006839,ORD_006839,UPI,Failed,724.51
PAY_006840,ORD_006840,Cash,Successful,199.47
PAY_006841,ORD_006841,Credit Card,Successful,954.59
PAY_006842,ORD_006842,Cash,Successful,621.19
PAY_006843,ORD_006843,Debit Card,Successful,1514.51
PAY_006844,ORD_006844,Cash,Successful,237.77
PAY_006845,ORD_006845,Wallet,Successful,376.37
PAY_006846,ORD_006846,Cash,Successful,1153.76
PAY_006847,ORD_006847,Credit Card,Successful,653.27
PAY_006848,ORD_006848,UPI,Successful,653.37
PAY_006849,ORD_006849,Wallet,Successful,237.91
PAY_006850,ORD_006850,UPI,Successful,1461.45
PAY_006851,ORD_006851,UPI,Successful,583.63
PAY_006852,ORD_006852,UPI,Successful,108.17
PAY_006853,ORD_006853,UPI,Successful,349.28
PAY_006854,ORD_006854,UPI,Refunded,1759.09
PAY_006855,ORD_006855,Credit Card,Successful,287.06
PAY_006856,ORD_006856,Debit Card,Successful,1320.5
PAY_006857,ORD_006857,UPI,Successful,935.14
PAY_006858,ORD_006858,Debit Card,Successful,370.71
PAY_006859,ORD_006859,UPI,Successful,369.45
PAY_006860,ORD_006860,UPI,Successful,278.15
PAY_006861,ORD_006861,UPI,Successful,1463.1
PAY_006862,ORD_006862,Credit Card,Successful,2464.71
PAY_006863,ORD_006863,Wallet,Successful,1098.19
PAY_006864,ORD_006864,UPI,Successful,439.36
PAY_006865,ORD_006865,Wallet,Successful,607.37
PAY_006866,ORD_006866,Credit Card,Successful,224.58
PAY_006867,ORD_006867,Debit Card,Successful,227.22
PAY_006868,ORD_006868,UPI,Successful,169.39
PAY_006869,ORD_006869,UPI,Successful,574.93
PAY_006870,ORD_006870,UPI,Successful,1582.51
PAY_006871,ORD_006871,Credit Card,Successful,341.75
PAY_006872,ORD_006872,Cash,Successful,1122.93
PAY_006873,ORD_006873,UPI,Successful,210.66
PAY_006874,ORD_006874,UPI,Successful,175.69
PAY_006875,ORD_006875,UPI,Successful,2809.99
PAY_006876,ORD_006876,UPI,Successful,355.45
PAY_006877,ORD_006877,Cash,Successful,2026.34
PAY_006878,ORD_006878,UPI,Successful,1151.94
PAY_006879,ORD_006879,UPI,Successful,519.41
PAY_006880,ORD_006880,UPI,Successful,1357.85
PAY_006881,ORD_006881,Debit Card,Successful,256.53
PAY_006882,ORD_006882,Cash,Successful,491.85
PAY_006883,ORD_006883,UPI,Successful,561.14
PAY_006884,ORD_006884,UPI,Successful,738.18
PAY_006885,ORD_006885,UPI,Refunded,164.63
PAY_006886,ORD_006886,UPI,Failed,1588.43
PAY_006887,ORD_006887,UPI,Successful,535.81
PAY_006888,ORD_006888,Credit Card,Successful,850.34
PAY_006889,ORD_006889,UPI,Successful,81.04
PAY_006890,ORD_006890,UPI,Successful,694.13
PAY_006891,ORD_006891,UPI,Successful,748.74
PAY_006892,ORD_006892,UPI,Successful,223.09
PAY_006893,ORD_006893,UPI,Successful,105.1
PAY_006894,ORD_006894,Debit Card,Successful,2700.18
PAY_006895,ORD_006895,UPI,Successful,1649.68
PAY_006896,ORD_006896,Wallet,Successful,454.05
PAY_006897,ORD_006897,UPI,Failed,426.15
PAY_006898,ORD_006898,UPI,Successful,206.56
PAY_006899,ORD_006899,Wallet,Successful,336.08
PAY_006900,ORD_006900,UPI,Successful,271.78
PAY_006901,ORD_006901,UPI,Successful,596.52
PAY_006902,ORD_006902,UPI,Successful,579.27
PAY_006903,ORD_006903,UPI,Successful,477.75
PAY_006904,ORD_006904,Debit Card,Successful,212.74
PAY_006905,ORD_006905,Wallet,Successful,2255.26
PAY_006906,ORD_006906,UPI,Successful,244.24
PAY_006907,ORD_006907,UPI,Successful,125.26
PAY_006908,ORD_006908,UPI,Successful,80.0
PAY_006909,ORD_006909,Debit Card,Successful,1055.94
PAY_006910,ORD_006910,Debit Card,Successful,524.59
PAY_006911,ORD_006911,UPI,Successful,2615.32
PAY_006912,ORD_006912,UPI,Successful,1254.13
PAY_006913,ORD_006913,UPI,Successful,340.02
PAY_006914,ORD_006914,UPI,Failed,2058.6
PAY_006915,ORD_006915,Debit Card,Successful,1145.28
PAY_006916,ORD_006916,Debit Card,Successful,495.93
PAY_006917,ORD_006917,UPI,Successful,391.9
PAY_006918,ORD_006918,Credit Card,Failed,4296.73
PAY_006919,ORD_006919,UPI,Successful,453.47
PAY_006920,ORD_006920,Wallet,Successful,601.13
PAY_006921,ORD_006921,UPI,Successful,739.86
PAY_006922,ORD_006922,Credit Card,Successful,100.3
PAY_006923,ORD_006923,UPI,Refunded,146.85
PAY_006924,ORD_006924,Debit Card,Successful,360.75
PAY_006925,ORD_006925,UPI,Successful,80.0
PAY_006926,ORD_006926,Credit Card,Successful,665.1
PAY_006927,ORD_006927,Wallet,Refunded,1057.75
PAY_006928,ORD_006928,Debit Card,Successful,235.3
PAY_006929,ORD_006929,Cash,Failed,80.0
PAY_006930,ORD_006930,UPI,Successful,313.56
PAY_006931,ORD_006931,Credit Card,Successful,114.85
PAY_006932,ORD_006932,UPI,Successful,777.25
PAY_006933,ORD_006933,UPI,Successful,1761.22
PAY_006934,ORD_006934,UPI,Successful,291.27
PAY_006935,ORD_006935,UPI,Successful,346.42
PAY_006936,ORD_006936,UPI,Successful,602.92
PAY_006937,ORD_006937,Wallet,Successful,489.04
PAY_006938,ORD_006938,Credit Card,Successful,292.3
PAY_006939,ORD_006939,UPI,Successful,231.07
PAY_006940,ORD_006940,UPI,Successful,391.4
PAY_006941,ORD_006941,Credit Card,Successful,3249.05
PAY_006942,ORD_006942,UPI,Successful,272.76
PAY_006943,ORD_006943,Debit Card,Successful,4577.81
PAY_006944,ORD_006944,UPI,Successful,616.25
PAY_006945,ORD_006945,UPI,Successful,1007.87
PAY_006946,ORD_006946,Wallet,Successful,112.4
PAY_006947,ORD_006947,UPI,Successful,572.14
PAY_006948,ORD_006948,Debit Card,Successful,80.0
PAY_006949,ORD_006949,UPI,Refunded,680.16
PAY_006950,ORD_006950,UPI,Successful,877.42
PAY_006951,ORD_006951,UPI,Successful,227.47
PAY_006952,ORD_006952,UPI,Successful,342.4
PAY_006953,ORD_006953,Debit Card,Successful,561.57
PAY_006954,ORD_006954,UPI,Successful,1826.22
PAY_006955,ORD_006955,Debit Card,Successful,391.05
PAY_006956,ORD_006956,UPI,Successful,1123.84
PAY_006957,ORD_006957,UPI,Successful,118.29
PAY_006958,ORD_006958,UPI,Successful,5000.0
PAY_006959,ORD_006959,UPI,Successful,285.56
PAY_006960,ORD_006960,Cash,Successful,199.09
PAY_006961,ORD_006961,Credit Card,Successful,140.25
PAY_006962,ORD_006962,Debit Card,Refunded,2068.57
PAY_006963,ORD_006963,UPI,Successful,117.12
PAY_006964,ORD_006964,UPI,Successful,1007.73
PAY_006965,ORD_006965,UPI,Successful,1589.3
PAY_006966,ORD_006966,UPI,Successful,659.4
PAY_006967,ORD_006967,UPI,Successful,929.12
PAY_006968,ORD_006968,Credit Card,Successful,197.24
PAY_006969,ORD_006969,UPI,Successful,117.98
PAY_006970,ORD_006970,Debit Card,Successful,993.82
PAY_006971,ORD_006971,UPI,Successful,595.96
PAY_006972,ORD_006972,Credit Card,Successful,427.59
PAY_006973,ORD_006973,Credit Card,Successful,969.69
PAY_006974,ORD_006974,UPI,Failed,264.38
PAY_006975,ORD_006975,Wallet,Successful,553.38
PAY_006976,ORD_006976,UPI,Successful,1358.6
PAY_006977,ORD_006977,Credit Card,Successful,922.31
PAY_006978,ORD_006978,UPI,Successful,879.21
PAY_006979,ORD_006979,Credit Card,Successful,224.84
PAY_006980,ORD_006980,UPI,Successful,375.65
PAY_006981,ORD_006981,Credit Card,Successful,570.17
PAY_006982,ORD_006982,UPI,Successful,3241.21
PAY_006983,ORD_006983,Credit Card,Successful,1058.14
PAY_006984,ORD_006984,Debit Card,Successful,770.28
PAY_006985,ORD_006985,UPI,Successful,1361.44
PAY_006986,ORD_006986,Credit Card,Successful,1673.31
PAY_006987,ORD_006987,UPI,Successful,820.03
PAY_006988,ORD_006988,UPI,Successful,397.23
PAY_006989,ORD_006989,UPI,Successful,376.31
PAY_006990,ORD_006990,Wallet,Failed,174.32
PAY_006991,ORD_006991,UPI,Successful,379.41
PAY_006992,ORD_006992,UPI,Successful,230.17
PAY_006993,ORD_006993,UPI,Successful,196.58
PAY_006994,ORD_006994,UPI,Successful,558.09
PAY_006995,ORD_006995,UPI,Successful,466.48
PAY_006996,ORD_006996,Credit Card,Successful,293.92
PAY_006997,ORD_006997,UPI,Successful,225.27
PAY_006998,ORD_006998,Wallet,Successful,385.01
PAY_006999,ORD_006999,UPI,Successful,80.0
PAY_007000,ORD_007000,UPI,Successful,425.06
PAY_007001,ORD_007001,UPI,Successful,582.07
PAY_007002,ORD_007002,UPI,Successful,289.43
PAY_007003,ORD_007003,Credit Card,Successful,520.44
PAY_007004,ORD_007004,UPI,Successful,216.81
PAY_007005,ORD_007005,UPI,Successful,1111.3
PAY_007006,ORD_007006,UPI,Successful,978.18
PAY_007007,ORD_007007,Credit Card,Successful,553.16
PAY_007008,ORD_007008,UPI,Successful,1720.6
PAY_007009,ORD_007009,Cash,Successful,815.54
PAY_007010,ORD_007010,UPI,Successful,235.36
PAY_007011,ORD_007011,UPI,Successful,1607.27
PAY_007012,ORD_007012,Wallet,Successful,429.13
PAY_007013,ORD_007013,Cash,Successful,822.34
PAY_007014,ORD_007014,UPI,Successful,80.0
PAY_007015,ORD_007015,UPI,Successful,80.0
PAY_007016,ORD_007016,Cash,Successful,339.6
PAY_007017,ORD_007017,Cash,Successful,339.69
PAY_007018,ORD_007018,Debit Card,Successful,764.32
PAY_007019,ORD_007019,Credit Card,Successful,421.39
PAY_007020,ORD_007020,Debit Card,Successful,327.01
PAY_007021,ORD_007021,Debit Card,Successful,1001.04
PAY_007022,ORD_007022,UPI,Successful,1862.62
PAY_007023,ORD_007023,Credit Card,Successful,162.34
PAY_007024,ORD_007024,Wallet,Successful,80.0
PAY_007025,ORD_007025,UPI,Successful,2970.87
PAY_007026,ORD_007026,UPI,Successful,507.3
PAY_007027,ORD_007027,Debit Card,Successful,565.63
PAY_007028,ORD_007028,Wallet,Successful,1639.98
PAY_007029,ORD_007029,Credit Card,Successful,1335.26
PAY_007030,ORD_007030,Credit Card,Successful,571.54
PAY_007031,ORD_007031,UPI,Successful,458.31
PAY_007032,ORD_007032,UPI,Successful,114.69
PAY_007033,ORD_007033,UPI,Successful,752.8
PAY_007034,ORD_007034,Wallet,Refunded,405.88
PAY_007035,ORD_007035,Wallet,Successful,357.04
PAY_007036,ORD_007036,Credit Card,Successful,345.15
PAY_007037,ORD_007037,Credit Card,Successful,80.0
PAY_007038,ORD_007038,Credit Card,Successful,601.51
PAY_007039,ORD_007039,UPI,Refunded,966.36
PAY_007040,ORD_007040,Credit Card,Successful,285.39
PAY_007041,ORD_007041,UPI,Refunded,801.11
PAY_007042,ORD_007042,UPI,Successful,1596.8
PAY_007043,ORD_007043,Cash,Successful,1865.0
PAY_007044,ORD_007044,UPI,Successful,575.11
PAY_007045,ORD_007045,Wallet,Successful,2346.51
PAY_007046,ORD_007046,UPI,Successful,201.33
PAY_007047,ORD_007047,UPI,Successful,288.31
PAY_007048,ORD_007048,UPI,Successful,113.6
PAY_007049,ORD_007049,UPI,Failed,268.8
PAY_007050,ORD_007050,UPI,Successful,684.58
PAY_007051,ORD_007051,UPI,Successful,1248.31
PAY_007052,ORD_007052,UPI,Successful,2078.84
PAY_007053,ORD_007053,Credit Card,Successful,1669.54
PAY_007054,ORD_007054,Debit Card,Successful,818.65
PAY_007055,ORD_007055,UPI,Successful,463.28
PAY_007056,ORD_007056,UPI,Successful,191.55
PAY_007057,ORD_007057,Debit Card,Successful,113.81
PAY_007058,ORD_007058,Credit Card,Successful,2443.47
PAY_007059,ORD_007059,Debit Card,Successful,597.52
PAY_007060,ORD_007060,Credit Card,Successful,1182.2
PAY_007061,ORD_007061,UPI,Failed,348.89
PAY_007062,ORD_007062,Credit Card,Successful,566.76
PAY_007063,ORD_007063,Debit Card,Successful,1240.66
PAY_007064,ORD_007064,Cash,Successful,103.64
PAY_007065,ORD_007065,UPI,Successful,623.48
PAY_007066,ORD_007066,UPI,Successful,963.1
PAY_007067,ORD_007067,UPI,Successful,329.78
PAY_007068,ORD_007068,UPI,Successful,180.17
PAY_007069,ORD_007069,Credit Card,Successful,773.84
PAY_007070,ORD_007070,UPI,Successful,960.91
PAY_007071,ORD_007071,Credit Card,Successful,867.78
PAY_007072,ORD_007072,UPI,Successful,557.08
PAY_007073,ORD_007073,UPI,Successful,599.78
PAY_007074,ORD_007074,UPI,Successful,228.2
PAY_007075,ORD_007075,Credit Card,Successful,246.33
PAY_007076,ORD_007076,UPI,Successful,377.44
PAY_007077,ORD_007077,Credit Card,Successful,494.68
PAY_007078,ORD_007078,UPI,Successful,107.01
PAY_007079,ORD_007079,UPI,Successful,696.21
PAY_007080,ORD_007080,Credit Card,Successful,374.33
PAY_007081,ORD_007081,Wallet,Successful,950.05
PAY_007082,ORD_007082,Debit Card,Successful,107.95
PAY_007083,ORD_007083,Debit Card,Failed,136.05
PAY_007084,ORD_007084,UPI,Successful,279.12
PAY_007085,ORD_007085,UPI,Successful,217.74
PAY_007086,ORD_007086,Wallet,Failed,1272.12
PAY_007087,ORD_007087,Wallet,Successful,2230.63
PAY_007088,ORD_007088,UPI,Successful,168.39
PAY_007089,ORD_007089,UPI,Refunded,279.5
PAY_007090,ORD_007090,UPI,Successful,80.0
PAY_007091,ORD_007091,UPI,Successful,80.0
PAY_007092,ORD_007092,UPI,Successful,1001.45
PAY_007093,ORD_007093,UPI,Successful,81.11
PAY_007094,ORD_007094,UPI,Successful,328.7
PAY_007095,ORD_007095,UPI,Successful,934.08
PAY_007096,ORD_007096,UPI,Successful,737.77
PAY_007097,ORD_007097,Wallet,Successful,150.17
PAY_007098,ORD_007098,UPI,Successful,2715.07
PAY_007099,ORD_007099,Debit Card,Failed,219.99
PAY_007100,ORD_007100,UPI,Failed,842.48
PAY_007101,ORD_007101,UPI,Successful,499.73
PAY_007102,ORD_007102,Wallet,Successful,699.7
PAY_007103,ORD_007103,Wallet,Successful,497.51
PAY_007104,ORD_007104,UPI,Successful,334.62
PAY_007105,ORD_007105,UPI,Successful,301.35
PAY_007106,ORD_007106,UPI,Successful,475.66
PAY_007107,ORD_007107,UPI,Successful,776.56
PAY_007108,ORD_007108,UPI,Successful,371.85
PAY_007109,ORD_007109,UPI,Successful,544.24
PAY_007110,ORD_007110,UPI,Successful,475.19
PAY_007111,ORD_007111,UPI,Refunded,1264.93
PAY_007112,ORD_007112,UPI,Successful,318.82
PAY_007113,ORD_007113,Credit Card,Successful,332.13
PAY_007114,ORD_007114,Credit Card,Successful,761.78
PAY_007115,ORD_007115,Credit Card,Failed,259.58
PAY_007116,ORD_007116,UPI,Successful,337.01
PAY_007117,ORD_007117,UPI,Successful,549.4
PAY_007118,ORD_007118,UPI,Successful,1334.77
PAY_007119,ORD_007119,UPI,Successful,256.09
PAY_007120,ORD_007120,Cash,Successful,1600.27
PAY_007121,ORD_007121,UPI,Successful,612.31
PAY_007122,ORD_007122,UPI,Successful,485.14
PAY_007123,ORD_007123,Debit Card,Successful,350.65
PAY_007124,ORD_007124,Cash,Successful,1390.62
PAY_007125,ORD_007125,UPI,Successful,301.86
PAY_007126,ORD_007126,UPI,Successful,486.22
PAY_007127,ORD_007127,UPI,Successful,1550.16
PAY_007128,ORD_007128,UPI,Successful,218.77
PAY_007129,ORD_007129,UPI,Successful,663.71
PAY_007130,ORD_007130,UPI,Successful,877.63
PAY_007131,ORD_007131,Cash,Successful,923.31
PAY_007132,ORD_007132,UPI,Successful,127.13
PAY_007133,ORD_007133,Credit Card,Successful,285.65
PAY_007134,ORD_007134,UPI,Successful,147.76
PAY_007135,ORD_007135,Credit Card,Successful,2242.71
PAY_007136,ORD_007136,Wallet,Successful,1365.95
PAY_007137,ORD_007137,UPI,Successful,428.81
PAY_007138,ORD_007138,Credit Card,Successful,370.32
PAY_007139,ORD_007139,Credit Card,Successful,1169.48
PAY_007140,ORD_007140,UPI,Successful,490.67
PAY_007141,ORD_007141,UPI,Successful,888.62
PAY_007142,ORD_007142,UPI,Successful,386.31
PAY_007143,ORD_007143,UPI,Successful,1005.0
PAY_007144,ORD_007144,UPI,Successful,1887.08
PAY_007145,ORD_007145,UPI,Successful,180.67
PAY_007146,ORD_007146,Credit Card,Successful,104.84
PAY_007147,ORD_007147,UPI,Failed,675.45
PAY_007148,ORD_007148,UPI,Successful,698.15
PAY_007149,ORD_007149,Wallet,Successful,354.53
PAY_007150,ORD_007150,Wallet,Successful,293.07
PAY_007151,ORD_007151,Wallet,Successful,319.94
PAY_007152,ORD_007152,UPI,Successful,353.73
PAY_007153,ORD_007153,Credit Card,Successful,871.47
PAY_007154,ORD_007154,UPI,Successful,162.57
PAY_007155,ORD_007155,Debit Card,Successful,3150.32
PAY_007156,ORD_007156,Cash,Successful,182.26
PAY_007157,ORD_007157,Wallet,Successful,439.48
PAY_007158,ORD_007158,UPI,Successful,928.4
PAY_007159,ORD_007159,UPI,Successful,159.34
PAY_007160,ORD_007160,Wallet,Successful,4124.21
PAY_007161,ORD_007161,Debit Card,Successful,242.4
PAY_007162,ORD_007162,UPI,Successful,490.9
PAY_007163,ORD_007163,Wallet,Successful,472.81
PAY_007164,ORD_007164,Debit Card,Successful,88.53
PAY_007165,ORD_007165,UPI,Successful,560.42
PAY_007166,ORD_007166,Cash,Successful,2811.16
PAY_007167,ORD_007167,Credit Card,Successful,3015.75
PAY_007168,ORD_007168,Debit Card,Successful,754.47
PAY_007169,ORD_007169,UPI,Successful,848.43
PAY_007170,ORD_007170,Cash,Successful,819.18
PAY_007171,ORD_007171,UPI,Failed,121.07
PAY_007172,ORD_007172,Credit Card,Successful,4457.27
PAY_007173,ORD_007173,UPI,Successful,3054.45
PAY_007174,ORD_007174,Debit Card,Successful,421.38
PAY_007175,ORD_007175,UPI,Successful,300.67
PAY_007176,ORD_007176,UPI,Successful,772.75
PAY_007177,ORD_007177,Credit Card,Successful,186.85
PAY_007178,ORD_007178,UPI,Successful,273.14
PAY_007179,ORD_007179,UPI,Successful,491.43
PAY_007180,ORD_007180,UPI,Successful,547.53
PAY_007181,ORD_007181,UPI,Successful,242.77
PAY_007182,ORD_007182,UPI,Successful,1605.43
PAY_007183,ORD_007183,UPI,Successful,319.99
PAY_007184,ORD_007184,UPI,Successful,1273.96
PAY_007185,ORD_007185,Credit Card,Successful,213.12
PAY_007186,ORD_007186,UPI,Successful,1790.44
PAY_007187,ORD_007187,UPI,Successful,135.65
PAY_007188,ORD_007188,Debit Card,Successful,604.72
PAY_007189,ORD_007189,UPI,Successful,307.25
PAY_007190,ORD_007190,UPI,Refunded,338.46
PAY_007191,ORD_007191,UPI,Successful,557.15
PAY_007192,ORD_007192,UPI,Successful,1055.95
PAY_007193,ORD_007193,Wallet,Successful,2530.11
PAY_007194,ORD_007194,Debit Card,Successful,276.73
PAY_007195,ORD_007195,Credit Card,Successful,356.04
PAY_007196,ORD_007196,UPI,Successful,670.68
PAY_007197,ORD_007197,Credit Card,Successful,218.36
PAY_007198,ORD_007198,Credit Card,Refunded,80.5
PAY_007199,ORD_007199,Credit Card,Successful,923.59
PAY_007200,ORD_007200,Cash,Successful,227.71
PAY_007201,ORD_007201,Debit Card,Successful,429.56
PAY_007202,ORD_007202,UPI,Successful,307.15
PAY_007203,ORD_007203,Cash,Successful,1084.91
PAY_007204,ORD_007204,UPI,Successful,80.0
PAY_007205,ORD_007205,Credit Card,Successful,158.4
PAY_007206,ORD_007206,UPI,Successful,507.98
PAY_007207,ORD_007207,UPI,Successful,953.95
PAY_007208,ORD_007208,Cash,Successful,80.0
PAY_007209,ORD_007209,UPI,Refunded,218.21
PAY_007210,ORD_007210,UPI,Successful,1033.7
PAY_007211,ORD_007211,UPI,Successful,289.46
PAY_007212,ORD_007212,Debit Card,Refunded,455.38
PAY_007213,ORD_007213,UPI,Failed,2554.42
PAY_007214,ORD_007214,UPI,Refunded,441.72
PAY_007215,ORD_007215,UPI,Successful,334.77
PAY_007216,ORD_007216,UPI,Successful,287.57
PAY_007217,ORD_007217,Debit Card,Successful,117.35
PAY_007218,ORD_007218,Debit Card,Successful,803.89
PAY_007219,ORD_007219,Cash,Successful,91.26
PAY_007220,ORD_007220,UPI,Successful,243.77
PAY_007221,ORD_007221,UPI,Successful,2482.76
PAY_007222,ORD_007222,UPI,Successful,949.48
PAY_007223,ORD_007223,Wallet,Successful,648.28
PAY_007224,ORD_007224,Debit Card,Successful,784.67
PAY_007225,ORD_007225,UPI,Successful,208.94
PAY_007226,ORD_007226,Debit Card,Successful,323.77
PAY_007227,ORD_007227,UPI,Successful,2893.53
PAY_007228,ORD_007228,Debit Card,Successful,323.75
PAY_007229,ORD_007229,Wallet,Successful,440.58
PAY_007230,ORD_007230,UPI,Successful,228.55
PAY_007231,ORD_007231,UPI,Successful,1522.39
PAY_007232,ORD_007232,Credit Card,Successful,814.69
PAY_007233,ORD_007233,UPI,Successful,441.29
PAY_007234,ORD_007234,UPI,Successful,165.24
PAY_007235,ORD_007235,Debit Card,Successful,1075.77
PAY_007236,ORD_007236,Debit Card,Successful,1910.76
PAY_007237,ORD_007237,UPI,Successful,220.64
PAY_007238,ORD_007238,UPI,Successful,759.02
PAY_007239,ORD_007239,Debit Card,Refunded,271.58
PAY_007240,ORD_007240,UPI,Successful,424.93
PAY_007241,ORD_007241,Wallet,Successful,462.36
PAY_007242,ORD_007242,UPI,Successful,335.67
PAY_007243,ORD_007243,Credit Card,Successful,579.24
PAY_007244,ORD_007244,Credit Card,Successful,607.12
PAY_007245,ORD_007245,UPI,Successful,178.5
PAY_007246,ORD_007246,UPI,Successful,722.57
PAY_007247,ORD_007247,UPI,Successful,267.5
PAY_007248,ORD_007248,UPI,Successful,213.65
PAY_007249,ORD_007249,Credit Card,Successful,422.03
PAY_007250,ORD_007250,Credit Card,Successful,697.71
PAY_007251,ORD_007251,UPI,Successful,1575.39
PAY_007252,ORD_007252,Debit Card,Refunded,1401.32
PAY_007253,ORD_007253,Credit Card,Successful,910.28
PAY_007254,ORD_007254,Credit Card,Failed,307.53
PAY_007255,ORD_007255,UPI,Successful,663.61
PAY_007256,ORD_007256,UPI,Successful,1844.64
PAY_007257,ORD_007257,UPI,Successful,782.49
PAY_007258,ORD_007258,UPI,Successful,726.59
PAY_007259,ORD_007259,UPI,Successful,198.49
PAY_007260,ORD_007260,UPI,Failed,870.47
PAY_007261,ORD_007261,UPI,Successful,3796.4
PAY_007262,ORD_007262,UPI,Successful,159.42
PAY_007263,ORD_007263,UPI,Successful,1820.36
PAY_007264,ORD_007264,UPI,Successful,111.32
PAY_007265,ORD_007265,UPI,Successful,654.0
PAY_007266,ORD_007266,UPI,Successful,1937.4
PAY_007267,ORD_007267,Debit Card,Successful,901.28
PAY_007268,ORD_007268,UPI,Successful,2042.79
PAY_007269,ORD_007269,UPI,Successful,667.12
PAY_007270,ORD_007270,UPI,Successful,1009.76
PAY_007271,ORD_007271,UPI,Successful,162.89
PAY_007272,ORD_007272,Credit Card,Successful,287.69
PAY_007273,ORD_007273,UPI,Successful,2902.39
PAY_007274,ORD_007274,Credit Card,Successful,805.42
PAY_007275,ORD_007275,Cash,Successful,98.03
PAY_007276,ORD_007276,UPI,Refunded,2241.19
PAY_007277,ORD_007277,Credit Card,Successful,263.78
PAY_007278,ORD_007278,UPI,Successful,586.2
PAY_007279,ORD_007279,Credit Card,Successful,650.8
PAY_007280,ORD_007280,UPI,Successful,276.24
PAY_007281,ORD_007281,UPI,Successful,181.77
PAY_007282,ORD_007282,UPI,Successful,536.59
PAY_007283,ORD_007283,Debit Card,Successful,223.83
PAY_007284,ORD_007284,Debit Card,Successful,847.47
PAY_007285,ORD_007285,Wallet,Successful,850.48
PAY_007286,ORD_007286,Cash,Successful,443.89
PAY_007287,ORD_007287,UPI,Successful,145.6
PAY_007288,ORD_007288,Cash,Successful,91.31
PAY_007289,ORD_007289,UPI,Successful,86.42
PAY_007290,ORD_007290,Credit Card,Successful,297.29
PAY_007291,ORD_007291,UPI,Successful,820.8
PAY_007292,ORD_007292,UPI,Successful,99.09
PAY_007293,ORD_007293,UPI,Successful,121.54
PAY_007294,ORD_007294,UPI,Refunded,302.34
PAY_007295,ORD_007295,UPI,Successful,247.3
PAY_007296,ORD_007296,UPI,Successful,829.05
PAY_007297,ORD_007297,UPI,Successful,378.87
PAY_007298,ORD_007298,UPI,Failed,339.26
PAY_007299,ORD_007299,UPI,Successful,315.97
PAY_007300,ORD_007300,UPI,Successful,2611.26
PAY_007301,ORD_007301,Debit Card,Successful,3270.28
PAY_007302,ORD_007302,Credit Card,Successful,938.1
PAY_007303,ORD_007303,UPI,Successful,155.5
PAY_007304,ORD_007304,Debit Card,Refunded,80.0
PAY_007305,ORD_007305,UPI,Successful,91.84
PAY_007306,ORD_007306,Debit Card,Successful,449.37
PAY_007307,ORD_007307,Credit Card,Successful,2002.28
PAY_007308,ORD_007308,UPI,Successful,525.95
PAY_007309,ORD_007309,UPI,Successful,772.89
PAY_007310,ORD_007310,UPI,Successful,806.54
PAY_007311,ORD_007311,Wallet,Successful,188.42
PAY_007312,ORD_007312,Debit Card,Successful,444.11
PAY_007313,ORD_007313,Wallet,Successful,850.39
PAY_007314,ORD_007314,UPI,Successful,519.8
PAY_007315,ORD_007315,UPI,Successful,300.99
PAY_007316,ORD_007316,UPI,Successful,204.81
PAY_007317,ORD_007317,UPI,Successful,660.25
PAY_007318,ORD_007318,UPI,Successful,1430.7
PAY_007319,ORD_007319,UPI,Refunded,270.14
PAY_007320,ORD_007320,Debit Card,Successful,1877.7
PAY_007321,ORD_007321,Debit Card,Successful,315.83
PAY_007322,ORD_007322,Debit Card,Successful,790.95
PAY_007323,ORD_007323,UPI,Successful,3493.63
PAY_007324,ORD_007324,UPI,Successful,1153.54
PAY_007325,ORD_007325,Wallet,Failed,401.26
PAY_007326,ORD_007326,UPI,Successful,87.35
PAY_007327,ORD_007327,UPI,Successful,428.16
PAY_007328,ORD_007328,Debit Card,Successful,282.09
PAY_007329,ORD_007329,UPI,Failed,206.08
PAY_007330,ORD_007330,UPI,Successful,488.37
PAY_007331,ORD_007331,UPI,Successful,227.1
PAY_007332,ORD_007332,Cash,Successful,958.49
PAY_007333,ORD_007333,Debit Card,Successful,136.34
PAY_007334,ORD_007334,Wallet,Successful,470.53
PAY_007335,ORD_007335,Debit Card,Successful,587.67
PAY_007336,ORD_007336,UPI,Successful,277.66
PAY_007337,ORD_007337,UPI,Successful,364.81
PAY_007338,ORD_007338,Wallet,Refunded,350.72
PAY_007339,ORD_007339,UPI,Successful,184.43
PAY_007340,ORD_007340,Credit Card,Refunded,259.92
PAY_007341,ORD_007341,UPI,Successful,208.77
PAY_007342,ORD_007342,Debit Card,Successful,575.24
PAY_007343,ORD_007343,UPI,Successful,537.01
PAY_007344,ORD_007344,Debit Card,Failed,655.05
PAY_007345,ORD_007345,UPI,Refunded,855.0
PAY_007346,ORD_007346,UPI,Successful,688.97
PAY_007347,ORD_007347,Debit Card,Successful,520.4
PAY_007348,ORD_007348,Credit Card,Successful,661.39
PAY_007349,ORD_007349,Credit Card,Successful,80.0
PAY_007350,ORD_007350,Credit Card,Successful,80.0
PAY_007351,ORD_007351,Wallet,Successful,820.41
PAY_007352,ORD_007352,UPI,Successful,2324.45
PAY_007353,ORD_007353,UPI,Successful,1612.47
PAY_007354,ORD_007354,Debit Card,Successful,232.81
PAY_007355,ORD_007355,UPI,Successful,808.93
PAY_007356,ORD_007356,UPI,Successful,364.69
PAY_007357,ORD_007357,Wallet,Successful,932.14
PAY_007358,ORD_007358,UPI,Successful,508.91
PAY_007359,ORD_007359,Wallet,Successful,1650.71
PAY_007360,ORD_007360,Debit Card,Successful,946.46
PAY_007361,ORD_007361,Debit Card,Successful,96.2
PAY_007362,ORD_007362,UPI,Successful,356.66
PAY_007363,ORD_007363,UPI,Successful,1076.43
PAY_007364,ORD_007364,Wallet,Successful,1112.21
PAY_007365,ORD_007365,Credit Card,Successful,2282.58
PAY_007366,ORD_007366,UPI,Successful,2013.87
PAY_007367,ORD_007367,UPI,Successful,1001.67
PAY_007368,ORD_007368,UPI,Successful,1076.52
PAY_007369,ORD_007369,UPI,Successful,1098.13
PAY_007370,ORD_007370,UPI,Successful,1375.89
PAY_007371,ORD_007371,Credit Card,Successful,544.43
PAY_007372,ORD_007372,Debit Card,Successful,668.82
PAY_007373,ORD_007373,UPI,Successful,196.29
PAY_007374,ORD_007374,UPI,Successful,1183.99
PAY_007375,ORD_007375,UPI,Successful,514.56
PAY_007376,ORD_007376,UPI,Successful,209.16
PAY_007377,ORD_007377,UPI,Successful,301.44
PAY_007378,ORD_007378,Debit Card,Successful,288.55
PAY_007379,ORD_007379,UPI,Successful,499.32
PAY_007380,ORD_007380,Credit Card,Successful,188.63
PAY_007381,ORD_007381,Credit Card,Successful,200.88
PAY_007382,ORD_007382,Wallet,Successful,194.13
PAY_007383,ORD_007383,UPI,Successful,1010.32
PAY_007384,ORD_007384,Wallet,Failed,238.06
PAY_007385,ORD_007385,Cash,Successful,170.98
PAY_007386,ORD_007386,Debit Card,Successful,357.95
PAY_007387,ORD_007387,Debit Card,Successful,232.87
PAY_007388,ORD_007388,Cash,Successful,1090.67
PAY_007389,ORD_007389,UPI,Successful,418.89
PAY_007390,ORD_007390,UPI,Successful,101.8
PAY_007391,ORD_007391,UPI,Failed,130.46
PAY_007392,ORD_007392,UPI,Successful,2151.43
PAY_007393,ORD_007393,Credit Card,Successful,1875.54
PAY_007394,ORD_007394,Cash,Successful,149.95
PAY_007395,ORD_007395,UPI,Successful,1507.82
PAY_007396,ORD_007396,Wallet,Successful,730.0
PAY_007397,ORD_007397,UPI,Successful,983.59
PAY_007398,ORD_007398,UPI,Successful,217.32
PAY_007399,ORD_007399,UPI,Successful,372.59
PAY_007400,ORD_007400,Credit Card,Successful,352.46
PAY_007401,ORD_007401,Debit Card,Successful,80.0
PAY_007402,ORD_007402,UPI,Successful,365.72
PAY_007403,ORD_007403,UPI,Successful,1337.21
PAY_007404,ORD_007404,Credit Card,Successful,155.72
PAY_007405,ORD_007405,UPI,Successful,3788.4
PAY_007406,ORD_007406,Credit Card,Successful,231.26
PAY_007407,ORD_007407,UPI,Successful,405.81
PAY_007408,ORD_007408,UPI,Successful,937.13
PAY_007409,ORD_007409,UPI,Successful,884.75
PAY_007410,ORD_007410,Wallet,Successful,1275.46
PAY_007411,ORD_007411,UPI,Successful,1072.22
PAY_007412,ORD_007412,UPI,Successful,4374.17
PAY_007413,ORD_007413,Credit Card,Successful,333.87
PAY_007414,ORD_007414,UPI,Successful,887.19
PAY_007415,ORD_007415,UPI,Successful,246.58
PAY_007416,ORD_007416,UPI,Successful,744.35
PAY_007417,ORD_007417,Wallet,Successful,548.75
PAY_007418,ORD_007418,Credit Card,Successful,296.54
PAY_007419,ORD_007419,UPI,Successful,2174.75
PAY_007420,ORD_007420,Wallet,Successful,685.3
PAY_007421,ORD_007421,Wallet,Successful,1601.71
PAY_007422,ORD_007422,UPI,Successful,398.7
PAY_007423,ORD_007423,UPI,Successful,616.19
PAY_007424,ORD_007424,Wallet,Successful,269.39
PAY_007425,ORD_007425,Credit Card,Successful,1279.47
PAY_007426,ORD_007426,UPI,Successful,241.19
PAY_007427,ORD_007427,UPI,Successful,255.94
PAY_007428,ORD_007428,UPI,Successful,147.13
PAY_007429,ORD_007429,Debit Card,Successful,355.76
PAY_007430,ORD_007430,Credit Card,Successful,1455.33
PAY_007431,ORD_007431,UPI,Successful,746.78
PAY_007432,ORD_007432,UPI,Successful,1393.8
PAY_007433,ORD_007433,Cash,Successful,80.0
PAY_007434,ORD_007434,Credit Card,Successful,365.9
PAY_007435,ORD_007435,UPI,Successful,1014.73
PAY_007436,ORD_007436,Debit Card,Successful,218.04
PAY_007437,ORD_007437,Credit Card,Successful,298.54
PAY_007438,ORD_007438,UPI,Successful,429.94
PAY_007439,ORD_007439,UPI,Successful,786.39
PAY_007440,ORD_007440,Debit Card,Successful,554.56
PAY_007441,ORD_007441,UPI,Successful,80.0
PAY_007442,ORD_007442,UPI,Successful,1216.93
PAY_007443,ORD_007443,Cash,Successful,189.99
PAY_007444,ORD_007444,Debit Card,Successful,1007.22
PAY_007445,ORD_007445,Debit Card,Successful,405.61
PAY_007446,ORD_007446,Wallet,Successful,548.38
PAY_007447,ORD_007447,UPI,Successful,187.16
PAY_007448,ORD_007448,UPI,Successful,1453.21
PAY_007449,ORD_007449,UPI,Successful,517.84
PAY_007450,ORD_007450,Credit Card,Successful,810.09
PAY_007451,ORD_007451,UPI,Successful,641.96
PAY_007452,ORD_007452,UPI,Successful,2331.78
PAY_007453,ORD_007453,Wallet,Successful,293.52
PAY_007454,ORD_007454,UPI,Successful,341.83
PAY_007455,ORD_007455,UPI,Successful,230.12
PAY_007456,ORD_007456,UPI,Successful,108.46
PAY_007457,ORD_007457,Wallet,Successful,1033.78
PAY_007458,ORD_007458,UPI,Successful,604.23
PAY_007459,ORD_007459,UPI,Refunded,312.98
PAY_007460,ORD_007460,UPI,Refunded,265.95
PAY_007461,ORD_007461,Credit Card,Successful,479.06
PAY_007462,ORD_007462,Cash,Successful,1638.5
PAY_007463,ORD_007463,Credit Card,Successful,534.75
PAY_007464,ORD_007464,Cash,Successful,3075.67
PAY_007465,ORD_007465,Wallet,Successful,329.22
PAY_007466,ORD_007466,Debit Card,Successful,1780.13
PAY_007467,ORD_007467,UPI,Successful,438.08
PAY_007468,ORD_007468,UPI,Successful,322.68
PAY_007469,ORD_007469,Credit Card,Successful,1349.13
PAY_007470,ORD_007470,Credit Card,Refunded,776.85
PAY_007471,ORD_007471,Credit Card,Failed,136.99
PAY_007472,ORD_007472,Credit Card,Successful,1408.48
PAY_007473,ORD_007473,UPI,Successful,1462.3
PAY_007474,ORD_007474,UPI,Successful,721.4
PAY_007475,ORD_007475,UPI,Failed,169.08
PAY_007476,ORD_007476,UPI,Successful,898.01
PAY_007477,ORD_007477,UPI,Successful,338.66
PAY_007478,ORD_007478,UPI,Successful,2749.18
PAY_007479,ORD_007479,Credit Card,Successful,490.61
PAY_007480,ORD_007480,Debit Card,Failed,1493.81
PAY_007481,ORD_007481,UPI,Successful,2514.31
PAY_007482,ORD_007482,UPI,Successful,245.77
PAY_007483,ORD_007483,Credit Card,Successful,272.81
PAY_007484,ORD_007484,Wallet,Successful,2613.69
PAY_007485,ORD_007485,Debit Card,Successful,2903.53
PAY_007486,ORD_007486,UPI,Successful,564.58
PAY_007487,ORD_007487,UPI,Successful,114.3
PAY_007488,ORD_007488,Credit Card,Successful,725.84
PAY_007489,ORD_007489,Credit Card,Successful,750.09
PAY_007490,ORD_007490,UPI,Successful,256.3
PAY_007491,ORD_007491,UPI,Successful,484.16
PAY_007492,ORD_007492,UPI,Successful,240.27
PAY_007493,ORD_007493,UPI,Successful,88.2
PAY_007494,ORD_007494,UPI,Successful,844.07
PAY_007495,ORD_007495,UPI,Successful,282.71
PAY_007496,ORD_007496,Debit Card,Successful,920.97
PAY_007497,ORD_007497,Debit Card,Successful,456.59
PAY_007498,ORD_007498,UPI,Successful,922.64
PAY_007499,ORD_007499,Debit Card,Successful,2410.73
PAY_007500,ORD_007500,UPI,Successful,80.0
PAY_007501,ORD_007501,UPI,Successful,458.99
PAY_007502,ORD_007502,UPI,Successful,235.99
PAY_007503,ORD_007503,Wallet,Refunded,397.1
PAY_007504,ORD_007504,Credit Card,Successful,328.97
PAY_007505,ORD_007505,UPI,Successful,1428.85
PAY_007506,ORD_007506,Debit Card,Failed,453.12
PAY_007507,ORD_007507,UPI,Successful,862.26
PAY_007508,ORD_007508,UPI,Successful,809.87
PAY_007509,ORD_007509,UPI,Successful,1488.46
PAY_007510,ORD_007510,UPI,Successful,3853.01
PAY_007511,ORD_007511,UPI,Successful,726.48
PAY_007512,ORD_007512,UPI,Successful,279.77
PAY_007513,ORD_007513,UPI,Successful,4240.66
PAY_007514,ORD_007514,Cash,Failed,531.54
PAY_007515,ORD_007515,Wallet,Successful,336.55
PAY_007516,ORD_007516,Debit Card,Successful,1186.56
PAY_007517,ORD_007517,UPI,Successful,322.45
PAY_007518,ORD_007518,UPI,Successful,868.21
PAY_007519,ORD_007519,UPI,Successful,352.43
PAY_007520,ORD_007520,Debit Card,Successful,449.05
PAY_007521,ORD_007521,UPI,Successful,1499.31
PAY_007522,ORD_007522,Debit Card,Successful,342.21
PAY_007523,ORD_007523,Credit Card,Successful,173.87
PAY_007524,ORD_007524,UPI,Successful,162.7
PAY_007525,ORD_007525,Credit Card,Successful,218.89
PAY_007526,ORD_007526,UPI,Successful,404.42
PAY_007527,ORD_007527,UPI,Successful,168.98
PAY_007528,ORD_007528,UPI,Successful,633.69
PAY_007529,ORD_007529,Wallet,Successful,498.84
PAY_007530,ORD_007530,Credit Card,Successful,537.19
PAY_007531,ORD_007531,Credit Card,Successful,584.44
PAY_007532,ORD_007532,Debit Card,Successful,430.72
PAY_007533,ORD_007533,UPI,Successful,179.29
PAY_007534,ORD_007534,Credit Card,Successful,379.69
PAY_007535,ORD_007535,UPI,Successful,788.9
PAY_007536,ORD_007536,UPI,Successful,469.38
PAY_007537,ORD_007537,Debit Card,Successful,2691.8
PAY_007538,ORD_007538,Debit Card,Successful,2957.29
PAY_007539,ORD_007539,Debit Card,Refunded,189.52
PAY_007540,ORD_007540,Credit Card,Successful,678.35
PAY_007541,ORD_007541,Debit Card,Refunded,206.65
PAY_007542,ORD_007542,UPI,Successful,384.94
PAY_007543,ORD_007543,Wallet,Successful,3419.69
PAY_007544,ORD_007544,UPI,Successful,345.54
PAY_007545,ORD_007545,Credit Card,Successful,679.94
PAY_007546,ORD_007546,Credit Card,Successful,267.34
PAY_007547,ORD_007547,Debit Card,Successful,226.76
PAY_007548,ORD_007548,UPI,Successful,561.18
PAY_007549,ORD_007549,Credit Card,Successful,4871.25
PAY_007550,ORD_007550,UPI,Successful,1854.92
PAY_007551,ORD_007551,UPI,Successful,149.18
PAY_007552,ORD_007552,Credit Card,Successful,408.79
PAY_007553,ORD_007553,UPI,Successful,2325.24
PAY_007554,ORD_007554,Cash,Successful,569.35
PAY_007555,ORD_007555,UPI,Successful,158.02
PAY_007556,ORD_007556,Credit Card,Refunded,195.57
PAY_007557,ORD_007557,Debit Card,Successful,93.42
PAY_007558,ORD_007558,Wallet,Successful,2236.36
PAY_007559,ORD_007559,Credit Card,Failed,636.85
PAY_007560,ORD_007560,Debit Card,Successful,388.42
PAY_007561,ORD_007561,Debit Card,Successful,195.29
PAY_007562,ORD_007562,UPI,Successful,182.48
PAY_007563,ORD_007563,UPI,Successful,2472.07
PAY_007564,ORD_007564,UPI,Successful,80.0
PAY_007565,ORD_007565,Credit Card,Successful,322.41
PAY_007566,ORD_007566,Credit Card,Successful,736.49
PAY_007567,ORD_007567,Debit Card,Successful,183.18
PAY_007568,ORD_007568,UPI,Successful,80.0
PAY_007569,ORD_007569,Credit Card,Successful,178.54
PAY_007570,ORD_007570,Debit Card,Refunded,80.0
PAY_007571,ORD_007571,UPI,Successful,406.9
PAY_007572,ORD_007572,UPI,Successful,255.69
PAY_007573,ORD_007573,UPI,Successful,291.47
PAY_007574,ORD_007574,UPI,Successful,629.03
PAY_007575,ORD_007575,UPI,Successful,507.16
PAY_007576,ORD_007576,UPI,Successful,414.96
PAY_007577,ORD_007577,Cash,Successful,133.19
PAY_007578,ORD_007578,Credit Card,Successful,717.39
PAY_007579,ORD_007579,Credit Card,Successful,218.96
PAY_007580,ORD_007580,Debit Card,Successful,80.0
PAY_007581,ORD_007581,Cash,Successful,453.1
PAY_007582,ORD_007582,UPI,Successful,255.58
PAY_007583,ORD_007583,Credit Card,Successful,295.25
PAY_007584,ORD_007584,Wallet,Successful,3101.55
PAY_007585,ORD_007585,UPI,Successful,1121.98
PAY_007586,ORD_007586,Credit Card,Failed,95.54
PAY_007587,ORD_007587,UPI,Successful,80.0
PAY_007588,ORD_007588,Credit Card,Successful,611.62
PAY_007589,ORD_007589,Credit Card,Successful,590.88
PAY_007590,ORD_007590,UPI,Successful,223.86
PAY_007591,ORD_007591,UPI,Successful,181.08
PAY_007592,ORD_007592,UPI,Successful,356.44
PAY_007593,ORD_007593,Debit Card,Successful,606.63
PAY_007594,ORD_007594,Wallet,Successful,1785.42
PAY_007595,ORD_007595,Cash,Refunded,656.17
PAY_007596,ORD_007596,UPI,Successful,439.5
PAY_007597,ORD_007597,Credit Card,Successful,453.08
PAY_007598,ORD_007598,Credit Card,Successful,3631.4
PAY_007599,ORD_007599,Wallet,Successful,861.38
PAY_007600,ORD_007600,Credit Card,Successful,410.9
PAY_007601,ORD_007601,UPI,Failed,362.11
PAY_007602,ORD_007602,Credit Card,Successful,539.49
PAY_007603,ORD_007603,UPI,Successful,159.42
PAY_007604,ORD_007604,UPI,Successful,783.89
PAY_007605,ORD_007605,Wallet,Successful,699.01
PAY_007606,ORD_007606,UPI,Successful,2438.28
PAY_007607,ORD_007607,Debit Card,Successful,247.53
PAY_007608,ORD_007608,Debit Card,Successful,320.16
PAY_007609,ORD_007609,UPI,Successful,118.74
PAY_007610,ORD_007610,Credit Card,Successful,184.65
PAY_007611,ORD_007611,UPI,Successful,380.14
PAY_007612,ORD_007612,Credit Card,Successful,551.44
PAY_007613,ORD_007613,UPI,Successful,570.39
PAY_007614,ORD_007614,UPI,Successful,275.81
PAY_007615,ORD_007615,Debit Card,Successful,493.63
PAY_007616,ORD_007616,UPI,Successful,1168.38
PAY_007617,ORD_007617,UPI,Successful,552.51
PAY_007618,ORD_007618,Debit Card,Successful,240.88
PAY_007619,ORD_007619,Credit Card,Successful,80.0
PAY_007620,ORD_007620,Credit Card,Successful,81.08
PAY_007621,ORD_007621,UPI,Successful,93.49
PAY_007622,ORD_007622,Cash,Successful,413.22
PAY_007623,ORD_007623,UPI,Successful,970.1
PAY_007624,ORD_007624,Debit Card,Successful,220.5
PAY_007625,ORD_007625,UPI,Successful,376.42
PAY_007626,ORD_007626,Debit Card,Successful,187.23
PAY_007627,ORD_007627,UPI,Failed,542.22
PAY_007628,ORD_007628,Cash,Successful,446.46
PAY_007629,ORD_007629,Debit Card,Successful,210.41
PAY_007630,ORD_007630,UPI,Successful,407.23
PAY_007631,ORD_007631,UPI,Successful,1345.62
PAY_007632,ORD_007632,UPI,Successful,211.69
PAY_007633,ORD_007633,UPI,Successful,219.69
PAY_007634,ORD_007634,UPI,Successful,300.53
PAY_007635,ORD_007635,UPI,Successful,304.72
PAY_007636,ORD_007636,Wallet,Successful,1057.89
PAY_007637,ORD_007637,UPI,Successful,357.23
PAY_007638,ORD_007638,UPI,Successful,598.2
PAY_007639,ORD_007639,UPI,Successful,311.62
PAY_007640,ORD_007640,Credit Card,Successful,1072.13
PAY_007641,ORD_007641,UPI,Successful,740.89
PAY_007642,ORD_007642,UPI,Refunded,493.06
PAY_007643,ORD_007643,UPI,Successful,2430.15
PAY_007644,ORD_007644,Credit Card,Successful,646.49
PAY_007645,ORD_007645,UPI,Successful,281.4
PAY_007646,ORD_007646,UPI,Successful,742.79
PAY_007647,ORD_007647,Cash,Successful,159.44
PAY_007648,ORD_007648,UPI,Successful,882.89
PAY_007649,ORD_007649,UPI,Successful,193.81
PAY_007650,ORD_007650,UPI,Successful,3747.35
PAY_007651,ORD_007651,Credit Card,Successful,190.5
PAY_007652,ORD_007652,Credit Card,Successful,808.07
PAY_007653,ORD_007653,Credit Card,Successful,203.93
PAY_007654,ORD_007654,Cash,Successful,1383.61
PAY_007655,ORD_007655,Credit Card,Successful,310.07
PAY_007656,ORD_007656,UPI,Successful,284.62
PAY_007657,ORD_007657,UPI,Successful,627.56
PAY_007658,ORD_007658,UPI,Successful,125.68
PAY_007659,ORD_007659,Debit Card,Successful,574.73
PAY_007660,ORD_007660,UPI,Successful,886.93
PAY_007661,ORD_007661,Wallet,Successful,2174.51
PAY_007662,ORD_007662,UPI,Successful,1151.73
PAY_007663,ORD_007663,UPI,Successful,1111.66
PAY_007664,ORD_007664,UPI,Successful,1206.81
PAY_007665,ORD_007665,Credit Card,Successful,163.99
PAY_007666,ORD_007666,UPI,Successful,131.92
PAY_007667,ORD_007667,Credit Card,Successful,451.54
PAY_007668,ORD_007668,UPI,Successful,512.02
PAY_007669,ORD_007669,UPI,Successful,80.0
PAY_007670,ORD_007670,Wallet,Successful,102.4
PAY_007671,ORD_007671,UPI,Successful,1325.91
PAY_007672,ORD_007672,UPI,Successful,732.62
PAY_007673,ORD_007673,UPI,Successful,182.57
PAY_007674,ORD_007674,UPI,Failed,784.54
PAY_007675,ORD_007675,UPI,Successful,1128.02
PAY_007676,ORD_007676,Credit Card,Successful,429.03
PAY_007677,ORD_007677,UPI,Successful,468.07
PAY_007678,ORD_007678,Wallet,Successful,475.84
PAY_007679,ORD_007679,Credit Card,Successful,373.51
PAY_007680,ORD_007680,UPI,Successful,2622.01
PAY_007681,ORD_007681,UPI,Successful,867.72
PAY_007682,ORD_007682,Debit Card,Successful,281.54
PAY_007683,ORD_007683,UPI,Successful,247.24
PAY_007684,ORD_007684,UPI,Successful,509.82
PAY_007685,ORD_007685,Wallet,Successful,170.21
PAY_007686,ORD_007686,UPI,Successful,292.08
PAY_007687,ORD_007687,Debit Card,Successful,234.65
PAY_007688,ORD_007688,UPI,Successful,194.19
PAY_007689,ORD_007689,Debit Card,Successful,5000.0
PAY_007690,ORD_007690,UPI,Successful,278.0
PAY_007691,ORD_007691,UPI,Successful,251.76
PAY_007692,ORD_007692,UPI,Successful,113.49
PAY_007693,ORD_007693,UPI,Refunded,80.0
PAY_007694,ORD_007694,UPI,Successful,265.14
PAY_007695,ORD_007695,Credit Card,Successful,93.95
PAY_007696,ORD_007696,Credit Card,Successful,282.3
PAY_007697,ORD_007697,UPI,Successful,222.28
PAY_007698,ORD_007698,UPI,Successful,300.65
PAY_007699,ORD_007699,UPI,Successful,597.35
PAY_007700,ORD_007700,Wallet,Successful,92.35
PAY_007701,ORD_007701,UPI,Failed,1758.63
PAY_007702,ORD_007702,UPI,Successful,99.79
PAY_007703,ORD_007703,Wallet,Successful,80.0
PAY_007704,ORD_007704,UPI,Successful,624.78
PAY_007705,ORD_007705,UPI,Successful,553.04
PAY_007706,ORD_007706,UPI,Successful,1805.66
PAY_007707,ORD_007707,Wallet,Refunded,219.11
PAY_007708,ORD_007708,UPI,Successful,1333.92
PAY_007709,ORD_007709,Credit Card,Failed,160.56
PAY_007710,ORD_007710,Wallet,Successful,1635.68
PAY_007711,ORD_007711,Cash,Successful,238.59
PAY_007712,ORD_007712,Cash,Successful,777.12
PAY_007713,ORD_007713,Wallet,Successful,2250.4
PAY_007714,ORD_007714,UPI,Successful,433.36
PAY_007715,ORD_007715,Debit Card,Successful,3404.35
PAY_007716,ORD_007716,UPI,Successful,680.64
PAY_007717,ORD_007717,Credit Card,Successful,757.84
PAY_007718,ORD_007718,Credit Card,Successful,124.07
PAY_007719,ORD_007719,Cash,Successful,139.62
PAY_007720,ORD_007720,UPI,Successful,1000.44
PAY_007721,ORD_007721,UPI,Successful,852.79
PAY_007722,ORD_007722,Wallet,Successful,439.38
PAY_007723,ORD_007723,Credit Card,Successful,1046.82
PAY_007724,ORD_007724,Credit Card,Successful,1140.88
PAY_007725,ORD_007725,UPI,Successful,334.79
PAY_007726,ORD_007726,UPI,Successful,108.58
PAY_007727,ORD_007727,UPI,Successful,301.46
PAY_007728,ORD_007728,Credit Card,Successful,188.29
PAY_007729,ORD_007729,Debit Card,Successful,469.17
PAY_007730,ORD_007730,Wallet,Successful,821.52
PAY_007731,ORD_007731,UPI,Successful,408.93
PAY_007732,ORD_007732,UPI,Successful,1141.19
PAY_007733,ORD_007733,Credit Card,Successful,1891.88
PAY_007734,ORD_007734,Credit Card,Successful,185.44
PAY_007735,ORD_007735,Credit Card,Failed,806.69
PAY_007736,ORD_007736,UPI,Successful,2844.84
PAY_007737,ORD_007737,UPI,Failed,594.89
PAY_007738,ORD_007738,UPI,Failed,495.77
PAY_007739,ORD_007739,Debit Card,Successful,415.06
PAY_007740,ORD_007740,UPI,Successful,286.07
PAY_007741,ORD_007741,UPI,Successful,705.33
PAY_007742,ORD_007742,UPI,Successful,239.96
PAY_007743,ORD_007743,Wallet,Successful,454.75
PAY_007744,ORD_007744,Credit Card,Successful,1988.49
PAY_007745,ORD_007745,UPI,Successful,235.75
PAY_007746,ORD_007746,UPI,Successful,727.69
PAY_007747,ORD_007747,Debit Card,Successful,2893.6
PAY_007748,ORD_007748,Credit Card,Successful,198.05
PAY_007749,ORD_007749,UPI,Successful,213.18
PAY_007750,ORD_007750,Credit Card,Successful,648.92
PAY_007751,ORD_007751,UPI,Successful,775.22
PAY_007752,ORD_007752,UPI,Successful,300.41
PAY_007753,ORD_007753,UPI,Successful,525.1
PAY_007754,ORD_007754,UPI,Successful,364.82
PAY_007755,ORD_007755,UPI,Successful,2387.17
PAY_007756,ORD_007756,UPI,Successful,482.65
PAY_007757,ORD_007757,Cash,Refunded,267.72
PAY_007758,ORD_007758,UPI,Successful,304.77
PAY_007759,ORD_007759,UPI,Successful,496.05
PAY_007760,ORD_007760,Wallet,Successful,3417.82
PAY_007761,ORD_007761,UPI,Successful,1043.4
PAY_007762,ORD_007762,UPI,Successful,234.69
PAY_007763,ORD_007763,UPI,Successful,378.94
PAY_007764,ORD_007764,Debit Card,Successful,2496.54
PAY_007765,ORD_007765,UPI,Successful,660.7
PAY_007766,ORD_007766,Credit Card,Successful,1500.41
PAY_007767,ORD_007767,UPI,Successful,80.0
PAY_007768,ORD_007768,Cash,Successful,1333.87
PAY_007769,ORD_007769,UPI,Successful,354.18
PAY_007770,ORD_007770,UPI,Refunded,264.06
PAY_007771,ORD_007771,Credit Card,Successful,2879.98
PAY_007772,ORD_007772,Credit Card,Successful,453.15
PAY_007773,ORD_007773,UPI,Successful,244.3
PAY_007774,ORD_007774,UPI,Successful,131.65
PAY_007775,ORD_007775,UPI,Successful,671.83
PAY_007776,ORD_007776,UPI,Successful,1274.5
PAY_007777,ORD_007777,Credit Card,Successful,167.16
PAY_007778,ORD_007778,UPI,Successful,1223.82
PAY_007779,ORD_007779,UPI,Successful,1537.22
PAY_007780,ORD_007780,UPI,Successful,2496.54
PAY_007781,ORD_007781,UPI,Successful,257.09
PAY_007782,ORD_007782,Cash,Successful,423.41
PAY_007783,ORD_007783,UPI,Failed,714.82
PAY_007784,ORD_007784,UPI,Refunded,693.48
PAY_007785,ORD_007785,Credit Card,Successful,584.5
PAY_007786,ORD_007786,Debit Card,Successful,1064.59
PAY_007787,ORD_007787,UPI,Successful,136.7
PAY_007788,ORD_007788,UPI,Successful,1042.02
PAY_007789,ORD_007789,Credit Card,Successful,165.76
PAY_007790,ORD_007790,UPI,Successful,109.83
PAY_007791,ORD_007791,UPI,Successful,324.03
PAY_007792,ORD_007792,Credit Card,Successful,210.04
PAY_007793,ORD_007793,Credit Card,Successful,208.82
PAY_007794,ORD_007794,Credit Card,Refunded,1833.33
PAY_007795,ORD_007795,UPI,Successful,180.95
PAY_007796,ORD_007796,Wallet,Failed,211.82
PAY_007797,ORD_007797,UPI,Successful,1267.57
PAY_007798,ORD_007798,UPI,Successful,1221.64
PAY_007799,ORD_007799,UPI,Successful,219.11
PAY_007800,ORD_007800,Debit Card,Successful,280.29
PAY_007801,ORD_007801,Credit Card,Successful,139.91
PAY_007802,ORD_007802,UPI,Successful,825.7
PAY_007803,ORD_007803,UPI,Successful,264.56
PAY_007804,ORD_007804,UPI,Successful,963.29
PAY_007805,ORD_007805,Cash,Successful,431.72
PAY_007806,ORD_007806,UPI,Successful,716.49
PAY_007807,ORD_007807,UPI,Successful,575.44
PAY_007808,ORD_007808,UPI,Successful,235.8
PAY_007809,ORD_007809,UPI,Successful,329.16
PAY_007810,ORD_007810,UPI,Successful,635.11
PAY_007811,ORD_007811,UPI,Successful,1129.09
PAY_007812,ORD_007812,UPI,Successful,748.81
PAY_007813,ORD_007813,Wallet,Successful,754.82
PAY_007814,ORD_007814,UPI,Successful,659.59
PAY_007815,ORD_007815,Credit Card,Successful,443.23
PAY_007816,ORD_007816,UPI,Successful,314.35
PAY_007817,ORD_007817,Cash,Successful,80.0
PAY_007818,ORD_007818,UPI,Successful,328.67
PAY_007819,ORD_007819,UPI,Successful,1412.06
PAY_007820,ORD_007820,UPI,Successful,1385.99
PAY_007821,ORD_007821,UPI,Successful,580.3
PAY_007822,ORD_007822,Cash,Successful,507.13
PAY_007823,ORD_007823,Wallet,Successful,196.85
PAY_007824,ORD_007824,UPI,Successful,521.69
PAY_007825,ORD_007825,UPI,Successful,376.8
PAY_007826,ORD_007826,UPI,Successful,1314.93
PAY_007827,ORD_007827,UPI,Successful,180.92
PAY_007828,ORD_007828,Debit Card,Successful,133.78
PAY_007829,ORD_007829,Wallet,Successful,1169.99
PAY_007830,ORD_007830,UPI,Successful,317.74
PAY_007831,ORD_007831,Credit Card,Successful,221.28
PAY_007832,ORD_007832,UPI,Successful,350.93
PAY_007833,ORD_007833,UPI,Successful,538.45
PAY_007834,ORD_007834,UPI,Successful,359.52
PAY_007835,ORD_007835,UPI,Successful,592.08
PAY_007836,ORD_007836,Cash,Successful,193.31
PAY_007837,ORD_007837,UPI,Successful,957.5
PAY_007838,ORD_007838,Credit Card,Successful,611.71
PAY_007839,ORD_007839,Credit Card,Successful,519.43
PAY_007840,ORD_007840,UPI,Successful,852.58
PAY_007841,ORD_007841,Debit Card,Successful,4375.54
PAY_007842,ORD_007842,Debit Card,Successful,792.58
PAY_007843,ORD_007843,UPI,Successful,1076.2
PAY_007844,ORD_007844,Debit Card,Successful,433.79
PAY_007845,ORD_007845,UPI,Successful,673.96
PAY_007846,ORD_007846,Wallet,Successful,2039.88
PAY_007847,ORD_007847,UPI,Successful,2660.09
PAY_007848,ORD_007848,Debit Card,Successful,885.98
PAY_007849,ORD_007849,Cash,Successful,454.27
PAY_007850,ORD_007850,UPI,Successful,80.0
PAY_007851,ORD_007851,Debit Card,Successful,80.0
PAY_007852,ORD_007852,UPI,Successful,1202.16
PAY_007853,ORD_007853,UPI,Successful,305.39
PAY_007854,ORD_007854,Credit Card,Successful,319.05
PAY_007855,ORD_007855,Debit Card,Failed,410.98
PAY_007856,ORD_007856,UPI,Successful,174.79
PAY_007857,ORD_007857,Debit Card,Successful,412.52
PAY_007858,ORD_007858,Debit Card,Successful,667.33
PAY_007859,ORD_007859,Wallet,Successful,327.24
PAY_007860,ORD_007860,Credit Card,Successful,732.15
PAY_007861,ORD_007861,UPI,Successful,335.27
PAY_007862,ORD_007862,Credit Card,Successful,1206.4
PAY_007863,ORD_007863,Wallet,Successful,495.2
PAY_007864,ORD_007864,UPI,Successful,278.98
PAY_007865,ORD_007865,Credit Card,Successful,1011.48
PAY_007866,ORD_007866,UPI,Successful,476.93
PAY_007867,ORD_007867,Credit Card,Successful,1113.21
PAY_007868,ORD_007868,Credit Card,Successful,2030.84
PAY_007869,ORD_007869,Wallet,Successful,1690.77
PAY_007870,ORD_007870,UPI,Successful,674.04
PAY_007871,ORD_007871,UPI,Successful,153.58
PAY_007872,ORD_007872,Cash,Successful,558.11
PAY_007873,ORD_007873,Debit Card,Successful,1192.99
PAY_007874,ORD_007874,UPI,Successful,271.41
PAY_007875,ORD_007875,UPI,Successful,366.09
PAY_007876,ORD_007876,UPI,Failed,454.55
PAY_007877,ORD_007877,Credit Card,Successful,490.68
PAY_007878,ORD_007878,Debit Card,Successful,80.0
PAY_007879,ORD_007879,UPI,Successful,125.2
PAY_007880,ORD_007880,UPI,Successful,158.93
PAY_007881,ORD_007881,UPI,Successful,289.0
PAY_007882,ORD_007882,UPI,Successful,1582.79
PAY_007883,ORD_007883,UPI,Failed,877.36
PAY_007884,ORD_007884,Credit Card,Successful,1099.88
PAY_007885,ORD_007885,UPI,Successful,161.63
PAY_007886,ORD_007886,Credit Card,Successful,196.33
PAY_007887,ORD_007887,Debit Card,Successful,116.71
PAY_007888,ORD_007888,Credit Card,Successful,2425.99
PAY_007889,ORD_007889,UPI,Successful,315.21
PAY_007890,ORD_007890,Credit Card,Successful,1187.5
PAY_007891,ORD_007891,Cash,Successful,677.53
PAY_007892,ORD_007892,Credit Card,Successful,2178.27
PAY_007893,ORD_007893,UPI,Successful,401.46
PAY_007894,ORD_007894,UPI,Successful,196.41
PAY_007895,ORD_007895,Credit Card,Successful,442.25
PAY_007896,ORD_007896,Debit Card,Successful,2207.3
PAY_007897,ORD_007897,Credit Card,Successful,80.0
PAY_007898,ORD_007898,UPI,Successful,734.96
PAY_007899,ORD_007899,Cash,Successful,2159.06
PAY_007900,ORD_007900,UPI,Successful,1701.55
PAY_007901,ORD_007901,Cash,Successful,1329.87
PAY_007902,ORD_007902,UPI,Successful,291.14
PAY_007903,ORD_007903,UPI,Successful,405.85
PAY_007904,ORD_007904,Credit Card,Successful,291.69
PAY_007905,ORD_007905,Credit Card,Successful,2418.38
PAY_007906,ORD_007906,Credit Card,Successful,135.91
PAY_007907,ORD_007907,Debit Card,Successful,1035.0
PAY_007908,ORD_007908,UPI,Successful,432.22
PAY_007909,ORD_007909,Credit Card,Successful,231.53
PAY_007910,ORD_007910,Debit Card,Refunded,195.53
PAY_007911,ORD_007911,Debit Card,Successful,1320.94
PAY_007912,ORD_007912,Credit Card,Refunded,187.92
PAY_007913,ORD_007913,UPI,Successful,415.77
PAY_007914,ORD_007914,Debit Card,Successful,419.95
PAY_007915,ORD_007915,UPI,Refunded,540.04
PAY_007916,ORD_007916,UPI,Successful,230.19
PAY_007917,ORD_007917,UPI,Successful,298.05
PAY_007918,ORD_007918,UPI,Successful,962.51
PAY_007919,ORD_007919,Credit Card,Successful,273.55
PAY_007920,ORD_007920,Credit Card,Successful,109.5
PAY_007921,ORD_007921,UPI,Successful,1185.67
PAY_007922,ORD_007922,Credit Card,Refunded,798.2
PAY_007923,ORD_007923,UPI,Successful,441.39
PAY_007924,ORD_007924,Debit Card,Failed,948.16
PAY_007925,ORD_007925,UPI,Successful,231.85
PAY_007926,ORD_007926,Credit Card,Successful,641.13
PAY_007927,ORD_007927,Credit Card,Successful,1006.75
PAY_007928,ORD_007928,UPI,Successful,286.22
PAY_007929,ORD_007929,UPI,Successful,2907.37
PAY_007930,ORD_007930,UPI,Successful,90.61
PAY_007931,ORD_007931,Debit Card,Successful,134.91
PAY_007932,ORD_007932,UPI,Successful,292.35
PAY_007933,ORD_007933,Credit Card,Successful,80.0
PAY_007934,ORD_007934,UPI,Successful,760.16
PAY_007935,ORD_007935,UPI,Successful,434.75
PAY_007936,ORD_007936,Cash,Successful,642.78
PAY_007937,ORD_007937,UPI,Successful,314.65
PAY_007938,ORD_007938,UPI,Successful,600.23
PAY_007939,ORD_007939,Cash,Successful,482.84
PAY_007940,ORD_007940,Credit Card,Successful,86.09
PAY_007941,ORD_007941,UPI,Successful,333.19
PAY_007942,ORD_007942,UPI,Successful,919.35
PAY_007943,ORD_007943,UPI,Successful,641.84
PAY_007944,ORD_007944,UPI,Successful,732.4
PAY_007945,ORD_007945,Credit Card,Failed,120.54
PAY_007946,ORD_007946,Credit Card,Successful,1904.17
PAY_007947,ORD_007947,Wallet,Successful,604.18
PAY_007948,ORD_007948,UPI,Successful,201.86
PAY_007949,ORD_007949,UPI,Successful,775.94
PAY_007950,ORD_007950,Credit Card,Successful,577.65
PAY_007951,ORD_007951,UPI,Successful,173.78
PAY_007952,ORD_007952,UPI,Successful,367.64
PAY_007953,ORD_007953,UPI,Successful,4030.72
PAY_007954,ORD_007954,UPI,Successful,412.93
PAY_007955,ORD_007955,UPI,Successful,213.39
PAY_007956,ORD_007956,Debit Card,Successful,317.78
PAY_007957,ORD_007957,UPI,Successful,828.84
PAY_007958,ORD_007958,UPI,Successful,1034.56
PAY_007959,ORD_007959,UPI,Successful,633.5
PAY_007960,ORD_007960,UPI,Successful,288.13
PAY_007961,ORD_007961,UPI,Successful,116.1
PAY_007962,ORD_007962,Debit Card,Successful,241.83
PAY_007963,ORD_007963,Debit Card,Successful,350.57
PAY_007964,ORD_007964,UPI,Successful,1227.17
PAY_007965,ORD_007965,UPI,Successful,397.85
PAY_007966,ORD_007966,Credit Card,Successful,462.7
PAY_007967,ORD_007967,UPI,Successful,882.71
PAY_007968,ORD_007968,UPI,Successful,504.51
PAY_007969,ORD_007969,Debit Card,Successful,1553.01
PAY_007970,ORD_007970,Wallet,Successful,2974.02
PAY_007971,ORD_007971,UPI,Successful,3013.63
PAY_007972,ORD_007972,UPI,Successful,270.8
PAY_007973,ORD_007973,UPI,Successful,385.4
PAY_007974,ORD_007974,UPI,Successful,577.59
PAY_007975,ORD_007975,Credit Card,Refunded,187.89
PAY_007976,ORD_007976,Debit Card,Successful,348.7
PAY_007977,ORD_007977,UPI,Successful,1155.68
PAY_007978,ORD_007978,UPI,Successful,1064.3
PAY_007979,ORD_007979,UPI,Successful,485.42
PAY_007980,ORD_007980,UPI,Successful,130.88
PAY_007981,ORD_007981,UPI,Successful,2850.17
PAY_007982,ORD_007982,UPI,Refunded,1096.07
PAY_007983,ORD_007983,Credit Card,Successful,2852.85
PAY_007984,ORD_007984,Debit Card,Successful,325.59
PAY_007985,ORD_007985,Credit Card,Successful,141.23
PAY_007986,ORD_007986,UPI,Successful,104.87
PAY_007987,ORD_007987,Wallet,Successful,154.99
PAY_007988,ORD_007988,Debit Card,Successful,585.35
PAY_007989,ORD_007989,Wallet,Successful,590.42
PAY_007990,ORD_007990,Credit Card,Successful,242.63
PAY_007991,ORD_007991,UPI,Successful,223.25
PAY_007992,ORD_007992,UPI,Successful,835.9
PAY_007993,ORD_007993,Debit Card,Successful,3621.49
PAY_007994,ORD_007994,Wallet,Successful,368.26
PAY_007995,ORD_007995,Credit Card,Successful,920.18
PAY_007996,ORD_007996,Credit Card,Successful,254.7
PAY_007997,ORD_007997,Wallet,Successful,549.68
PAY_007998,ORD_007998,UPI,Successful,1044.68
PAY_007999,ORD_007999,UPI,Successful,174.15
PAY_008000,ORD_008000,Wallet,Successful,521.46
PAY_008001,ORD_008001,Wallet,Successful,80.0
PAY_008002,ORD_008002,Credit Card,Successful,219.44
PAY_008003,ORD_008003,Cash,Successful,257.8
PAY_008004,ORD_008004,Cash,Successful,296.01
PAY_008005,ORD_008005,Credit Card,Successful,168.28
PAY_008006,ORD_008006,UPI,Successful,1374.27
PAY_008007,ORD_008007,UPI,Successful,370.13
PAY_008008,ORD_008008,UPI,Successful,776.27
PAY_008009,ORD_008009,Debit Card,Successful,309.06
PAY_008010,ORD_008010,UPI,Successful,545.32
PAY_008011,ORD_008011,UPI,Successful,194.0
PAY_008012,ORD_008012,Credit Card,Successful,93.06
PAY_008013,ORD_008013,Credit Card,Successful,99.0
PAY_008014,ORD_008014,Credit Card,Successful,80.0
PAY_008015,ORD_008015,UPI,Successful,527.77
PAY_008016,ORD_008016,UPI,Successful,246.06
PAY_008017,ORD_008017,Debit Card,Refunded,826.25
PAY_008018,ORD_008018,Cash,Successful,418.61
PAY_008019,ORD_008019,UPI,Successful,649.95
PAY_008020,ORD_008020,Debit Card,Successful,934.73
PAY_008021,ORD_008021,UPI,Successful,454.64
PAY_008022,ORD_008022,UPI,Successful,285.24
PAY_008023,ORD_008023,Credit Card,Successful,331.26
PAY_008024,ORD_008024,UPI,Successful,234.39
PAY_008025,ORD_008025,UPI,Successful,242.08
PAY_008026,ORD_008026,UPI,Successful,2565.57
PAY_008027,ORD_008027,UPI,Successful,840.06
PAY_008028,ORD_008028,UPI,Refunded,297.6
PAY_008029,ORD_008029,Wallet,Successful,230.91
PAY_008030,ORD_008030,Wallet,Successful,1278.26
PAY_008031,ORD_008031,UPI,Successful,1012.16
PAY_008032,ORD_008032,Cash,Successful,465.35
PAY_008033,ORD_008033,UPI,Successful,487.45
PAY_008034,ORD_008034,UPI,Successful,167.28
PAY_008035,ORD_008035,Wallet,Successful,1397.08
PAY_008036,ORD_008036,Credit Card,Successful,322.3
PAY_008037,ORD_008037,Cash,Successful,2004.16
PAY_008038,ORD_008038,Wallet,Successful,359.51
PAY_008039,ORD_008039,UPI,Failed,505.9
PAY_008040,ORD_008040,UPI,Failed,470.43
PAY_008041,ORD_008041,UPI,Successful,757.71
PAY_008042,ORD_008042,UPI,Successful,80.0
PAY_008043,ORD_008043,Credit Card,Successful,1246.63
PAY_008044,ORD_008044,UPI,Successful,115.11
PAY_008045,ORD_008045,Debit Card,Successful,216.42
PAY_008046,ORD_008046,UPI,Successful,1279.26
PAY_008047,ORD_008047,Credit Card,Successful,176.48
PAY_008048,ORD_008048,Debit Card,Successful,316.3
PAY_008049,ORD_008049,Wallet,Successful,151.96
PAY_008050,ORD_008050,UPI,Successful,1352.54
PAY_008051,ORD_008051,UPI,Successful,1080.8
PAY_008052,ORD_008052,Credit Card,Successful,250.55
PAY_008053,ORD_008053,UPI,Successful,1075.72
PAY_008054,ORD_008054,Credit Card,Successful,625.46
PAY_008055,ORD_008055,Wallet,Successful,134.29
PAY_008056,ORD_008056,Wallet,Successful,190.03
PAY_008057,ORD_008057,UPI,Successful,532.77
PAY_008058,ORD_008058,UPI,Successful,717.92
PAY_008059,ORD_008059,UPI,Successful,1053.36
PAY_008060,ORD_008060,UPI,Successful,148.35
PAY_008061,ORD_008061,Credit Card,Successful,152.82
PAY_008062,ORD_008062,Wallet,Successful,106.42
PAY_008063,ORD_008063,UPI,Successful,182.93
PAY_008064,ORD_008064,UPI,Successful,532.12
PAY_008065,ORD_008065,Wallet,Successful,791.88
PAY_008066,ORD_008066,UPI,Successful,119.13
PAY_008067,ORD_008067,Wallet,Successful,1362.98
PAY_008068,ORD_008068,UPI,Successful,225.01
PAY_008069,ORD_008069,UPI,Successful,783.61
PAY_008070,ORD_008070,Debit Card,Successful,361.8
PAY_008071,ORD_008071,UPI,Successful,80.0
PAY_008072,ORD_008072,UPI,Successful,452.72
PAY_008073,ORD_008073,UPI,Successful,1973.18
PAY_008074,ORD_008074,Wallet,Successful,526.93
PAY_008075,ORD_008075,UPI,Successful,151.22
PAY_008076,ORD_008076,UPI,Successful,587.39
PAY_008077,ORD_008077,Credit Card,Successful,348.14
PAY_008078,ORD_008078,UPI,Successful,186.39
PAY_008079,ORD_008079,Credit Card,Successful,492.89
PAY_008080,ORD_008080,UPI,Successful,1086.19
PAY_008081,ORD_008081,UPI,Successful,616.56
PAY_008082,ORD_008082,UPI,Successful,621.22
PAY_008083,ORD_008083,Credit Card,Successful,4896.86
PAY_008084,ORD_008084,UPI,Successful,1701.16
PAY_008085,ORD_008085,Debit Card,Successful,2114.36
PAY_008086,ORD_008086,Credit Card,Successful,229.81
PAY_008087,ORD_008087,Debit Card,Successful,947.6
PAY_008088,ORD_008088,Credit Card,Successful,127.27
PAY_008089,ORD_008089,UPI,Successful,110.15
PAY_008090,ORD_008090,UPI,Failed,672.36
PAY_008091,ORD_008091,Credit Card,Successful,463.82
PAY_008092,ORD_008092,Credit Card,Successful,365.65
PAY_008093,ORD_008093,UPI,Successful,81.95
PAY_008094,ORD_008094,UPI,Successful,386.1
PAY_008095,ORD_008095,UPI,Successful,667.6
PAY_008096,ORD_008096,UPI,Successful,239.28
PAY_008097,ORD_008097,Wallet,Successful,117.03
PAY_008098,ORD_008098,Wallet,Successful,546.96
PAY_008099,ORD_008099,UPI,Successful,95.4
PAY_008100,ORD_008100,UPI,Successful,2536.13
PAY_008101,ORD_008101,UPI,Successful,203.16
PAY_008102,ORD_008102,UPI,Successful,153.65
PAY_008103,ORD_008103,UPI,Successful,490.31
PAY_008104,ORD_008104,Wallet,Successful,674.35
PAY_008105,ORD_008105,UPI,Successful,86.73
PAY_008106,ORD_008106,UPI,Failed,388.39
PAY_008107,ORD_008107,UPI,Successful,209.8
PAY_008108,ORD_008108,Debit Card,Successful,1685.93
PAY_008109,ORD_008109,UPI,Successful,775.9
PAY_008110,ORD_008110,Credit Card,Successful,171.85
PAY_008111,ORD_008111,UPI,Successful,871.23
PAY_008112,ORD_008112,Debit Card,Successful,1041.65
PAY_008113,ORD_008113,Credit Card,Successful,920.96
PAY_008114,ORD_008114,UPI,Successful,693.66
PAY_008115,ORD_008115,Debit Card,Failed,762.01
PAY_008116,ORD_008116,UPI,Failed,409.58
PAY_008117,ORD_008117,Cash,Failed,618.21
PAY_008118,ORD_008118,Wallet,Successful,119.68
PAY_008119,ORD_008119,UPI,Successful,88.84
PAY_008120,ORD_008120,Wallet,Successful,524.9
PAY_008121,ORD_008121,UPI,Successful,279.54
PAY_008122,ORD_008122,UPI,Refunded,851.01
PAY_008123,ORD_008123,Debit Card,Successful,511.45
PAY_008124,ORD_008124,UPI,Successful,1285.72
PAY_008125,ORD_008125,Credit Card,Successful,1871.94
PAY_008126,ORD_008126,UPI,Successful,933.26
PAY_008127,ORD_008127,UPI,Successful,213.45
PAY_008128,ORD_008128,Debit Card,Successful,601.34
PAY_008129,ORD_008129,Debit Card,Successful,622.93
PAY_008130,ORD_008130,UPI,Successful,1435.44
PAY_008131,ORD_008131,UPI,Successful,328.41
PAY_008132,ORD_008132,Credit Card,Successful,244.23
PAY_008133,ORD_008133,UPI,Successful,1742.55
PAY_008134,ORD_008134,UPI,Successful,453.37
PAY_008135,ORD_008135,UPI,Successful,239.34
PAY_008136,ORD_008136,UPI,Successful,766.04
PAY_008137,ORD_008137,UPI,Refunded,144.04
PAY_008138,ORD_008138,UPI,Refunded,357.88
PAY_008139,ORD_008139,Credit Card,Successful,1353.82
PAY_008140,ORD_008140,Debit Card,Successful,470.2
PAY_008141,ORD_008141,UPI,Successful,1851.53
PAY_008142,ORD_008142,Cash,Successful,971.83
PAY_008143,ORD_008143,Cash,Successful,2424.7
PAY_008144,ORD_008144,Wallet,Successful,1178.23
PAY_008145,ORD_008145,UPI,Refunded,1092.0
PAY_008146,ORD_008146,Wallet,Successful,800.04
PAY_008147,ORD_008147,UPI,Successful,817.26
PAY_008148,ORD_008148,UPI,Successful,604.91
PAY_008149,ORD_008149,Credit Card,Successful,185.71
PAY_008150,ORD_008150,UPI,Successful,680.48
PAY_008151,ORD_008151,UPI,Successful,847.86
PAY_008152,ORD_008152,UPI,Successful,561.36
PAY_008153,ORD_008153,UPI,Successful,334.07
PAY_008154,ORD_008154,Credit Card,Successful,88.22
PAY_008155,ORD_008155,Credit Card,Successful,201.75
PAY_008156,ORD_008156,UPI,Successful,1021.33
PAY_008157,ORD_008157,UPI,Successful,412.7
PAY_008158,ORD_008158,UPI,Successful,691.18
PAY_008159,ORD_008159,UPI,Successful,2284.69
PAY_008160,ORD_008160,Cash,Successful,4040.48
PAY_008161,ORD_008161,Wallet,Successful,1596.41
PAY_008162,ORD_008162,Credit Card,Successful,382.71
PAY_008163,ORD_008163,UPI,Successful,337.88
PAY_008164,ORD_008164,UPI,Successful,539.54
PAY_008165,ORD_008165,Cash,Successful,317.09
PAY_008166,ORD_008166,UPI,Successful,526.02
PAY_008167,ORD_008167,UPI,Successful,970.52
PAY_008168,ORD_008168,Credit Card,Successful,954.31
PAY_008169,ORD_008169,UPI,Successful,148.36
PAY_008170,ORD_008170,UPI,Successful,1242.97
PAY_008171,ORD_008171,UPI,Successful,797.3
PAY_008172,ORD_008172,Credit Card,Successful,80.04
PAY_008173,ORD_008173,UPI,Successful,581.06
PAY_008174,ORD_008174,UPI,Successful,263.66
PAY_008175,ORD_008175,UPI,Successful,1235.05
PAY_008176,ORD_008176,UPI,Successful,1698.98
PAY_008177,ORD_008177,Debit Card,Successful,300.05
PAY_008178,ORD_008178,UPI,Successful,688.94
PAY_008179,ORD_008179,UPI,Successful,341.93
PAY_008180,ORD_008180,UPI,Successful,338.75
PAY_008181,ORD_008181,UPI,Successful,162.2
PAY_008182,ORD_008182,UPI,Failed,238.14
PAY_008183,ORD_008183,UPI,Successful,148.53
PAY_008184,ORD_008184,UPI,Successful,297.89
PAY_008185,ORD_008185,UPI,Successful,2835.12
PAY_008186,ORD_008186,UPI,Successful,2988.45
PAY_008187,ORD_008187,Credit Card,Successful,105.69
PAY_008188,ORD_008188,Cash,Successful,93.11
PAY_008189,ORD_008189,Cash,Refunded,874.36
PAY_008190,ORD_008190,Debit Card,Successful,369.69
PAY_008191,ORD_008191,Credit Card,Successful,366.14
PAY_008192,ORD_008192,UPI,Successful,221.46
PAY_008193,ORD_008193,Credit Card,Successful,248.58
PAY_008194,ORD_008194,Wallet,Successful,158.51
PAY_008195,ORD_008195,Wallet,Successful,336.43
PAY_008196,ORD_008196,Debit Card,Successful,139.14
PAY_008197,ORD_008197,Debit Card,Successful,474.02
PAY_008198,ORD_008198,UPI,Successful,483.92
PAY_008199,ORD_008199,Wallet,Successful,705.58
PAY_008200,ORD_008200,Debit Card,Successful,93.59
PAY_008201,ORD_008201,UPI,Successful,244.26
PAY_008202,ORD_008202,UPI,Successful,164.2
PAY_008203,ORD_008203,UPI,Successful,418.74
PAY_008204,ORD_008204,UPI,Successful,498.74
PAY_008205,ORD_008205,UPI,Successful,2158.8
PAY_008206,ORD_008206,Cash,Successful,334.14
PAY_008207,ORD_008207,UPI,Successful,719.87
PAY_008208,ORD_008208,UPI,Successful,424.74
PAY_008209,ORD_008209,UPI,Successful,548.1
PAY_008210,ORD_008210,Wallet,Successful,280.09
PAY_008211,ORD_008211,Debit Card,Successful,99.57
PAY_008212,ORD_008212,UPI,Successful,226.02
PAY_008213,ORD_008213,UPI,Successful,1732.73
PAY_008214,ORD_008214,UPI,Successful,705.07
PAY_008215,ORD_008215,UPI,Successful,109.76
PAY_008216,ORD_008216,Credit Card,Successful,366.27
PAY_008217,ORD_008217,UPI,Successful,611.32
PAY_008218,ORD_008218,UPI,Successful,237.69
PAY_008219,ORD_008219,Debit Card,Successful,507.83
PAY_008220,ORD_008220,Debit Card,Successful,857.69
PAY_008221,ORD_008221,UPI,Successful,616.98
PAY_008222,ORD_008222,UPI,Successful,395.19
PAY_008223,ORD_008223,UPI,Successful,672.99
PAY_008224,ORD_008224,Debit Card,Failed,3112.8
PAY_008225,ORD_008225,Credit Card,Successful,241.61
PAY_008226,ORD_008226,UPI,Successful,191.57
PAY_008227,ORD_008227,UPI,Successful,2290.25
PAY_008228,ORD_008228,Wallet,Successful,621.82
PAY_008229,ORD_008229,UPI,Successful,342.45
PAY_008230,ORD_008230,UPI,Successful,623.06
PAY_008231,ORD_008231,UPI,Successful,876.67
PAY_008232,ORD_008232,Credit Card,Successful,722.91
PAY_008233,ORD_008233,UPI,Successful,572.03
PAY_008234,ORD_008234,Wallet,Successful,792.62
PAY_008235,ORD_008235,UPI,Refunded,85.26
PAY_008236,ORD_008236,Debit Card,Successful,220.94
PAY_008237,ORD_008237,UPI,Refunded,881.79
PAY_008238,ORD_008238,UPI,Successful,171.11
PAY_008239,ORD_008239,Credit Card,Successful,432.4
PAY_008240,ORD_008240,UPI,Successful,396.48
PAY_008241,ORD_008241,UPI,Successful,969.73
PAY_008242,ORD_008242,Wallet,Successful,910.85
PAY_008243,ORD_008243,UPI,Successful,442.47
PAY_008244,ORD_008244,UPI,Failed,241.8
PAY_008245,ORD_008245,UPI,Successful,356.83
PAY_008246,ORD_008246,UPI,Successful,261.17
PAY_008247,ORD_008247,Wallet,Successful,1182.53
PAY_008248,ORD_008248,UPI,Successful,761.58
PAY_008249,ORD_008249,UPI,Successful,530.82
PAY_008250,ORD_008250,UPI,Successful,652.8
PAY_008251,ORD_008251,Cash,Successful,741.35
PAY_008252,ORD_008252,Debit Card,Successful,228.33
PAY_008253,ORD_008253,Credit Card,Successful,525.4
PAY_008254,ORD_008254,Debit Card,Successful,590.07
PAY_008255,ORD_008255,UPI,Successful,553.51
PAY_008256,ORD_008256,UPI,Successful,621.31
PAY_008257,ORD_008257,UPI,Successful,417.02
PAY_008258,ORD_008258,UPI,Successful,337.28
PAY_008259,ORD_008259,UPI,Successful,5000.0
PAY_008260,ORD_008260,UPI,Successful,2063.25
PAY_008261,ORD_008261,UPI,Successful,199.81
PAY_008262,ORD_008262,Debit Card,Successful,502.89
PAY_008263,ORD_008263,UPI,Successful,332.22
PAY_008264,ORD_008264,Credit Card,Successful,374.08
PAY_008265,ORD_008265,UPI,Successful,1725.19
PAY_008266,ORD_008266,Credit Card,Successful,412.34
PAY_008267,ORD_008267,UPI,Successful,163.8
PAY_008268,ORD_008268,Debit Card,Successful,181.02
PAY_008269,ORD_008269,UPI,Successful,295.84
PAY_008270,ORD_008270,UPI,Successful,521.94
PAY_008271,ORD_008271,Wallet,Successful,785.81
PAY_008272,ORD_008272,UPI,Successful,561.66
PAY_008273,ORD_008273,UPI,Successful,329.75
PAY_008274,ORD_008274,Wallet,Successful,297.4
PAY_008275,ORD_008275,Debit Card,Successful,2426.3
PAY_008276,ORD_008276,UPI,Successful,976.6
PAY_008277,ORD_008277,UPI,Successful,266.56
PAY_008278,ORD_008278,UPI,Failed,448.35
PAY_008279,ORD_008279,UPI,Refunded,121.65
PAY_008280,ORD_008280,UPI,Successful,333.44
PAY_008281,ORD_008281,UPI,Successful,613.97
PAY_008282,ORD_008282,Cash,Successful,431.65
PAY_008283,ORD_008283,UPI,Successful,242.33
PAY_008284,ORD_008284,UPI,Successful,857.34
PAY_008285,ORD_008285,Credit Card,Successful,1315.69
PAY_008286,ORD_008286,Credit Card,Successful,1243.29
PAY_008287,ORD_008287,UPI,Successful,439.94
PAY_008288,ORD_008288,UPI,Successful,976.92
PAY_008289,ORD_008289,UPI,Successful,875.9
PAY_008290,ORD_008290,Credit Card,Successful,296.67
PAY_008291,ORD_008291,Cash,Successful,526.88
PAY_008292,ORD_008292,Credit Card,Successful,353.72
PAY_008293,ORD_008293,Wallet,Successful,395.26
PAY_008294,ORD_008294,Cash,Successful,374.18
PAY_008295,ORD_008295,UPI,Successful,80.0
PAY_008296,ORD_008296,UPI,Successful,594.42
PAY_008297,ORD_008297,UPI,Successful,197.61
PAY_008298,ORD_008298,UPI,Successful,1107.93
PAY_008299,ORD_008299,UPI,Successful,496.23
PAY_008300,ORD_008300,UPI,Successful,141.13
PAY_008301,ORD_008301,UPI,Successful,269.7
PAY_008302,ORD_008302,Cash,Successful,80.0
PAY_008303,ORD_008303,UPI,Successful,301.76
PAY_008304,ORD_008304,Credit Card,Failed,217.03
PAY_008305,ORD_008305,UPI,Successful,260.88
PAY_008306,ORD_008306,Wallet,Successful,174.42
PAY_008307,ORD_008307,UPI,Successful,267.32
PAY_008308,ORD_008308,UPI,Successful,1370.76
PAY_008309,ORD_008309,UPI,Successful,165.73
PAY_008310,ORD_008310,Credit Card,Successful,185.08
PAY_008311,ORD_008311,UPI,Successful,1198.03
PAY_008312,ORD_008312,Credit Card,Successful,860.84
PAY_008313,ORD_008313,UPI,Successful,499.78
PAY_008314,ORD_008314,UPI,Successful,183.82
PAY_008315,ORD_008315,Wallet,Successful,204.68
PAY_008316,ORD_008316,UPI,Successful,137.59
PAY_008317,ORD_008317,UPI,Successful,152.72
PAY_008318,ORD_008318,Cash,Successful,412.51
PAY_008319,ORD_008319,UPI,Successful,683.63
PAY_008320,ORD_008320,Credit Card,Successful,80.0
PAY_008321,ORD_008321,UPI,Successful,1284.19
PAY_008322,ORD_008322,UPI,Successful,504.44
PAY_008323,ORD_008323,UPI,Successful,341.21
PAY_008324,ORD_008324,UPI,Successful,407.92
PAY_008325,ORD_008325,Cash,Successful,1636.72
PAY_008326,ORD_008326,UPI,Successful,318.75
PAY_008327,ORD_008327,UPI,Successful,388.62
PAY_008328,ORD_008328,Credit Card,Successful,201.91
PAY_008329,ORD_008329,UPI,Successful,257.77
PAY_008330,ORD_008330,UPI,Successful,1423.53
PAY_008331,ORD_008331,UPI,Successful,168.8
PAY_008332,ORD_008332,UPI,Successful,80.0
PAY_008333,ORD_008333,Wallet,Successful,271.5
PAY_008334,ORD_008334,Debit Card,Successful,1849.44
PAY_008335,ORD_008335,Debit Card,Successful,492.84
PAY_008336,ORD_008336,Wallet,Successful,1868.32
PAY_008337,ORD_008337,UPI,Successful,766.86
PAY_008338,ORD_008338,Cash,Successful,875.68
PAY_008339,ORD_008339,Cash,Successful,390.03
PAY_008340,ORD_008340,UPI,Successful,357.24
PAY_008341,ORD_008341,Debit Card,Successful,207.09
PAY_008342,ORD_008342,UPI,Successful,945.4
PAY_008343,ORD_008343,Cash,Successful,2092.57
PAY_008344,ORD_008344,UPI,Successful,1218.59
PAY_008345,ORD_008345,Cash,Successful,564.98
PAY_008346,ORD_008346,UPI,Successful,1060.02
PAY_008347,ORD_008347,Credit Card,Successful,567.69
PAY_008348,ORD_008348,UPI,Successful,251.38
PAY_008349,ORD_008349,UPI,Successful,1578.37
PAY_008350,ORD_008350,UPI,Successful,82.26
PAY_008351,ORD_008351,UPI,Refunded,186.95
PAY_008352,ORD_008352,UPI,Successful,154.86
PAY_008353,ORD_008353,UPI,Successful,339.42
PAY_008354,ORD_008354,Debit Card,Failed,296.01
PAY_008355,ORD_008355,UPI,Successful,192.36
PAY_008356,ORD_008356,Wallet,Successful,379.12
PAY_008357,ORD_008357,UPI,Successful,139.97
PAY_008358,ORD_008358,UPI,Successful,1239.75
PAY_008359,ORD_008359,UPI,Successful,271.62
PAY_008360,ORD_008360,UPI,Successful,986.8
PAY_008361,ORD_008361,UPI,Successful,233.4
PAY_008362,ORD_008362,Debit Card,Successful,174.23
PAY_008363,ORD_008363,Credit Card,Successful,367.8
PAY_008364,ORD_008364,Wallet,Successful,883.96
PAY_008365,ORD_008365,UPI,Successful,448.99
PAY_008366,ORD_008366,Debit Card,Successful,1008.33
PAY_008367,ORD_008367,UPI,Successful,287.14
PAY_008368,ORD_008368,UPI,Successful,1095.65
PAY_008369,ORD_008369,UPI,Successful,300.78
PAY_008370,ORD_008370,Debit Card,Successful,708.65
PAY_008371,ORD_008371,Cash,Successful,350.34
PAY_008372,ORD_008372,Credit Card,Successful,941.82
PAY_008373,ORD_008373,UPI,Successful,798.52
PAY_008374,ORD_008374,Debit Card,Successful,237.49
PAY_008375,ORD_008375,Credit Card,Successful,80.0
PAY_008376,ORD_008376,UPI,Failed,1276.75
PAY_008377,ORD_008377,Wallet,Successful,1180.79
PAY_008378,ORD_008378,UPI,Successful,1890.79
PAY_008379,ORD_008379,UPI,Successful,463.32
PAY_008380,ORD_008380,Cash,Successful,253.83
PAY_008381,ORD_008381,UPI,Successful,720.81
PAY_008382,ORD_008382,UPI,Successful,174.76
PAY_008383,ORD_008383,Credit Card,Successful,427.74
PAY_008384,ORD_008384,UPI,Successful,557.5
PAY_008385,ORD_008385,Credit Card,Successful,333.87
PAY_008386,ORD_008386,Wallet,Successful,1760.29
PAY_008387,ORD_008387,UPI,Successful,235.98
PAY_008388,ORD_008388,UPI,Successful,748.63
PAY_008389,ORD_008389,UPI,Successful,185.7
PAY_008390,ORD_008390,UPI,Successful,283.74
PAY_008391,ORD_008391,Debit Card,Successful,977.02
PAY_008392,ORD_008392,Credit Card,Successful,375.19
PAY_008393,ORD_008393,UPI,Successful,601.66
PAY_008394,ORD_008394,Credit Card,Successful,573.84
PAY_008395,ORD_008395,UPI,Successful,1427.38
PAY_008396,ORD_008396,UPI,Successful,266.74
PAY_008397,ORD_008397,UPI,Successful,259.02
PAY_008398,ORD_008398,UPI,Successful,80.0
PAY_008399,ORD_008399,UPI,Successful,416.16
PAY_008400,ORD_008400,Wallet,Successful,785.88
PAY_008401,ORD_008401,UPI,Successful,1097.16
PAY_008402,ORD_008402,Wallet,Successful,127.97
PAY_008403,ORD_008403,Wallet,Successful,1322.03
PAY_008404,ORD_008404,Credit Card,Successful,999.94
PAY_008405,ORD_008405,Credit Card,Successful,220.85
PAY_008406,ORD_008406,Wallet,Successful,974.94
PAY_008407,ORD_008407,UPI,Successful,423.9
PAY_008408,ORD_008408,Credit Card,Successful,453.18
PAY_008409,ORD_008409,Wallet,Failed,766.61
PAY_008410,ORD_008410,Wallet,Successful,2920.3
PAY_008411,ORD_008411,Debit Card,Successful,167.66
PAY_008412,ORD_008412,UPI,Successful,746.41
PAY_008413,ORD_008413,Credit Card,Successful,603.32
PAY_008414,ORD_008414,Wallet,Successful,181.99
PAY_008415,ORD_008415,UPI,Successful,1202.15
PAY_008416,ORD_008416,Credit Card,Successful,1547.28
PAY_008417,ORD_008417,UPI,Successful,563.85
PAY_008418,ORD_008418,Wallet,Successful,139.42
PAY_008419,ORD_008419,UPI,Successful,4137.25
PAY_008420,ORD_008420,UPI,Successful,722.51
PAY_008421,ORD_008421,Credit Card,Successful,102.9
PAY_008422,ORD_008422,UPI,Successful,678.15
PAY_008423,ORD_008423,UPI,Successful,496.7
PAY_008424,ORD_008424,UPI,Successful,456.47
PAY_008425,ORD_008425,Credit Card,Successful,198.83
PAY_008426,ORD_008426,UPI,Successful,2244.6
PAY_008427,ORD_008427,UPI,Successful,1487.1
PAY_008428,ORD_008428,UPI,Refunded,1963.71
PAY_008429,ORD_008429,Cash,Successful,2098.37
PAY_008430,ORD_008430,Wallet,Successful,330.86
PAY_008431,ORD_008431,Debit Card,Successful,204.02
PAY_008432,ORD_008432,Credit Card,Successful,218.74
PAY_008433,ORD_008433,UPI,Successful,224.75
PAY_008434,ORD_008434,Wallet,Successful,772.27
PAY_008435,ORD_008435,UPI,Successful,112.47
PAY_008436,ORD_008436,UPI,Successful,403.71
PAY_008437,ORD_008437,UPI,Successful,1383.57
PAY_008438,ORD_008438,Debit Card,Successful,490.47
PAY_008439,ORD_008439,Credit Card,Failed,193.04
PAY_008440,ORD_008440,UPI,Successful,760.54
PAY_008441,ORD_008441,Debit Card,Successful,871.41
PAY_008442,ORD_008442,UPI,Successful,351.28
PAY_008443,ORD_008443,Credit Card,Successful,342.7
PAY_008444,ORD_008444,Cash,Successful,552.67
PAY_008445,ORD_008445,Debit Card,Successful,730.64
PAY_008446,ORD_008446,Credit Card,Successful,3481.65
PAY_008447,ORD_008447,Debit Card,Successful,140.83
PAY_008448,ORD_008448,UPI,Successful,238.42
PAY_008449,ORD_008449,UPI,Successful,157.91
PAY_008450,ORD_008450,UPI,Successful,2420.53
PAY_008451,ORD_008451,UPI,Successful,2031.4
PAY_008452,ORD_008452,Wallet,Successful,543.98
PAY_008453,ORD_008453,UPI,Successful,482.78
PAY_008454,ORD_008454,Credit Card,Successful,307.17
PAY_008455,ORD_008455,Credit Card,Successful,165.9
PAY_008456,ORD_008456,Credit Card,Successful,951.95
PAY_008457,ORD_008457,UPI,Successful,472.52
PAY_008458,ORD_008458,Wallet,Successful,619.87
PAY_008459,ORD_008459,UPI,Successful,1028.71
PAY_008460,ORD_008460,UPI,Successful,472.42
PAY_008461,ORD_008461,UPI,Successful,1479.12
PAY_008462,ORD_008462,UPI,Successful,150.45
PAY_008463,ORD_008463,Debit Card,Successful,120.33
PAY_008464,ORD_008464,UPI,Successful,333.81
PAY_008465,ORD_008465,UPI,Successful,1017.66
PAY_008466,ORD_008466,UPI,Refunded,276.4
PAY_008467,ORD_008467,Debit Card,Successful,481.29
PAY_008468,ORD_008468,UPI,Successful,686.89
PAY_008469,ORD_008469,UPI,Successful,101.7
PAY_008470,ORD_008470,UPI,Successful,1554.15
PAY_008471,ORD_008471,Debit Card,Successful,119.77
PAY_008472,ORD_008472,UPI,Successful,351.41
PAY_008473,ORD_008473,UPI,Successful,543.34
PAY_008474,ORD_008474,UPI,Successful,83.53
PAY_008475,ORD_008475,UPI,Refunded,487.74
PAY_008476,ORD_008476,UPI,Successful,814.98
PAY_008477,ORD_008477,Debit Card,Successful,197.37
PAY_008478,ORD_008478,UPI,Successful,275.45
PAY_008479,ORD_008479,UPI,Successful,509.54
PAY_008480,ORD_008480,UPI,Successful,460.67
PAY_008481,ORD_008481,UPI,Successful,873.84
PAY_008482,ORD_008482,Credit Card,Successful,162.93
PAY_008483,ORD_008483,UPI,Successful,553.86
PAY_008484,ORD_008484,UPI,Successful,148.89
PAY_008485,ORD_008485,UPI,Successful,2109.66
PAY_008486,ORD_008486,Credit Card,Successful,1227.35
PAY_008487,ORD_008487,Wallet,Successful,325.71
PAY_008488,ORD_008488,UPI,Successful,5000.0
PAY_008489,ORD_008489,UPI,Successful,356.35
PAY_008490,ORD_008490,Wallet,Successful,478.55
PAY_008491,ORD_008491,Credit Card,Successful,2777.02
PAY_008492,ORD_008492,UPI,Successful,224.9
PAY_008493,ORD_008493,UPI,Refunded,606.75
PAY_008494,ORD_008494,Debit Card,Successful,1724.64
PAY_008495,ORD_008495,Debit Card,Successful,560.8
PAY_008496,ORD_008496,Wallet,Successful,270.14
PAY_008497,ORD_008497,Credit Card,Successful,457.62
PAY_008498,ORD_008498,UPI,Successful,80.0
PAY_008499,ORD_008499,UPI,Refunded,1033.46
PAY_008500,ORD_008500,UPI,Successful,269.45
PAY_008501,ORD_008501,UPI,Successful,652.17
PAY_008502,ORD_008502,Debit Card,Successful,111.28
PAY_008503,ORD_008503,Wallet,Successful,998.25
PAY_008504,ORD_008504,UPI,Successful,97.2
PAY_008505,ORD_008505,UPI,Successful,165.63
PAY_008506,ORD_008506,UPI,Successful,542.64
PAY_008507,ORD_008507,Cash,Successful,318.39
PAY_008508,ORD_008508,UPI,Successful,1467.09
PAY_008509,ORD_008509,Debit Card,Successful,194.06
PAY_008510,ORD_008510,Wallet,Successful,116.86
PAY_008511,ORD_008511,Wallet,Successful,654.88
PAY_008512,ORD_008512,UPI,Successful,370.33
PAY_008513,ORD_008513,UPI,Successful,250.65
PAY_008514,ORD_008514,UPI,Successful,334.09
PAY_008515,ORD_008515,UPI,Successful,981.48
PAY_008516,ORD_008516,UPI,Successful,1169.32
PAY_008517,ORD_008517,UPI,Successful,92.93
PAY_008518,ORD_008518,Wallet,Successful,80.0
PAY_008519,ORD_008519,UPI,Successful,1375.54
PAY_008520,ORD_008520,UPI,Successful,3366.58
PAY_008521,ORD_008521,Credit Card,Successful,772.95
PAY_008522,ORD_008522,UPI,Successful,718.69
PAY_008523,ORD_008523,UPI,Successful,163.26
PAY_008524,ORD_008524,Debit Card,Successful,1101.0
PAY_008525,ORD_008525,Credit Card,Successful,609.24
PAY_008526,ORD_008526,Debit Card,Successful,182.33
PAY_008527,ORD_008527,Wallet,Successful,2641.77
PAY_008528,ORD_008528,UPI,Successful,101.57
PAY_008529,ORD_008529,Debit Card,Successful,879.26
PAY_008530,ORD_008530,UPI,Successful,1883.1
PAY_008531,ORD_008531,Wallet,Refunded,251.66
PAY_008532,ORD_008532,UPI,Successful,1087.18
PAY_008533,ORD_008533,Credit Card,Successful,393.74
PAY_008534,ORD_008534,UPI,Successful,212.73
PAY_008535,ORD_008535,UPI,Successful,188.29
PAY_008536,ORD_008536,Credit Card,Successful,2126.68
PAY_008537,ORD_008537,Credit Card,Successful,3510.61
PAY_008538,ORD_008538,UPI,Failed,266.45
PAY_008539,ORD_008539,Credit Card,Successful,162.3
PAY_008540,ORD_008540,Debit Card,Successful,164.97
PAY_008541,ORD_008541,UPI,Successful,703.63
PAY_008542,ORD_008542,UPI,Successful,1124.41
PAY_008543,ORD_008543,Wallet,Successful,660.8
PAY_008544,ORD_008544,UPI,Successful,1505.87
PAY_008545,ORD_008545,UPI,Successful,281.81
PAY_008546,ORD_008546,Debit Card,Successful,513.51
PAY_008547,ORD_008547,UPI,Successful,279.99
PAY_008548,ORD_008548,UPI,Successful,4410.59
PAY_008549,ORD_008549,Debit Card,Successful,1380.87
PAY_008550,ORD_008550,UPI,Failed,756.14
PAY_008551,ORD_008551,UPI,Successful,2103.16
PAY_008552,ORD_008552,Credit Card,Refunded,1176.33
PAY_008553,ORD_008553,UPI,Successful,259.06
PAY_008554,ORD_008554,Debit Card,Successful,445.11
PAY_008555,ORD_008555,Credit Card,Successful,83.38
PAY_008556,ORD_008556,UPI,Successful,206.96
PAY_008557,ORD_008557,UPI,Successful,355.02
PAY_008558,ORD_008558,Credit Card,Successful,177.95
PAY_008559,ORD_008559,UPI,Successful,283.41
PAY_008560,ORD_008560,Wallet,Successful,657.08
PAY_008561,ORD_008561,UPI,Successful,477.2
PAY_008562,ORD_008562,UPI,Successful,795.98
PAY_008563,ORD_008563,UPI,Successful,1427.22
PAY_008564,ORD_008564,Credit Card,Successful,134.09
PAY_008565,ORD_008565,Credit Card,Successful,429.02
PAY_008566,ORD_008566,Debit Card,Successful,349.2
PAY_008567,ORD_008567,Debit Card,Successful,1030.05
PAY_008568,ORD_008568,UPI,Successful,208.11
PAY_008569,ORD_008569,Credit Card,Successful,1971.02
PAY_008570,ORD_008570,UPI,Successful,305.96
PAY_008571,ORD_008571,Credit Card,Successful,1150.2
PAY_008572,ORD_008572,UPI,Successful,237.84
PAY_008573,ORD_008573,Debit Card,Successful,1602.04
PAY_008574,ORD_008574,UPI,Successful,237.03
PAY_008575,ORD_008575,UPI,Successful,1601.61
PAY_008576,ORD_008576,UPI,Successful,200.89
PAY_008577,ORD_008577,Debit Card,Successful,745.03
PAY_008578,ORD_008578,UPI,Successful,679.38
PAY_008579,ORD_008579,Debit Card,Successful,923.01
PAY_008580,ORD_008580,UPI,Successful,1346.5
PAY_008581,ORD_008581,UPI,Successful,96.66
PAY_008582,ORD_008582,UPI,Successful,240.95
PAY_008583,ORD_008583,Debit Card,Successful,576.02
PAY_008584,ORD_008584,UPI,Successful,142.17
PAY_008585,ORD_008585,Credit Card,Successful,513.15
PAY_008586,ORD_008586,UPI,Successful,787.52
PAY_008587,ORD_008587,UPI,Refunded,446.64
PAY_008588,ORD_008588,UPI,Successful,1652.71
PAY_008589,ORD_008589,UPI,Successful,94.54
PAY_008590,ORD_008590,UPI,Successful,445.6
PAY_008591,ORD_008591,Credit Card,Successful,3186.65
PAY_008592,ORD_008592,UPI,Successful,124.93
PAY_008593,ORD_008593,Credit Card,Successful,819.03
PAY_008594,ORD_008594,UPI,Successful,462.2
PAY_008595,ORD_008595,UPI,Successful,358.07
PAY_008596,ORD_008596,UPI,Successful,1343.14
PAY_008597,ORD_008597,Credit Card,Successful,915.13
PAY_008598,ORD_008598,UPI,Successful,817.53
PAY_008599,ORD_008599,UPI,Successful,725.99
PAY_008600,ORD_008600,Debit Card,Successful,95.11
PAY_008601,ORD_008601,Debit Card,Successful,162.48
PAY_008602,ORD_008602,Credit Card,Successful,800.83
PAY_008603,ORD_008603,UPI,Successful,262.74
PAY_008604,ORD_008604,Credit Card,Successful,300.64
PAY_008605,ORD_008605,UPI,Refunded,771.74
PAY_008606,ORD_008606,Debit Card,Successful,350.43
PAY_008607,ORD_008607,Cash,Successful,3810.39
PAY_008608,ORD_008608,UPI,Successful,1245.06
PAY_008609,ORD_008609,Debit Card,Successful,1212.44
PAY_008610,ORD_008610,UPI,Successful,582.38
PAY_008611,ORD_008611,UPI,Successful,269.01
PAY_008612,ORD_008612,Debit Card,Successful,164.18
PAY_008613,ORD_008613,Debit Card,Successful,512.14
PAY_008614,ORD_008614,Wallet,Successful,815.74
PAY_008615,ORD_008615,Wallet,Successful,369.78
PAY_008616,ORD_008616,UPI,Refunded,472.19
PAY_008617,ORD_008617,Debit Card,Successful,3291.67
PAY_008618,ORD_008618,Cash,Successful,1763.27
PAY_008619,ORD_008619,Credit Card,Successful,256.61
PAY_008620,ORD_008620,Credit Card,Successful,832.56
PAY_008621,ORD_008621,UPI,Successful,476.35
PAY_008622,ORD_008622,Cash,Successful,428.52
PAY_008623,ORD_008623,Wallet,Successful,942.88
PAY_008624,ORD_008624,UPI,Successful,1239.91
PAY_008625,ORD_008625,UPI,Successful,306.14
PAY_008626,ORD_008626,Credit Card,Successful,444.04
PAY_008627,ORD_008627,Debit Card,Successful,171.73
PAY_008628,ORD_008628,Debit Card,Successful,585.74
PAY_008629,ORD_008629,Credit Card,Successful,163.04
PAY_008630,ORD_008630,UPI,Successful,786.63
PAY_008631,ORD_008631,UPI,Successful,701.19
PAY_008632,ORD_008632,Credit Card,Successful,151.61
PAY_008633,ORD_008633,UPI,Successful,429.23
PAY_008634,ORD_008634,UPI,Successful,3119.41
PAY_008635,ORD_008635,Wallet,Successful,457.07
PAY_008636,ORD_008636,UPI,Successful,2334.63
PAY_008637,ORD_008637,Credit Card,Successful,1879.08
PAY_008638,ORD_008638,Credit Card,Successful,587.31
PAY_008639,ORD_008639,UPI,Successful,857.71
PAY_008640,ORD_008640,Wallet,Successful,315.01
PAY_008641,ORD_008641,UPI,Successful,325.13
PAY_008642,ORD_008642,UPI,Successful,1034.19
PAY_008643,ORD_008643,Wallet,Successful,632.46
PAY_008644,ORD_008644,UPI,Successful,986.17
PAY_008645,ORD_008645,Debit Card,Successful,287.22
PAY_008646,ORD_008646,Cash,Successful,94.66
PAY_008647,ORD_008647,UPI,Successful,797.12
PAY_008648,ORD_008648,Credit Card,Successful,1463.43
PAY_008649,ORD_008649,UPI,Successful,147.16
PAY_008650,ORD_008650,Debit Card,Successful,380.08
PAY_008651,ORD_008651,Wallet,Failed,404.62
PAY_008652,ORD_008652,UPI,Successful,1130.02
PAY_008653,ORD_008653,UPI,Successful,1028.61
PAY_008654,ORD_008654,Credit Card,Successful,329.82
PAY_008655,ORD_008655,Debit Card,Successful,80.0
PAY_008656,ORD_008656,UPI,Successful,281.11
PAY_008657,ORD_008657,UPI,Successful,1073.48
PAY_008658,ORD_008658,UPI,Successful,289.05
PAY_008659,ORD_008659,Debit Card,Successful,408.3
PAY_008660,ORD_008660,Credit Card,Refunded,240.6
PAY_008661,ORD_008661,UPI,Successful,657.36
PAY_008662,ORD_008662,UPI,Successful,838.92
PAY_008663,ORD_008663,Debit Card,Successful,215.16
PAY_008664,ORD_008664,UPI,Failed,934.09
PAY_008665,ORD_008665,UPI,Successful,171.2
PAY_008666,ORD_008666,Credit Card,Successful,249.4
PAY_008667,ORD_008667,UPI,Successful,419.45
PAY_008668,ORD_008668,UPI,Successful,1753.25
PAY_008669,ORD_008669,Credit Card,Successful,565.32
PAY_008670,ORD_008670,UPI,Failed,153.72
PAY_008671,ORD_008671,UPI,Successful,381.79
PAY_008672,ORD_008672,Credit Card,Successful,164.56
PAY_008673,ORD_008673,UPI,Successful,97.3
PAY_008674,ORD_008674,UPI,Successful,80.0
PAY_008675,ORD_008675,UPI,Successful,142.86
PAY_008676,ORD_008676,UPI,Successful,285.46
PAY_008677,ORD_008677,UPI,Successful,248.84
PAY_008678,ORD_008678,Debit Card,Successful,169.21
PAY_008679,ORD_008679,Debit Card,Failed,974.74
PAY_008680,ORD_008680,Wallet,Successful,545.63
PAY_008681,ORD_008681,UPI,Successful,1250.94
PAY_008682,ORD_008682,UPI,Successful,412.51
PAY_008683,ORD_008683,Credit Card,Successful,453.73
PAY_008684,ORD_008684,Wallet,Successful,3034.25
PAY_008685,ORD_008685,UPI,Successful,127.43
PAY_008686,ORD_008686,UPI,Successful,880.45
PAY_008687,ORD_008687,UPI,Successful,181.62
PAY_008688,ORD_008688,UPI,Successful,420.45
PAY_008689,ORD_008689,UPI,Successful,223.38
PAY_008690,ORD_008690,UPI,Successful,1030.54
PAY_008691,ORD_008691,UPI,Successful,765.04
PAY_008692,ORD_008692,UPI,Successful,2532.54
PAY_008693,ORD_008693,UPI,Successful,775.16
PAY_008694,ORD_008694,Debit Card,Successful,1052.02
PAY_008695,ORD_008695,UPI,Successful,894.57
PAY_008696,ORD_008696,Credit Card,Successful,1282.35
PAY_008697,ORD_008697,Credit Card,Successful,1933.43
PAY_008698,ORD_008698,UPI,Successful,407.49
PAY_008699,ORD_008699,UPI,Successful,592.55
PAY_008700,ORD_008700,Debit Card,Successful,586.93
PAY_008701,ORD_008701,UPI,Successful,461.86
PAY_008702,ORD_008702,Wallet,Successful,549.07
PAY_008703,ORD_008703,Cash,Successful,497.14
PAY_008704,ORD_008704,Wallet,Successful,1203.04
PAY_008705,ORD_008705,Credit Card,Successful,215.54
PAY_008706,ORD_008706,UPI,Successful,192.11
PAY_008707,ORD_008707,UPI,Successful,1124.12
PAY_008708,ORD_008708,Cash,Successful,152.61
PAY_008709,ORD_008709,UPI,Successful,128.29
PAY_008710,ORD_008710,UPI,Successful,1755.6
PAY_008711,ORD_008711,UPI,Failed,748.36
PAY_008712,ORD_008712,Wallet,Successful,424.92
PAY_008713,ORD_008713,UPI,Successful,533.42
PAY_008714,ORD_008714,UPI,Successful,413.78
PAY_008715,ORD_008715,Credit Card,Successful,2156.38
PAY_008716,ORD_008716,UPI,Successful,1316.68
PAY_008717,ORD_008717,Debit Card,Successful,867.23
PAY_008718,ORD_008718,UPI,Successful,402.84
PAY_008719,ORD_008719,Debit Card,Successful,340.65
PAY_008720,ORD_008720,UPI,Successful,518.3
PAY_008721,ORD_008721,Cash,Successful,300.5
PAY_008722,ORD_008722,UPI,Successful,80.0
PAY_008723,ORD_008723,UPI,Successful,462.71
PAY_008724,ORD_008724,UPI,Successful,1323.33
PAY_008725,ORD_008725,UPI,Successful,1214.13
PAY_008726,ORD_008726,Cash,Successful,1296.39
PAY_008727,ORD_008727,Debit Card,Successful,1147.61
PAY_008728,ORD_008728,Debit Card,Successful,1211.85
PAY_008729,ORD_008729,UPI,Successful,297.56
PAY_008730,ORD_008730,Wallet,Successful,118.62
PAY_008731,ORD_008731,UPI,Refunded,555.29
PAY_008732,ORD_008732,UPI,Successful,588.02
PAY_008733,ORD_008733,Debit Card,Successful,728.1
PAY_008734,ORD_008734,Debit Card,Successful,132.38
PAY_008735,ORD_008735,Debit Card,Successful,237.17
PAY_008736,ORD_008736,Wallet,Successful,154.62
PAY_008737,ORD_008737,UPI,Successful,346.54
PAY_008738,ORD_008738,UPI,Successful,105.68
PAY_008739,ORD_008739,UPI,Successful,1633.87
PAY_008740,ORD_008740,UPI,Successful,91.82
PAY_008741,ORD_008741,Wallet,Successful,377.39
PAY_008742,ORD_008742,UPI,Successful,1721.89
PAY_008743,ORD_008743,Wallet,Successful,691.4
PAY_008744,ORD_008744,UPI,Successful,1628.11
PAY_008745,ORD_008745,UPI,Successful,746.87
PAY_008746,ORD_008746,UPI,Successful,778.2
PAY_008747,ORD_008747,UPI,Successful,352.46
PAY_008748,ORD_008748,UPI,Successful,245.87
PAY_008749,ORD_008749,Credit Card,Successful,169.66
PAY_008750,ORD_008750,UPI,Successful,335.91
PAY_008751,ORD_008751,Debit Card,Successful,977.01
PAY_008752,ORD_008752,UPI,Successful,951.66
PAY_008753,ORD_008753,UPI,Successful,505.02
PAY_008754,ORD_008754,UPI,Failed,225.8
PAY_008755,ORD_008755,Wallet,Successful,381.6
PAY_008756,ORD_008756,UPI,Successful,397.68
PAY_008757,ORD_008757,Wallet,Successful,254.88
PAY_008758,ORD_008758,UPI,Successful,1261.09
PAY_008759,ORD_008759,UPI,Successful,199.96
PAY_008760,ORD_008760,UPI,Successful,80.0
PAY_008761,ORD_008761,UPI,Successful,547.25
PAY_008762,ORD_008762,UPI,Successful,446.6
PAY_008763,ORD_008763,Credit Card,Successful,889.17
PAY_008764,ORD_008764,UPI,Successful,266.67
PAY_008765,ORD_008765,UPI,Successful,162.44
PAY_008766,ORD_008766,Credit Card,Successful,215.24
PAY_008767,ORD_008767,UPI,Successful,406.39
PAY_008768,ORD_008768,Debit Card,Successful,177.69
PAY_008769,ORD_008769,Wallet,Successful,1563.21
PAY_008770,ORD_008770,UPI,Successful,905.21
PAY_008771,ORD_008771,Debit Card,Successful,818.84
PAY_008772,ORD_008772,UPI,Successful,80.0
PAY_008773,ORD_008773,Wallet,Successful,2514.06
PAY_008774,ORD_008774,UPI,Successful,488.28
PAY_008775,ORD_008775,UPI,Successful,1527.93
PAY_008776,ORD_008776,Wallet,Successful,1257.54
PAY_008777,ORD_008777,UPI,Successful,178.89
PAY_008778,ORD_008778,Debit Card,Successful,941.99
PAY_008779,ORD_008779,UPI,Refunded,477.16
PAY_008780,ORD_008780,UPI,Successful,518.01
PAY_008781,ORD_008781,Cash,Successful,895.62
PAY_008782,ORD_008782,Debit Card,Successful,599.21
PAY_008783,ORD_008783,Debit Card,Failed,365.04
PAY_008784,ORD_008784,UPI,Successful,180.66
PAY_008785,ORD_008785,UPI,Successful,402.42
PAY_008786,ORD_008786,UPI,Failed,235.51
PAY_008787,ORD_008787,Wallet,Successful,994.53
PAY_008788,ORD_008788,Debit Card,Successful,564.52
PAY_008789,ORD_008789,Debit Card,Successful,1259.31
PAY_008790,ORD_008790,UPI,Successful,384.76
PAY_008791,ORD_008791,UPI,Successful,177.02
PAY_008792,ORD_008792,UPI,Successful,1385.61
PAY_008793,ORD_008793,UPI,Failed,415.83
PAY_008794,ORD_008794,UPI,Successful,1121.81
PAY_008795,ORD_008795,Credit Card,Successful,114.31
PAY_008796,ORD_008796,Wallet,Successful,163.71
PAY_008797,ORD_008797,UPI,Failed,1409.43
PAY_008798,ORD_008798,Wallet,Successful,1298.34
PAY_008799,ORD_008799,Debit Card,Successful,80.0
PAY_008800,ORD_008800,Debit Card,Successful,598.76
PAY_008801,ORD_008801,Credit Card,Successful,279.36
PAY_008802,ORD_008802,UPI,Successful,922.22
PAY_008803,ORD_008803,UPI,Successful,1453.47
PAY_008804,ORD_008804,Debit Card,Failed,5000.0
PAY_008805,ORD_008805,Wallet,Successful,130.45
PAY_008806,ORD_008806,UPI,Successful,456.09
PAY_008807,ORD_008807,Credit Card,Successful,1069.09
PAY_008808,ORD_008808,Wallet,Successful,2485.16
PAY_008809,ORD_008809,UPI,Successful,279.23
PAY_008810,ORD_008810,Credit Card,Successful,1431.17
PAY_008811,ORD_008811,Debit Card,Successful,1571.1
PAY_008812,ORD_008812,Debit Card,Successful,503.03
PAY_008813,ORD_008813,UPI,Successful,236.53
PAY_008814,ORD_008814,UPI,Successful,781.82
PAY_008815,ORD_008815,UPI,Successful,112.89
PAY_008816,ORD_008816,Wallet,Successful,138.87
PAY_008817,ORD_008817,Wallet,Successful,409.51
PAY_008818,ORD_008818,Wallet,Successful,729.6
PAY_008819,ORD_008819,Cash,Successful,421.79
PAY_008820,ORD_008820,UPI,Successful,256.59
PAY_008821,ORD_008821,Wallet,Successful,2867.77
PAY_008822,ORD_008822,Debit Card,Successful,1042.67
PAY_008823,ORD_008823,UPI,Failed,819.02
PAY_008824,ORD_008824,Wallet,Successful,4299.94
PAY_008825,ORD_008825,UPI,Failed,1020.53
PAY_008826,ORD_008826,UPI,Refunded,2033.15
PAY_008827,ORD_008827,Credit Card,Successful,637.22
PAY_008828,ORD_008828,UPI,Refunded,198.19
PAY_008829,ORD_008829,Wallet,Successful,254.68
PAY_008830,ORD_008830,Debit Card,Successful,287.69
PAY_008831,ORD_008831,Credit Card,Successful,855.15
PAY_008832,ORD_008832,UPI,Successful,1325.88
PAY_008833,ORD_008833,UPI,Successful,152.5
PAY_008834,ORD_008834,UPI,Successful,1038.31
PAY_008835,ORD_008835,UPI,Successful,270.39
PAY_008836,ORD_008836,UPI,Successful,83.65
PAY_008837,ORD_008837,UPI,Successful,242.02
PAY_008838,ORD_008838,Debit Card,Successful,128.57
PAY_008839,ORD_008839,Wallet,Refunded,769.2
PAY_008840,ORD_008840,UPI,Successful,521.1
PAY_008841,ORD_008841,Debit Card,Successful,152.52
PAY_008842,ORD_008842,Credit Card,Successful,1073.83
PAY_008843,ORD_008843,UPI,Successful,591.24
PAY_008844,ORD_008844,UPI,Successful,516.32
PAY_008845,ORD_008845,Wallet,Successful,197.71
PAY_008846,ORD_008846,UPI,Successful,80.0
PAY_008847,ORD_008847,Debit Card,Successful,198.79
PAY_008848,ORD_008848,Debit Card,Successful,590.07
PAY_008849,ORD_008849,UPI,Successful,295.92
PAY_008850,ORD_008850,UPI,Successful,826.52
PAY_008851,ORD_008851,Credit Card,Successful,1357.3
PAY_008852,ORD_008852,Cash,Successful,241.44
PAY_008853,ORD_008853,UPI,Successful,712.49
PAY_008854,ORD_008854,Debit Card,Refunded,302.5
PAY_008855,ORD_008855,UPI,Successful,114.87
PAY_008856,ORD_008856,UPI,Successful,90.0
PAY_008857,ORD_008857,UPI,Successful,737.91
PAY_008858,ORD_008858,UPI,Successful,1163.99
PAY_008859,ORD_008859,Debit Card,Successful,1374.42
PAY_008860,ORD_008860,Credit Card,Successful,393.84
PAY_008861,ORD_008861,UPI,Successful,863.51
PAY_008862,ORD_008862,UPI,Refunded,305.95
PAY_008863,ORD_008863,Debit Card,Successful,944.37
PAY_008864,ORD_008864,Credit Card,Successful,785.21
PAY_008865,ORD_008865,UPI,Successful,546.27
PAY_008866,ORD_008866,Credit Card,Successful,775.4
PAY_008867,ORD_008867,Wallet,Successful,598.78
PAY_008868,ORD_008868,Credit Card,Successful,1026.31
PAY_008869,ORD_008869,UPI,Failed,465.36
PAY_008870,ORD_008870,Debit Card,Successful,346.56
PAY_008871,ORD_008871,Wallet,Successful,554.59
PAY_008872,ORD_008872,Credit Card,Successful,358.03
PAY_008873,ORD_008873,Credit Card,Successful,1532.27
PAY_008874,ORD_008874,Wallet,Successful,503.81
PAY_008875,ORD_008875,UPI,Successful,144.03
PAY_008876,ORD_008876,UPI,Successful,438.54
PAY_008877,ORD_008877,UPI,Successful,126.08
PAY_008878,ORD_008878,UPI,Successful,369.57
PAY_008879,ORD_008879,UPI,Successful,606.63
PAY_008880,ORD_008880,Credit Card,Successful,1247.72
PAY_008881,ORD_008881,UPI,Successful,435.51
PAY_008882,ORD_008882,UPI,Successful,204.61
PAY_008883,ORD_008883,Debit Card,Successful,435.25
PAY_008884,ORD_008884,Wallet,Successful,177.26
PAY_008885,ORD_008885,UPI,Successful,277.7
PAY_008886,ORD_008886,UPI,Successful,564.06
PAY_008887,ORD_008887,UPI,Successful,173.63
PAY_008888,ORD_008888,Credit Card,Failed,502.3
PAY_008889,ORD_008889,UPI,Successful,224.53
PAY_008890,ORD_008890,UPI,Successful,218.92
PAY_008891,ORD_008891,UPI,Successful,2779.79
PAY_008892,ORD_008892,Wallet,Successful,515.36
PAY_008893,ORD_008893,Debit Card,Successful,277.21
PAY_008894,ORD_008894,UPI,Successful,240.98
PAY_008895,ORD_008895,Debit Card,Successful,4361.93
PAY_008896,ORD_008896,UPI,Successful,2742.97
PAY_008897,ORD_008897,UPI,Failed,121.1
PAY_008898,ORD_008898,UPI,Successful,2132.17
PAY_008899,ORD_008899,UPI,Successful,839.72
PAY_008900,ORD_008900,UPI,Successful,1394.13
PAY_008901,ORD_008901,UPI,Successful,1807.1
PAY_008902,ORD_008902,UPI,Refunded,734.48
PAY_008903,ORD_008903,UPI,Refunded,131.87
PAY_008904,ORD_008904,UPI,Successful,261.21
PAY_008905,ORD_008905,Debit Card,Successful,793.69
PAY_008906,ORD_008906,Wallet,Successful,822.21
PAY_008907,ORD_008907,Credit Card,Successful,190.44
PAY_008908,ORD_008908,Wallet,Successful,119.83
PAY_008909,ORD_008909,UPI,Successful,2111.91
PAY_008910,ORD_008910,Credit Card,Successful,433.9
PAY_008911,ORD_008911,UPI,Successful,641.19
PAY_008912,ORD_008912,UPI,Refunded,636.65
PAY_008913,ORD_008913,Wallet,Successful,372.07
PAY_008914,ORD_008914,Credit Card,Successful,80.0
PAY_008915,ORD_008915,UPI,Successful,3904.64
PAY_008916,ORD_008916,UPI,Successful,501.4
PAY_008917,ORD_008917,UPI,Refunded,739.82
PAY_008918,ORD_008918,Wallet,Successful,80.0
PAY_008919,ORD_008919,UPI,Successful,1759.5
PAY_008920,ORD_008920,UPI,Successful,569.95
PAY_008921,ORD_008921,UPI,Successful,273.97
PAY_008922,ORD_008922,UPI,Successful,224.15
PAY_008923,ORD_008923,Credit Card,Successful,255.86
PAY_008924,ORD_008924,Wallet,Refunded,749.83
PAY_008925,ORD_008925,UPI,Successful,823.27
PAY_008926,ORD_008926,UPI,Successful,383.94
PAY_008927,ORD_008927,UPI,Successful,278.18
PAY_008928,ORD_008928,Cash,Refunded,585.06
PAY_008929,ORD_008929,UPI,Successful,385.57
PAY_008930,ORD_008930,UPI,Successful,641.09
PAY_008931,ORD_008931,Debit Card,Failed,729.79
PAY_008932,ORD_008932,Wallet,Successful,710.12
PAY_008933,ORD_008933,Credit Card,Successful,578.05
PAY_008934,ORD_008934,UPI,Failed,238.21
PAY_008935,ORD_008935,UPI,Successful,139.93
PAY_008936,ORD_008936,UPI,Successful,1631.64
PAY_008937,ORD_008937,Credit Card,Successful,386.48
PAY_008938,ORD_008938,Cash,Successful,1130.14
PAY_008939,ORD_008939,Credit Card,Successful,436.84
PAY_008940,ORD_008940,UPI,Successful,170.15
PAY_008941,ORD_008941,UPI,Successful,446.88
PAY_008942,ORD_008942,UPI,Successful,864.21
PAY_008943,ORD_008943,UPI,Successful,158.03
PAY_008944,ORD_008944,UPI,Successful,281.16
PAY_008945,ORD_008945,UPI,Successful,158.7
PAY_008946,ORD_008946,UPI,Successful,156.55
PAY_008947,ORD_008947,UPI,Successful,913.24
PAY_008948,ORD_008948,UPI,Successful,178.59
PAY_008949,ORD_008949,Debit Card,Successful,99.74
PAY_008950,ORD_008950,Debit Card,Successful,173.75
PAY_008951,ORD_008951,UPI,Successful,1101.99
PAY_008952,ORD_008952,UPI,Successful,1342.0
PAY_008953,ORD_008953,Debit Card,Successful,399.61
PAY_008954,ORD_008954,UPI,Successful,1022.28
PAY_008955,ORD_008955,UPI,Successful,284.71
PAY_008956,ORD_008956,UPI,Successful,945.37
PAY_008957,ORD_008957,Credit Card,Successful,105.36
PAY_008958,ORD_008958,UPI,Successful,627.65
PAY_008959,ORD_008959,Credit Card,Successful,830.94
PAY_008960,ORD_008960,UPI,Successful,3505.58
PAY_008961,ORD_008961,UPI,Successful,750.42
PAY_008962,ORD_008962,Cash,Successful,434.43
PAY_008963,ORD_008963,Debit Card,Successful,453.02
PAY_008964,ORD_008964,UPI,Successful,151.75
PAY_008965,ORD_008965,Credit Card,Successful,276.85
PAY_008966,ORD_008966,Debit Card,Successful,1788.59
PAY_008967,ORD_008967,UPI,Failed,246.6
PAY_008968,ORD_008968,Credit Card,Successful,718.77
PAY_008969,ORD_008969,Debit Card,Successful,1999.81
PAY_008970,ORD_008970,UPI,Successful,3000.59
PAY_008971,ORD_008971,Debit Card,Successful,852.27
PAY_008972,ORD_008972,Debit Card,Successful,80.0
PAY_008973,ORD_008973,UPI,Successful,517.03
PAY_008974,ORD_008974,UPI,Successful,1266.97
PAY_008975,ORD_008975,Debit Card,Successful,80.0
PAY_008976,ORD_008976,Credit Card,Successful,376.51
PAY_008977,ORD_008977,UPI,Successful,1102.81
PAY_008978,ORD_008978,UPI,Successful,222.9
PAY_008979,ORD_008979,UPI,Failed,204.07
PAY_008980,ORD_008980,UPI,Successful,431.38
PAY_008981,ORD_008981,UPI,Successful,1948.01
PAY_008982,ORD_008982,UPI,Successful,615.43
PAY_008983,ORD_008983,Debit Card,Successful,241.33
PAY_008984,ORD_008984,Cash,Successful,497.77
PAY_008985,ORD_008985,UPI,Refunded,415.84
PAY_008986,ORD_008986,Cash,Successful,821.67
PAY_008987,ORD_008987,UPI,Failed,631.75
PAY_008988,ORD_008988,UPI,Successful,318.87
PAY_008989,ORD_008989,Wallet,Refunded,446.77
PAY_008990,ORD_008990,Cash,Refunded,162.59
PAY_008991,ORD_008991,UPI,Successful,5000.0
PAY_008992,ORD_008992,Wallet,Successful,853.31
PAY_008993,ORD_008993,UPI,Successful,213.66
PAY_008994,ORD_008994,Credit Card,Successful,1941.6
PAY_008995,ORD_008995,Wallet,Refunded,929.95
PAY_008996,ORD_008996,UPI,Refunded,596.97
PAY_008997,ORD_008997,UPI,Successful,1782.7
PAY_008998,ORD_008998,Wallet,Successful,215.79
PAY_008999,ORD_008999,Debit Card,Successful,98.75
PAY_009000,ORD_009000,UPI,Successful,152.77
PAY_009001,ORD_009001,UPI,Successful,1315.61
PAY_009002,ORD_009002,Debit Card,Successful,348.29
PAY_009003,ORD_009003,UPI,Successful,1938.73
PAY_009004,ORD_009004,Wallet,Successful,617.64
PAY_009005,ORD_009005,UPI,Successful,218.99
PAY_009006,ORD_009006,Debit Card,Refunded,879.0
PAY_009007,ORD_009007,Wallet,Successful,213.61
PAY_009008,ORD_009008,UPI,Successful,113.74
PAY_009009,ORD_009009,Debit Card,Successful,3475.72
PAY_009010,ORD_009010,UPI,Successful,523.57
PAY_009011,ORD_009011,UPI,Successful,114.63
PAY_009012,ORD_009012,UPI,Successful,1457.69
PAY_009013,ORD_009013,Credit Card,Successful,826.06
PAY_009014,ORD_009014,Credit Card,Successful,465.49
PAY_009015,ORD_009015,UPI,Successful,80.0
PAY_009016,ORD_009016,Wallet,Successful,107.53
PAY_009017,ORD_009017,UPI,Successful,1446.76
PAY_009018,ORD_009018,Debit Card,Refunded,382.13
PAY_009019,ORD_009019,Debit Card,Successful,514.94
PAY_009020,ORD_009020,UPI,Successful,861.63
PAY_009021,ORD_009021,UPI,Successful,296.11
PAY_009022,ORD_009022,Credit Card,Successful,133.24
PAY_009023,ORD_009023,Debit Card,Successful,606.08
PAY_009024,ORD_009024,Wallet,Successful,150.05
PAY_009025,ORD_009025,Cash,Successful,344.01
PAY_009026,ORD_009026,UPI,Successful,2353.25
PAY_009027,ORD_009027,Credit Card,Successful,80.0
PAY_009028,ORD_009028,Debit Card,Successful,396.91
PAY_009029,ORD_009029,UPI,Successful,429.03
PAY_009030,ORD_009030,UPI,Successful,717.92
PAY_009031,ORD_009031,Debit Card,Successful,80.0
PAY_009032,ORD_009032,UPI,Successful,770.95
PAY_009033,ORD_009033,UPI,Successful,445.94
PAY_009034,ORD_009034,UPI,Successful,723.22
PAY_009035,ORD_009035,UPI,Refunded,1598.83
PAY_009036,ORD_009036,UPI,Successful,2161.24
PAY_009037,ORD_009037,Credit Card,Successful,440.33
PAY_009038,ORD_009038,Debit Card,Successful,701.07
PAY_009039,ORD_009039,UPI,Successful,951.35
PAY_009040,ORD_009040,Cash,Successful,473.86
PAY_009041,ORD_009041,UPI,Successful,1272.42
PAY_009042,ORD_009042,UPI,Successful,545.17
PAY_009043,ORD_009043,UPI,Successful,816.26
PAY_009044,ORD_009044,Debit Card,Successful,501.22
PAY_009045,ORD_009045,Debit Card,Failed,325.96
PAY_009046,ORD_009046,Credit Card,Successful,1612.63
PAY_009047,ORD_009047,UPI,Successful,310.26
PAY_009048,ORD_009048,Wallet,Successful,488.59
PAY_009049,ORD_009049,UPI,Successful,165.43
PAY_009050,ORD_009050,Credit Card,Successful,474.61
PAY_009051,ORD_009051,Debit Card,Successful,569.51
PAY_009052,ORD_009052,Wallet,Successful,208.2
PAY_009053,ORD_009053,UPI,Successful,484.32
PAY_009054,ORD_009054,UPI,Successful,1640.77
PAY_009055,ORD_009055,Wallet,Successful,1070.99
PAY_009056,ORD_009056,UPI,Refunded,585.25
PAY_009057,ORD_009057,Credit Card,Successful,494.83
PAY_009058,ORD_009058,Debit Card,Successful,885.31
PAY_009059,ORD_009059,UPI,Successful,404.98
PAY_009060,ORD_009060,Cash,Successful,1738.75
PAY_009061,ORD_009061,UPI,Successful,292.73
PAY_009062,ORD_009062,UPI,Successful,703.65
PAY_009063,ORD_009063,UPI,Successful,547.14
PAY_009064,ORD_009064,UPI,Successful,501.48
PAY_009065,ORD_009065,UPI,Successful,471.89
PAY_009066,ORD_009066,UPI,Successful,2999.91
PAY_009067,ORD_009067,Debit Card,Successful,389.44
PAY_009068,ORD_009068,Credit Card,Successful,1607.72
PAY_009069,ORD_009069,Debit Card,Successful,234.4
PAY_009070,ORD_009070,Credit Card,Successful,508.79
PAY_009071,ORD_009071,Credit Card,Successful,852.54
PAY_009072,ORD_009072,UPI,Successful,157.09
PAY_009073,ORD_009073,Debit Card,Successful,438.73
PAY_009074,ORD_009074,Credit Card,Successful,238.59
PAY_009075,ORD_009075,Debit Card,Successful,898.54
PAY_009076,ORD_009076,UPI,Successful,262.92
PAY_009077,ORD_009077,UPI,Successful,506.1
PAY_009078,ORD_009078,UPI,Successful,319.12
PAY_009079,ORD_009079,Credit Card,Successful,884.25
PAY_009080,ORD_009080,UPI,Successful,80.0
PAY_009081,ORD_009081,Debit Card,Refunded,844.72
PAY_009082,ORD_009082,Debit Card,Refunded,379.7
PAY_009083,ORD_009083,Debit Card,Successful,144.71
PAY_009084,ORD_009084,Credit Card,Successful,121.03
PAY_009085,ORD_009085,UPI,Successful,1080.99
PAY_009086,ORD_009086,UPI,Successful,631.39
PAY_009087,ORD_009087,Debit Card,Successful,231.66
PAY_009088,ORD_009088,Credit Card,Successful,477.01
PAY_009089,ORD_009089,Credit Card,Failed,139.49
PAY_009090,ORD_009090,Debit Card,Successful,943.51
PAY_009091,ORD_009091,UPI,Refunded,579.13
PAY_009092,ORD_009092,Credit Card,Successful,337.35
PAY_009093,ORD_009093,UPI,Successful,796.28
PAY_009094,ORD_009094,Credit Card,Successful,140.19
PAY_009095,ORD_009095,Credit Card,Successful,354.3
PAY_009096,ORD_009096,UPI,Successful,986.63
PAY_009097,ORD_009097,Credit Card,Successful,192.83
PAY_009098,ORD_009098,Credit Card,Successful,1203.41
PAY_009099,ORD_009099,UPI,Successful,846.09
PAY_009100,ORD_009100,Credit Card,Successful,175.99
PAY_009101,ORD_009101,UPI,Successful,247.45
PAY_009102,ORD_009102,Wallet,Successful,503.73
PAY_009103,ORD_009103,Credit Card,Successful,345.13
PAY_009104,ORD_009104,UPI,Successful,695.6
PAY_009105,ORD_009105,Wallet,Successful,1014.37
PAY_009106,ORD_009106,Debit Card,Refunded,341.27
PAY_009107,ORD_009107,UPI,Successful,205.7
PAY_009108,ORD_009108,UPI,Successful,723.82
PAY_009109,ORD_009109,UPI,Successful,657.44
PAY_009110,ORD_009110,Credit Card,Successful,1725.65
PAY_009111,ORD_009111,UPI,Successful,171.29
PAY_009112,ORD_009112,Wallet,Successful,1081.61
PAY_009113,ORD_009113,UPI,Successful,195.42
PAY_009114,ORD_009114,UPI,Successful,410.37
PAY_009115,ORD_009115,UPI,Successful,212.07
PAY_009116,ORD_009116,Credit Card,Successful,759.62
PAY_009117,ORD_009117,UPI,Successful,283.01
PAY_009118,ORD_009118,UPI,Successful,588.06
PAY_009119,ORD_009119,UPI,Successful,841.0
PAY_009120,ORD_009120,UPI,Refunded,388.69
PAY_009121,ORD_009121,Debit Card,Successful,398.93
PAY_009122,ORD_009122,UPI,Successful,341.52
PAY_009123,ORD_009123,Wallet,Successful,264.57
PAY_009124,ORD_009124,UPI,Successful,789.45
PAY_009125,ORD_009125,UPI,Successful,1572.85
PAY_009126,ORD_009126,Cash,Successful,164.37
PAY_009127,ORD_009127,Credit Card,Successful,1143.59
PAY_009128,ORD_009128,Cash,Successful,1976.72
PAY_009129,ORD_009129,UPI,Refunded,80.0
PAY_009130,ORD_009130,Wallet,Successful,2038.12
PAY_009131,ORD_009131,Credit Card,Successful,227.92
PAY_009132,ORD_009132,UPI,Successful,1856.05
PAY_009133,ORD_009133,Debit Card,Successful,2123.75
PAY_009134,ORD_009134,UPI,Successful,106.92
PAY_009135,ORD_009135,UPI,Successful,208.9
PAY_009136,ORD_009136,Wallet,Successful,474.76
PAY_009137,ORD_009137,UPI,Successful,3265.33
PAY_009138,ORD_009138,UPI,Successful,419.43
PAY_009139,ORD_009139,UPI,Successful,485.18
PAY_009140,ORD_009140,UPI,Successful,300.77
PAY_009141,ORD_009141,UPI,Successful,2632.88
PAY_009142,ORD_009142,Credit Card,Successful,4016.58
PAY_009143,ORD_009143,UPI,Successful,1122.78
PAY_009144,ORD_009144,Debit Card,Successful,1131.02
PAY_009145,ORD_009145,Wallet,Successful,510.46
PAY_009146,ORD_009146,Credit Card,Successful,156.3
PAY_009147,ORD_009147,UPI,Successful,284.47
PAY_009148,ORD_009148,UPI,Successful,239.64
PAY_009149,ORD_009149,UPI,Successful,1901.52
PAY_009150,ORD_009150,Wallet,Successful,471.2
PAY_009151,ORD_009151,UPI,Successful,326.4
PAY_009152,ORD_009152,UPI,Successful,274.19
PAY_009153,ORD_009153,Wallet,Successful,516.81
PAY_009154,ORD_009154,UPI,Successful,468.49
PAY_009155,ORD_009155,UPI,Refunded,1370.18
PAY_009156,ORD_009156,Cash,Successful,480.86
PAY_009157,ORD_009157,UPI,Successful,900.6
PAY_009158,ORD_009158,UPI,Successful,1831.23
PAY_009159,ORD_009159,Credit Card,Successful,345.53
PAY_009160,ORD_009160,UPI,Successful,237.75
PAY_009161,ORD_009161,UPI,Successful,475.82
PAY_009162,ORD_009162,UPI,Successful,292.57
PAY_009163,ORD_009163,UPI,Successful,80.0
PAY_009164,ORD_009164,Debit Card,Successful,3159.18
PAY_009165,ORD_009165,UPI,Successful,2683.58
PAY_009166,ORD_009166,Credit Card,Successful,555.29
PAY_009167,ORD_009167,UPI,Successful,80.0
PAY_009168,ORD_009168,UPI,Successful,2958.16
PAY_009169,ORD_009169,Debit Card,Successful,1118.33
PAY_009170,ORD_009170,UPI,Successful,277.74
PAY_009171,ORD_009171,UPI,Successful,844.31
PAY_009172,ORD_009172,Cash,Successful,626.27
PAY_009173,ORD_009173,UPI,Successful,2086.93
PAY_009174,ORD_009174,Credit Card,Successful,1089.58
PAY_009175,ORD_009175,UPI,Successful,916.04
PAY_009176,ORD_009176,Wallet,Successful,311.3
PAY_009177,ORD_009177,Credit Card,Successful,967.12
PAY_009178,ORD_009178,Debit Card,Successful,879.0
PAY_009179,ORD_009179,Debit Card,Successful,1203.83
PAY_009180,ORD_009180,UPI,Successful,209.24
PAY_009181,ORD_009181,Debit Card,Successful,550.29
PAY_009182,ORD_009182,UPI,Successful,1803.25
PAY_009183,ORD_009183,UPI,Successful,2622.33
PAY_009184,ORD_009184,UPI,Successful,384.89
PAY_009185,ORD_009185,Credit Card,Successful,4484.82
PAY_009186,ORD_009186,Credit Card,Successful,106.02
PAY_009187,ORD_009187,UPI,Successful,552.11
PAY_009188,ORD_009188,Debit Card,Refunded,2680.11
PAY_009189,ORD_009189,Debit Card,Refunded,391.06
PAY_009190,ORD_009190,UPI,Successful,793.6
PAY_009191,ORD_009191,UPI,Successful,288.31
PAY_009192,ORD_009192,Debit Card,Successful,176.18
PAY_009193,ORD_009193,Credit Card,Successful,443.71
PAY_009194,ORD_009194,UPI,Successful,623.52
PAY_009195,ORD_009195,UPI,Successful,640.06
PAY_009196,ORD_009196,Credit Card,Successful,80.0
PAY_009197,ORD_009197,UPI,Successful,297.49
PAY_009198,ORD_009198,UPI,Successful,359.0
PAY_009199,ORD_009199,UPI,Successful,2527.08
PAY_009200,ORD_009200,UPI,Failed,170.44
PAY_009201,ORD_009201,Credit Card,Successful,1167.55
PAY_009202,ORD_009202,UPI,Successful,814.99
PAY_009203,ORD_009203,UPI,Successful,199.12
PAY_009204,ORD_009204,Debit Card,Successful,159.5
PAY_009205,ORD_009205,UPI,Refunded,871.32
PAY_009206,ORD_009206,UPI,Successful,563.49
PAY_009207,ORD_009207,UPI,Failed,3470.6
PAY_009208,ORD_009208,Credit Card,Successful,779.15
PAY_009209,ORD_009209,Debit Card,Successful,80.0
PAY_009210,ORD_009210,UPI,Successful,464.87
PAY_009211,ORD_009211,UPI,Successful,196.86
PAY_009212,ORD_009212,Wallet,Refunded,401.51
PAY_009213,ORD_009213,UPI,Successful,702.84
PAY_009214,ORD_009214,UPI,Successful,237.06
PAY_009215,ORD_009215,UPI,Successful,388.92
PAY_009216,ORD_009216,UPI,Successful,133.83
PAY_009217,ORD_009217,UPI,Successful,3792.8
PAY_009218,ORD_009218,UPI,Successful,765.61
PAY_009219,ORD_009219,Credit Card,Successful,1045.35
PAY_009220,ORD_009220,Credit Card,Successful,862.49
PAY_009221,ORD_009221,Credit Card,Successful,183.06
PAY_009222,ORD_009222,UPI,Failed,1735.74
PAY_009223,ORD_009223,UPI,Successful,2497.71
PAY_009224,ORD_009224,Credit Card,Successful,305.36
PAY_009225,ORD_009225,UPI,Successful,365.11
PAY_009226,ORD_009226,Credit Card,Successful,1804.87
PAY_009227,ORD_009227,Wallet,Successful,1092.41
PAY_009228,ORD_009228,Credit Card,Successful,531.91
PAY_009229,ORD_009229,Debit Card,Successful,164.07
PAY_009230,ORD_009230,Debit Card,Successful,702.27
PAY_009231,ORD_009231,Cash,Successful,683.93
PAY_009232,ORD_009232,Credit Card,Successful,2175.69
PAY_009233,ORD_009233,UPI,Successful,198.73
PAY_009234,ORD_009234,UPI,Successful,1328.94
PAY_009235,ORD_009235,Debit Card,Successful,1016.0
PAY_009236,ORD_009236,Cash,Successful,645.22
PAY_009237,ORD_009237,UPI,Successful,2342.67
PAY_009238,ORD_009238,Credit Card,Failed,80.0
PAY_009239,ORD_009239,UPI,Successful,327.77
PAY_009240,ORD_009240,Credit Card,Successful,190.74
PAY_009241,ORD_009241,UPI,Successful,473.48
PAY_009242,ORD_009242,UPI,Successful,788.43
PAY_009243,ORD_009243,UPI,Successful,621.76
PAY_009244,ORD_009244,Cash,Successful,246.48
PAY_009245,ORD_009245,UPI,Successful,80.0
PAY_009246,ORD_009246,Cash,Failed,211.73
PAY_009247,ORD_009247,UPI,Successful,937.15
PAY_009248,ORD_009248,UPI,Successful,343.88
PAY_009249,ORD_009249,Debit Card,Successful,515.16
PAY_009250,ORD_009250,Credit Card,Successful,671.51
PAY_009251,ORD_009251,UPI,Successful,995.99
PAY_009252,ORD_009252,UPI,Successful,110.28
PAY_009253,ORD_009253,UPI,Successful,298.19
PAY_009254,ORD_009254,Cash,Successful,845.34
PAY_009255,ORD_009255,UPI,Successful,649.63
PAY_009256,ORD_009256,UPI,Successful,3181.31
PAY_009257,ORD_009257,Credit Card,Successful,578.1
PAY_009258,ORD_009258,Credit Card,Successful,451.0
PAY_009259,ORD_009259,Debit Card,Successful,120.78
PAY_009260,ORD_009260,UPI,Successful,89.21
PAY_009261,ORD_009261,UPI,Successful,166.83
PAY_009262,ORD_009262,Wallet,Successful,622.22
PAY_009263,ORD_009263,UPI,Successful,238.99
PAY_009264,ORD_009264,UPI,Successful,2220.49
PAY_009265,ORD_009265,UPI,Successful,237.43
PAY_009266,ORD_009266,UPI,Successful,351.41
PAY_009267,ORD_009267,UPI,Successful,383.57
PAY_009268,ORD_009268,Wallet,Successful,804.15
PAY_009269,ORD_009269,UPI,Successful,533.95
PAY_009270,ORD_009270,UPI,Successful,590.23
PAY_009271,ORD_009271,UPI,Successful,227.84
PAY_009272,ORD_009272,Credit Card,Successful,1941.38
PAY_009273,ORD_009273,Credit Card,Refunded,1305.09
PAY_009274,ORD_009274,UPI,Successful,749.41
PAY_009275,ORD_009275,Cash,Successful,80.0
PAY_009276,ORD_009276,Credit Card,Successful,245.38
PAY_009277,ORD_009277,Debit Card,Successful,214.06
PAY_009278,ORD_009278,Debit Card,Successful,2317.88
PAY_009279,ORD_009279,Debit Card,Successful,986.09
PAY_009280,ORD_009280,UPI,Successful,287.37
PAY_009281,ORD_009281,Wallet,Successful,161.17
PAY_009282,ORD_009282,Wallet,Failed,327.64
PAY_009283,ORD_009283,Credit Card,Successful,267.02
PAY_009284,ORD_009284,UPI,Successful,395.32
PAY_009285,ORD_009285,Credit Card,Successful,375.14
PAY_009286,ORD_009286,UPI,Successful,278.35
PAY_009287,ORD_009287,Debit Card,Successful,845.29
PAY_009288,ORD_009288,UPI,Successful,275.12
PAY_009289,ORD_009289,Credit Card,Refunded,616.02
PAY_009290,ORD_009290,UPI,Successful,2081.32
PAY_009291,ORD_009291,Debit Card,Successful,481.08
PAY_009292,ORD_009292,Debit Card,Successful,2354.02
PAY_009293,ORD_009293,Wallet,Successful,452.44
PAY_009294,ORD_009294,UPI,Successful,2149.96
PAY_009295,ORD_009295,Wallet,Successful,250.68
PAY_009296,ORD_009296,UPI,Refunded,230.16
PAY_009297,ORD_009297,Wallet,Successful,108.67
PAY_009298,ORD_009298,UPI,Successful,727.59
PAY_009299,ORD_009299,Debit Card,Successful,767.8
PAY_009300,ORD_009300,Debit Card,Refunded,451.39
PAY_009301,ORD_009301,UPI,Successful,178.16
PAY_009302,ORD_009302,UPI,Successful,795.33
PAY_009303,ORD_009303,Credit Card,Successful,968.03
PAY_009304,ORD_009304,UPI,Successful,631.95
PAY_009305,ORD_009305,UPI,Successful,1544.89
PAY_009306,ORD_009306,UPI,Successful,1359.14
PAY_009307,ORD_009307,Credit Card,Successful,3672.08
PAY_009308,ORD_009308,Wallet,Successful,1254.41
PAY_009309,ORD_009309,UPI,Successful,672.37
PAY_009310,ORD_009310,UPI,Successful,1263.68
PAY_009311,ORD_009311,Debit Card,Successful,92.76
PAY_009312,ORD_009312,Debit Card,Successful,147.03
PAY_009313,ORD_009313,Wallet,Refunded,427.36
PAY_009314,ORD_009314,Credit Card,Successful,519.84
PAY_009315,ORD_009315,UPI,Successful,743.07
PAY_009316,ORD_009316,UPI,Successful,491.92
PAY_009317,ORD_009317,Wallet,Successful,1288.11
PAY_009318,ORD_009318,Credit Card,Successful,232.8
PAY_009319,ORD_009319,UPI,Successful,80.0
PAY_009320,ORD_009320,Credit Card,Refunded,701.7
PAY_009321,ORD_009321,Wallet,Successful,386.88
PAY_009322,ORD_009322,UPI,Successful,349.29
PAY_009323,ORD_009323,Debit Card,Successful,2955.65
PAY_009324,ORD_009324,Credit Card,Successful,1016.79
PAY_009325,ORD_009325,Credit Card,Successful,458.21
PAY_009326,ORD_009326,Debit Card,Successful,511.97
PAY_009327,ORD_009327,UPI,Successful,256.68
PAY_009328,ORD_009328,Cash,Successful,80.0
PAY_009329,ORD_009329,UPI,Successful,2469.34
PAY_009330,ORD_009330,Credit Card,Successful,269.22
PAY_009331,ORD_009331,Credit Card,Successful,2648.93
PAY_009332,ORD_009332,UPI,Successful,645.86
PAY_009333,ORD_009333,UPI,Successful,571.96
PAY_009334,ORD_009334,Credit Card,Successful,1121.01
PAY_009335,ORD_009335,UPI,Successful,84.64
PAY_009336,ORD_009336,Debit Card,Successful,85.97
PAY_009337,ORD_009337,Debit Card,Successful,1270.65
PAY_009338,ORD_009338,Wallet,Failed,387.77
PAY_009339,ORD_009339,UPI,Successful,80.11
PAY_009340,ORD_009340,UPI,Successful,3255.71
PAY_009341,ORD_009341,UPI,Successful,914.99
PAY_009342,ORD_009342,UPI,Successful,649.84
PAY_009343,ORD_009343,Credit Card,Successful,1117.21
PAY_009344,ORD_009344,UPI,Successful,496.45
PAY_009345,ORD_009345,UPI,Successful,780.13
PAY_009346,ORD_009346,Credit Card,Successful,85.21
PAY_009347,ORD_009347,UPI,Successful,928.81
PAY_009348,ORD_009348,UPI,Successful,333.27
PAY_009349,ORD_009349,UPI,Successful,525.41
PAY_009350,ORD_009350,UPI,Successful,218.82
PAY_009351,ORD_009351,UPI,Successful,1272.61
PAY_009352,ORD_009352,Credit Card,Successful,958.66
PAY_009353,ORD_009353,Debit Card,Failed,3056.97
PAY_009354,ORD_009354,UPI,Successful,137.96
PAY_009355,ORD_009355,UPI,Successful,243.17
PAY_009356,ORD_009356,UPI,Successful,927.05
PAY_009357,ORD_009357,Debit Card,Successful,920.87
PAY_009358,ORD_009358,Wallet,Successful,3332.05
PAY_009359,ORD_009359,Wallet,Successful,842.79
PAY_009360,ORD_009360,UPI,Successful,288.2
PAY_009361,ORD_009361,UPI,Successful,116.81
PAY_009362,ORD_009362,UPI,Successful,1323.01
PAY_009363,ORD_009363,Wallet,Successful,578.67
PAY_009364,ORD_009364,Debit Card,Successful,3829.57
PAY_009365,ORD_009365,Credit Card,Successful,1776.43
PAY_009366,ORD_009366,UPI,Successful,2465.28
PAY_009367,ORD_009367,UPI,Successful,526.71
PAY_009368,ORD_009368,Wallet,Successful,327.17
PAY_009369,ORD_009369,UPI,Successful,878.87
PAY_009370,ORD_009370,Debit Card,Successful,882.99
PAY_009371,ORD_009371,UPI,Successful,1514.34
PAY_009372,ORD_009372,Debit Card,Successful,530.21
PAY_009373,ORD_009373,UPI,Successful,1599.43
PAY_009374,ORD_009374,UPI,Successful,2418.58
PAY_009375,ORD_009375,Credit Card,Successful,809.14
PAY_009376,ORD_009376,UPI,Successful,261.79
PAY_009377,ORD_009377,UPI,Successful,5000.0
PAY_009378,ORD_009378,UPI,Successful,1645.16
PAY_009379,ORD_009379,Cash,Successful,909.17
PAY_009380,ORD_009380,Debit Card,Refunded,80.0
PAY_009381,ORD_009381,UPI,Successful,278.59
PAY_009382,ORD_009382,Credit Card,Successful,1102.5
PAY_009383,ORD_009383,Credit Card,Successful,827.66
PAY_009384,ORD_009384,UPI,Successful,923.5
PAY_009385,ORD_009385,UPI,Successful,315.95
PAY_009386,ORD_009386,UPI,Successful,1277.21
PAY_009387,ORD_009387,UPI,Successful,237.3
PAY_009388,ORD_009388,UPI,Successful,755.04
PAY_009389,ORD_009389,Credit Card,Successful,709.37
PAY_009390,ORD_009390,UPI,Successful,4138.42
PAY_009391,ORD_009391,UPI,Failed,195.49
PAY_009392,ORD_009392,Wallet,Successful,217.13
PAY_009393,ORD_009393,UPI,Successful,1772.05
PAY_009394,ORD_009394,Debit Card,Successful,162.88
PAY_009395,ORD_009395,Wallet,Successful,204.5
PAY_009396,ORD_009396,Wallet,Successful,588.92
PAY_009397,ORD_009397,Debit Card,Successful,648.26
PAY_009398,ORD_009398,UPI,Successful,869.5
PAY_009399,ORD_009399,UPI,Successful,418.31
PAY_009400,ORD_009400,UPI,Successful,2232.74
PAY_009401,ORD_009401,UPI,Successful,929.89
PAY_009402,ORD_009402,UPI,Successful,381.16
PAY_009403,ORD_009403,Cash,Successful,389.47
PAY_009404,ORD_009404,Wallet,Failed,1135.34
PAY_009405,ORD_009405,Debit Card,Successful,315.37
PAY_009406,ORD_009406,UPI,Successful,517.48
PAY_009407,ORD_009407,Wallet,Successful,550.54
PAY_009408,ORD_009408,UPI,Successful,199.38
PAY_009409,ORD_009409,Wallet,Successful,3685.89
PAY_009410,ORD_009410,Debit Card,Successful,134.99
PAY_009411,ORD_009411,Debit Card,Successful,80.0
PAY_009412,ORD_009412,Cash,Successful,256.21
PAY_009413,ORD_009413,UPI,Successful,152.95
PAY_009414,ORD_009414,UPI,Successful,370.86
PAY_009415,ORD_009415,Wallet,Successful,223.12
PAY_009416,ORD_009416,Debit Card,Successful,257.31
PAY_009417,ORD_009417,Credit Card,Successful,1150.84
PAY_009418,ORD_009418,UPI,Successful,290.85
PAY_009419,ORD_009419,Credit Card,Successful,433.29
PAY_009420,ORD_009420,UPI,Successful,696.02
PAY_009421,ORD_009421,UPI,Successful,318.91
PAY_009422,ORD_009422,UPI,Successful,166.93
PAY_009423,ORD_009423,UPI,Failed,740.15
PAY_009424,ORD_009424,UPI,Successful,216.33
PAY_009425,ORD_009425,UPI,Successful,613.5
PAY_009426,ORD_009426,Wallet,Successful,195.4
PAY_009427,ORD_009427,Credit Card,Successful,216.45
PAY_009428,ORD_009428,UPI,Successful,337.86
PAY_009429,ORD_009429,Wallet,Successful,1179.31
PAY_009430,ORD_009430,Credit Card,Successful,380.23
PAY_009431,ORD_009431,Credit Card,Successful,296.94
PAY_009432,ORD_009432,Debit Card,Successful,177.12
PAY_009433,ORD_009433,Credit Card,Successful,435.69
PAY_009434,ORD_009434,UPI,Successful,662.97
PAY_009435,ORD_009435,UPI,Successful,529.61
PAY_009436,ORD_009436,UPI,Successful,186.76
PAY_009437,ORD_009437,UPI,Successful,154.51
PAY_009438,ORD_009438,Debit Card,Successful,182.0
PAY_009439,ORD_009439,UPI,Successful,177.02
PAY_009440,ORD_009440,UPI,Successful,440.03
PAY_009441,ORD_009441,Credit Card,Failed,804.15
PAY_009442,ORD_009442,UPI,Successful,372.03
PAY_009443,ORD_009443,Credit Card,Successful,272.98
PAY_009444,ORD_009444,Credit Card,Successful,460.78
PAY_009445,ORD_009445,UPI,Successful,228.8
PAY_009446,ORD_009446,UPI,Successful,1060.26
PAY_009447,ORD_009447,UPI,Successful,262.62
PAY_009448,ORD_009448,UPI,Successful,195.44
PAY_009449,ORD_009449,UPI,Successful,215.55
PAY_009450,ORD_009450,UPI,Successful,80.0
PAY_009451,ORD_009451,UPI,Successful,336.88
PAY_009452,ORD_009452,UPI,Successful,732.94
PAY_009453,ORD_009453,UPI,Successful,445.26
PAY_009454,ORD_009454,UPI,Successful,593.47
PAY_009455,ORD_009455,UPI,Successful,626.28
PAY_009456,ORD_009456,Debit Card,Successful,2549.57
PAY_009457,ORD_009457,UPI,Successful,970.93
PAY_009458,ORD_009458,UPI,Refunded,480.59
PAY_009459,ORD_009459,UPI,Successful,181.35
PAY_009460,ORD_009460,UPI,Refunded,291.12
PAY_009461,ORD_009461,Credit Card,Successful,144.07
PAY_009462,ORD_009462,Credit Card,Successful,1228.45
PAY_009463,ORD_009463,UPI,Successful,538.16
PAY_009464,ORD_009464,UPI,Successful,264.33
PAY_009465,ORD_009465,Debit Card,Successful,170.11
PAY_009466,ORD_009466,UPI,Successful,2033.1
PAY_009467,ORD_009467,Credit Card,Successful,1077.88
PAY_009468,ORD_009468,Wallet,Successful,313.61
PAY_009469,ORD_009469,Credit Card,Successful,367.81
PAY_009470,ORD_009470,Wallet,Successful,80.0
PAY_009471,ORD_009471,UPI,Failed,304.21
PAY_009472,ORD_009472,UPI,Successful,218.37
PAY_009473,ORD_009473,Credit Card,Successful,742.09
PAY_009474,ORD_009474,UPI,Successful,773.63
PAY_009475,ORD_009475,Credit Card,Successful,242.03
PAY_009476,ORD_009476,UPI,Successful,880.65
PAY_009477,ORD_009477,Credit Card,Successful,1037.36
PAY_009478,ORD_009478,Debit Card,Successful,247.1
PAY_009479,ORD_009479,UPI,Successful,534.38
PAY_009480,ORD_009480,UPI,Successful,609.12
PAY_009481,ORD_009481,UPI,Successful,80.0
PAY_009482,ORD_009482,Debit Card,Successful,655.57
PAY_009483,ORD_009483,Credit Card,Successful,1337.76
PAY_009484,ORD_009484,Wallet,Successful,1351.8
PAY_009485,ORD_009485,UPI,Failed,4199.38
PAY_009486,ORD_009486,UPI,Successful,231.46
PAY_009487,ORD_009487,UPI,Successful,974.72
PAY_009488,ORD_009488,Debit Card,Successful,957.12
PAY_009489,ORD_009489,UPI,Successful,1022.36
PAY_009490,ORD_009490,Debit Card,Successful,568.67
PAY_009491,ORD_009491,Debit Card,Successful,450.31
PAY_009492,ORD_009492,UPI,Successful,80.0
PAY_009493,ORD_009493,Credit Card,Successful,1043.51
PAY_009494,ORD_009494,UPI,Successful,321.73
PAY_009495,ORD_009495,UPI,Successful,793.39
PAY_009496,ORD_009496,Credit Card,Successful,101.6
PAY_009497,ORD_009497,UPI,Failed,170.3
PAY_009498,ORD_009498,UPI,Successful,1764.33
PAY_009499,ORD_009499,UPI,Successful,2444.56
PAY_009500,ORD_009500,Credit Card,Successful,780.61
PAY_009501,ORD_009501,UPI,Successful,359.34
PAY_009502,ORD_009502,Debit Card,Successful,287.21
PAY_009503,ORD_009503,UPI,Successful,307.31
PAY_009504,ORD_009504,Credit Card,Successful,358.71
PAY_009505,ORD_009505,UPI,Successful,708.85
PAY_009506,ORD_009506,Credit Card,Failed,169.74
PAY_009507,ORD_009507,Wallet,Successful,112.97
PAY_009508,ORD_009508,Cash,Successful,340.27
PAY_009509,ORD_009509,UPI,Successful,586.03
PAY_009510,ORD_009510,UPI,Successful,418.39
PAY_009511,ORD_009511,Wallet,Successful,264.41
PAY_009512,ORD_009512,Debit Card,Successful,138.6
PAY_009513,ORD_009513,UPI,Successful,1494.41
PAY_009514,ORD_009514,UPI,Successful,817.88
PAY_009515,ORD_009515,UPI,Successful,637.24
PAY_009516,ORD_009516,UPI,Successful,560.21
PAY_009517,ORD_009517,Debit Card,Successful,449.79
PAY_009518,ORD_009518,Debit Card,Successful,202.72
PAY_009519,ORD_009519,UPI,Successful,3112.89
PAY_009520,ORD_009520,UPI,Successful,681.34
PAY_009521,ORD_009521,UPI,Successful,784.0
PAY_009522,ORD_009522,Debit Card,Successful,366.33
PAY_009523,ORD_009523,Cash,Successful,102.42
PAY_009524,ORD_009524,Credit Card,Successful,427.58
PAY_009525,ORD_009525,UPI,Successful,429.58
PAY_009526,ORD_009526,UPI,Successful,511.36
PAY_009527,ORD_009527,Debit Card,Successful,1836.7
PAY_009528,ORD_009528,Wallet,Refunded,472.59
PAY_009529,ORD_009529,UPI,Successful,283.5
PAY_009530,ORD_009530,UPI,Successful,394.93
PAY_009531,ORD_009531,UPI,Successful,115.89
PAY_009532,ORD_009532,UPI,Successful,187.65
PAY_009533,ORD_009533,Credit Card,Successful,2300.28
PAY_009534,ORD_009534,UPI,Successful,285.52
PAY_009535,ORD_009535,Wallet,Successful,1543.1
PAY_009536,ORD_009536,Wallet,Successful,422.8
PAY_009537,ORD_009537,Wallet,Successful,590.37
PAY_009538,ORD_009538,UPI,Successful,227.55
PAY_009539,ORD_009539,UPI,Successful,1947.35
PAY_009540,ORD_009540,UPI,Successful,101.87
PAY_009541,ORD_009541,Credit Card,Successful,283.85
PAY_009542,ORD_009542,UPI,Successful,2213.31
PAY_009543,ORD_009543,UPI,Successful,369.56
PAY_009544,ORD_009544,Debit Card,Successful,269.08
PAY_009545,ORD_009545,Credit Card,Failed,1237.61
PAY_009546,ORD_009546,UPI,Successful,348.56
PAY_009547,ORD_009547,Credit Card,Successful,225.98
PAY_009548,ORD_009548,Credit Card,Successful,723.93
PAY_009549,ORD_009549,UPI,Successful,2178.6
PAY_009550,ORD_009550,UPI,Successful,467.6
PAY_009551,ORD_009551,Wallet,Successful,287.0
PAY_009552,ORD_009552,Wallet,Successful,989.5
PAY_009553,ORD_009553,Debit Card,Successful,1071.7
PAY_009554,ORD_009554,Wallet,Successful,640.57
PAY_009555,ORD_009555,Credit Card,Successful,1782.11
PAY_009556,ORD_009556,UPI,Successful,2086.0
PAY_009557,ORD_009557,UPI,Successful,2948.61
PAY_009558,ORD_009558,Debit Card,Successful,282.68
PAY_009559,ORD_009559,UPI,Successful,309.05
PAY_009560,ORD_009560,UPI,Successful,534.9
PAY_009561,ORD_009561,UPI,Successful,1297.51
PAY_009562,ORD_009562,Credit Card,Successful,1706.4
PAY_009563,ORD_009563,Credit Card,Successful,426.08
PAY_009564,ORD_009564,UPI,Successful,308.94
PAY_009565,ORD_009565,UPI,Successful,128.29
PAY_009566,ORD_009566,UPI,Successful,780.94
PAY_009567,ORD_009567,UPI,Successful,881.62
PAY_009568,ORD_009568,UPI,Successful,2912.57
PAY_009569,ORD_009569,UPI,Successful,241.99
PAY_009570,ORD_009570,UPI,Successful,350.34
PAY_009571,ORD_009571,UPI,Successful,733.12
PAY_009572,ORD_009572,Debit Card,Successful,780.6
PAY_009573,ORD_009573,UPI,Successful,200.82
PAY_009574,ORD_009574,Credit Card,Successful,1311.03
PAY_009575,ORD_009575,Cash,Successful,1250.03
PAY_009576,ORD_009576,Debit Card,Successful,255.69
PAY_009577,ORD_009577,Wallet,Successful,311.45
PAY_009578,ORD_009578,Wallet,Successful,282.16
PAY_009579,ORD_009579,UPI,Successful,80.0
PAY_009580,ORD_009580,Credit Card,Successful,559.79
PAY_009581,ORD_009581,Debit Card,Successful,118.62
PAY_009582,ORD_009582,UPI,Successful,238.87
PAY_009583,ORD_009583,UPI,Successful,1002.17
PAY_009584,ORD_009584,UPI,Successful,298.79
PAY_009585,ORD_009585,UPI,Successful,523.55
PAY_009586,ORD_009586,Debit Card,Successful,632.03
PAY_009587,ORD_009587,Credit Card,Successful,205.22
PAY_009588,ORD_009588,Debit Card,Successful,234.11
PAY_009589,ORD_009589,UPI,Successful,80.0
PAY_009590,ORD_009590,UPI,Successful,843.69
PAY_009591,ORD_009591,Credit Card,Successful,260.24
PAY_009592,ORD_009592,Cash,Successful,751.27
PAY_009593,ORD_009593,UPI,Successful,143.19
PAY_009594,ORD_009594,UPI,Successful,167.44
PAY_009595,ORD_009595,UPI,Successful,820.57
PAY_009596,ORD_009596,Wallet,Successful,1932.21
PAY_009597,ORD_009597,UPI,Successful,218.76
PAY_009598,ORD_009598,UPI,Successful,4021.85
PAY_009599,ORD_009599,UPI,Successful,730.42
PAY_009600,ORD_009600,UPI,Successful,205.82
PAY_009601,ORD_009601,Credit Card,Successful,1628.98
PAY_009602,ORD_009602,Wallet,Successful,619.09
PAY_009603,ORD_009603,Debit Card,Successful,332.33
PAY_009604,ORD_009604,UPI,Successful,369.2
PAY_009605,ORD_009605,UPI,Successful,903.95
PAY_009606,ORD_009606,UPI,Successful,1265.22
PAY_009607,ORD_009607,UPI,Successful,80.0
PAY_009608,ORD_009608,Credit Card,Successful,540.12
PAY_009609,ORD_009609,UPI,Successful,660.66
PAY_009610,ORD_009610,Wallet,Successful,1129.22
PAY_009611,ORD_009611,UPI,Successful,842.74
PAY_009612,ORD_009612,UPI,Successful,347.66
PAY_009613,ORD_009613,UPI,Successful,1762.5
PAY_009614,ORD_009614,UPI,Successful,1218.04
PAY_009615,ORD_009615,UPI,Successful,194.92
PAY_009616,ORD_009616,UPI,Successful,472.76
PAY_009617,ORD_009617,Credit Card,Successful,2093.52
PAY_009618,ORD_009618,UPI,Successful,942.17
PAY_009619,ORD_009619,Wallet,Successful,190.19
PAY_009620,ORD_009620,UPI,Successful,3567.99
PAY_009621,ORD_009621,Debit Card,Failed,457.78
PAY_009622,ORD_009622,UPI,Successful,788.69
PAY_009623,ORD_009623,UPI,Successful,189.14
PAY_009624,ORD_009624,UPI,Successful,707.83
PAY_009625,ORD_009625,Debit Card,Successful,277.67
PAY_009626,ORD_009626,UPI,Successful,352.31
PAY_009627,ORD_009627,UPI,Successful,542.07
PAY_009628,ORD_009628,UPI,Successful,1268.9
PAY_009629,ORD_009629,Credit Card,Successful,307.89
PAY_009630,ORD_009630,UPI,Successful,2917.41
PAY_009631,ORD_009631,Cash,Successful,234.3
PAY_009632,ORD_009632,UPI,Successful,231.95
PAY_009633,ORD_009633,Debit Card,Successful,523.24
PAY_009634,ORD_009634,Wallet,Successful,182.82
PAY_009635,ORD_009635,UPI,Successful,324.09
PAY_009636,ORD_009636,UPI,Successful,1647.15
PAY_009637,ORD_009637,Credit Card,Successful,466.46
PAY_009638,ORD_009638,UPI,Successful,218.11
PAY_009639,ORD_009639,UPI,Successful,266.97
PAY_009640,ORD_009640,UPI,Successful,544.29
PAY_009641,ORD_009641,Credit Card,Successful,1058.99
PAY_009642,ORD_009642,UPI,Successful,1476.55
PAY_009643,ORD_009643,UPI,Successful,450.94
PAY_009644,ORD_009644,UPI,Successful,835.09
PAY_009645,ORD_009645,Cash,Successful,1003.2
PAY_009646,ORD_009646,Wallet,Successful,632.33
PAY_009647,ORD_009647,Debit Card,Successful,85.37
PAY_009648,ORD_009648,Wallet,Successful,2308.62
PAY_009649,ORD_009649,UPI,Successful,182.03
PAY_009650,ORD_009650,UPI,Successful,330.0
PAY_009651,ORD_009651,Debit Card,Successful,253.68
PAY_009652,ORD_009652,Credit Card,Successful,829.29
PAY_009653,ORD_009653,Wallet,Successful,1169.84
PAY_009654,ORD_009654,UPI,Successful,570.2
PAY_009655,ORD_009655,Debit Card,Successful,4646.41
PAY_009656,ORD_009656,UPI,Successful,292.2
PAY_009657,ORD_009657,Debit Card,Successful,100.29
PAY_009658,ORD_009658,UPI,Successful,80.0
PAY_009659,ORD_009659,Credit Card,Failed,1203.13
PAY_009660,ORD_009660,Credit Card,Successful,1019.44
PAY_009661,ORD_009661,Debit Card,Successful,643.47
PAY_009662,ORD_009662,UPI,Successful,468.68
PAY_009663,ORD_009663,Credit Card,Successful,548.2
PAY_009664,ORD_009664,Debit Card,Successful,3553.92
PAY_009665,ORD_009665,UPI,Successful,704.66
PAY_009666,ORD_009666,UPI,Successful,313.63
PAY_009667,ORD_009667,UPI,Successful,3841.79
PAY_009668,ORD_009668,UPI,Failed,225.57
PAY_009669,ORD_009669,Cash,Successful,130.27
PAY_009670,ORD_009670,Credit Card,Refunded,360.27
PAY_009671,ORD_009671,Credit Card,Successful,1103.07
PAY_009672,ORD_009672,UPI,Successful,2292.24
PAY_009673,ORD_009673,UPI,Successful,863.7
PAY_009674,ORD_009674,Wallet,Successful,216.25
PAY_009675,ORD_009675,Debit Card,Successful,610.41
PAY_009676,ORD_009676,UPI,Successful,980.89
PAY_009677,ORD_009677,UPI,Successful,774.83
PAY_009678,ORD_009678,Wallet,Successful,1493.93
PAY_009679,ORD_009679,UPI,Refunded,284.87
PAY_009680,ORD_009680,UPI,Successful,409.83
PAY_009681,ORD_009681,UPI,Successful,2323.89
PAY_009682,ORD_009682,UPI,Successful,369.03
PAY_009683,ORD_009683,UPI,Successful,527.01
PAY_009684,ORD_009684,UPI,Successful,1760.81
PAY_009685,ORD_009685,UPI,Successful,280.62
PAY_009686,ORD_009686,Debit Card,Successful,358.42
PAY_009687,ORD_009687,Wallet,Successful,1859.4
PAY_009688,ORD_009688,UPI,Successful,1689.37
PAY_009689,ORD_009689,UPI,Successful,426.31
PAY_009690,ORD_009690,Debit Card,Successful,2376.02
PAY_009691,ORD_009691,UPI,Successful,273.3
PAY_009692,ORD_009692,UPI,Successful,314.64
PAY_009693,ORD_009693,Credit Card,Successful,211.65
PAY_009694,ORD_009694,UPI,Successful,191.38
PAY_009695,ORD_009695,Credit Card,Successful,763.38
PAY_009696,ORD_009696,UPI,Successful,1499.81
PAY_009697,ORD_009697,UPI,Successful,706.01
PAY_009698,ORD_009698,UPI,Successful,342.29
PAY_009699,ORD_009699,UPI,Successful,387.26
PAY_009700,ORD_009700,UPI,Successful,538.08
PAY_009701,ORD_009701,UPI,Successful,827.31
PAY_009702,ORD_009702,UPI,Successful,779.12
PAY_009703,ORD_009703,Wallet,Successful,561.07
PAY_009704,ORD_009704,UPI,Successful,633.62
PAY_009705,ORD_009705,Wallet,Successful,586.0
PAY_009706,ORD_009706,Credit Card,Successful,291.82
PAY_009707,ORD_009707,Wallet,Successful,589.46
PAY_009708,ORD_009708,UPI,Successful,175.35
PAY_009709,ORD_009709,Debit Card,Failed,116.92
PAY_009710,ORD_009710,UPI,Successful,753.81
PAY_009711,ORD_009711,UPI,Successful,1260.7
PAY_009712,ORD_009712,UPI,Successful,282.43
PAY_009713,ORD_009713,UPI,Successful,941.86
PAY_009714,ORD_009714,Cash,Successful,80.0
PAY_009715,ORD_009715,UPI,Failed,2397.88
PAY_009716,ORD_009716,UPI,Successful,170.72
PAY_009717,ORD_009717,UPI,Successful,874.87
PAY_009718,ORD_009718,Cash,Successful,1141.85
PAY_009719,ORD_009719,Credit Card,Successful,501.76
PAY_009720,ORD_009720,UPI,Failed,1023.82
PAY_009721,ORD_009721,UPI,Successful,417.16
PAY_009722,ORD_009722,UPI,Successful,213.92
PAY_009723,ORD_009723,Wallet,Successful,958.99
PAY_009724,ORD_009724,UPI,Successful,505.45
PAY_009725,ORD_009725,UPI,Failed,153.22
PAY_009726,ORD_009726,Wallet,Successful,2177.09
PAY_009727,ORD_009727,Debit Card,Failed,1278.08
PAY_009728,ORD_009728,UPI,Successful,618.66
PAY_009729,ORD_009729,UPI,Successful,913.11
PAY_009730,ORD_009730,Debit Card,Refunded,238.7
PAY_009731,ORD_009731,UPI,Successful,372.84
PAY_009732,ORD_009732,UPI,Successful,100.48
PAY_009733,ORD_009733,UPI,Successful,227.0
PAY_009734,ORD_009734,UPI,Successful,261.37
PAY_009735,ORD_009735,UPI,Successful,1127.74
PAY_009736,ORD_009736,UPI,Successful,1985.53
PAY_009737,ORD_009737,Credit Card,Failed,632.37
PAY_009738,ORD_009738,UPI,Successful,560.96
PAY_009739,ORD_009739,UPI,Successful,472.32
PAY_009740,ORD_009740,UPI,Successful,148.97
PAY_009741,ORD_009741,Wallet,Successful,879.52
PAY_009742,ORD_009742,Cash,Successful,341.42
PAY_009743,ORD_009743,UPI,Successful,193.07
PAY_009744,ORD_009744,Credit Card,Successful,281.8
PAY_009745,ORD_009745,Debit Card,Successful,145.26
PAY_009746,ORD_009746,UPI,Successful,614.89
PAY_009747,ORD_009747,Wallet,Successful,1361.16
PAY_009748,ORD_009748,UPI,Successful,1633.55
PAY_009749,ORD_009749,Cash,Successful,1923.2
PAY_009750,ORD_009750,Debit Card,Successful,1079.06
PAY_009751,ORD_009751,UPI,Successful,377.95
PAY_009752,ORD_009752,UPI,Successful,770.37
PAY_009753,ORD_009753,Debit Card,Successful,1798.75
PAY_009754,ORD_009754,Credit Card,Successful,204.78
PAY_009755,ORD_009755,UPI,Successful,361.84
PAY_009756,ORD_009756,UPI,Successful,585.98
PAY_009757,ORD_009757,Credit Card,Successful,860.9
PAY_009758,ORD_009758,Credit Card,Successful,729.52
PAY_009759,ORD_009759,UPI,Successful,964.58
PAY_009760,ORD_009760,UPI,Successful,831.18
PAY_009761,ORD_009761,UPI,Successful,684.59
PAY_009762,ORD_009762,UPI,Successful,2238.21
PAY_009763,ORD_009763,UPI,Successful,299.7
PAY_009764,ORD_009764,UPI,Successful,339.43
PAY_009765,ORD_009765,UPI,Successful,4992.81
PAY_009766,ORD_009766,UPI,Successful,1562.56
PAY_009767,ORD_009767,Debit Card,Successful,140.52
PAY_009768,ORD_009768,UPI,Successful,341.73
PAY_009769,ORD_009769,Cash,Successful,178.91
PAY_009770,ORD_009770,UPI,Successful,539.32
PAY_009771,ORD_009771,Debit Card,Successful,397.82
PAY_009772,ORD_009772,Credit Card,Successful,534.27
PAY_009773,ORD_009773,UPI,Successful,155.63
PAY_009774,ORD_009774,Wallet,Successful,634.5
PAY_009775,ORD_009775,UPI,Successful,758.31
PAY_009776,ORD_009776,UPI,Successful,1196.6
PAY_009777,ORD_009777,UPI,Refunded,148.18
PAY_009778,ORD_009778,UPI,Successful,84.08
PAY_009779,ORD_009779,UPI,Successful,1118.69
PAY_009780,ORD_009780,Credit Card,Successful,2466.51
PAY_009781,ORD_009781,UPI,Successful,1025.03
PAY_009782,ORD_009782,UPI,Successful,172.45
PAY_009783,ORD_009783,Credit Card,Successful,80.0
PAY_009784,ORD_009784,Debit Card,Successful,520.87
PAY_009785,ORD_009785,Wallet,Successful,254.74
PAY_009786,ORD_009786,UPI,Successful,3051.7
PAY_009787,ORD_009787,Cash,Successful,274.82
PAY_009788,ORD_009788,UPI,Successful,1145.74
PAY_009789,ORD_009789,UPI,Successful,788.47
PAY_009790,ORD_009790,UPI,Successful,119.28
PAY_009791,ORD_009791,UPI,Successful,213.75
PAY_009792,ORD_009792,UPI,Successful,360.67
PAY_009793,ORD_009793,Debit Card,Successful,161.17
PAY_009794,ORD_009794,UPI,Successful,2948.66
PAY_009795,ORD_009795,Credit Card,Successful,261.78
PAY_009796,ORD_009796,Credit Card,Successful,1276.9
PAY_009797,ORD_009797,UPI,Successful,1122.32
PAY_009798,ORD_009798,UPI,Successful,240.67
PAY_009799,ORD_009799,Debit Card,Successful,135.57
PAY_009800,ORD_009800,Debit Card,Successful,254.16
PAY_009801,ORD_009801,UPI,Successful,290.91
PAY_009802,ORD_009802,UPI,Successful,107.8
PAY_009803,ORD_009803,Debit Card,Failed,301.97
PAY_009804,ORD_009804,Debit Card,Successful,89.34
PAY_009805,ORD_009805,Credit Card,Successful,269.84
PAY_009806,ORD_009806,UPI,Successful,505.63
PAY_009807,ORD_009807,UPI,Successful,632.55
PAY_009808,ORD_009808,UPI,Successful,229.17
PAY_009809,ORD_009809,Debit Card,Failed,1117.46
PAY_009810,ORD_009810,UPI,Successful,184.75
PAY_009811,ORD_009811,UPI,Successful,276.4
PAY_009812,ORD_009812,Debit Card,Successful,1029.31
PAY_009813,ORD_009813,UPI,Successful,409.66
PAY_009814,ORD_009814,Credit Card,Successful,737.22
PAY_009815,ORD_009815,UPI,Successful,3428.1
PAY_009816,ORD_009816,UPI,Successful,1546.84
PAY_009817,ORD_009817,UPI,Successful,377.64
PAY_009818,ORD_009818,UPI,Successful,123.92
PAY_009819,ORD_009819,Credit Card,Successful,169.32
PAY_009820,ORD_009820,UPI,Successful,1592.64
PAY_009821,ORD_009821,UPI,Successful,246.18
PAY_009822,ORD_009822,Wallet,Successful,216.92
PAY_009823,ORD_009823,Credit Card,Successful,957.2
PAY_009824,ORD_009824,UPI,Successful,254.01
PAY_009825,ORD_009825,Credit Card,Successful,80.0
PAY_009826,ORD_009826,Debit Card,Successful,1638.12
PAY_009827,ORD_009827,Credit Card,Successful,685.4
PAY_009828,ORD_009828,UPI,Successful,462.65
PAY_009829,ORD_009829,Debit Card,Successful,703.39
PAY_009830,ORD_009830,UPI,Successful,235.01
PAY_009831,ORD_009831,Wallet,Successful,712.3
PAY_009832,ORD_009832,UPI,Successful,3644.31
PAY_009833,ORD_009833,Credit Card,Successful,944.08
PAY_009834,ORD_009834,Wallet,Successful,358.52
PAY_009835,ORD_009835,UPI,Successful,715.39
PAY_009836,ORD_009836,Debit Card,Successful,1321.53
PAY_009837,ORD_009837,Credit Card,Successful,80.0
PAY_009838,ORD_009838,UPI,Successful,87.54
PAY_009839,ORD_009839,Credit Card,Successful,1362.89
PAY_009840,ORD_009840,UPI,Successful,666.89
PAY_009841,ORD_009841,Cash,Successful,105.99
PAY_009842,ORD_009842,Debit Card,Refunded,345.17
PAY_009843,ORD_009843,Wallet,Successful,347.7
PAY_009844,ORD_009844,Cash,Successful,573.24
PAY_009845,ORD_009845,UPI,Successful,358.3
PAY_009846,ORD_009846,UPI,Successful,1360.75
PAY_009847,ORD_009847,Credit Card,Successful,779.28
PAY_009848,ORD_009848,UPI,Successful,637.8
PAY_009849,ORD_009849,UPI,Successful,229.39
PAY_009850,ORD_009850,UPI,Successful,818.79
PAY_009851,ORD_009851,Debit Card,Successful,891.04
PAY_009852,ORD_009852,Wallet,Failed,80.0
PAY_009853,ORD_009853,Credit Card,Successful,907.02
PAY_009854,ORD_009854,UPI,Successful,377.85
PAY_009855,ORD_009855,UPI,Successful,521.46
PAY_009856,ORD_009856,UPI,Successful,1057.18
PAY_009857,ORD_009857,Debit Card,Successful,467.87
PAY_009858,ORD_009858,UPI,Successful,95.98
PAY_009859,ORD_009859,UPI,Failed,201.59
PAY_009860,ORD_009860,UPI,Successful,2845.46
PAY_009861,ORD_009861,Credit Card,Successful,80.0
PAY_009862,ORD_009862,Debit Card,Successful,193.67
PAY_009863,ORD_009863,UPI,Successful,514.81
PAY_009864,ORD_009864,UPI,Successful,351.12
PAY_009865,ORD_009865,UPI,Successful,897.46
PAY_009866,ORD_009866,UPI,Successful,704.61
PAY_009867,ORD_009867,UPI,Successful,1875.43
PAY_009868,ORD_009868,UPI,Successful,967.97
PAY_009869,ORD_009869,UPI,Successful,1129.52
PAY_009870,ORD_009870,Credit Card,Successful,185.93
PAY_009871,ORD_009871,Credit Card,Successful,580.74
PAY_009872,ORD_009872,UPI,Successful,680.31
PAY_009873,ORD_009873,UPI,Successful,1454.63
PAY_009874,ORD_009874,Credit Card,Successful,464.17
PAY_009875,ORD_009875,UPI,Successful,1743.63
PAY_009876,ORD_009876,UPI,Successful,225.19
PAY_009877,ORD_009877,UPI,Failed,120.39
PAY_009878,ORD_009878,UPI,Successful,532.58
PAY_009879,ORD_009879,UPI,Successful,396.2
PAY_009880,ORD_009880,UPI,Successful,1135.3
PAY_009881,ORD_009881,UPI,Successful,1600.19
PAY_009882,ORD_009882,Credit Card,Successful,1373.74
PAY_009883,ORD_009883,UPI,Successful,723.52
PAY_009884,ORD_009884,UPI,Successful,588.99
PAY_009885,ORD_009885,Debit Card,Successful,1144.43
PAY_009886,ORD_009886,Wallet,Successful,950.18
PAY_009887,ORD_009887,Credit Card,Successful,713.76
PAY_009888,ORD_009888,Wallet,Successful,489.8
PAY_009889,ORD_009889,UPI,Successful,1081.84
PAY_009890,ORD_009890,UPI,Successful,199.5
PAY_009891,ORD_009891,Credit Card,Successful,540.63
PAY_009892,ORD_009892,Debit Card,Successful,356.1
PAY_009893,ORD_009893,UPI,Successful,111.44
PAY_009894,ORD_009894,UPI,Successful,1109.26
PAY_009895,ORD_009895,UPI,Successful,417.76
PAY_009896,ORD_009896,Credit Card,Successful,260.65
PAY_009897,ORD_009897,UPI,Successful,853.58
PAY_009898,ORD_009898,UPI,Successful,231.4
PAY_009899,ORD_009899,UPI,Successful,488.24
PAY_009900,ORD_009900,UPI,Successful,1138.21
PAY_009901,ORD_009901,UPI,Successful,442.82
PAY_009902,ORD_009902,Credit Card,Successful,373.86
PAY_009903,ORD_009903,UPI,Successful,136.46
PAY_009904,ORD_009904,UPI,Successful,223.58
PAY_009905,ORD_009905,UPI,Successful,633.61
PAY_009906,ORD_009906,Wallet,Successful,413.46
PAY_009907,ORD_009907,Debit Card,Successful,593.08
PAY_009908,ORD_009908,UPI,Successful,711.43
PAY_009909,ORD_009909,UPI,Successful,305.18
PAY_009910,ORD_009910,UPI,Refunded,1405.39
PAY_009911,ORD_009911,UPI,Successful,1742.62
PAY_009912,ORD_009912,UPI,Successful,333.28
PAY_009913,ORD_009913,UPI,Successful,162.97
PAY_009914,ORD_009914,UPI,Successful,447.28
PAY_009915,ORD_009915,UPI,Successful,281.01
PAY_009916,ORD_009916,UPI,Successful,188.61
PAY_009917,ORD_009917,Wallet,Successful,317.52
PAY_009918,ORD_009918,UPI,Successful,988.43
PAY_009919,ORD_009919,Wallet,Successful,128.0
PAY_009920,ORD_009920,UPI,Successful,196.9
PAY_009921,ORD_009921,UPI,Successful,1869.09
PAY_009922,ORD_009922,Wallet,Successful,225.41
PAY_009923,ORD_009923,UPI,Successful,80.0
PAY_009924,ORD_009924,UPI,Successful,1349.29
PAY_009925,ORD_009925,UPI,Successful,438.97
PAY_009926,ORD_009926,Cash,Successful,636.93
PAY_009927,ORD_009927,Wallet,Successful,1474.39
PAY_009928,ORD_009928,UPI,Successful,531.56
PAY_009929,ORD_009929,UPI,Successful,551.97
PAY_009930,ORD_009930,Debit Card,Successful,189.1
PAY_009931,ORD_009931,UPI,Successful,2577.45
PAY_009932,ORD_009932,Credit Card,Successful,1720.24
PAY_009933,ORD_009933,Credit Card,Successful,602.27
PAY_009934,ORD_009934,UPI,Successful,2266.65
PAY_009935,ORD_009935,Credit Card,Successful,280.34
PAY_009936,ORD_009936,UPI,Successful,1240.21
PAY_009937,ORD_009937,Credit Card,Successful,344.32
PAY_009938,ORD_009938,Wallet,Successful,1718.91
PAY_009939,ORD_009939,UPI,Successful,1053.02
PAY_009940,ORD_009940,Credit Card,Successful,1024.37
PAY_009941,ORD_009941,UPI,Successful,191.24
PAY_009942,ORD_009942,UPI,Successful,200.31
PAY_009943,ORD_009943,UPI,Successful,2244.52
PAY_009944,ORD_009944,Cash,Successful,205.01
PAY_009945,ORD_009945,Debit Card,Successful,402.79
PAY_009946,ORD_009946,Debit Card,Successful,619.47
PAY_009947,ORD_009947,Debit Card,Successful,864.2
PAY_009948,ORD_009948,UPI,Refunded,619.22
PAY_009949,ORD_009949,UPI,Successful,1346.46
PAY_009950,ORD_009950,UPI,Successful,438.26
PAY_009951,ORD_009951,UPI,Successful,1084.01
PAY_009952,ORD_009952,UPI,Successful,2151.15
PAY_009953,ORD_009953,UPI,Successful,352.77
PAY_009954,ORD_009954,UPI,Successful,148.26
PAY_009955,ORD_009955,Debit Card,Successful,115.54
PAY_009956,ORD_009956,UPI,Successful,174.06
PAY_009957,ORD_009957,UPI,Successful,844.41
PAY_009958,ORD_009958,Wallet,Successful,585.39
PAY_009959,ORD_009959,UPI,Successful,2129.83
PAY_009960,ORD_009960,Cash,Successful,80.0
PAY_009961,ORD_009961,Credit Card,Successful,473.71
PAY_009962,ORD_009962,Credit Card,Successful,948.26
PAY_009963,ORD_009963,Debit Card,Successful,846.83
PAY_009964,ORD_009964,UPI,Successful,5000.0
PAY_009965,ORD_009965,UPI,Successful,567.11
PAY_009966,ORD_009966,UPI,Successful,246.08
PAY_009967,ORD_009967,Debit Card,Successful,587.53
PAY_009968,ORD_009968,UPI,Successful,138.71
PAY_009969,ORD_009969,UPI,Successful,216.1
PAY_009970,ORD_009970,UPI,Successful,665.57
PAY_009971,ORD_009971,UPI,Successful,572.44
PAY_009972,ORD_009972,UPI,Successful,351.1
PAY_009973,ORD_009973,UPI,Successful,2788.49
PAY_009974,ORD_009974,Wallet,Successful,774.56
PAY_009975,ORD_009975,Debit Card,Successful,1706.75
PAY_009976,ORD_009976,Debit Card,Successful,604.98
PAY_009977,ORD_009977,UPI,Successful,251.18
PAY_009978,ORD_009978,Credit Card,Successful,226.77
PAY_009979,ORD_009979,UPI,Successful,88.67
PAY_009980,ORD_009980,Cash,Successful,552.57
PAY_009981,ORD_009981,UPI,Successful,458.66
PAY_009982,ORD_009982,UPI,Successful,1671.95
PAY_009983,ORD_009983,UPI,Successful,276.0
PAY_009984,ORD_009984,Credit Card,Successful,1725.76
PAY_009985,ORD_009985,UPI,Successful,4058.65
PAY_009986,ORD_009986,UPI,Successful,418.94
PAY_009987,ORD_009987,Credit Card,Successful,157.65
PAY_009988,ORD_009988,UPI,Successful,1041.17
PAY_009989,ORD_009989,UPI,Successful,817.61
PAY_009990,ORD_009990,UPI,Successful,528.1
PAY_009991,ORD_009991,Credit Card,Successful,620.89
PAY_009992,ORD_009992,Wallet,Refunded,362.34
PAY_009993,ORD_009993,UPI,Successful,326.57
PAY_009994,ORD_009994,UPI,Successful,1279.93
PAY_009995,ORD_009995,Wallet,Successful,182.95
PAY_009996,ORD_009996,Debit Card,Refunded,1064.09
PAY_009997,ORD_009997,UPI,Successful,118.98
PAY_009998,ORD_009998,Debit Card,Successful,643.56
PAY_009999,ORD_009999,Credit Card,Successful,278.43
PAY_010000,ORD_010000,Debit Card,Successful,1761.98
